java/util/concurrent/ForkJoinWorkerThread.run;java/util/concurrent/ForkJoinPool.runWorker;java/util/concurrent/ForkJoinPool.scan;java/util/concurrent/ForkJoinPool.signalWork;java/util/concurrent/locks/LockSupport.unpark;jdk/internal/misc/Unsafe.unpark;Unsafe_Unpark;pthread_cond_signal;entry_SYSCALL_64_after_hwframe_[k];do_syscall_64_[k];x64_sys_call_[k];__x64_sys_futex_[k];do_futex_[k];futex_wake_[k];_raw_spin_lock_[k];native_queued_spin_lock_slowpath_[k] 1
java/util/concurrent/ForkJoinWorkerThread.run;java/util/concurrent/ForkJoinPool.runWorker;java/util/concurrent/ForkJoinPool.scan;java/util/concurrent/ForkJoinPool$WorkQueue.topLevelExec;java/util/concurrent/ForkJoinTask.doExec;java/util/concurrent/ForkJoinTask$RunnableExecuteAction.exec;java/lang/VirtualThread$$Lambda.0x00007aba24039c78.run;java/lang/VirtualThread.runContinuation;jdk/internal/vm/Continuation.run;jdk/internal/vm/Continuation.enterSpecial;jdk/internal/vm/Continuation.enter;jdk/internal/vm/Continuation.enter0;java/lang/VirtualThread$VThreadContinuation$1.run;java/lang/VirtualThread.run;_notify_jvmti_vthread_start;SharedRuntime::notify_jvmti_vthread_start;JvmtiVTMSTransitionDisabler::VTMS_vthread_start;__pthread_mutex_unlock;/usr/lib/x86_64-linux-gnu/libc.so.6;entry_SYSCALL_64_after_hwframe_[k];do_syscall_64_[k];x64_sys_call_[k];__x64_sys_futex_[k];do_futex_[k];futex_wake_mark_[k] 1
java/util/concurrent/ForkJoinWorkerThread.run;java/util/concurrent/ForkJoinPool.runWorker;java/util/concurrent/ForkJoinPool.scan;java/util/concurrent/ForkJoinPool$WorkQueue.topLevelExec;java/util/concurrent/ForkJoinTask.doExec;java/util/concurrent/ForkJoinTask$RunnableExecuteAction.exec;java/lang/VirtualThread$$Lambda.0x00007aba24039c78.run;java/lang/VirtualThread.runContinuation;jdk/internal/vm/Continuation.run;jdk/internal/vm/Continuation.enterSpecial;jdk/internal/vm/Continuation.enter;jdk/internal/vm/Continuation.enter0;java/lang/VirtualThread$VThreadContinuation$1.run;java/lang/VirtualThread.run;_notify_jvmti_vthread_end;SharedRuntime::notify_jvmti_vthread_end;JvmtiVTMSTransitionDisabler::VTMS_vthread_end;JvmtiExport::cleanup_thread;Mutex::lock;ThreadBlockInVMPreprocess<InFlightMutexRelease>::~ThreadBlockInVMPreprocess 5
java/util/concurrent/ForkJoinWorkerThread.run;java/util/concurrent/ForkJoinPool.runWorker;java/util/concurrent/ForkJoinPool.scan;java/util/concurrent/ForkJoinPool$WorkQueue.topLevelExec;java/util/concurrent/ForkJoinTask.doExec;java/util/concurrent/ForkJoinTask$RunnableExecuteAction.exec;java/lang/VirtualThread$$Lambda.0x00007aba24039c78.run;java/lang/VirtualThread.runContinuation;jdk/internal/vm/Continuation.run;jdk/internal/vm/Continuation.enterSpecial;jdk/internal/vm/Continuation.enter;jdk/internal/vm/Continuation.enter0;java/lang/VirtualThread$VThreadContinuation$1.run;java/lang/VirtualThread.run 3
java/util/concurrent/ForkJoinWorkerThread.run;java/util/concurrent/ForkJoinPool.runWorker;java/util/concurrent/ForkJoinPool.scan;java/util/concurrent/ForkJoinPool$WorkQueue.topLevelExec;java/util/concurrent/ForkJoinTask.doExec;java/util/concurrent/ForkJoinTask$RunnableExecuteAction.exec;java/lang/VirtualThread$$Lambda.0x00007aba24039c78.run;java/lang/VirtualThread.runContinuation;jdk/internal/vm/Continuation.run;jdk/internal/vm/Continuation.enterSpecial;jdk/internal/vm/Continuation.enter;jdk/internal/vm/Continuation.enter0;java/lang/VirtualThread$VThreadContinuation$1.run;java/lang/VirtualThread.run;_notify_jvmti_vthread_end;SharedRuntime::notify_jvmti_vthread_end;JvmtiVTMSTransitionDisabler::VTMS_vthread_end;__pthread_mutex_unlock;/usr/lib/x86_64-linux-gnu/libc.so.6;entry_SYSCALL_64_after_hwframe_[k];do_syscall_64_[k];x64_sys_call_[k];__x64_sys_futex_[k];do_futex_[k];futex_wake_[k];futex_hash_[k];futex_ref_get_[k] 2
java/util/concurrent/ForkJoinWorkerThread.run;java/util/concurrent/ForkJoinPool.runWorker;java/util/concurrent/ForkJoinPool.scan;java/util/concurrent/ForkJoinPool$WorkQueue.topLevelExec;java/util/concurrent/ForkJoinTask.doExec;java/util/concurrent/ForkJoinTask$RunnableExecuteAction.exec;java/lang/VirtualThread$$Lambda.0x00007aba24039c78.run;java/lang/VirtualThread.runContinuation;jdk/internal/vm/Continuation.run;jdk/internal/vm/Continuation.enterSpecial;jdk/internal/vm/Continuation.enter;jdk/internal/vm/Continuation.enter0;java/lang/VirtualThread$VThreadContinuation$1.run;java/lang/VirtualThread.run;_notify_jvmti_vthread_start;SharedRuntime::notify_jvmti_vthread_start;JvmtiVTMSTransitionDisabler::VTMS_vthread_start;JvmtiEventController::thread_started;Mutex::lock;pthread_mutex_lock;/usr/lib/x86_64-linux-gnu/libc.so.6;entry_SYSCALL_64_after_hwframe_[k];do_syscall_64_[k];x64_sys_call_[k];__x64_sys_futex_[k];do_futex_[k];futex_wait_[k];__futex_wait_[k];futex_wait_setup_[k];__futex_queue_[k];plist_add_[k] 1
java/util/concurrent/ForkJoinWorkerThread.run;java/util/concurrent/ForkJoinPool.runWorker;java/util/concurrent/ForkJoinPool.scan 1
java/util/concurrent/ForkJoinWorkerThread.run;java/util/concurrent/ForkJoinPool.runWorker;java/util/concurrent/ForkJoinPool.scan;java/util/concurrent/ForkJoinPool$WorkQueue.topLevelExec;java/util/concurrent/ForkJoinTask.doExec;java/util/concurrent/ForkJoinTask$RunnableExecuteAction.exec;java/lang/VirtualThread$$Lambda.0x00007aba24039c78.run;java/lang/VirtualThread.runContinuation;jdk/internal/vm/Continuation.run;jdk/internal/vm/Continuation.enterSpecial;jdk/internal/vm/Continuation.enter;jdk/internal/vm/Continuation.enter0;java/lang/VirtualThread$VThreadContinuation$1.run;java/lang/VirtualThread.run;_notify_jvmti_vthread_start;SharedRuntime::notify_jvmti_vthread_start;JvmtiVTMSTransitionDisabler::VTMS_vthread_start;JvmtiEventController::thread_started;JvmtiEventControllerPrivate::recompute_thread_enabled 1
java/util/concurrent/ForkJoinWorkerThread.run;java/util/concurrent/ForkJoinPool.runWorker;java/util/concurrent/ForkJoinPool.scan;java/util/concurrent/ForkJoinPool$WorkQueue.topLevelExec;java/util/concurrent/ForkJoinTask.doExec;java/util/concurrent/ForkJoinTask$RunnableExecuteAction.exec;java/lang/VirtualThread$$Lambda.0x00007aba24039c78.run;java/lang/VirtualThread.runContinuation;jdk/internal/vm/Continuation.run;jdk/internal/vm/Continuation.enterSpecial;jdk/internal/vm/Continuation.enter;jdk/internal/vm/Continuation.enter0;java/lang/VirtualThread$VThreadContinuation$1.run;java/lang/VirtualThread.run;_notify_jvmti_vthread_start;SharedRuntime::notify_jvmti_vthread_start;JvmtiVTMSTransitionDisabler::VTMS_vthread_start;JvmtiEventController::thread_started;JvmtiThreadState::JvmtiThreadState;__tls_get_addr@plt 1
java/util/concurrent/ForkJoinWorkerThread.run;java/util/concurrent/ForkJoinPool.runWorker;java/util/concurrent/ForkJoinPool.scan;java/util/concurrent/ForkJoinPool$WorkQueue.topLevelExec;java/util/concurrent/ForkJoinTask.doExec;java/util/concurrent/ForkJoinTask$RunnableExecuteAction.exec;java/lang/VirtualThread$$Lambda.0x00007aba24039c78.run;java/lang/VirtualThread.runContinuation;jdk/internal/vm/Continuation.run;jdk/internal/vm/Continuation.enterSpecial;jdk/internal/vm/Continuation.enter;jdk/internal/vm/Continuation.enter0;java/lang/VirtualThread$VThreadContinuation$1.run;java/lang/VirtualThread.run;_notify_jvmti_vthread_start;SharedRuntime::notify_jvmti_vthread_start;JvmtiVTMSTransitionDisabler::VTMS_vthread_start;__pthread_mutex_unlock;/usr/lib/x86_64-linux-gnu/libc.so.6;entry_SYSCALL_64_after_hwframe_[k];do_syscall_64_[k];x64_sys_call_[k];__x64_sys_futex_[k];do_futex_[k];futex_hash_put_[k] 23
java/util/concurrent/ForkJoinWorkerThread.run;java/util/concurrent/ForkJoinPool.runWorker;java/util/concurrent/ForkJoinPool.scan;java/util/concurrent/ForkJoinPool$WorkQueue.topLevelExec;java/util/concurrent/ForkJoinTask.doExec;java/util/concurrent/ForkJoinTask$RunnableExecuteAction.exec;java/lang/VirtualThread$$Lambda.0x00007aba24039c78.run;java/lang/VirtualThread.runContinuation;jdk/internal/vm/Continuation.run;jdk/internal/vm/Continuation.enterSpecial;jdk/internal/vm/Continuation.enter;jdk/internal/vm/Continuation.enter0;java/lang/VirtualThread$VThreadContinuation$1.run;java/lang/VirtualThread.run;_notify_jvmti_vthread_start;SharedRuntime::notify_jvmti_vthread_start;JvmtiVTMSTransitionDisabler::VTMS_vthread_start;JvmtiVTMSTransitionDisabler::VTMS_mount_end;Mutex::lock;pthread_mutex_lock;/usr/lib/x86_64-linux-gnu/libc.so.6;entry_SYSCALL_64_after_hwframe_[k];do_syscall_64_[k];x64_sys_call_[k];__x64_sys_futex_[k];do_futex_[k];futex_wait_[k];__futex_wait_[k];futex_wait_setup_[k];futex_q_lock_[k];_raw_spin_lock_[k] 1
java/util/concurrent/ForkJoinWorkerThread.run;java/util/concurrent/ForkJoinPool.runWorker;java/util/concurrent/ForkJoinPool.scan;java/util/concurrent/ForkJoinPool$WorkQueue.topLevelExec;java/util/concurrent/ForkJoinTask.doExec;java/util/concurrent/ForkJoinTask$RunnableExecuteAction.exec;java/lang/VirtualThread$$Lambda.0x00007aba24039c78.run;java/lang/VirtualThread.runContinuation;jdk/internal/vm/Continuation.run;jdk/internal/vm/Continuation.enterSpecial;jdk/internal/vm/Continuation.enter;jdk/internal/vm/Continuation.enter0;java/lang/VirtualThread$VThreadContinuation$1.run;java/lang/VirtualThread.run;_notify_jvmti_vthread_end;SharedRuntime::notify_jvmti_vthread_end;JvmtiVTMSTransitionDisabler::VTMS_vthread_end;JvmtiExport::cleanup_thread;Mutex::lock;pthread_mutex_lock;/usr/lib/x86_64-linux-gnu/libc.so.6;entry_SYSCALL_64_after_hwframe_[k];do_syscall_64_[k];x64_sys_call_[k];__x64_sys_futex_[k];do_futex_[k];futex_wait_[k];__futex_wait_[k];futex_wait_setup_[k];_raw_spin_lock_[k] 6
java/util/concurrent/ForkJoinWorkerThread.run;java/util/concurrent/ForkJoinPool.runWorker;java/util/concurrent/ForkJoinPool.scan;java/util/concurrent/ForkJoinPool$WorkQueue.topLevelExec;java/util/concurrent/ForkJoinTask.doExec;java/util/concurrent/ForkJoinTask$RunnableExecuteAction.exec;java/lang/VirtualThread$$Lambda.0x00007aba24039c78.run;java/lang/VirtualThread.runContinuation;java/lang/VirtualThread.mount;_notify_jvmti_vthread_mount;SharedRuntime::notify_jvmti_vthread_mount;JvmtiVTMSTransitionDisabler::start_VTMS_transition;java_lang_Thread::set_is_in_VTMS_transition 2
java/lang/Thread.run;java/lang/Thread.runWith;java/util/concurrent/ThreadPoolExecutor$Worker.run;java/util/concurrent/ThreadPoolExecutor.runWorker;java/util/concurrent/FutureTask.run;java/util/concurrent/Executors$RunnableAdapter.call;java/util/concurrent/FutureTask.run;org/openjdk/jmh/runner/BenchmarkHandler$BenchmarkTask.call;org/openjdk/jmh/runner/BenchmarkHandler$BenchmarkTask.call;java/lang/reflect/Method.invoke;jdk/internal/reflect/DirectMethodHandleAccessor.invoke;jdk/internal/reflect/DirectMethodHandleAccessor.invokeImpl;java/lang/invoke/LambdaForm$MH.0x00007aba2402e800.invokeExact_MT;java/lang/invoke/LambdaForm$MH.0x00007aba2402e400.invoke;java/lang/invoke/DirectMethodHandle$Holder.invokeSpecial;uk/ac/ncl/jensen/benchmark/jmh_generated/VThreadChurnBenchmark_churn_jmhTest.churn_AverageTime;uk/ac/ncl/jensen/benchmark/jmh_generated/VThreadChurnBenchmark_churn_jmhTest.churn_avgt_jmhStub;uk/ac/ncl/jensen/benchmark/VThreadChurnBenchmark.churn;java/lang/ThreadBuilders$VirtualThreadBuilder.start;java/lang/VirtualThread.start;java/lang/VirtualThread.start;java/lang/VirtualThread.submitRunContinuation;java/util/concurrent/ForkJoinPool.execute;java/util/concurrent/ForkJoinPool.poolSubmit;java/util/concurrent/ForkJoinPool$WorkQueue.push 1
java/util/concurrent/ForkJoinWorkerThread.run;java/util/concurrent/ForkJoinPool.runWorker;java/util/concurrent/ForkJoinPool.scan;java/util/concurrent/ForkJoinPool$WorkQueue.topLevelExec;java/util/concurrent/ForkJoinTask.doExec;java/util/concurrent/ForkJoinTask$RunnableExecuteAction.exec;java/lang/VirtualThread$$Lambda.0x00007aba24039c78.run;java/lang/VirtualThread.runContinuation;jdk/internal/vm/Continuation.run;jdk/internal/vm/Continuation.enterSpecial;jdk/internal/vm/Continuation.enter;jdk/internal/vm/Continuation.enter0;java/lang/VirtualThread$VThreadContinuation$1.run;java/lang/VirtualThread.run;_notify_jvmti_vthread_start;SharedRuntime::notify_jvmti_vthread_start;JvmtiVTMSTransitionDisabler::VTMS_vthread_start;JvmtiVTMSTransitionDisabler::VTMS_mount_end;Mutex::lock;pthread_mutex_lock;/usr/lib/x86_64-linux-gnu/libc.so.6;entry_SYSCALL_64_after_hwframe_[k];do_syscall_64_[k];x64_sys_call_[k];__x64_sys_futex_[k];do_futex_[k];futex_wait_[k];__futex_wait_[k];futex_wait_setup_[k];_raw_spin_lock_[k] 6
java/util/concurrent/ForkJoinWorkerThread.run;java/util/concurrent/ForkJoinPool.runWorker;java/util/concurrent/ForkJoinPool.scan;java/util/concurrent/ForkJoinPool$WorkQueue.topLevelExec;java/util/concurrent/ForkJoinTask.doExec;java/util/concurrent/ForkJoinTask$RunnableExecuteAction.exec;java/lang/VirtualThread$$Lambda.0x00007aba24039c78.run;java/lang/VirtualThread.runContinuation;jdk/internal/vm/Continuation.run;jdk/internal/vm/Continuation.enterSpecial;jdk/internal/vm/Continuation.enter;jdk/internal/vm/Continuation.enter0;java/lang/VirtualThread$VThreadContinuation$1.run;java/lang/VirtualThread.run;_notify_jvmti_vthread_start;SharedRuntime::notify_jvmti_vthread_start;JvmtiVTMSTransitionDisabler::VTMS_vthread_start;JvmtiVTMSTransitionDisabler::VTMS_mount_end;Mutex::lock;pthread_mutex_lock;/usr/lib/x86_64-linux-gnu/libc.so.6;entry_SYSCALL_64_after_hwframe_[k];do_syscall_64_[k];x64_sys_call_[k];__x64_sys_futex_[k];do_futex_[k];futex_wait_[k];__futex_wait_[k];futex_wait_setup_[k];futex_q_lock_[k];_raw_spin_lock_[k];native_queued_spin_lock_slowpath_[k] 227
java/util/concurrent/ForkJoinWorkerThread.run;java/util/concurrent/ForkJoinPool.runWorker;java/util/concurrent/ForkJoinPool.scan;java/util/concurrent/ForkJoinPool$WorkQueue.topLevelExec;java/util/concurrent/ForkJoinTask.doExec;java/util/concurrent/ForkJoinTask$RunnableExecuteAction.exec;java/lang/VirtualThread$$Lambda.0x00007aba24039c78.run;java/lang/VirtualThread.runContinuation;jdk/internal/vm/Continuation.run;jdk/internal/vm/Continuation.enterSpecial;jdk/internal/vm/Continuation.enter;jdk/internal/vm/Continuation.enter0;java/lang/VirtualThread$VThreadContinuation$1.run;java/lang/VirtualThread.run;_notify_jvmti_vthread_start;SharedRuntime::notify_jvmti_vthread_start;JvmtiVTMSTransitionDisabler::VTMS_vthread_start;JvmtiVTMSTransitionDisabler::VTMS_mount_end;__pthread_mutex_unlock;/usr/lib/x86_64-linux-gnu/libc.so.6;entry_SYSCALL_64_after_hwframe_[k];do_syscall_64_[k];x64_sys_call_[k];__x64_sys_futex_[k];do_futex_[k];futex_wake_[k];wake_up_q_[k];try_to_wake_up_[k];_raw_spin_unlock_irqrestore_[k] 1
java/util/concurrent/ForkJoinWorkerThread.run;java/util/concurrent/ForkJoinPool.runWorker;java/util/concurrent/ForkJoinPool.scan;java/util/concurrent/ForkJoinPool$WorkQueue.topLevelExec;java/util/concurrent/ForkJoinTask.doExec;java/util/concurrent/ForkJoinTask$RunnableExecuteAction.exec;java/lang/VirtualThread$$Lambda.0x00007aba24039c78.run;java/lang/VirtualThread.runContinuation;jdk/internal/vm/Continuation.run;jdk/internal/vm/Continuation.enterSpecial;jdk/internal/vm/Continuation.enter;jdk/internal/vm/Continuation.enter0;java/lang/VirtualThread$VThreadContinuation$1.run;java/lang/VirtualThread.run;_notify_jvmti_vthread_start;SharedRuntime::notify_jvmti_vthread_start;JvmtiVTMSTransitionDisabler::VTMS_vthread_start;__pthread_mutex_unlock;/usr/lib/x86_64-linux-gnu/libc.so.6;entry_SYSCALL_64_after_hwframe_[k];do_syscall_64_[k];x64_sys_call_[k];__x64_sys_futex_[k];do_futex_[k];futex_wake_[k];wake_up_q_[k];try_to_wake_up_[k];_raw_spin_unlock_irqrestore_[k] 12
java/util/concurrent/ForkJoinWorkerThread.run;java/util/concurrent/ForkJoinPool.runWorker;java/util/concurrent/ForkJoinPool.scan;java/util/concurrent/ForkJoinPool.signalWork;java/util/concurrent/locks/LockSupport.unpark;jdk/internal/misc/Unsafe.unpark;Unsafe_Unpark;Parker::unpark;pthread_mutex_lock 4
java/util/concurrent/ForkJoinWorkerThread.run;java/util/concurrent/ForkJoinPool.runWorker;java/util/concurrent/ForkJoinPool.scan;java/util/concurrent/ForkJoinPool$WorkQueue.topLevelExec;java/util/concurrent/ForkJoinTask.doExec;java/util/concurrent/ForkJoinTask$RunnableExecuteAction.exec;java/lang/VirtualThread$$Lambda.0x00007aba24039c78.run;java/lang/VirtualThread.runContinuation;jdk/internal/vm/Continuation.run;jdk/internal/vm/Continuation.enterSpecial;jdk/internal/vm/Continuation.enter;jdk/internal/vm/Continuation.enter0;java/lang/VirtualThread$VThreadContinuation$1.run;java/lang/VirtualThread.run;_notify_jvmti_vthread_start;SharedRuntime::notify_jvmti_vthread_start;JvmtiVTMSTransitionDisabler::VTMS_vthread_start;__pthread_mutex_unlock;/usr/lib/x86_64-linux-gnu/libc.so.6 16
java/util/concurrent/ForkJoinWorkerThread.run;java/util/concurrent/ForkJoinPool.runWorker;java/util/concurrent/ForkJoinPool.awaitWork 6
java/util/concurrent/ForkJoinWorkerThread.run;java/util/concurrent/ForkJoinPool.runWorker;java/util/concurrent/ForkJoinPool.scan;java/util/concurrent/ForkJoinPool$WorkQueue.topLevelExec;java/util/concurrent/ForkJoinTask.doExec;java/util/concurrent/ForkJoinTask$RunnableExecuteAction.exec;java/lang/VirtualThread$$Lambda.0x00007aba24039c78.run;java/lang/VirtualThread.runContinuation;jdk/internal/vm/Continuation.run;jdk/internal/vm/Continuation.enterSpecial;jdk/internal/vm/Continuation.enter;jdk/internal/vm/Continuation.enter0;java/lang/VirtualThread$VThreadContinuation$1.run;java/lang/VirtualThread.run;_notify_jvmti_vthread_start;SharedRuntime::notify_jvmti_vthread_start;JvmtiVTMSTransitionDisabler::VTMS_vthread_start;__pthread_mutex_unlock;/usr/lib/x86_64-linux-gnu/libc.so.6;entry_SYSCALL_64_after_hwframe_[k];do_syscall_64_[k];x64_sys_call_[k];__x64_sys_futex_[k];do_futex_[k];futex_wake_[k];_raw_spin_lock_[k];native_queued_spin_lock_slowpath_[k] 202
java/lang/Thread.run;java/lang/Thread.runWith;java/util/concurrent/ThreadPoolExecutor$Worker.run;java/util/concurrent/ThreadPoolExecutor.runWorker;java/util/concurrent/FutureTask.run;java/util/concurrent/Executors$RunnableAdapter.call;java/util/concurrent/FutureTask.run;org/openjdk/jmh/runner/BenchmarkHandler$BenchmarkTask.call;org/openjdk/jmh/runner/BenchmarkHandler$BenchmarkTask.call;java/lang/reflect/Method.invoke;jdk/internal/reflect/DirectMethodHandleAccessor.invoke;jdk/internal/reflect/DirectMethodHandleAccessor.invokeImpl;java/lang/invoke/LambdaForm$MH.0x00007aba2402e800.invokeExact_MT;java/lang/invoke/LambdaForm$MH.0x00007aba2402e400.invoke;java/lang/invoke/DirectMethodHandle$Holder.invokeSpecial;uk/ac/ncl/jensen/benchmark/jmh_generated/VThreadChurnBenchmark_churn_jmhTest.churn_AverageTime;uk/ac/ncl/jensen/benchmark/jmh_generated/VThreadChurnBenchmark_churn_jmhTest.churn_avgt_jmhStub;uk/ac/ncl/jensen/benchmark/VThreadChurnBenchmark.churn;java/lang/ThreadBuilders$VirtualThreadBuilder.start;java/lang/VirtualThread.start;java/lang/VirtualThread.start;jdk/internal/vm/ThreadContainers$RootContainer$TrackingRootContainer.onStart;java/util/concurrent/ConcurrentHashMap$KeySetView.add 1
java/util/concurrent/ForkJoinWorkerThread.run;java/util/concurrent/ForkJoinPool.runWorker;java/util/concurrent/ForkJoinPool.scan;java/util/concurrent/ForkJoinPool$WorkQueue.topLevelExec;java/util/concurrent/ForkJoinTask.doExec;java/util/concurrent/ForkJoinTask$RunnableExecuteAction.exec;java/lang/VirtualThread$$Lambda.0x00007aba24039c78.run;java/lang/VirtualThread.runContinuation;jdk/internal/vm/Continuation.run;jdk/internal/vm/Continuation.enterSpecial;jdk/internal/vm/Continuation.enter;jdk/internal/vm/Continuation.enter0;java/lang/VirtualThread$VThreadContinuation$1.run;java/lang/VirtualThread.run;_notify_jvmti_vthread_start;SharedRuntime::notify_jvmti_vthread_start;JvmtiVTMSTransitionDisabler::VTMS_vthread_start;JvmtiVTMSTransitionDisabler::VTMS_mount_end;Mutex::lock;pthread_mutex_trylock 1
java/util/concurrent/ForkJoinWorkerThread.run;java/util/concurrent/ForkJoinPool.runWorker;java/util/concurrent/ForkJoinPool.scan;java/util/concurrent/ForkJoinPool$WorkQueue.topLevelExec;java/util/concurrent/ForkJoinTask.doExec;java/util/concurrent/ForkJoinTask$RunnableExecuteAction.exec;java/lang/VirtualThread$$Lambda.0x00007aba24039c78.run;java/lang/VirtualThread.runContinuation;jdk/internal/vm/Continuation.run;jdk/internal/vm/Continuation.enterSpecial;jdk/internal/vm/Continuation.enter;jdk/internal/vm/Continuation.enter0;java/lang/VirtualThread$VThreadContinuation$1.run;java/lang/VirtualThread.run;_notify_jvmti_vthread_start;SharedRuntime::notify_jvmti_vthread_start;JvmtiVTMSTransitionDisabler::VTMS_vthread_start;__pthread_mutex_unlock;/usr/lib/x86_64-linux-gnu/libc.so.6;entry_SYSCALL_64_after_hwframe_[k];do_syscall_64_[k] 1
java/util/concurrent/ForkJoinWorkerThread.run;java/util/concurrent/ForkJoinPool.runWorker;java/util/concurrent/ForkJoinPool.scan;java/util/concurrent/ForkJoinPool.signalWork;java/util/concurrent/locks/LockSupport.unpark;jdk/internal/misc/Unsafe.unpark;Unsafe_Unpark;pthread_cond_signal;entry_SYSCALL_64_after_hwframe_[k];do_syscall_64_[k];__x64_sys_futex_[k] 1
java/util/concurrent/ForkJoinWorkerThread.run;java/util/concurrent/ForkJoinPool.runWorker;java/util/concurrent/ForkJoinPool.scan;java/util/concurrent/ForkJoinPool$WorkQueue.topLevelExec;java/util/concurrent/ForkJoinTask.doExec;java/util/concurrent/ForkJoinTask$RunnableExecuteAction.exec;java/lang/VirtualThread$$Lambda.0x00007aba24039c78.run;java/lang/VirtualThread.runContinuation;jdk/internal/vm/Continuation.run;java/lang/System$2.getContinuation;java/lang/Thread.getContinuation 1
java/util/concurrent/ForkJoinWorkerThread.run;java/util/concurrent/ForkJoinPool.runWorker;java/util/concurrent/ForkJoinPool.scan;java/util/concurrent/ForkJoinPool$WorkQueue.topLevelExec;java/util/concurrent/ForkJoinTask.doExec;java/util/concurrent/ForkJoinTask$RunnableExecuteAction.exec;java/lang/VirtualThread$$Lambda.0x00007aba24039c78.run;java/lang/VirtualThread.runContinuation;jdk/internal/vm/Continuation.run;jdk/internal/vm/Continuation.enterSpecial;jdk/internal/vm/Continuation.enter;jdk/internal/vm/Continuation.enter0;java/lang/VirtualThread$VThreadContinuation$1.run;java/lang/VirtualThread.run;_notify_jvmti_vthread_end;SharedRuntime::notify_jvmti_vthread_end;JvmtiVTMSTransitionDisabler::VTMS_vthread_end;__pthread_mutex_unlock;/usr/lib/x86_64-linux-gnu/libc.so.6;entry_SYSCALL_64_after_hwframe_[k];do_syscall_64_[k];x64_sys_call_[k];__x64_sys_futex_[k];do_futex_[k];futex_wake_[k];wake_up_q_[k] 1
[unknown];java/lang/VirtualThread.runContinuation;java/lang/VirtualThread.unmount 1
java/util/concurrent/ForkJoinWorkerThread.run;java/util/concurrent/ForkJoinPool.runWorker;java/util/concurrent/ForkJoinPool.scan;java/util/concurrent/ForkJoinPool$WorkQueue.topLevelExec;java/util/concurrent/ForkJoinTask.doExec;java/util/concurrent/ForkJoinTask$RunnableExecuteAction.exec;java/lang/VirtualThread$$Lambda.0x00007aba24039c78.run;java/lang/VirtualThread.runContinuation;jdk/internal/vm/Continuation.run;jdk/internal/vm/Continuation.enterSpecial;jdk/internal/vm/Continuation.enter;jdk/internal/vm/Continuation.enter0;java/lang/VirtualThread$VThreadContinuation$1.run;java/lang/VirtualThread.run;_notify_jvmti_vthread_start;SharedRuntime::notify_jvmti_vthread_start;JvmtiVTMSTransitionDisabler::VTMS_vthread_start;JvmtiVTMSTransitionDisabler::VTMS_mount_end;__pthread_mutex_unlock;/usr/lib/x86_64-linux-gnu/libc.so.6;entry_SYSCALL_64_after_hwframe_[k];do_syscall_64_[k];x64_sys_call_[k];__x64_sys_futex_[k];do_futex_[k];futex_wake_[k];futex_hash_[k] 1
java/util/concurrent/ForkJoinWorkerThread.run;java/util/concurrent/ForkJoinPool.runWorker;java/util/concurrent/ForkJoinPool.scan;java/util/concurrent/ForkJoinPool$WorkQueue.topLevelExec;java/util/concurrent/ForkJoinTask.doExec;java/util/concurrent/ForkJoinTask$RunnableExecuteAction.exec;java/lang/VirtualThread$$Lambda.0x00007aba24039c78.run;java/lang/VirtualThread.runContinuation;jdk/internal/vm/Continuation.run;jdk/internal/vm/Continuation.enterSpecial;jdk/internal/vm/Continuation.enter;jdk/internal/vm/Continuation.enter0;java/lang/VirtualThread$VThreadContinuation$1.run;java/lang/VirtualThread.run;_notify_jvmti_vthread_start;SharedRuntime::notify_jvmti_vthread_start;JvmtiVTMSTransitionDisabler::VTMS_vthread_start;JvmtiVTMSTransitionDisabler::VTMS_mount_end;Mutex::lock;pthread_mutex_lock;/usr/lib/x86_64-linux-gnu/libc.so.6;entry_SYSCALL_64_after_hwframe_[k];do_syscall_64_[k];x64_sys_call_[k];__x64_sys_futex_[k];do_futex_[k];futex_wait_[k];__futex_wait_[k];futex_do_wait_[k];schedule_[k];__schedule_[k];finish_task_switch.isra.0_[k] 1
java/util/concurrent/ForkJoinWorkerThread.run;java/util/concurrent/ForkJoinPool.runWorker;java/util/concurrent/ForkJoinPool.scan;java/util/concurrent/ForkJoinPool$WorkQueue.topLevelExec;java/util/concurrent/ForkJoinTask.doExec;java/util/concurrent/ForkJoinTask$RunnableExecuteAction.exec;java/lang/VirtualThread$$Lambda.0x00007aba24039c78.run;java/lang/VirtualThread.runContinuation;java/lang/VirtualThread.afterDone;java/lang/VirtualThread.afterDone;java/util/concurrent/CountDownLatch.countDown 1
java/lang/Thread.run;java/lang/Thread.runWith;java/util/concurrent/ThreadPoolExecutor$Worker.run;java/util/concurrent/ThreadPoolExecutor.runWorker;java/util/concurrent/FutureTask.run;java/util/concurrent/Executors$RunnableAdapter.call;java/util/concurrent/FutureTask.run;org/openjdk/jmh/runner/BenchmarkHandler$BenchmarkTask.call;org/openjdk/jmh/runner/BenchmarkHandler$BenchmarkTask.call;java/lang/reflect/Method.invoke;jdk/internal/reflect/DirectMethodHandleAccessor.invoke;jdk/internal/reflect/DirectMethodHandleAccessor.invokeImpl;java/lang/invoke/LambdaForm$MH.0x00007aba2402e800.invokeExact_MT;java/lang/invoke/LambdaForm$MH.0x00007aba2402e400.invoke;java/lang/invoke/DirectMethodHandle$Holder.invokeSpecial;uk/ac/ncl/jensen/benchmark/jmh_generated/VThreadChurnBenchmark_churn_jmhTest.churn_AverageTime;uk/ac/ncl/jensen/benchmark/jmh_generated/VThreadChurnBenchmark_churn_jmhTest.churn_avgt_jmhStub;uk/ac/ncl/jensen/benchmark/VThreadChurnBenchmark.churn;java/lang/ThreadBuilders$VirtualThreadBuilder.start;java/lang/VirtualThread.start;java/lang/VirtualThread.start;jdk/internal/vm/ThreadContainers$RootContainer$TrackingRootContainer.onStart;java/util/concurrent/ConcurrentHashMap$KeySetView.add;java/util/concurrent/ConcurrentHashMap.putVal;java/util/concurrent/ConcurrentHashMap.addCount 2
java/util/concurrent/ForkJoinWorkerThread.run;java/util/concurrent/ForkJoinPool.runWorker;java/util/concurrent/ForkJoinPool.scan;java/util/concurrent/ForkJoinPool$WorkQueue.topLevelExec;java/util/concurrent/ForkJoinTask.doExec;java/util/concurrent/ForkJoinTask$RunnableExecuteAction.exec;java/lang/VirtualThread$$Lambda.0x00007aba24039c78.run;java/lang/VirtualThread.runContinuation;jdk/internal/vm/Continuation.run;jdk/internal/vm/Continuation.enterSpecial;jdk/internal/vm/Continuation.enter;jdk/internal/vm/Continuation.enter0;java/lang/VirtualThread$VThreadContinuation$1.run;java/lang/VirtualThread.run;_notify_jvmti_vthread_end;SharedRuntime::notify_jvmti_vthread_end;JvmtiVTMSTransitionDisabler::VTMS_vthread_end;__pthread_mutex_unlock;/usr/lib/x86_64-linux-gnu/libc.so.6;entry_SYSCALL_64_after_hwframe_[k];do_syscall_64_[k];x64_sys_call_[k];__x64_sys_futex_[k];do_futex_[k];futex_wake_[k];__futex_unqueue_[k] 1
java/util/concurrent/ForkJoinWorkerThread.run;java/util/concurrent/ForkJoinPool.runWorker;java/util/concurrent/ForkJoinPool.scan 61
java/util/concurrent/ForkJoinWorkerThread.run;java/util/concurrent/ForkJoinPool.runWorker;java/util/concurrent/ForkJoinPool.scan 2
java/util/concurrent/ForkJoinWorkerThread.run;java/util/concurrent/ForkJoinPool.runWorker;java/util/concurrent/ForkJoinPool.scan;java/util/concurrent/ForkJoinPool$WorkQueue.topLevelExec;java/util/concurrent/ForkJoinTask.doExec;java/util/concurrent/ForkJoinTask$RunnableExecuteAction.exec;java/lang/VirtualThread$$Lambda.0x00007aba24039c78.run;java/lang/VirtualThread.runContinuation;jdk/internal/vm/Continuation.run;jdk/internal/vm/Continuation.enterSpecial;jdk/internal/vm/Continuation.enter;jdk/internal/vm/Continuation.enter0;java/lang/VirtualThread$VThreadContinuation$1.run;java/lang/VirtualThread.run;_notify_jvmti_vthread_start;SharedRuntime::notify_jvmti_vthread_start;JvmtiVTMSTransitionDisabler::VTMS_vthread_start;__pthread_mutex_unlock;/usr/lib/x86_64-linux-gnu/libc.so.6;entry_SYSCALL_64_after_hwframe_[k];do_syscall_64_[k];x64_sys_call_[k];__x64_sys_futex_[k];do_futex_[k];futex_wake_[k];_raw_spin_lock_[k];native_queued_spin_lock_slowpath_[k] 12500
java/util/concurrent/ForkJoinWorkerThread.run;java/util/concurrent/ForkJoinPool.runWorker;java/util/concurrent/ForkJoinPool.scan;java/util/concurrent/ForkJoinPool$WorkQueue.topLevelExec;java/util/concurrent/ForkJoinTask.doExec;java/util/concurrent/ForkJoinTask$RunnableExecuteAction.exec;java/lang/VirtualThread$$Lambda.0x00007aba24039c78.run;java/lang/VirtualThread.runContinuation;jdk/internal/vm/Continuation.run;jdk/internal/vm/Continuation.enterSpecial;jdk/internal/vm/Continuation.enter;jdk/internal/vm/Continuation.enter0;java/lang/VirtualThread$VThreadContinuation$1.run;java/lang/VirtualThread.run;_notify_jvmti_vthread_end;SharedRuntime::notify_jvmti_vthread_end;JvmtiVTMSTransitionDisabler::VTMS_vthread_end;JvmtiExport::cleanup_thread;Mutex::lock;pthread_mutex_lock;/usr/lib/x86_64-linux-gnu/libc.so.6;entry_SYSCALL_64_after_hwframe_[k];do_syscall_64_[k];x64_sys_call_[k];__x64_sys_futex_[k];do_futex_[k];futex_wait_[k];__futex_wait_[k];futex_wait_setup_[k];futex_q_unlock_[k] 6
java/util/concurrent/ForkJoinWorkerThread.run;java/util/concurrent/ForkJoinPool.runWorker;java/util/concurrent/ForkJoinPool.scan;java/util/concurrent/ForkJoinPool$WorkQueue.topLevelExec;java/util/concurrent/ForkJoinTask.doExec;java/util/concurrent/ForkJoinTask$RunnableExecuteAction.exec;java/lang/VirtualThread$$Lambda.0x00007aba24039c78.run;java/lang/VirtualThread.runContinuation;jdk/internal/vm/Continuation.run;jdk/internal/vm/Continuation.enterSpecial;jdk/internal/vm/Continuation.enter;jdk/internal/vm/Continuation.enter0;java/lang/VirtualThread$VThreadContinuation$1.run;java/lang/VirtualThread.run;_notify_jvmti_vthread_start;SharedRuntime::notify_jvmti_vthread_start;JvmtiVTMSTransitionDisabler::VTMS_vthread_start;JvmtiVTMSTransitionDisabler::VTMS_mount_end;__pthread_mutex_unlock;/usr/lib/x86_64-linux-gnu/libc.so.6;entry_SYSCALL_64_after_hwframe_[k];do_syscall_64_[k];x64_sys_call_[k];__x64_sys_futex_[k];do_futex_[k];futex_hash_put_[k] 2
java/util/concurrent/ForkJoinWorkerThread.run;java/util/concurrent/ForkJoinPool.runWorker;java/util/concurrent/ForkJoinPool.awaitWork 1
java/util/concurrent/ForkJoinWorkerThread.run;java/util/concurrent/ForkJoinPool.runWorker;java/util/concurrent/ForkJoinPool.scan;java/util/concurrent/ForkJoinPool$WorkQueue.topLevelExec;java/util/concurrent/ForkJoinTask.doExec;java/util/concurrent/ForkJoinTask$RunnableExecuteAction.exec;java/lang/VirtualThread$$Lambda.0x00007aba24039c78.run;java/lang/VirtualThread.runContinuation;jdk/internal/vm/Continuation.run;jdk/internal/vm/Continuation.enterSpecial;jdk/internal/vm/Continuation.enter;jdk/internal/vm/Continuation.enter0;java/lang/VirtualThread$VThreadContinuation$1.run;java/lang/VirtualThread.run;_notify_jvmti_vthread_start;SharedRuntime::notify_jvmti_vthread_start;JvmtiVTMSTransitionDisabler::VTMS_vthread_start;JvmtiVTMSTransitionDisabler::VTMS_mount_end;__pthread_mutex_unlock;/usr/lib/x86_64-linux-gnu/libc.so.6;entry_SYSCALL_64_after_hwframe_[k];do_syscall_64_[k];x64_sys_call_[k];__x64_sys_futex_[k];do_futex_[k];futex_wake_[k];futex_wake_mark_[k] 4
java/util/concurrent/ForkJoinWorkerThread.run;java/util/concurrent/ForkJoinPool.runWorker;java/util/concurrent/ForkJoinPool.scan;java/util/concurrent/ForkJoinPool$WorkQueue.topLevelExec;java/util/concurrent/ForkJoinTask.doExec;java/util/concurrent/ForkJoinTask$RunnableExecuteAction.exec;java/lang/VirtualThread$$Lambda.0x00007aba24039c78.run;java/lang/VirtualThread.runContinuation;jdk/internal/vm/Continuation.run;jdk/internal/vm/Continuation.enterSpecial;jdk/internal/vm/Continuation.enter;jdk/internal/vm/Continuation.enter0;java/lang/VirtualThread$VThreadContinuation$1.run;java/lang/VirtualThread.run;_notify_jvmti_vthread_start;SharedRuntime::notify_jvmti_vthread_start;JvmtiVTMSTransitionDisabler::VTMS_vthread_start;JvmtiEventController::thread_started;Mutex::lock;pthread_mutex_lock;/usr/lib/x86_64-linux-gnu/libc.so.6;entry_SYSCALL_64_after_hwframe_[k];do_syscall_64_[k];x64_sys_call_[k];__x64_sys_futex_[k];do_futex_[k];futex_wait_[k];__futex_wait_[k];futex_hash_put_[k] 5
java/util/concurrent/ForkJoinWorkerThread.run;java/util/concurrent/ForkJoinPool.runWorker;java/util/concurrent/ForkJoinPool.scan;java/util/concurrent/ForkJoinPool$WorkQueue.topLevelExec;java/util/concurrent/ForkJoinTask.doExec;java/util/concurrent/ForkJoinTask$RunnableExecuteAction.exec;java/lang/VirtualThread$$Lambda.0x00007aba24039c78.run;java/lang/VirtualThread.runContinuation;jdk/internal/vm/Continuation.run;jdk/internal/vm/Continuation.enterSpecial;jdk/internal/vm/Continuation.enter;jdk/internal/vm/Continuation.enter0;java/lang/VirtualThread$VThreadContinuation$1.run;java/lang/VirtualThread.run;_notify_jvmti_vthread_start;SharedRuntime::notify_jvmti_vthread_start;JvmtiVTMSTransitionDisabler::VTMS_vthread_start;JvmtiVTMSTransitionDisabler::VTMS_mount_end;__pthread_mutex_unlock;/usr/lib/x86_64-linux-gnu/libc.so.6;entry_SYSCALL_64_after_hwframe_[k];do_syscall_64_[k];x64_sys_call_[k];__x64_sys_futex_[k];do_futex_[k];futex_wake_[k];futex_wake_mark_[k];__futex_unqueue_[k] 7
java/lang/Thread.run;java/lang/Thread.runWith;java/util/concurrent/ThreadPoolExecutor$Worker.run;java/util/concurrent/ThreadPoolExecutor.runWorker;java/util/concurrent/FutureTask.run;java/util/concurrent/Executors$RunnableAdapter.call;java/util/concurrent/FutureTask.run;org/openjdk/jmh/runner/BenchmarkHandler$BenchmarkTask.call;org/openjdk/jmh/runner/BenchmarkHandler$BenchmarkTask.call;java/lang/reflect/Method.invoke;jdk/internal/reflect/DirectMethodHandleAccessor.invoke;jdk/internal/reflect/DirectMethodHandleAccessor.invokeImpl;java/lang/invoke/LambdaForm$MH.0x00007aba2402e800.invokeExact_MT;java/lang/invoke/LambdaForm$MH.0x00007aba2402e400.invoke;java/lang/invoke/DirectMethodHandle$Holder.invokeSpecial;uk/ac/ncl/jensen/benchmark/jmh_generated/VThreadChurnBenchmark_churn_jmhTest.churn_AverageTime;uk/ac/ncl/jensen/benchmark/jmh_generated/VThreadChurnBenchmark_churn_jmhTest.churn_avgt_jmhStub;uk/ac/ncl/jensen/benchmark/VThreadChurnBenchmark.churn;java/lang/ThreadBuilders$VirtualThreadBuilder.start;java/lang/ThreadBuilders$VirtualThreadBuilder.unstarted;java/lang/ThreadBuilders.newVirtualThread;java/lang/VirtualThread.<init>;java/lang/BaseVirtualThread.<init>;java/lang/Thread.<init>;asm_exc_page_fault_[k];exc_page_fault_[k];do_user_addr_fault_[k] 1
java/util/concurrent/ForkJoinWorkerThread.run;java/util/concurrent/ForkJoinPool.runWorker;java/util/concurrent/ForkJoinPool.scan;java/util/concurrent/ForkJoinPool$WorkQueue.topLevelExec;java/util/concurrent/ForkJoinTask.doExec;java/util/concurrent/ForkJoinTask$RunnableExecuteAction.exec;java/lang/VirtualThread$$Lambda.0x00007aba24039c78.run;java/lang/VirtualThread.runContinuation;java/lang/VirtualThread.afterDone;java/lang/VirtualThread.afterDone;jdk/internal/misc/Unsafe.freeMemory;jdk/internal/misc/Unsafe.freeMemory0;Unsafe_FreeMemory0 5
java/util/concurrent/ForkJoinWorkerThread.run;java/util/concurrent/ForkJoinPool.runWorker;java/util/concurrent/ForkJoinPool.scan;java/util/concurrent/ForkJoinPool$WorkQueue.topLevelExec;java/util/concurrent/ForkJoinTask.doExec;java/util/concurrent/ForkJoinTask$RunnableExecuteAction.exec;java/lang/VirtualThread$$Lambda.0x00007aba24039c78.run;java/lang/VirtualThread.runContinuation;jdk/internal/vm/Continuation.run;jdk/internal/vm/Continuation.enterSpecial;jdk/internal/vm/Continuation.enter;jdk/internal/vm/Continuation.enter0;java/lang/VirtualThread$VThreadContinuation$1.run;java/lang/VirtualThread.run;_notify_jvmti_vthread_end;SharedRuntime::notify_jvmti_vthread_end;JvmtiVTMSTransitionDisabler::VTMS_vthread_end;JvmtiExport::cleanup_thread;Mutex::lock;pthread_mutex_lock;/usr/lib/x86_64-linux-gnu/libc.so.6;entry_SYSCALL_64_after_hwframe_[k];do_syscall_64_[k];x64_sys_call_[k];__x64_sys_futex_[k];do_futex_[k];futex_wait_[k];__futex_wait_[k];futex_wait_setup_[k];futex_hash_[k];__futex_hash_[k] 3
java/util/concurrent/ForkJoinWorkerThread.run;java/util/concurrent/ForkJoinPool.runWorker;java/util/concurrent/ForkJoinPool.scan;java/util/concurrent/ForkJoinPool$WorkQueue.topLevelExec;java/util/concurrent/ForkJoinTask.doExec;java/util/concurrent/ForkJoinTask$RunnableExecuteAction.exec;java/lang/VirtualThread$$Lambda.0x00007aba24039c78.run;java/lang/VirtualThread.runContinuation;jdk/internal/vm/Continuation.run;jdk/internal/vm/Continuation.enterSpecial;jdk/internal/vm/Continuation.enter;jdk/internal/vm/Continuation.enter0;java/lang/VirtualThread$VThreadContinuation$1.run;java/lang/VirtualThread.run;_notify_jvmti_vthread_start;SharedRuntime::notify_jvmti_vthread_start;JvmtiVTMSTransitionDisabler::VTMS_vthread_start;JvmtiEventController::thread_started;Mutex::lock;pthread_mutex_lock;/usr/lib/x86_64-linux-gnu/libc.so.6;entry_SYSCALL_64_after_hwframe_[k];do_syscall_64_[k] 1
java/lang/Thread.run;java/lang/Thread.runWith;java/util/concurrent/ThreadPoolExecutor$Worker.run;java/util/concurrent/ThreadPoolExecutor.runWorker;java/util/concurrent/FutureTask.run;java/util/concurrent/Executors$RunnableAdapter.call;java/util/concurrent/FutureTask.run;org/openjdk/jmh/runner/BenchmarkHandler$BenchmarkTask.call;org/openjdk/jmh/runner/BenchmarkHandler$BenchmarkTask.call;java/lang/reflect/Method.invoke;jdk/internal/reflect/DirectMethodHandleAccessor.invoke;jdk/internal/reflect/DirectMethodHandleAccessor.invokeImpl;java/lang/invoke/LambdaForm$MH.0x00007aba2402e800.invokeExact_MT;java/lang/invoke/LambdaForm$MH.0x00007aba2402e400.invoke;java/lang/invoke/DirectMethodHandle$Holder.invokeSpecial;uk/ac/ncl/jensen/benchmark/jmh_generated/VThreadChurnBenchmark_churn_jmhTest.churn_AverageTime;uk/ac/ncl/jensen/benchmark/jmh_generated/VThreadChurnBenchmark_churn_jmhTest.churn_avgt_jmhStub;uk/ac/ncl/jensen/benchmark/VThreadChurnBenchmark.churn;java/lang/Thread.join;java/lang/Thread.join;java/lang/VirtualThread.joinNanos;java/util/concurrent/CountDownLatch.await;java/util/concurrent/locks/AbstractQueuedSynchronizer.acquireSharedInterruptibly;java/util/concurrent/locks/AbstractQueuedSynchronizer.acquire;java/util/concurrent/locks/LockSupport.park;jdk/internal/misc/Unsafe.park;Unsafe_Park;JavaThreadParkedState::JavaThreadParkedState;java_lang_Thread::set_thread_status;AccessInternal::PostRuntimeDispatch<G1BarrierSet::AccessBarrier<286822ul, G1BarrierSet>, (AccessInternal::BarrierType)3, 286822ul>::oop_access_barrier 1
java/util/concurrent/ForkJoinWorkerThread.run;java/util/concurrent/ForkJoinPool.runWorker;java/util/concurrent/ForkJoinPool.scan;java/util/concurrent/ForkJoinPool$WorkQueue.topLevelExec 5
java/util/concurrent/ForkJoinWorkerThread.run;java/util/concurrent/ForkJoinPool.runWorker;java/util/concurrent/ForkJoinPool.scan;java/util/concurrent/ForkJoinPool$WorkQueue.topLevelExec;java/util/concurrent/ForkJoinTask.doExec;java/util/concurrent/ForkJoinTask$RunnableExecuteAction.exec;java/lang/VirtualThread$$Lambda.0x00007aba24039c78.run;java/lang/VirtualThread.runContinuation;jdk/internal/vm/Continuation.run;jdk/internal/vm/Continuation.enterSpecial;jdk/internal/vm/Continuation.enter;jdk/internal/vm/Continuation.enter0;java/lang/VirtualThread$VThreadContinuation$1.run;java/lang/VirtualThread.run;_notify_jvmti_vthread_start;SharedRuntime::notify_jvmti_vthread_start;JvmtiVTMSTransitionDisabler::VTMS_vthread_start;JvmtiVTMSTransitionDisabler::VTMS_mount_end;Mutex::unlock 2
java/lang/Thread.run;java/lang/Thread.runWith;java/util/concurrent/ThreadPoolExecutor$Worker.run;java/util/concurrent/ThreadPoolExecutor.runWorker;java/util/concurrent/FutureTask.run;java/util/concurrent/Executors$RunnableAdapter.call;java/util/concurrent/FutureTask.run;org/openjdk/jmh/runner/BenchmarkHandler$BenchmarkTask.call;org/openjdk/jmh/runner/BenchmarkHandler$BenchmarkTask.call;java/lang/reflect/Method.invoke;jdk/internal/reflect/DirectMethodHandleAccessor.invoke;jdk/internal/reflect/DirectMethodHandleAccessor.invokeImpl;java/lang/invoke/LambdaForm$MH.0x00007aba2402e800.invokeExact_MT;java/lang/invoke/LambdaForm$MH.0x00007aba2402e400.invoke;java/lang/invoke/DirectMethodHandle$Holder.invokeSpecial;uk/ac/ncl/jensen/benchmark/jmh_generated/VThreadChurnBenchmark_churn_jmhTest.churn_AverageTime;uk/ac/ncl/jensen/benchmark/jmh_generated/VThreadChurnBenchmark_churn_jmhTest.churn_avgt_jmhStub;uk/ac/ncl/jensen/benchmark/VThreadChurnBenchmark.churn;java/lang/Thread.join;java/lang/Thread.join;java/lang/VirtualThread.joinNanos;java/util/concurrent/CountDownLatch.await;java/util/concurrent/locks/AbstractQueuedSynchronizer.acquireSharedInterruptibly;java/util/concurrent/locks/AbstractQueuedSynchronizer.acquire;java/util/concurrent/locks/LockSupport.park;jdk/internal/misc/Unsafe.park;Unsafe_Park;Parker::park;pthread_cond_wait;/usr/lib/x86_64-linux-gnu/libc.so.6;entry_SYSCALL_64_after_hwframe_[k];do_syscall_64_[k];x64_sys_call_[k];__x64_sys_futex_[k];do_futex_[k];futex_wait_[k];__futex_wait_[k];futex_do_wait_[k];schedule_[k];__schedule_[k] 1
java/util/concurrent/ForkJoinWorkerThread.run;java/util/concurrent/ForkJoinPool.runWorker;java/util/concurrent/ForkJoinPool.scan;java/util/concurrent/ForkJoinPool$WorkQueue.topLevelExec;java/util/concurrent/ForkJoinTask.doExec;java/util/concurrent/ForkJoinTask$RunnableExecuteAction.exec;java/lang/VirtualThread$$Lambda.0x00007aba24039c78.run;java/lang/VirtualThread.runContinuation;jdk/internal/vm/Continuation.run;jdk/internal/vm/Continuation.enterSpecial;jdk/internal/vm/Continuation.enter;jdk/internal/vm/Continuation.enter0;java/lang/VirtualThread$VThreadContinuation$1.run;java/lang/VirtualThread.run;_notify_jvmti_vthread_start;SharedRuntime::notify_jvmti_vthread_start;JvmtiVTMSTransitionDisabler::VTMS_vthread_start;JvmtiVTMSTransitionDisabler::VTMS_mount_end;__pthread_mutex_unlock;/usr/lib/x86_64-linux-gnu/libc.so.6;entry_SYSCALL_64_after_hwframe_[k];do_syscall_64_[k];x64_sys_call_[k];__x64_sys_futex_[k];do_futex_[k];futex_wake_[k];futex_hash_[k];futex_ref_get_[k] 1
java/util/concurrent/ForkJoinWorkerThread.run;java/util/concurrent/ForkJoinPool.runWorker;java/util/concurrent/ForkJoinPool.scan;java/util/concurrent/ForkJoinPool$WorkQueue.topLevelExec;java/util/concurrent/ForkJoinTask.doExec;java/util/concurrent/ForkJoinTask$RunnableExecuteAction.exec;java/lang/VirtualThread$$Lambda.0x00007aba24039c78.run;java/lang/VirtualThread.runContinuation;jdk/internal/vm/Continuation.run;jdk/internal/vm/Continuation.enterSpecial;jdk/internal/vm/Continuation.enter;jdk/internal/vm/Continuation.enter0;java/lang/VirtualThread$VThreadContinuation$1.run;java/lang/VirtualThread.run;_notify_jvmti_vthread_end;SharedRuntime::notify_jvmti_vthread_end;JvmtiVTMSTransitionDisabler::VTMS_vthread_end;JvmtiExport::cleanup_thread;Mutex::lock;pthread_mutex_lock 1
java/util/concurrent/ForkJoinWorkerThread.run;java/util/concurrent/ForkJoinPool.runWorker;java/util/concurrent/ForkJoinPool.awaitWork 72
java/util/concurrent/ForkJoinWorkerThread.run;java/util/concurrent/ForkJoinPool.runWorker;java/util/concurrent/ForkJoinPool.scan;java/util/concurrent/ForkJoinPool$WorkQueue.topLevelExec;java/util/concurrent/ForkJoinTask.doExec;java/util/concurrent/ForkJoinTask$RunnableExecuteAction.exec;java/lang/VirtualThread$$Lambda.0x00007aba24039c78.run;java/lang/VirtualThread.runContinuation;jdk/internal/vm/Continuation.run;jdk/internal/vm/Continuation.enterSpecial;jdk/internal/vm/Continuation.enter;jdk/internal/vm/Continuation.enter0;java/lang/VirtualThread$VThreadContinuation$1.run;java/lang/VirtualThread.run;_notify_jvmti_vthread_end;SharedRuntime::notify_jvmti_vthread_end;JvmtiVTMSTransitionDisabler::VTMS_vthread_end;JvmtiExport::cleanup_thread;os::free 1
java/util/concurrent/ForkJoinWorkerThread.run;java/util/concurrent/ForkJoinPool.runWorker;java/util/concurrent/ForkJoinPool.scan;java/util/concurrent/ForkJoinPool$WorkQueue.topLevelExec;java/util/concurrent/ForkJoinTask.doExec;java/util/concurrent/ForkJoinTask$RunnableExecuteAction.exec;java/lang/VirtualThread$$Lambda.0x00007aba24039c78.run;java/lang/VirtualThread.runContinuation 1
java/util/concurrent/ForkJoinWorkerThread.run;java/util/concurrent/ForkJoinPool.runWorker;java/util/concurrent/ForkJoinPool.awaitWork;java/util/concurrent/locks/LockSupport.park;jdk/internal/misc/Unsafe.park;Unsafe_Park;Parker::park;pthread_cond_wait;/usr/lib/x86_64-linux-gnu/libc.so.6;entry_SYSCALL_64_after_hwframe_[k];do_syscall_64_[k];exit_to_user_mode_loop_[k] 1
java/util/concurrent/ForkJoinWorkerThread.run;java/util/concurrent/ForkJoinPool.runWorker;java/util/concurrent/ForkJoinPool.scan;java/util/concurrent/ForkJoinPool$WorkQueue.topLevelExec;java/util/concurrent/ForkJoinTask.doExec;java/util/concurrent/ForkJoinTask$RunnableExecuteAction.exec;java/lang/VirtualThread$$Lambda.0x00007aba24039c78.run;java/lang/VirtualThread.runContinuation;jdk/internal/vm/Continuation.run;jdk/internal/vm/Continuation.enterSpecial;jdk/internal/vm/Continuation.enter;jdk/internal/vm/Continuation.enter0;java/lang/VirtualThread$VThreadContinuation$1.run;java/lang/VirtualThread.run;_notify_jvmti_vthread_start;SharedRuntime::notify_jvmti_vthread_start;JvmtiVTMSTransitionDisabler::VTMS_vthread_start;JvmtiVTMSTransitionDisabler::VTMS_mount_end;JavaThread::rebind_to_jvmti_thread_state_of;Continuation::set_cont_fastpath_thread_state 1
java/util/concurrent/ForkJoinWorkerThread.run;java/util/concurrent/ForkJoinPool.runWorker;java/util/concurrent/ForkJoinPool.scan;java/util/concurrent/ForkJoinPool$WorkQueue.topLevelExec;java/util/concurrent/ForkJoinTask.doExec;java/util/concurrent/ForkJoinTask$RunnableExecuteAction.exec;java/lang/VirtualThread$$Lambda.0x00007aba24039c78.run;java/lang/VirtualThread.runContinuation;java/lang/VirtualThread.afterDone;java/lang/VirtualThread.afterDone;jdk/internal/vm/ThreadContainers$RootContainer$TrackingRootContainer.onExit;java/util/concurrent/ConcurrentHashMap$KeySetView.remove;java/util/concurrent/ConcurrentHashMap.remove;java/util/concurrent/ConcurrentHashMap.replaceNode 10
java/util/concurrent/ForkJoinWorkerThread.run;java/util/concurrent/ForkJoinPool.runWorker;java/util/concurrent/ForkJoinPool.awaitWork 1
java/util/concurrent/ForkJoinWorkerThread.run;java/util/concurrent/ForkJoinPool.runWorker;java/util/concurrent/ForkJoinPool.scan;java/util/concurrent/ForkJoinPool$WorkQueue.topLevelExec;java/util/concurrent/ForkJoinTask.doExec;java/util/concurrent/ForkJoinTask$RunnableExecuteAction.exec;java/lang/VirtualThread$$Lambda.0x00007aba24039c78.run;java/lang/VirtualThread.runContinuation;jdk/internal/vm/Continuation.run;jdk/internal/vm/Continuation.enterSpecial;jdk/internal/vm/Continuation.enter;jdk/internal/vm/Continuation.enter0;java/lang/VirtualThread$VThreadContinuation$1.run;java/lang/VirtualThread.run;_notify_jvmti_vthread_start;SharedRuntime::notify_jvmti_vthread_start;JvmtiVTMSTransitionDisabler::VTMS_vthread_start;JvmtiEventController::thread_started;Mutex::lock;pthread_mutex_lock;/usr/lib/x86_64-linux-gnu/libc.so.6;entry_SYSCALL_64_after_hwframe_[k];do_syscall_64_[k];x64_sys_call_[k];__x64_sys_futex_[k];do_futex_[k];futex_wait_[k];__futex_wait_[k];futex_wait_setup_[k];futex_hash_[k];futex_ref_get_[k] 3
java/util/concurrent/ForkJoinWorkerThread.run;java/util/concurrent/ForkJoinPool.runWorker;java/util/concurrent/ForkJoinPool.scan;java/util/concurrent/ForkJoinPool$WorkQueue.topLevelExec;java/util/concurrent/ForkJoinTask.doExec;java/util/concurrent/ForkJoinTask$RunnableExecuteAction.exec;java/lang/VirtualThread$$Lambda.0x00007aba24039c78.run;java/lang/VirtualThread.runContinuation;jdk/internal/vm/Continuation.run;jdk/internal/vm/Continuation.enterSpecial;jdk/internal/vm/Continuation.enter;jdk/internal/vm/Continuation.enter0;java/lang/VirtualThread$VThreadContinuation$1.run;java/lang/VirtualThread.run;_notify_jvmti_vthread_start;SharedRuntime::notify_jvmti_vthread_start;JvmtiVTMSTransitionDisabler::VTMS_vthread_start;JvmtiEventController::thread_started;JvmtiThreadState::JvmtiThreadState;AllocateHeap;os::malloc 1
java/util/concurrent/ForkJoinWorkerThread.run;java/util/concurrent/ForkJoinPool.runWorker;java/util/concurrent/ForkJoinPool.scan;java/util/concurrent/ForkJoinPool$WorkQueue.topLevelExec;java/util/concurrent/ForkJoinTask.doExec;java/util/concurrent/ForkJoinTask$RunnableExecuteAction.exec;java/lang/VirtualThread$$Lambda.0x00007aba24039c78.run;java/lang/VirtualThread.runContinuation;jdk/internal/vm/Continuation.run;jdk/internal/vm/Continuation.enterSpecial;jdk/internal/vm/Continuation.enter;jdk/internal/vm/Continuation.enter0;java/lang/VirtualThread$VThreadContinuation$1.run;java/lang/VirtualThread.run;_notify_jvmti_vthread_start;SharedRuntime::notify_jvmti_vthread_start;JvmtiVTMSTransitionDisabler::VTMS_vthread_start;JvmtiVTMSTransitionDisabler::VTMS_mount_end;__pthread_mutex_unlock;/usr/lib/x86_64-linux-gnu/libc.so.6;entry_SYSCALL_64_after_hwframe_[k];do_syscall_64_[k];x64_sys_call_[k];__x64_sys_futex_[k];do_futex_[k];futex_wake_[k];futex_hash_[k] 60
java/util/concurrent/ForkJoinWorkerThread.run;java/util/concurrent/ForkJoinPool.runWorker;java/util/concurrent/ForkJoinPool.scan;java/util/concurrent/ForkJoinPool$WorkQueue.topLevelExec;java/util/concurrent/ForkJoinTask.doExec;java/util/concurrent/ForkJoinTask$RunnableExecuteAction.exec;java/lang/VirtualThread$$Lambda.0x00007aba24039c78.run;java/lang/VirtualThread.runContinuation;jdk/internal/vm/Continuation.run;jdk/internal/vm/Continuation.enterSpecial;jdk/internal/vm/Continuation.enter;jdk/internal/vm/Continuation.enter0;java/lang/VirtualThread$VThreadContinuation$1.run;java/lang/VirtualThread.run;_notify_jvmti_vthread_start;SharedRuntime::notify_jvmti_vthread_start;JvmtiVTMSTransitionDisabler::VTMS_vthread_start;JvmtiVTMSTransitionDisabler::VTMS_mount_end;__pthread_mutex_unlock;/usr/lib/x86_64-linux-gnu/libc.so.6;entry_SYSCALL_64_after_hwframe_[k];do_syscall_64_[k];x64_sys_call_[k];__x64_sys_futex_[k];do_futex_[k];futex_wake_[k];futex_hash_[k];__futex_hash_[k] 2
java/util/concurrent/ForkJoinWorkerThread.run;java/util/concurrent/ForkJoinPool.runWorker;java/util/concurrent/ForkJoinPool.scan;java/util/concurrent/ForkJoinPool$WorkQueue.topLevelExec;java/util/concurrent/ForkJoinTask.doExec;java/util/concurrent/ForkJoinTask$RunnableExecuteAction.exec;java/lang/VirtualThread$$Lambda.0x00007aba24039c78.run;java/lang/VirtualThread.runContinuation;jdk/internal/vm/Continuation.run;jdk/internal/vm/Continuation.enterSpecial;jdk/internal/vm/Continuation.enter;jdk/internal/vm/Continuation.enter0;java/lang/VirtualThread$VThreadContinuation$1.run;java/lang/VirtualThread.run;_notify_jvmti_vthread_start;SharedRuntime::notify_jvmti_vthread_start;JvmtiVTMSTransitionDisabler::VTMS_vthread_start;JvmtiVTMSTransitionDisabler::VTMS_mount_end;__pthread_mutex_unlock;/usr/lib/x86_64-linux-gnu/libc.so.6;entry_SYSCALL_64_after_hwframe_[k];do_syscall_64_[k];x64_sys_call_[k];__x64_sys_futex_[k];do_futex_[k];futex_wake_[k];_raw_spin_lock_[k];native_queued_spin_lock_slowpath_[k] 132
java/util/concurrent/ForkJoinWorkerThread.run;java/util/concurrent/ForkJoinPool.runWorker;java/util/concurrent/ForkJoinPool.awaitWork;java/util/concurrent/locks/LockSupport.park;jdk/internal/misc/Unsafe.park;Unsafe_Park;Parker::park;__pthread_mutex_unlock 1
java/util/concurrent/ForkJoinWorkerThread.run;java/util/concurrent/ForkJoinPool.runWorker;java/util/concurrent/ForkJoinPool.scan;java/util/concurrent/ForkJoinPool$WorkQueue.topLevelExec;java/util/concurrent/ForkJoinTask.doExec;java/util/concurrent/ForkJoinTask$RunnableExecuteAction.exec;java/lang/VirtualThread$$Lambda.0x00007aba24039c78.run;java/lang/VirtualThread.runContinuation;jdk/internal/vm/Continuation.run;jdk/internal/vm/Continuation.enterSpecial;jdk/internal/vm/Continuation.enter;jdk/internal/vm/Continuation.enter0;java/lang/VirtualThread$VThreadContinuation$1.run;java/lang/VirtualThread.run;_notify_jvmti_vthread_start;SharedRuntime::notify_jvmti_vthread_start;JvmtiVTMSTransitionDisabler::VTMS_vthread_start;JvmtiEventController::thread_started;JvmtiThreadState::JvmtiThreadState;AllocateHeap;os::malloc 2
java/util/concurrent/ForkJoinWorkerThread.run;java/util/concurrent/ForkJoinPool.runWorker;java/util/concurrent/ForkJoinPool.scan;java/util/concurrent/ForkJoinPool$WorkQueue.topLevelExec;java/util/concurrent/ForkJoinTask.doExec;java/util/concurrent/ForkJoinTask$RunnableExecuteAction.exec;java/lang/VirtualThread$$Lambda.0x00007aba24039c78.run;java/lang/VirtualThread.runContinuation;jdk/internal/vm/Continuation.run;jdk/internal/vm/Continuation.enterSpecial;jdk/internal/vm/Continuation.enter;jdk/internal/vm/Continuation.enter0;java/lang/VirtualThread$VThreadContinuation$1.run;java/lang/VirtualThread.run;_notify_jvmti_vthread_start;SharedRuntime::notify_jvmti_vthread_start;JvmtiVTMSTransitionDisabler::VTMS_vthread_start;JvmtiVTMSTransitionDisabler::VTMS_mount_end;__pthread_mutex_unlock;/usr/lib/x86_64-linux-gnu/libc.so.6;entry_SYSCALL_64_after_hwframe_[k];do_syscall_64_[k];x64_sys_call_[k];__x64_sys_futex_[k];do_futex_[k];futex_wake_[k];wake_up_q_[k];try_to_wake_up_[k];_raw_spin_unlock_irqrestore_[k] 4
java/util/concurrent/ForkJoinWorkerThread.run;java/util/concurrent/ForkJoinPool.runWorker;java/util/concurrent/ForkJoinPool.scan;java/util/concurrent/ForkJoinPool$WorkQueue.topLevelExec;java/util/concurrent/ForkJoinTask.doExec;java/util/concurrent/ForkJoinTask$RunnableExecuteAction.exec;java/lang/VirtualThread$$Lambda.0x00007aba24039c78.run;java/lang/VirtualThread.runContinuation;jdk/internal/vm/Continuation.run;jdk/internal/vm/Continuation.enterSpecial;jdk/internal/vm/Continuation.enter;jdk/internal/vm/Continuation.enter0;java/lang/VirtualThread$VThreadContinuation$1.run;java/lang/VirtualThread.run;_notify_jvmti_vthread_start;SharedRuntime::notify_jvmti_vthread_start;JvmtiVTMSTransitionDisabler::VTMS_vthread_start;__pthread_mutex_unlock;/usr/lib/x86_64-linux-gnu/libc.so.6;entry_SYSCALL_64_after_hwframe_[k];do_syscall_64_[k];x64_sys_call_[k];__x64_sys_futex_[k];do_futex_[k];futex_wake_[k];wake_up_q_[k] 4
java/util/concurrent/ForkJoinWorkerThread.run;java/util/concurrent/ForkJoinPool.runWorker;java/util/concurrent/ForkJoinPool.scan;java/util/concurrent/ForkJoinPool$WorkQueue.topLevelExec;java/util/concurrent/ForkJoinTask.doExec;java/util/concurrent/ForkJoinTask$RunnableExecuteAction.exec;java/lang/VirtualThread$$Lambda.0x00007aba24039c78.run;java/lang/VirtualThread.runContinuation;jdk/internal/vm/Continuation.run;jdk/internal/vm/Continuation.enterSpecial;jdk/internal/vm/Continuation.enter;jdk/internal/vm/Continuation.enter0;java/lang/VirtualThread$VThreadContinuation$1.run;java/lang/VirtualThread.run;_notify_jvmti_vthread_end;SharedRuntime::notify_jvmti_vthread_end;JvmtiVTMSTransitionDisabler::VTMS_vthread_end;JvmtiExport::cleanup_thread;Mutex::lock;pthread_mutex_lock;/usr/lib/x86_64-linux-gnu/libc.so.6;entry_SYSCALL_64_after_hwframe_[k];do_syscall_64_[k];x64_sys_call_[k];__x64_sys_futex_[k];do_futex_[k];futex_wait_[k];__futex_wait_[k];futex_wait_setup_[k];__futex_queue_[k];plist_add_[k] 1
java/util/concurrent/ForkJoinWorkerThread.run;java/util/concurrent/ForkJoinPool.runWorker;java/util/concurrent/ForkJoinPool.scan 5
java/util/concurrent/ForkJoinWorkerThread.run;java/util/concurrent/ForkJoinPool.runWorker;java/util/concurrent/ForkJoinPool.scan;java/util/concurrent/ForkJoinPool$WorkQueue.topLevelExec;java/util/concurrent/ForkJoinTask.doExec;java/util/concurrent/ForkJoinTask$RunnableExecuteAction.exec;java/lang/VirtualThread$$Lambda.0x00007aba24039c78.run;java/lang/VirtualThread.runContinuation;jdk/internal/vm/Continuation.run;jdk/internal/vm/Continuation.enterSpecial;jdk/internal/vm/Continuation.enter;jdk/internal/vm/Continuation.enter0;java/lang/VirtualThread$VThreadContinuation$1.run;java/lang/VirtualThread.run;_notify_jvmti_vthread_end;SharedRuntime::notify_jvmti_vthread_end;JvmtiVTMSTransitionDisabler::VTMS_vthread_end;JvmtiExport::cleanup_thread;__libc_free 5
java/util/concurrent/ForkJoinWorkerThread.run;java/util/concurrent/ForkJoinPool.runWorker;java/util/concurrent/ForkJoinPool.scan;java/util/concurrent/ForkJoinPool$WorkQueue.topLevelExec;java/util/concurrent/ForkJoinTask.doExec;java/util/concurrent/ForkJoinTask$RunnableExecuteAction.exec;java/lang/VirtualThread$$Lambda.0x00007aba24039c78.run;java/lang/VirtualThread.runContinuation;jdk/internal/vm/Continuation.run;jdk/internal/vm/Continuation.enterSpecial;jdk/internal/vm/Continuation.enter;jdk/internal/vm/Continuation.enter0;java/lang/VirtualThread$VThreadContinuation$1.run;java/lang/VirtualThread.run;_notify_jvmti_vthread_end;SharedRuntime::notify_jvmti_vthread_end;JvmtiVTMSTransitionDisabler::VTMS_vthread_end;JvmtiExport::cleanup_thread;Mutex::lock;pthread_mutex_lock;/usr/lib/x86_64-linux-gnu/libc.so.6;entry_SYSCALL_64_after_hwframe_[k];do_syscall_64_[k];x64_sys_call_[k];__x64_sys_futex_[k];futex_wait_[k] 2
java/util/concurrent/ForkJoinWorkerThread.run;java/util/concurrent/ForkJoinPool.runWorker;java/util/concurrent/ForkJoinPool.scan;java/util/concurrent/ForkJoinPool$WorkQueue.topLevelExec;java/util/concurrent/ForkJoinTask.doExec;java/util/concurrent/ForkJoinTask$RunnableExecuteAction.exec;java/lang/VirtualThread$$Lambda.0x00007aba24039c78.run;java/lang/VirtualThread.runContinuation;jdk/internal/vm/Continuation.run;jdk/internal/vm/Continuation.enterSpecial;jdk/internal/vm/Continuation.enter;jdk/internal/vm/Continuation.enter0;java/lang/VirtualThread$VThreadContinuation$1.run;java/lang/VirtualThread.run;_notify_jvmti_vthread_end;SharedRuntime::notify_jvmti_vthread_end;JvmtiVTMSTransitionDisabler::VTMS_vthread_end;__pthread_mutex_unlock;/usr/lib/x86_64-linux-gnu/libc.so.6 2
java/util/concurrent/ForkJoinWorkerThread.run;java/util/concurrent/ForkJoinPool.runWorker;java/util/concurrent/ForkJoinPool.scan;java/util/concurrent/ForkJoinPool$WorkQueue.topLevelExec;java/util/concurrent/ForkJoinTask.doExec;java/util/concurrent/ForkJoinTask$RunnableExecuteAction.exec;java/lang/VirtualThread$$Lambda.0x00007aba24039c78.run;java/lang/VirtualThread.runContinuation;jdk/internal/vm/Continuation.run;jdk/internal/vm/Continuation.enterSpecial;jdk/internal/vm/Continuation.enter;jdk/internal/vm/Continuation.enter0;java/lang/VirtualThread$VThreadContinuation$1.run;java/lang/VirtualThread.run;_notify_jvmti_vthread_start;SharedRuntime::notify_jvmti_vthread_start;JvmtiVTMSTransitionDisabler::VTMS_vthread_start;JvmtiEventController::thread_started;Mutex::lock;pthread_mutex_lock 4
java/util/concurrent/ForkJoinWorkerThread.run;java/util/concurrent/ForkJoinPool.runWorker;java/util/concurrent/ForkJoinPool.scan;java/util/concurrent/ForkJoinPool$WorkQueue.topLevelExec;java/util/concurrent/ForkJoinTask.doExec;java/util/concurrent/ForkJoinTask$RunnableExecuteAction.exec;java/lang/VirtualThread$$Lambda.0x00007aba24039c78.run;java/lang/VirtualThread.runContinuation;jdk/internal/vm/Continuation.run;jdk/internal/vm/Continuation.enterSpecial;jdk/internal/vm/Continuation.enter;jdk/internal/vm/Continuation.enter0;java/lang/VirtualThread$VThreadContinuation$1.run;java/lang/VirtualThread.run;_notify_jvmti_vthread_end;SharedRuntime::notify_jvmti_vthread_end;JvmtiVTMSTransitionDisabler::VTMS_vthread_end;JvmtiExport::cleanup_thread;JvmtiEventController::thread_ended;JvmtiThreadState::~JvmtiThreadState 24
java/util/concurrent/ForkJoinWorkerThread.run;java/util/concurrent/ForkJoinPool.runWorker;java/util/concurrent/ForkJoinPool.scan;java/util/concurrent/ForkJoinPool$WorkQueue.topLevelExec;java/util/concurrent/ForkJoinTask.doExec;java/util/concurrent/ForkJoinTask$RunnableExecuteAction.exec;java/lang/VirtualThread$$Lambda.0x00007aba24039c78.run;java/lang/VirtualThread.runContinuation;jdk/internal/vm/Continuation.run;jdk/internal/vm/Continuation.enterSpecial;jdk/internal/vm/Continuation.enter;jdk/internal/vm/Continuation.enter0;java/lang/VirtualThread$VThreadContinuation$1.run;java/lang/VirtualThread.run;_notify_jvmti_vthread_start;SharedRuntime::notify_jvmti_vthread_start;JvmtiVTMSTransitionDisabler::VTMS_vthread_start;JvmtiVTMSTransitionDisabler::VTMS_mount_end;__pthread_mutex_unlock;/usr/lib/x86_64-linux-gnu/libc.so.6;entry_SYSCALL_64_after_hwframe_[k];do_syscall_64_[k];x64_sys_call_[k];__x64_sys_futex_[k];do_futex_[k];_raw_spin_lock_[k] 29
java/util/concurrent/ForkJoinWorkerThread.run;java/util/concurrent/ForkJoinPool.runWorker;java/util/concurrent/ForkJoinPool.scan;java/util/concurrent/ForkJoinPool$WorkQueue.topLevelExec;java/util/concurrent/ForkJoinTask.doExec;java/util/concurrent/ForkJoinTask$RunnableExecuteAction.exec;java/lang/VirtualThread$$Lambda.0x00007aba24039c78.run;java/lang/VirtualThread.runContinuation;jdk/internal/vm/Continuation.run;jdk/internal/vm/Continuation.enterSpecial;jdk/internal/vm/Continuation.enter;jdk/internal/vm/Continuation.enter0;java/lang/VirtualThread$VThreadContinuation$1.run;java/lang/VirtualThread.run;_notify_jvmti_vthread_start;SharedRuntime::notify_jvmti_vthread_start;JvmtiVTMSTransitionDisabler::VTMS_vthread_start;JvmtiEventController::thread_started;JvmtiEventControllerPrivate::recompute_thread_enabled;__tls_get_addr 1
java/lang/Thread.run;java/lang/Thread.runWith;java/util/concurrent/ThreadPoolExecutor$Worker.run;java/util/concurrent/ThreadPoolExecutor.runWorker;java/util/concurrent/FutureTask.run;java/util/concurrent/Executors$RunnableAdapter.call;java/util/concurrent/FutureTask.run;org/openjdk/jmh/runner/BenchmarkHandler$BenchmarkTask.call;org/openjdk/jmh/runner/BenchmarkHandler$BenchmarkTask.call;java/lang/reflect/Method.invoke;jdk/internal/reflect/DirectMethodHandleAccessor.invoke;jdk/internal/reflect/DirectMethodHandleAccessor.invokeImpl;java/lang/invoke/LambdaForm$MH.0x00007aba2402e800.invokeExact_MT;java/lang/invoke/LambdaForm$MH.0x00007aba2402e400.invoke;java/lang/invoke/DirectMethodHandle$Holder.invokeSpecial;uk/ac/ncl/jensen/benchmark/jmh_generated/VThreadChurnBenchmark_churn_jmhTest.churn_AverageTime;uk/ac/ncl/jensen/benchmark/jmh_generated/VThreadChurnBenchmark_churn_jmhTest.churn_avgt_jmhStub;uk/ac/ncl/jensen/benchmark/VThreadChurnBenchmark.churn;java/lang/Thread.join;java/lang/Thread.join;java/lang/VirtualThread.joinNanos;java/util/concurrent/CountDownLatch.await;java/util/concurrent/locks/AbstractQueuedSynchronizer.acquireSharedInterruptibly;java/util/concurrent/locks/AbstractQueuedSynchronizer.acquire;java/util/concurrent/locks/LockSupport.park;jdk/internal/misc/Unsafe.park;Unsafe_Park;Parker::park;pthread_cond_wait;/usr/lib/x86_64-linux-gnu/libc.so.6;/usr/lib/x86_64-linux-gnu/libc.so.6 2
java/util/concurrent/ForkJoinWorkerThread.run;java/util/concurrent/ForkJoinPool.runWorker;java/util/concurrent/ForkJoinPool.scan;java/util/concurrent/ForkJoinPool$WorkQueue.topLevelExec;java/util/concurrent/ForkJoinTask.doExec;java/util/concurrent/ForkJoinTask$RunnableExecuteAction.exec;java/lang/VirtualThread$$Lambda.0x00007aba24039c78.run;java/lang/VirtualThread.runContinuation;jdk/internal/vm/Continuation.run;jdk/internal/vm/Continuation.enterSpecial;jdk/internal/vm/Continuation.enter;jdk/internal/vm/Continuation.enter0;java/lang/VirtualThread$VThreadContinuation$1.run;java/lang/VirtualThread.run;_notify_jvmti_vthread_start;SharedRuntime::notify_jvmti_vthread_start;JvmtiVTMSTransitionDisabler::VTMS_vthread_start;JvmtiEventController::thread_started;Mutex::lock;pthread_mutex_lock;/usr/lib/x86_64-linux-gnu/libc.so.6;entry_SYSCALL_64_after_hwframe_[k];do_syscall_64_[k];x64_sys_call_[k];__x64_sys_futex_[k];futex_wait_[k] 1
java/util/concurrent/ForkJoinWorkerThread.run;java/util/concurrent/ForkJoinPool.runWorker;java/util/concurrent/ForkJoinPool.scan;java/util/concurrent/ForkJoinPool$WorkQueue.topLevelExec;java/util/concurrent/ForkJoinTask.doExec;java/util/concurrent/ForkJoinTask$RunnableExecuteAction.exec;java/lang/VirtualThread$$Lambda.0x00007aba24039c78.run;java/lang/VirtualThread.runContinuation;jdk/internal/vm/Continuation.run;jdk/internal/vm/Continuation.enterSpecial;jdk/internal/vm/Continuation.enter;jdk/internal/vm/Continuation.enter0;java/lang/VirtualThread$VThreadContinuation$1.run;java/lang/VirtualThread.run;_notify_jvmti_vthread_start;SharedRuntime::notify_jvmti_vthread_start;JvmtiVTMSTransitionDisabler::VTMS_vthread_start;__pthread_mutex_unlock;/usr/lib/x86_64-linux-gnu/libc.so.6;entry_SYSCALL_64_after_hwframe_[k];do_syscall_64_[k];x64_sys_call_[k];__x64_sys_futex_[k];do_futex_[k];futex_wake_[k];futex_hash_[k] 1
java/util/concurrent/ForkJoinWorkerThread.run;java/util/concurrent/ForkJoinPool.runWorker;java/util/concurrent/ForkJoinPool.scan 1
java/util/concurrent/ForkJoinWorkerThread.run;java/util/concurrent/ForkJoinPool.runWorker;java/util/concurrent/ForkJoinPool.scan;java/util/concurrent/ForkJoinPool$WorkQueue.topLevelExec;java/util/concurrent/ForkJoinTask.doExec;java/util/concurrent/ForkJoinTask$RunnableExecuteAction.exec;java/lang/VirtualThread$$Lambda.0x00007aba24039c78.run;java/lang/VirtualThread.runContinuation;jdk/internal/vm/Continuation.run;jdk/internal/vm/Continuation.enterSpecial;jdk/internal/vm/Continuation.enter;jdk/internal/vm/Continuation.enter0;java/lang/VirtualThread$VThreadContinuation$1.run;java/lang/VirtualThread.run;_notify_jvmti_vthread_start;SharedRuntime::notify_jvmti_vthread_start;JvmtiVTMSTransitionDisabler::VTMS_vthread_start;JvmtiVTMSTransitionDisabler::VTMS_mount_end;__pthread_mutex_unlock;/usr/lib/x86_64-linux-gnu/libc.so.6;entry_SYSCALL_64_after_hwframe_[k];do_syscall_64_[k];x64_sys_call_[k];__x64_sys_futex_[k];do_futex_[k];futex_wake_[k];get_futex_key_[k] 1
java/util/concurrent/ForkJoinWorkerThread.run;java/util/concurrent/ForkJoinPool.runWorker;java/util/concurrent/ForkJoinPool.scan;InterpreterRuntime::frequency_counter_overflow;InterpreterRuntime::frequency_counter_overflow_inner;CompilationPolicy::event;CompilationPolicy::method_back_branch_event;CompilationPolicy::compile;CompileBroker::compile_method;DirectiveSet::compilecommand_compatibility_init 1
java/lang/Thread.run;java/lang/Thread.runWith;java/util/concurrent/ThreadPoolExecutor$Worker.run;java/util/concurrent/ThreadPoolExecutor.runWorker;java/util/concurrent/FutureTask.run;java/util/concurrent/Executors$RunnableAdapter.call;java/util/concurrent/FutureTask.run;org/openjdk/jmh/runner/BenchmarkHandler$BenchmarkTask.call;org/openjdk/jmh/runner/BenchmarkHandler$BenchmarkTask.call;java/lang/reflect/Method.invoke;jdk/internal/reflect/DirectMethodHandleAccessor.invoke;jdk/internal/reflect/DirectMethodHandleAccessor.invokeImpl;java/lang/invoke/LambdaForm$MH.0x00007aba2402e800.invokeExact_MT;java/lang/invoke/LambdaForm$MH.0x00007aba2402e400.invoke;java/lang/invoke/DirectMethodHandle$Holder.invokeSpecial;uk/ac/ncl/jensen/benchmark/jmh_generated/VThreadChurnBenchmark_churn_jmhTest.churn_AverageTime;uk/ac/ncl/jensen/benchmark/jmh_generated/VThreadChurnBenchmark_churn_jmhTest.churn_avgt_jmhStub;uk/ac/ncl/jensen/benchmark/VThreadChurnBenchmark.churn;java/lang/ThreadBuilders$VirtualThreadBuilder.start;java/lang/ThreadBuilders$VirtualThreadBuilder.unstarted;java/lang/ThreadBuilders.newVirtualThread;java/lang/VirtualThread.<init>;java/lang/BaseVirtualThread.<init>;java/lang/Thread.<init>;asm_exc_page_fault_[k];exc_page_fault_[k];do_user_addr_fault_[k];lock_vma_under_rcu_[k];mas_walk_[k] 1
java/lang/Thread.run;java/lang/Thread.runWith;java/util/concurrent/ThreadPoolExecutor$Worker.run;java/util/concurrent/ThreadPoolExecutor.runWorker;java/util/concurrent/FutureTask.run;java/util/concurrent/Executors$RunnableAdapter.call;java/util/concurrent/FutureTask.run;org/openjdk/jmh/runner/BenchmarkHandler$BenchmarkTask.call;org/openjdk/jmh/runner/BenchmarkHandler$BenchmarkTask.call;java/lang/reflect/Method.invoke;jdk/internal/reflect/DirectMethodHandleAccessor.invoke;jdk/internal/reflect/DirectMethodHandleAccessor.invokeImpl;java/lang/invoke/LambdaForm$MH.0x00007aba2402e800.invokeExact_MT;java/lang/invoke/LambdaForm$MH.0x00007aba2402e400.invoke;java/lang/invoke/DirectMethodHandle$Holder.invokeSpecial;uk/ac/ncl/jensen/benchmark/jmh_generated/VThreadChurnBenchmark_churn_jmhTest.churn_AverageTime;uk/ac/ncl/jensen/benchmark/jmh_generated/VThreadChurnBenchmark_churn_jmhTest.churn_avgt_jmhStub;uk/ac/ncl/jensen/benchmark/VThreadChurnBenchmark.churn;java/lang/Thread.join;java/lang/Thread.join;java/lang/VirtualThread.joinNanos;java/util/concurrent/CountDownLatch.await;java/util/concurrent/locks/AbstractQueuedSynchronizer.acquireSharedInterruptibly;java/util/concurrent/locks/AbstractQueuedSynchronizer.acquire;java/util/concurrent/locks/LockSupport.park;jdk/internal/misc/Unsafe.park;Unsafe_Park;Parker::park;pthread_cond_wait;_pthread_cleanup_pop 1
java/util/concurrent/ForkJoinWorkerThread.run;java/util/concurrent/ForkJoinPool.runWorker;java/util/concurrent/ForkJoinPool.scan 1
java/util/concurrent/ForkJoinWorkerThread.run;java/util/concurrent/ForkJoinPool.runWorker;java/util/concurrent/ForkJoinPool.scan;java/util/concurrent/ForkJoinPool$WorkQueue.topLevelExec;java/util/concurrent/ForkJoinTask.doExec;java/util/concurrent/ForkJoinTask$RunnableExecuteAction.exec;java/lang/VirtualThread$$Lambda.0x00007aba24039c78.run;java/lang/VirtualThread.runContinuation;jdk/internal/vm/Continuation.run;jdk/internal/vm/Continuation.enterSpecial;jdk/internal/vm/Continuation.enter;jdk/internal/vm/Continuation.enter0;java/lang/VirtualThread$VThreadContinuation$1.run;java/lang/VirtualThread.run;_notify_jvmti_vthread_start;SharedRuntime::notify_jvmti_vthread_start;JvmtiVTMSTransitionDisabler::VTMS_vthread_start;JvmtiEventController::thread_started;Mutex::lock;pthread_mutex_lock;/usr/lib/x86_64-linux-gnu/libc.so.6;entry_SYSCALL_64_after_hwframe_[k];do_syscall_64_[k];x64_sys_call_[k];__x64_sys_futex_[k];do_futex_[k];futex_wait_[k];futex_wait_setup_[k] 4
java/util/concurrent/ForkJoinWorkerThread.run;java/util/concurrent/ForkJoinPool.runWorker;java/util/concurrent/ForkJoinPool.scan;java/util/concurrent/ForkJoinPool$WorkQueue.topLevelExec;java/util/concurrent/ForkJoinTask.doExec;java/util/concurrent/ForkJoinTask$RunnableExecuteAction.exec;java/lang/VirtualThread$$Lambda.0x00007aba24039c78.run;java/lang/VirtualThread.runContinuation;java/lang/VirtualThread.afterDone;java/lang/VirtualThread.afterDone;jdk/internal/vm/ThreadContainers$RootContainer$TrackingRootContainer.onExit;java/util/concurrent/ConcurrentHashMap$KeySetView.remove;java/util/concurrent/ConcurrentHashMap.remove;java/util/concurrent/ConcurrentHashMap.replaceNode 2
java/util/concurrent/ForkJoinWorkerThread.run;java/util/concurrent/ForkJoinPool.runWorker;java/util/concurrent/ForkJoinPool.awaitWork;java/util/concurrent/locks/LockSupport.park;jdk/internal/misc/Unsafe.park;Unsafe_Park;AccessInternal::PostRuntimeDispatch<G1BarrierSet::AccessBarrier<548964ul, G1BarrierSet>, (AccessInternal::BarrierType)2, 548964ul>::oop_access_barrier 8
java/util/concurrent/ForkJoinWorkerThread.run;java/util/concurrent/ForkJoinPool.runWorker;java/util/concurrent/ForkJoinPool.scan;java/util/concurrent/ForkJoinPool$WorkQueue.topLevelExec;java/util/concurrent/ForkJoinTask.doExec;java/util/concurrent/ForkJoinTask$RunnableExecuteAction.exec;java/lang/VirtualThread$$Lambda.0x00007aba24039c78.run;java/lang/VirtualThread.runContinuation;jdk/internal/vm/Continuation.run;jdk/internal/vm/Continuation.enterSpecial;jdk/internal/vm/Continuation.enter;jdk/internal/vm/Continuation.enter0;java/lang/VirtualThread$VThreadContinuation$1.run;java/lang/VirtualThread.run;_notify_jvmti_vthread_start;SharedRuntime::notify_jvmti_vthread_start;JvmtiVTMSTransitionDisabler::VTMS_vthread_start;JvmtiEventController::thread_started;Mutex::lock;pthread_mutex_lock;/usr/lib/x86_64-linux-gnu/libc.so.6;entry_SYSCALL_64_after_hwframe_[k];do_syscall_64_[k];x64_sys_call_[k];__x64_sys_futex_[k];do_futex_[k];futex_wait_[k];__futex_wait_[k];futex_wait_setup_[k];_raw_spin_lock_[k] 5
java/util/concurrent/ForkJoinWorkerThread.run;java/util/concurrent/ForkJoinPool.runWorker;java/util/concurrent/ForkJoinPool.scan;InterpreterRuntime::frequency_counter_overflow;InterpreterRuntime::frequency_counter_overflow_inner 1
java/lang/Thread.run;java/lang/Thread.runWith;java/util/concurrent/ThreadPoolExecutor$Worker.run;java/util/concurrent/ThreadPoolExecutor.runWorker;java/util/concurrent/FutureTask.run;java/util/concurrent/Executors$RunnableAdapter.call;java/util/concurrent/FutureTask.run;org/openjdk/jmh/runner/BenchmarkHandler$BenchmarkTask.call;org/openjdk/jmh/runner/BenchmarkHandler$BenchmarkTask.call;java/lang/reflect/Method.invoke;jdk/internal/reflect/DirectMethodHandleAccessor.invoke;jdk/internal/reflect/DirectMethodHandleAccessor.invokeImpl;java/lang/invoke/LambdaForm$MH.0x00007aba2402e800.invokeExact_MT;java/lang/invoke/LambdaForm$MH.0x00007aba2402e400.invoke;java/lang/invoke/DirectMethodHandle$Holder.invokeSpecial;uk/ac/ncl/jensen/benchmark/jmh_generated/VThreadChurnBenchmark_churn_jmhTest.churn_AverageTime;uk/ac/ncl/jensen/benchmark/jmh_generated/VThreadChurnBenchmark_churn_jmhTest.churn_avgt_jmhStub;uk/ac/ncl/jensen/benchmark/VThreadChurnBenchmark.churn;java/lang/ThreadBuilders$VirtualThreadBuilder.start;java/lang/VirtualThread.start;java/lang/VirtualThread.start;jdk/internal/vm/ThreadContainers$RootContainer$TrackingRootContainer.onStart;java/util/concurrent/ConcurrentHashMap$KeySetView.add;java/util/concurrent/ConcurrentHashMap.putVal;asm_exc_page_fault_[k];exc_page_fault_[k];do_user_addr_fault_[k];handle_mm_fault_[k];__handle_mm_fault_[k];handle_pte_fault_[k];do_anonymous_page_[k];folio_add_lru_vma_[k];folio_add_lru_[k];__folio_batch_add_and_move_[k];folio_batch_move_lru_[k];_raw_spin_unlock_irqrestore_[k] 1
java/lang/Thread.run;java/lang/Thread.runWith;java/util/concurrent/ThreadPoolExecutor$Worker.run;java/util/concurrent/ThreadPoolExecutor.runWorker;java/util/concurrent/FutureTask.run;java/util/concurrent/Executors$RunnableAdapter.call;java/util/concurrent/FutureTask.run;org/openjdk/jmh/runner/BenchmarkHandler$BenchmarkTask.call;org/openjdk/jmh/runner/BenchmarkHandler$BenchmarkTask.call;java/lang/reflect/Method.invoke;jdk/internal/reflect/DirectMethodHandleAccessor.invoke;jdk/internal/reflect/DirectMethodHandleAccessor.invokeImpl;java/lang/invoke/LambdaForm$MH.0x00007aba2402e800.invokeExact_MT;java/lang/invoke/LambdaForm$MH.0x00007aba2402e400.invoke;java/lang/invoke/DirectMethodHandle$Holder.invokeSpecial;uk/ac/ncl/jensen/benchmark/jmh_generated/VThreadChurnBenchmark_churn_jmhTest.churn_AverageTime;uk/ac/ncl/jensen/benchmark/jmh_generated/VThreadChurnBenchmark_churn_jmhTest.churn_avgt_jmhStub;uk/ac/ncl/jensen/benchmark/VThreadChurnBenchmark.churn;java/lang/ThreadBuilders$VirtualThreadBuilder.start;java/lang/VirtualThread.start;java/lang/VirtualThread.start;jdk/internal/vm/ThreadContainers$RootContainer$TrackingRootContainer.onStart;java/util/concurrent/ConcurrentHashMap$KeySetView.add;java/util/concurrent/ConcurrentHashMap.putVal;java/util/concurrent/ConcurrentHashMap$Node.<init> 1
java/util/concurrent/ForkJoinWorkerThread.run;java/util/concurrent/ForkJoinPool.runWorker;java/util/concurrent/ForkJoinPool.scan;java/util/concurrent/ForkJoinPool$WorkQueue.topLevelExec;java/util/concurrent/ForkJoinTask.doExec;java/util/concurrent/ForkJoinTask$RunnableExecuteAction.exec;java/lang/VirtualThread$$Lambda.0x00007aba24039c78.run;java/lang/VirtualThread.runContinuation;jdk/internal/vm/Continuation.run;jdk/internal/vm/Continuation.enterSpecial;jdk/internal/vm/Continuation.enter;jdk/internal/vm/Continuation.enter0;java/lang/VirtualThread$VThreadContinuation$1.run;java/lang/VirtualThread.run;_notify_jvmti_vthread_end;SharedRuntime::notify_jvmti_vthread_end;JvmtiVTMSTransitionDisabler::VTMS_vthread_end;__pthread_mutex_unlock;/usr/lib/x86_64-linux-gnu/libc.so.6;entry_SYSCALL_64_after_hwframe_[k];do_syscall_64_[k];x64_sys_call_[k];__x64_sys_futex_[k];do_futex_[k];futex_wake_[k];wake_q_add_safe_[k] 2
java/lang/Thread.run;java/lang/Thread.runWith;java/util/concurrent/ThreadPoolExecutor$Worker.run;java/util/concurrent/ThreadPoolExecutor.runWorker;java/util/concurrent/FutureTask.run;java/util/concurrent/Executors$RunnableAdapter.call;java/util/concurrent/FutureTask.run;org/openjdk/jmh/runner/BenchmarkHandler$BenchmarkTask.call;org/openjdk/jmh/runner/BenchmarkHandler$BenchmarkTask.call;java/lang/reflect/Method.invoke;jdk/internal/reflect/DirectMethodHandleAccessor.invoke;jdk/internal/reflect/DirectMethodHandleAccessor.invokeImpl;java/lang/invoke/LambdaForm$MH.0x00007aba2402e800.invokeExact_MT;java/lang/invoke/LambdaForm$MH.0x00007aba2402e400.invoke;java/lang/invoke/DirectMethodHandle$Holder.invokeSpecial;uk/ac/ncl/jensen/benchmark/jmh_generated/VThreadChurnBenchmark_churn_jmhTest.churn_AverageTime;uk/ac/ncl/jensen/benchmark/jmh_generated/VThreadChurnBenchmark_churn_jmhTest.churn_avgt_jmhStub;uk/ac/ncl/jensen/benchmark/VThreadChurnBenchmark.churn;java/lang/Thread.join;java/lang/Thread.join;java/lang/Thread.isAlive;java/lang/VirtualThread.alive 2
java/util/concurrent/ForkJoinWorkerThread.run;java/util/concurrent/ForkJoinPool.runWorker;java/util/concurrent/ForkJoinPool.awaitWork;java/util/concurrent/locks/LockSupport.park;jdk/internal/misc/Unsafe.park;Unsafe_Park;Parker::park 6
java/util/concurrent/ForkJoinWorkerThread.run;java/util/concurrent/ForkJoinPool.runWorker;java/util/concurrent/ForkJoinPool.scan;java/util/concurrent/ForkJoinPool.signalWork;java/util/concurrent/locks/LockSupport.unpark;jdk/internal/misc/Unsafe.unpark;Unsafe_Unpark;pthread_cond_signal;entry_SYSCALL_64_after_hwframe_[k];do_syscall_64_[k];x64_sys_call_[k];__x64_sys_futex_[k];do_futex_[k];futex_wake_[k];wake_up_q_[k];try_to_wake_up_[k];_raw_spin_unlock_irqrestore_[k] 30
java/util/concurrent/ForkJoinWorkerThread.run;java/util/concurrent/ForkJoinPool.runWorker;java/util/concurrent/ForkJoinPool.scan;java/util/concurrent/ForkJoinPool$WorkQueue.topLevelExec;java/util/concurrent/ForkJoinTask.doExec;java/util/concurrent/ForkJoinTask$RunnableExecuteAction.exec;java/lang/VirtualThread$$Lambda.0x00007aba24039c78.run;java/lang/VirtualThread.runContinuation;jdk/internal/vm/Continuation.run;jdk/internal/vm/Continuation.enterSpecial;jdk/internal/vm/Continuation.enter;jdk/internal/vm/Continuation.enter0;java/lang/VirtualThread$VThreadContinuation$1.run;java/lang/VirtualThread.run;_notify_jvmti_vthread_start;SharedRuntime::notify_jvmti_vthread_start;JvmtiVTMSTransitionDisabler::VTMS_vthread_start;JvmtiVTMSTransitionDisabler::VTMS_mount_end;Mutex::lock;pthread_mutex_trylock@plt 1
java/util/concurrent/ForkJoinWorkerThread.run;java/util/concurrent/ForkJoinPool.runWorker;java/util/concurrent/ForkJoinPool.scan;java/util/concurrent/ForkJoinPool$WorkQueue.topLevelExec;java/util/concurrent/ForkJoinTask.doExec;java/util/concurrent/ForkJoinTask$RunnableExecuteAction.exec;java/lang/VirtualThread$$Lambda.0x00007aba24039c78.run;java/lang/VirtualThread.runContinuation 5
java/lang/Thread.run;java/lang/Thread.runWith;java/util/concurrent/ThreadPoolExecutor$Worker.run;java/util/concurrent/ThreadPoolExecutor.runWorker;java/util/concurrent/FutureTask.run;java/util/concurrent/Executors$RunnableAdapter.call;java/util/concurrent/FutureTask.run;org/openjdk/jmh/runner/BenchmarkHandler$BenchmarkTask.call;org/openjdk/jmh/runner/BenchmarkHandler$BenchmarkTask.call;java/lang/reflect/Method.invoke;jdk/internal/reflect/DirectMethodHandleAccessor.invoke;jdk/internal/reflect/DirectMethodHandleAccessor.invokeImpl;java/lang/invoke/LambdaForm$MH.0x00007aba2402e800.invokeExact_MT;java/lang/invoke/LambdaForm$MH.0x00007aba2402e400.invoke;java/lang/invoke/DirectMethodHandle$Holder.invokeSpecial;uk/ac/ncl/jensen/benchmark/jmh_generated/VThreadChurnBenchmark_churn_jmhTest.churn_AverageTime;uk/ac/ncl/jensen/benchmark/jmh_generated/VThreadChurnBenchmark_churn_jmhTest.churn_avgt_jmhStub;uk/ac/ncl/jensen/benchmark/VThreadChurnBenchmark.churn;java/lang/ThreadBuilders$VirtualThreadBuilder.start;java/lang/VirtualThread.start;java/lang/VirtualThread.start;jdk/internal/vm/ThreadContainers$RootContainer$TrackingRootContainer.onStart;java/util/concurrent/ConcurrentHashMap$KeySetView.add;java/util/concurrent/ConcurrentHashMap.putVal;asm_exc_page_fault_[k];exc_page_fault_[k];do_user_addr_fault_[k];handle_mm_fault_[k];__handle_mm_fault_[k];handle_pte_fault_[k];do_anonymous_page_[k];_raw_spin_lock_[k] 2
java/util/concurrent/ForkJoinWorkerThread.run;java/util/concurrent/ForkJoinPool.runWorker;java/util/concurrent/ForkJoinPool.scan;java/util/concurrent/ForkJoinPool$WorkQueue.topLevelExec;java/util/concurrent/ForkJoinTask.doExec;java/util/concurrent/ForkJoinTask$RunnableExecuteAction.exec;java/lang/VirtualThread$$Lambda.0x00007aba24039c78.run;java/lang/VirtualThread.runContinuation;jdk/internal/vm/Continuation.run;jdk/internal/vm/Continuation.enterSpecial;jdk/internal/vm/Continuation.enter;jdk/internal/vm/Continuation.enter0;java/lang/VirtualThread$VThreadContinuation$1.run;java/lang/VirtualThread.run;_notify_jvmti_vthread_start;SharedRuntime::notify_jvmti_vthread_start;JvmtiVTMSTransitionDisabler::VTMS_vthread_start;JvmtiVTMSTransitionDisabler::VTMS_mount_end;__pthread_mutex_unlock;/usr/lib/x86_64-linux-gnu/libc.so.6;entry_SYSCALL_64_after_hwframe_[k];do_syscall_64_[k];x64_sys_call_[k];do_futex_[k] 1
java/util/concurrent/ForkJoinWorkerThread.run;java/util/concurrent/ForkJoinPool.runWorker;java/util/concurrent/ForkJoinPool.scan;java/util/concurrent/ForkJoinPool$WorkQueue.topLevelExec;java/util/concurrent/ForkJoinTask.doExec;java/util/concurrent/ForkJoinTask$RunnableExecuteAction.exec;java/lang/VirtualThread$$Lambda.0x00007aba24039c78.run;java/lang/VirtualThread.runContinuation;jdk/internal/vm/Continuation.run;jdk/internal/vm/Continuation.enterSpecial;jdk/internal/vm/Continuation.enter;jdk/internal/vm/Continuation.enter0;java/lang/VirtualThread$VThreadContinuation$1.run;java/lang/VirtualThread.run;_notify_jvmti_vthread_start;SharedRuntime::notify_jvmti_vthread_start;JvmtiVTMSTransitionDisabler::VTMS_vthread_start;JvmtiVTMSTransitionDisabler::VTMS_mount_end;Mutex::lock;pthread_mutex_lock;/usr/lib/x86_64-linux-gnu/libc.so.6;entry_SYSCALL_64_after_hwframe_[k];do_syscall_64_[k];x64_sys_call_[k];__x64_sys_futex_[k];do_futex_[k];futex_wait_[k];__futex_wait_[k];futex_wait_setup_[k];futex_q_lock_[k] 8
java/util/concurrent/ForkJoinWorkerThread.run;java/util/concurrent/ForkJoinPool.runWorker;java/util/concurrent/ForkJoinPool.scan;java/util/concurrent/ForkJoinPool$WorkQueue.topLevelExec;java/util/concurrent/ForkJoinTask.doExec;java/util/concurrent/ForkJoinTask$RunnableExecuteAction.exec;java/lang/VirtualThread$$Lambda.0x00007aba24039c78.run;java/lang/VirtualThread.runContinuation;jdk/internal/vm/Continuation.run;jdk/internal/vm/Continuation.enterSpecial;jdk/internal/vm/Continuation.enter;jdk/internal/vm/Continuation.enter0;java/lang/VirtualThread$VThreadContinuation$1.run;java/lang/VirtualThread.run;_notify_jvmti_vthread_end;SharedRuntime::notify_jvmti_vthread_end;JavaThread::rebind_to_jvmti_thread_state_of;oopDesc::address_field 1
java/lang/Thread.run;java/lang/Thread.runWith;java/util/concurrent/ThreadPoolExecutor$Worker.run;java/util/concurrent/ThreadPoolExecutor.runWorker;java/util/concurrent/FutureTask.run;java/util/concurrent/Executors$RunnableAdapter.call;java/util/concurrent/FutureTask.run;org/openjdk/jmh/runner/BenchmarkHandler$BenchmarkTask.call;org/openjdk/jmh/runner/BenchmarkHandler$BenchmarkTask.call;java/lang/reflect/Method.invoke;jdk/internal/reflect/DirectMethodHandleAccessor.invoke;jdk/internal/reflect/DirectMethodHandleAccessor.invokeImpl;java/lang/invoke/LambdaForm$MH.0x00007aba2402e800.invokeExact_MT;java/lang/invoke/LambdaForm$MH.0x00007aba2402e400.invoke;java/lang/invoke/DirectMethodHandle$Holder.invokeSpecial;uk/ac/ncl/jensen/benchmark/jmh_generated/VThreadChurnBenchmark_churn_jmhTest.churn_AverageTime;uk/ac/ncl/jensen/benchmark/jmh_generated/VThreadChurnBenchmark_churn_jmhTest.churn_avgt_jmhStub;uk/ac/ncl/jensen/benchmark/VThreadChurnBenchmark.churn;java/lang/ThreadBuilders$VirtualThreadBuilder.start;java/lang/ThreadBuilders$VirtualThreadBuilder.unstarted;java/lang/ThreadBuilders.newVirtualThread;java/lang/VirtualThread.<init>;java/lang/BaseVirtualThread.<init>;java/lang/Thread.<init>;asm_exc_page_fault_[k];exc_page_fault_[k];do_user_addr_fault_[k] 1
java/util/concurrent/ForkJoinWorkerThread.run;java/util/concurrent/ForkJoinPool.runWorker;java/util/concurrent/ForkJoinPool.scan;java/util/concurrent/ForkJoinPool$WorkQueue.topLevelExec;java/util/concurrent/ForkJoinTask.doExec;java/util/concurrent/ForkJoinTask$RunnableExecuteAction.exec;java/lang/VirtualThread$$Lambda.0x00007aba24039c78.run;java/lang/VirtualThread.runContinuation;jdk/internal/vm/Continuation.run;jdk/internal/vm/Continuation.enterSpecial;jdk/internal/vm/Continuation.enter;jdk/internal/vm/Continuation.enter0;java/lang/VirtualThread$VThreadContinuation$1.run;java/lang/VirtualThread.run;_notify_jvmti_vthread_start;SharedRuntime::notify_jvmti_vthread_start;JvmtiVTMSTransitionDisabler::VTMS_vthread_start;JvmtiEventController::thread_started;Mutex::lock;pthread_mutex_lock;/usr/lib/x86_64-linux-gnu/libc.so.6;entry_SYSCALL_64_after_hwframe_[k];do_syscall_64_[k];x64_sys_call_[k];__x64_sys_futex_[k];do_futex_[k];futex_wait_[k];__futex_wait_[k];futex_wait_setup_[k];futex_q_lock_[k];_raw_spin_lock_[k];native_queued_spin_lock_slowpath_[k] 953
java/util/concurrent/ForkJoinWorkerThread.run;java/util/concurrent/ForkJoinPool.runWorker;java/util/concurrent/ForkJoinPool.scan;java/util/concurrent/ForkJoinPool$WorkQueue.topLevelExec;java/util/concurrent/ForkJoinTask.doExec;java/util/concurrent/ForkJoinTask$RunnableExecuteAction.exec;java/lang/VirtualThread$$Lambda.0x00007aba24039c78.run;java/lang/VirtualThread.runContinuation;jdk/internal/vm/Continuation.run;jdk/internal/vm/Continuation.enterSpecial;jdk/internal/vm/Continuation.enter;jdk/internal/vm/Continuation.enter0;java/lang/VirtualThread$VThreadContinuation$1.run;java/lang/VirtualThread.run;_notify_jvmti_vthread_start;SharedRuntime::notify_jvmti_vthread_start;JvmtiVTMSTransitionDisabler::VTMS_vthread_start;JvmtiEventController::thread_started;JvmtiThreadState::JvmtiThreadState;AllocateHeap;os::malloc;malloc 7
java/util/concurrent/ForkJoinWorkerThread.run;java/util/concurrent/ForkJoinPool.runWorker;java/util/concurrent/ForkJoinPool.scan;java/util/concurrent/ForkJoinPool$WorkQueue.topLevelExec;java/util/concurrent/ForkJoinPool$WorkQueue.tryPoll 1
java/util/concurrent/ForkJoinWorkerThread.run;java/util/concurrent/ForkJoinPool.runWorker;java/util/concurrent/ForkJoinPool.scan;java/util/concurrent/ForkJoinPool$WorkQueue.topLevelExec;java/util/concurrent/ForkJoinTask.doExec;java/util/concurrent/ForkJoinTask$RunnableExecuteAction.exec;java/lang/VirtualThread$$Lambda.0x00007aba24039c78.run;java/lang/VirtualThread.runContinuation;jdk/internal/vm/Continuation.run;jdk/internal/vm/Continuation.enterSpecial;jdk/internal/vm/Continuation.enter;jdk/internal/vm/Continuation.enter0;java/lang/VirtualThread$VThreadContinuation$1.run;java/lang/VirtualThread.run;_notify_jvmti_vthread_start;SharedRuntime::notify_jvmti_vthread_start;JvmtiVTMSTransitionDisabler::VTMS_vthread_start;JvmtiEventController::thread_started;JvmtiThreadState::JvmtiThreadState;AllocateHeap 3
java/lang/Thread.run;java/lang/Thread.runWith;java/util/concurrent/ThreadPoolExecutor$Worker.run;java/util/concurrent/ThreadPoolExecutor.runWorker;java/util/concurrent/FutureTask.run;java/util/concurrent/Executors$RunnableAdapter.call;java/util/concurrent/FutureTask.run;org/openjdk/jmh/runner/BenchmarkHandler$BenchmarkTask.call;org/openjdk/jmh/runner/BenchmarkHandler$BenchmarkTask.call;java/lang/reflect/Method.invoke;jdk/internal/reflect/DirectMethodHandleAccessor.invoke;jdk/internal/reflect/DirectMethodHandleAccessor.invokeImpl;java/lang/invoke/LambdaForm$MH.0x00007aba2402e800.invokeExact_MT;java/lang/invoke/LambdaForm$MH.0x00007aba2402e400.invoke;java/lang/invoke/DirectMethodHandle$Holder.invokeSpecial;uk/ac/ncl/jensen/benchmark/jmh_generated/VThreadChurnBenchmark_churn_jmhTest.churn_AverageTime;uk/ac/ncl/jensen/benchmark/jmh_generated/VThreadChurnBenchmark_churn_jmhTest.churn_avgt_jmhStub;uk/ac/ncl/jensen/benchmark/VThreadChurnBenchmark.churn;java/lang/Thread.join;java/lang/Thread.join;java/lang/VirtualThread.joinNanos;java/util/concurrent/CountDownLatch.await;java/util/concurrent/locks/AbstractQueuedSynchronizer.acquireSharedInterruptibly;java/util/concurrent/locks/AbstractQueuedSynchronizer.acquire;java/util/concurrent/locks/LockSupport.park;jdk/internal/misc/Unsafe.park 3
java/util/concurrent/ForkJoinWorkerThread.run;java/util/concurrent/ForkJoinPool.runWorker;java/util/concurrent/ForkJoinPool.scan;java/util/concurrent/ForkJoinPool$WorkQueue.topLevelExec;java/util/concurrent/ForkJoinTask.doExec;java/util/concurrent/ForkJoinTask$RunnableExecuteAction.exec;java/lang/VirtualThread$$Lambda.0x00007aba24039c78.run;java/lang/VirtualThread.runContinuation;jdk/internal/vm/Continuation.run;jdk/internal/vm/Continuation.enterSpecial;jdk/internal/vm/Continuation.enter;jdk/internal/vm/Continuation.enter0;java/lang/VirtualThread$VThreadContinuation$1.run;java/lang/VirtualThread.run;_notify_jvmti_vthread_end;SharedRuntime::notify_jvmti_vthread_end;JvmtiVTMSTransitionDisabler::VTMS_vthread_end;JvmtiExport::cleanup_thread;JvmtiEventController::thread_ended;JvmtiThreadState::~JvmtiThreadState;OopStorage::release 1
java/util/concurrent/ForkJoinWorkerThread.run;java/util/concurrent/ForkJoinPool.runWorker;java/util/concurrent/ForkJoinPool.scan;java/util/concurrent/ForkJoinPool$WorkQueue.topLevelExec;java/util/concurrent/ForkJoinTask.doExec;java/util/concurrent/ForkJoinTask$RunnableExecuteAction.exec;java/lang/VirtualThread$$Lambda.0x00007aba24039c78.run;java/lang/VirtualThread.runContinuation;jdk/internal/vm/Continuation.run;jdk/internal/vm/Continuation.enterSpecial;jdk/internal/vm/Continuation.enter;jdk/internal/vm/Continuation.enter0;java/lang/VirtualThread$VThreadContinuation$1.run;java/lang/VirtualThread.run;_notify_jvmti_vthread_end;SharedRuntime::notify_jvmti_vthread_end;JvmtiVTMSTransitionDisabler::VTMS_vthread_end 1
java/util/concurrent/ForkJoinWorkerThread.run;java/util/concurrent/ForkJoinPool.runWorker;java/util/concurrent/ForkJoinPool.scan;java/util/concurrent/ForkJoinPool$WorkQueue.topLevelExec;java/util/concurrent/ForkJoinTask.doExec;java/util/concurrent/ForkJoinTask$RunnableExecuteAction.exec;java/lang/VirtualThread$$Lambda.0x00007aba24039c78.run;java/lang/VirtualThread.runContinuation;jdk/internal/vm/Continuation.run;jdk/internal/vm/Continuation.enterSpecial;jdk/internal/vm/Continuation.enter;jdk/internal/vm/Continuation.enter0;java/lang/VirtualThread$VThreadContinuation$1.run;java/lang/VirtualThread.run;_notify_jvmti_vthread_end;SharedRuntime::notify_jvmti_vthread_end;JvmtiVTMSTransitionDisabler::VTMS_vthread_end;JvmtiExport::cleanup_thread;JvmtiEventController::thread_ended;JvmtiThreadState::~JvmtiThreadState;_SafeFetchN_fault 1
java/util/concurrent/ForkJoinWorkerThread.run;java/util/concurrent/ForkJoinPool.runWorker;java/util/concurrent/ForkJoinPool.scan;java/util/concurrent/ForkJoinPool$WorkQueue.topLevelExec;java/util/concurrent/ForkJoinTask.doExec;java/util/concurrent/ForkJoinTask$RunnableExecuteAction.exec;java/lang/VirtualThread$$Lambda.0x00007aba24039c78.run;java/lang/VirtualThread.runContinuation;jdk/internal/vm/Continuation.run;jdk/internal/vm/Continuation.enterSpecial;jdk/internal/vm/Continuation.enter;jdk/internal/vm/Continuation.enter0;java/lang/VirtualThread$VThreadContinuation$1.run;java/lang/VirtualThread.run;_notify_jvmti_vthread_end;SharedRuntime::notify_jvmti_vthread_end;JvmtiVTMSTransitionDisabler::VTMS_vthread_end;JvmtiExport::cleanup_thread;JvmtiEventController::thread_ended;JvmtiThreadState::~JvmtiThreadState;OopStorage::release 4
java/util/concurrent/ForkJoinWorkerThread.run;java/util/concurrent/ForkJoinPool.runWorker;java/util/concurrent/ForkJoinPool.scan;java/util/concurrent/ForkJoinPool$WorkQueue.topLevelExec;java/util/concurrent/ForkJoinTask.doExec;java/util/concurrent/ForkJoinTask$RunnableExecuteAction.exec;java/lang/VirtualThread$$Lambda.0x00007aba24039c78.run;java/lang/VirtualThread.runContinuation;jdk/internal/vm/Continuation.run;jdk/internal/vm/Continuation.enterSpecial;jdk/internal/vm/Continuation.enter;jdk/internal/vm/Continuation.enter0;java/lang/VirtualThread$VThreadContinuation$1.run;java/lang/VirtualThread.run;_notify_jvmti_vthread_start;SharedRuntime::notify_jvmti_vthread_start;JvmtiVTMSTransitionDisabler::VTMS_vthread_start;JvmtiEventController::thread_started;JvmtiThreadState::JvmtiThreadState 2
java/util/concurrent/ForkJoinWorkerThread.run;java/util/concurrent/ForkJoinPool.runWorker;java/util/concurrent/ForkJoinPool.scan;java/util/concurrent/ForkJoinPool$WorkQueue.topLevelExec;java/util/concurrent/ForkJoinTask.doExec;java/util/concurrent/ForkJoinTask$RunnableExecuteAction.exec;java/lang/VirtualThread$$Lambda.0x00007aba24039c78.run;java/lang/VirtualThread.runContinuation;jdk/internal/vm/Continuation.run;jdk/internal/vm/Continuation.enterSpecial;jdk/internal/vm/Continuation.enter;jdk/internal/vm/Continuation.enter0;java/lang/VirtualThread$VThreadContinuation$1.run;java/lang/VirtualThread.run;_notify_jvmti_vthread_start;SharedRuntime::notify_jvmti_vthread_start;JvmtiVTMSTransitionDisabler::VTMS_vthread_start;__pthread_mutex_unlock;/usr/lib/x86_64-linux-gnu/libc.so.6;entry_SYSCALL_64_after_hwframe_[k];do_syscall_64_[k];x64_sys_call_[k];__x64_sys_futex_[k];do_futex_[k];futex_wake_[k];_raw_spin_lock_[k];native_queued_spin_lock_slowpath_[k] 199
java/util/concurrent/ForkJoinWorkerThread.run;java/util/concurrent/ForkJoinPool.runWorker;java/util/concurrent/ForkJoinPool.scan;java/util/concurrent/ForkJoinPool.signalWork;java/util/concurrent/locks/LockSupport.unpark;jdk/internal/misc/Unsafe.unpark;Unsafe_Unpark;FastThreadsListHandle::FastThreadsListHandle 2
java/util/concurrent/ForkJoinWorkerThread.run;java/util/concurrent/ForkJoinPool.runWorker;java/util/concurrent/ForkJoinPool.scan;java/util/concurrent/ForkJoinPool$WorkQueue.topLevelExec;java/util/concurrent/ForkJoinTask.doExec;java/util/concurrent/ForkJoinTask$RunnableExecuteAction.exec;java/lang/VirtualThread$$Lambda.0x00007aba24039c78.run;java/lang/VirtualThread.runContinuation;jdk/internal/vm/Continuation.run;jdk/internal/vm/Continuation.enterSpecial;jdk/internal/vm/Continuation.enter;jdk/internal/vm/Continuation.enter0;java/lang/VirtualThread$VThreadContinuation$1.run;java/lang/VirtualThread.run;_notify_jvmti_vthread_end;SharedRuntime::notify_jvmti_vthread_end;JvmtiVTMSTransitionDisabler::VTMS_vthread_end;JvmtiExport::cleanup_thread;JvmtiEventController::thread_ended 3
java/lang/Thread.run;java/lang/Thread.runWith;java/util/concurrent/ThreadPoolExecutor$Worker.run;java/util/concurrent/ThreadPoolExecutor.runWorker;java/util/concurrent/FutureTask.run;java/util/concurrent/Executors$RunnableAdapter.call;java/util/concurrent/FutureTask.run;org/openjdk/jmh/runner/BenchmarkHandler$BenchmarkTask.call;org/openjdk/jmh/runner/BenchmarkHandler$BenchmarkTask.call;java/lang/reflect/Method.invoke;jdk/internal/reflect/DirectMethodHandleAccessor.invoke;jdk/internal/reflect/DirectMethodHandleAccessor.invokeImpl;java/lang/invoke/LambdaForm$MH.0x00007aba2402e800.invokeExact_MT;java/lang/invoke/LambdaForm$MH.0x00007aba2402e400.invoke;java/lang/invoke/DirectMethodHandle$Holder.invokeSpecial;uk/ac/ncl/jensen/benchmark/jmh_generated/VThreadChurnBenchmark_churn_jmhTest.churn_AverageTime;uk/ac/ncl/jensen/benchmark/jmh_generated/VThreadChurnBenchmark_churn_jmhTest.churn_avgt_jmhStub;uk/ac/ncl/jensen/benchmark/VThreadChurnBenchmark.churn;java/lang/ThreadBuilders$VirtualThreadBuilder.start;java/lang/ThreadBuilders$VirtualThreadBuilder.unstarted;java/lang/ThreadBuilders.newVirtualThread;asm_exc_page_fault_[k];exc_page_fault_[k];do_user_addr_fault_[k];handle_mm_fault_[k];__handle_mm_fault_[k];handle_pte_fault_[k];do_anonymous_page_[k];alloc_anon_folio_[k];__mem_cgroup_charge_[k];get_mem_cgroup_from_mm_[k] 1
java/util/concurrent/ForkJoinWorkerThread.run;java/util/concurrent/ForkJoinPool.runWorker;java/util/concurrent/ForkJoinPool.scan;java/util/concurrent/ForkJoinPool$WorkQueue.topLevelExec;java/util/concurrent/ForkJoinTask.doExec;java/util/concurrent/ForkJoinTask$RunnableExecuteAction.exec;java/lang/VirtualThread$$Lambda.0x00007aba24039c78.run;java/lang/VirtualThread.runContinuation;jdk/internal/vm/Continuation.run;jdk/internal/vm/Continuation.enterSpecial;jdk/internal/vm/Continuation.enter;jdk/internal/vm/Continuation.enter0;java/lang/VirtualThread$VThreadContinuation$1.run;java/lang/VirtualThread.run;_notify_jvmti_vthread_start;SharedRuntime::notify_jvmti_vthread_start;JvmtiVTMSTransitionDisabler::VTMS_vthread_start;JvmtiVTMSTransitionDisabler::VTMS_mount_end;Mutex::lock;pthread_mutex_lock;/usr/lib/x86_64-linux-gnu/libc.so.6;entry_SYSCALL_64_after_hwframe_[k];do_syscall_64_[k];x64_sys_call_[k];__x64_sys_futex_[k];do_futex_[k];futex_wait_[k];__futex_wait_[k];futex_wait_setup_[k] 58
java/util/concurrent/ForkJoinWorkerThread.run;java/util/concurrent/ForkJoinPool.runWorker;java/util/concurrent/ForkJoinPool.scan;java/util/concurrent/ForkJoinPool$WorkQueue.topLevelExec;java/util/concurrent/ForkJoinTask.doExec;java/util/concurrent/ForkJoinTask$RunnableExecuteAction.exec;java/lang/VirtualThread$$Lambda.0x00007aba24039c78.run;java/lang/VirtualThread.runContinuation;java/lang/VirtualThread.afterDone;java/lang/VirtualThread.afterDone;java/util/concurrent/CountDownLatch.countDown;java/util/concurrent/locks/AbstractQueuedSynchronizer.releaseShared;java/util/concurrent/locks/AbstractQueuedSynchronizer.signalNext;java/util/concurrent/locks/LockSupport.unpark;jdk/internal/misc/Unsafe.unpark;Unsafe_Unpark;pthread_cond_signal;entry_SYSCALL_64_after_hwframe_[k];do_syscall_64_[k];x64_sys_call_[k];__x64_sys_futex_[k];do_futex_[k];futex_wake_[k];wake_q_add_safe_[k] 1
[break_interpreted];jdk/internal/misc/Unsafe.loadFence 12
java/util/concurrent/ForkJoinWorkerThread.run;java/util/concurrent/ForkJoinPool.runWorker;java/util/concurrent/ForkJoinPool.scan;java/util/concurrent/ForkJoinPool$WorkQueue.topLevelExec;java/util/concurrent/ForkJoinTask.doExec;java/util/concurrent/ForkJoinTask$RunnableExecuteAction.exec;java/lang/VirtualThread$$Lambda.0x00007aba24039c78.run;java/lang/VirtualThread.runContinuation;jdk/internal/vm/Continuation.run;jdk/internal/vm/Continuation.enterSpecial;jdk/internal/vm/Continuation.enter;jdk/internal/vm/Continuation.enter0;java/lang/VirtualThread$VThreadContinuation$1.run;java/lang/VirtualThread.run;_notify_jvmti_vthread_start;SharedRuntime::notify_jvmti_vthread_start;JvmtiVTMSTransitionDisabler::VTMS_vthread_start;JvmtiEventController::thread_started;Mutex::lock;pthread_mutex_lock;/usr/lib/x86_64-linux-gnu/libc.so.6;entry_SYSCALL_64_after_hwframe_[k];do_syscall_64_[k];x64_sys_call_[k];__x64_sys_futex_[k];do_futex_[k];futex_wait_[k];__futex_wait_[k];futex_wait_setup_[k];_raw_spin_lock_[k] 43
java/util/concurrent/ForkJoinWorkerThread.run;java/util/concurrent/ForkJoinPool.runWorker;java/util/concurrent/ForkJoinPool.scan;java/util/concurrent/ForkJoinPool$WorkQueue.topLevelExec;java/util/concurrent/ForkJoinTask.doExec;java/util/concurrent/ForkJoinTask$RunnableExecuteAction.exec;java/lang/VirtualThread$$Lambda.0x00007aba24039c78.run;java/lang/VirtualThread.runContinuation;jdk/internal/vm/Continuation.run;jdk/internal/vm/Continuation.enterSpecial;jdk/internal/vm/Continuation.enter;jdk/internal/vm/Continuation.enter0;java/lang/VirtualThread$VThreadContinuation$1.run;java/lang/VirtualThread.run;_notify_jvmti_vthread_start;SharedRuntime::notify_jvmti_vthread_start;JvmtiVTMSTransitionDisabler::VTMS_vthread_start;JvmtiEventController::thread_started;Mutex::lock;pthread_mutex_lock;/usr/lib/x86_64-linux-gnu/libc.so.6;entry_SYSCALL_64_after_hwframe_[k];do_syscall_64_[k];x64_sys_call_[k];__x64_sys_futex_[k];do_futex_[k];futex_wait_[k];__futex_wait_[k];futex_wait_setup_[k];futex_q_lock_[k] 2
java/util/concurrent/ForkJoinWorkerThread.run;java/util/concurrent/ForkJoinPool.runWorker;java/util/concurrent/ForkJoinPool.scan;java/util/concurrent/ForkJoinPool.signalWork;java/util/concurrent/locks/LockSupport.unpark;jdk/internal/misc/Unsafe.unpark;Unsafe_Unpark;pthread_cond_signal;entry_SYSCALL_64_after_hwframe_[k];do_syscall_64_[k];x64_sys_call_[k];__x64_sys_futex_[k] 1
java/util/concurrent/ForkJoinWorkerThread.run;java/util/concurrent/ForkJoinPool.runWorker;java/util/concurrent/ForkJoinPool.scan;java/util/concurrent/ForkJoinPool$WorkQueue.topLevelExec;java/util/concurrent/ForkJoinTask.doExec;java/util/concurrent/ForkJoinTask$RunnableExecuteAction.exec;java/lang/VirtualThread$$Lambda.0x00007aba24039c78.run;java/lang/VirtualThread.runContinuation;jdk/internal/vm/Continuation.run;jdk/internal/vm/Continuation.enterSpecial;jdk/internal/vm/Continuation.enter;jdk/internal/vm/Continuation.enter0;java/lang/VirtualThread$VThreadContinuation$1.run;java/lang/VirtualThread.run;_notify_jvmti_vthread_end;SharedRuntime::notify_jvmti_vthread_end;JvmtiVTMSTransitionDisabler::VTMS_vthread_end;JvmtiExport::cleanup_thread;Mutex::lock 1
java/lang/Thread.run;java/lang/Thread.runWith;java/util/concurrent/ThreadPoolExecutor$Worker.run;java/util/concurrent/ThreadPoolExecutor.runWorker;java/util/concurrent/FutureTask.run;java/util/concurrent/Executors$RunnableAdapter.call;java/util/concurrent/FutureTask.run;org/openjdk/jmh/runner/BenchmarkHandler$BenchmarkTask.call;org/openjdk/jmh/runner/BenchmarkHandler$BenchmarkTask.call;java/lang/reflect/Method.invoke;jdk/internal/reflect/DirectMethodHandleAccessor.invoke;jdk/internal/reflect/DirectMethodHandleAccessor.invokeImpl;java/lang/invoke/LambdaForm$MH.0x00007aba2402e800.invokeExact_MT;java/lang/invoke/LambdaForm$MH.0x00007aba2402e400.invoke;java/lang/invoke/DirectMethodHandle$Holder.invokeSpecial;uk/ac/ncl/jensen/benchmark/jmh_generated/VThreadChurnBenchmark_churn_jmhTest.churn_AverageTime;uk/ac/ncl/jensen/benchmark/jmh_generated/VThreadChurnBenchmark_churn_jmhTest.churn_avgt_jmhStub;uk/ac/ncl/jensen/benchmark/VThreadChurnBenchmark.churn;java/lang/ThreadBuilders$VirtualThreadBuilder.start;java/lang/ThreadBuilders$VirtualThreadBuilder.unstarted;java/lang/ThreadBuilders.newVirtualThread 1
java/util/concurrent/ForkJoinWorkerThread.run;java/util/concurrent/ForkJoinPool.runWorker;java/util/concurrent/ForkJoinPool.scan;java/util/concurrent/ForkJoinPool$WorkQueue.topLevelExec;java/util/concurrent/ForkJoinTask.doExec;java/util/concurrent/ForkJoinTask$RunnableExecuteAction.exec;java/lang/VirtualThread$$Lambda.0x00007aba24039c78.run;java/lang/VirtualThread.runContinuation;jdk/internal/vm/Continuation.run;jdk/internal/vm/Continuation.enterSpecial;jdk/internal/vm/Continuation.enter;jdk/internal/vm/Continuation.enter0;java/lang/VirtualThread$VThreadContinuation$1.run;java/lang/VirtualThread.run;_notify_jvmti_vthread_start;SharedRuntime::notify_jvmti_vthread_start;JvmtiVTMSTransitionDisabler::VTMS_vthread_start;__pthread_mutex_unlock;/usr/lib/x86_64-linux-gnu/libc.so.6;entry_SYSCALL_64_after_hwframe_[k];do_syscall_64_[k];x64_sys_call_[k];__x64_sys_futex_[k];do_futex_[k];futex_wake_[k];futex_wake_mark_[k];__futex_unqueue_[k] 4
java/util/concurrent/ForkJoinWorkerThread.run;java/util/concurrent/ForkJoinPool.runWorker;java/util/concurrent/ForkJoinPool.scan;java/util/concurrent/ForkJoinPool$WorkQueue.topLevelExec;java/util/concurrent/ForkJoinTask.doExec;java/util/concurrent/ForkJoinTask$RunnableExecuteAction.exec;java/lang/VirtualThread$$Lambda.0x00007aba24039c78.run;java/lang/VirtualThread.runContinuation;jdk/internal/vm/Continuation.run;jdk/internal/vm/Continuation.enterSpecial;jdk/internal/vm/Continuation.enter;jdk/internal/vm/Continuation.enter0;java/lang/VirtualThread$VThreadContinuation$1.run;java/lang/VirtualThread.run;_notify_jvmti_vthread_start;SharedRuntime::notify_jvmti_vthread_start;JvmtiVTMSTransitionDisabler::VTMS_vthread_start;JvmtiEventController::thread_started;JvmtiThreadState::JvmtiThreadState;AccessInternal::PostRuntimeDispatch<G1BarrierSet::AccessBarrier<548964ul, G1BarrierSet>, (AccessInternal::BarrierType)0, 548964ul>::oop_access_barrier 4
org/openjdk/jmh/runner/ForkedMain.main;org/openjdk/jmh/runner/ForkedRunner.run;org/openjdk/jmh/runner/BaseRunner.runBenchmarksForked;org/openjdk/jmh/runner/BaseRunner.doSingle;org/openjdk/jmh/runner/BaseRunner.runBenchmark;org/openjdk/jmh/runner/BaseRunner.runBenchmark;org/openjdk/jmh/runner/BenchmarkHandler.runIteration;java/util/ArrayList$Itr.next 1
java/util/concurrent/ForkJoinWorkerThread.run;java/util/concurrent/ForkJoinPool.runWorker;java/util/concurrent/ForkJoinPool.awaitWork;java/util/concurrent/locks/LockSupport.park;jdk/internal/misc/Unsafe.park;Unsafe_Park;Parker::park 1
java/util/concurrent/ForkJoinWorkerThread.run;java/util/concurrent/ForkJoinPool.runWorker;java/util/concurrent/ForkJoinPool.scan;java/util/concurrent/ForkJoinPool$WorkQueue.topLevelExec;java/util/concurrent/ForkJoinTask.doExec;java/util/concurrent/ForkJoinTask$RunnableExecuteAction.exec;java/lang/VirtualThread$$Lambda.0x00007aba24039c78.run;java/lang/VirtualThread.runContinuation;jdk/internal/vm/Continuation.run;jdk/internal/vm/Continuation.enterSpecial;jdk/internal/vm/Continuation.enter;jdk/internal/vm/Continuation.enter0;java/lang/VirtualThread$VThreadContinuation$1.run;java/lang/VirtualThread.run;_notify_jvmti_vthread_start;SharedRuntime::notify_jvmti_vthread_start;JvmtiVTMSTransitionDisabler::VTMS_vthread_start;JvmtiEventController::thread_started;JvmtiThreadState::JvmtiThreadState;__tls_get_addr 1
java/util/concurrent/ForkJoinWorkerThread.run;java/util/concurrent/ForkJoinPool.runWorker;java/util/concurrent/ForkJoinPool.scan;java/util/concurrent/ForkJoinPool$WorkQueue.topLevelExec;java/util/concurrent/ForkJoinTask.doExec;java/util/concurrent/ForkJoinTask$RunnableExecuteAction.exec;java/lang/VirtualThread$$Lambda.0x00007aba24039c78.run;java/lang/VirtualThread.runContinuation;jdk/internal/vm/Continuation.run;jdk/internal/vm/Continuation.enterSpecial;jdk/internal/vm/Continuation.enter;jdk/internal/vm/Continuation.enter0;java/lang/VirtualThread$VThreadContinuation$1.run;java/lang/VirtualThread.run;_notify_jvmti_vthread_start 1
java/util/concurrent/ForkJoinWorkerThread.run;java/util/concurrent/ForkJoinPool.runWorker;java/util/concurrent/ForkJoinPool.scan;java/util/concurrent/ForkJoinPool$WorkQueue.topLevelExec;java/util/concurrent/ForkJoinTask.doExec;java/util/concurrent/ForkJoinTask$RunnableExecuteAction.exec;java/lang/VirtualThread$$Lambda.0x00007aba24039c78.run;java/lang/VirtualThread.runContinuation;jdk/internal/vm/Continuation.run;jdk/internal/vm/Continuation.enterSpecial;jdk/internal/vm/Continuation.enter;jdk/internal/vm/Continuation.enter0;java/lang/VirtualThread$VThreadContinuation$1.run;java/lang/VirtualThread.run;_notify_jvmti_vthread_start;SharedRuntime::notify_jvmti_vthread_start;JvmtiVTMSTransitionDisabler::VTMS_vthread_start;JvmtiVTMSTransitionDisabler::VTMS_mount_end;__pthread_mutex_unlock;/usr/lib/x86_64-linux-gnu/libc.so.6;entry_SYSCALL_64_after_hwframe_[k];do_syscall_64_[k];x64_sys_call_[k];__x64_sys_futex_[k];do_futex_[k];futex_wake_[k];futex_hash_[k];futex_ref_get_[k] 4
java/lang/Thread.run;java/lang/Thread.runWith;java/util/concurrent/ThreadPoolExecutor$Worker.run;java/util/concurrent/ThreadPoolExecutor.runWorker;java/util/concurrent/FutureTask.run;java/util/concurrent/Executors$RunnableAdapter.call;java/util/concurrent/FutureTask.run;org/openjdk/jmh/runner/BenchmarkHandler$BenchmarkTask.call;org/openjdk/jmh/runner/BenchmarkHandler$BenchmarkTask.call;java/lang/reflect/Method.invoke;jdk/internal/reflect/DirectMethodHandleAccessor.invoke;jdk/internal/reflect/DirectMethodHandleAccessor.invokeImpl;java/lang/invoke/LambdaForm$MH.0x00007aba2402e800.invokeExact_MT;java/lang/invoke/LambdaForm$MH.0x00007aba2402e400.invoke;java/lang/invoke/DirectMethodHandle$Holder.invokeSpecial;uk/ac/ncl/jensen/benchmark/jmh_generated/VThreadChurnBenchmark_churn_jmhTest.churn_AverageTime;uk/ac/ncl/jensen/benchmark/jmh_generated/VThreadChurnBenchmark_churn_jmhTest.churn_avgt_jmhStub;uk/ac/ncl/jensen/benchmark/VThreadChurnBenchmark.churn;java/lang/ThreadBuilders$VirtualThreadBuilder.start;java/lang/ThreadBuilders$VirtualThreadBuilder.unstarted;java/lang/ThreadBuilders.newVirtualThread;asm_exc_page_fault_[k];exc_page_fault_[k];do_user_addr_fault_[k];handle_mm_fault_[k];__handle_mm_fault_[k];handle_pte_fault_[k];do_anonymous_page_[k];queued_spin_unlock_[k] 1
java/util/concurrent/ForkJoinWorkerThread.run;java/util/concurrent/ForkJoinPool.runWorker;java/util/concurrent/ForkJoinPool.scan;java/util/concurrent/ForkJoinPool$WorkQueue.topLevelExec;java/util/concurrent/ForkJoinPool$WorkQueue.tryPoll 4
/usr/lib/x86_64-linux-gnu/libc.so.6;/usr/lib/x86_64-linux-gnu/libc.so.6;thread_native_entry;Thread::call_run;JavaThread::thread_main_inner;CompileBroker::compiler_thread_loop;CompileBroker::invoke_compiler_on_method;C2Compiler::compile_method;Compile::Compile;Compile::Code_Gen;PhaseCFG::do_global_code_motion;PhaseCFG::global_code_motion;PhaseChaitin::gather_lrg_masks;RegMask::is_vector 1
java/lang/Thread.run;java/lang/Thread.runWith;java/util/concurrent/ThreadPoolExecutor$Worker.run;java/util/concurrent/ThreadPoolExecutor.runWorker;java/util/concurrent/FutureTask.run;java/util/concurrent/Executors$RunnableAdapter.call;java/util/concurrent/FutureTask.run;org/openjdk/jmh/runner/BenchmarkHandler$BenchmarkTask.call;org/openjdk/jmh/runner/BenchmarkHandler$BenchmarkTask.call;java/lang/reflect/Method.invoke;jdk/internal/reflect/DirectMethodHandleAccessor.invoke;jdk/internal/reflect/DirectMethodHandleAccessor.invokeImpl;java/lang/invoke/LambdaForm$MH.0x00007aba2402e800.invokeExact_MT;java/lang/invoke/LambdaForm$MH.0x00007aba2402e400.invoke;java/lang/invoke/DirectMethodHandle$Holder.invokeSpecial;uk/ac/ncl/jensen/benchmark/jmh_generated/VThreadChurnBenchmark_churn_jmhTest.churn_AverageTime;uk/ac/ncl/jensen/benchmark/jmh_generated/VThreadChurnBenchmark_churn_jmhTest.churn_avgt_jmhStub;uk/ac/ncl/jensen/benchmark/VThreadChurnBenchmark.churn;java/lang/ThreadBuilders$VirtualThreadBuilder.start;java/lang/ThreadBuilders$VirtualThreadBuilder.unstarted;java/lang/ThreadBuilders.newVirtualThread;java/lang/VirtualThread.<init>;java/lang/invoke/Invokers$Holder.linkToTargetMethod;java/lang/invoke/DirectMethodHandle$Holder.newInvokeSpecial;java/lang/invoke/DirectMethodHandle.allocateInstance;asm_exc_page_fault_[k];exc_page_fault_[k];do_user_addr_fault_[k] 1
java/lang/Thread.run;java/lang/Thread.runWith;java/util/concurrent/ThreadPoolExecutor$Worker.run;java/util/concurrent/ThreadPoolExecutor.runWorker;java/util/concurrent/FutureTask.run;java/util/concurrent/Executors$RunnableAdapter.call;java/util/concurrent/FutureTask.run;org/openjdk/jmh/runner/BenchmarkHandler$BenchmarkTask.call;org/openjdk/jmh/runner/BenchmarkHandler$BenchmarkTask.call;java/lang/reflect/Method.invoke;jdk/internal/reflect/DirectMethodHandleAccessor.invoke;jdk/internal/reflect/DirectMethodHandleAccessor.invokeImpl;java/lang/invoke/LambdaForm$MH.0x00007aba2402e800.invokeExact_MT;java/lang/invoke/LambdaForm$MH.0x00007aba2402e400.invoke;java/lang/invoke/DirectMethodHandle$Holder.invokeSpecial;uk/ac/ncl/jensen/benchmark/jmh_generated/VThreadChurnBenchmark_churn_jmhTest.churn_AverageTime;uk/ac/ncl/jensen/benchmark/jmh_generated/VThreadChurnBenchmark_churn_jmhTest.churn_avgt_jmhStub;uk/ac/ncl/jensen/benchmark/VThreadChurnBenchmark.churn;java/lang/ThreadBuilders$VirtualThreadBuilder.start;java/lang/VirtualThread.start;java/lang/VirtualThread.start;jdk/internal/misc/Unsafe.allocateMemory;jdk/internal/misc/Unsafe.allocateMemory0;Unsafe_AllocateMemory0;os::malloc;malloc 11
java/util/concurrent/ForkJoinWorkerThread.run;java/util/concurrent/ForkJoinPool.runWorker;java/util/concurrent/ForkJoinPool.scan;java/util/concurrent/ForkJoinPool$WorkQueue.topLevelExec;java/util/concurrent/ForkJoinTask.doExec;java/util/concurrent/ForkJoinTask$RunnableExecuteAction.exec;java/lang/VirtualThread$$Lambda.0x00007aba24039c78.run;java/lang/VirtualThread.runContinuation;jdk/internal/vm/Continuation.run;jdk/internal/vm/Continuation.enterSpecial;jdk/internal/vm/Continuation.enter;jdk/internal/vm/Continuation.enter0;java/lang/VirtualThread$VThreadContinuation$1.run;java/lang/VirtualThread.run;_notify_jvmti_vthread_end;SharedRuntime::notify_jvmti_vthread_end;JvmtiVTMSTransitionDisabler::VTMS_vthread_end;JvmtiExport::cleanup_thread;Mutex::lock;pthread_mutex_lock;/usr/lib/x86_64-linux-gnu/libc.so.6;entry_SYSCALL_64_after_hwframe_[k];do_syscall_64_[k];x64_sys_call_[k];__x64_sys_futex_[k];do_futex_[k];futex_wait_[k];__futex_wait_[k];futex_wait_setup_[k];futex_q_lock_[k] 2
java/util/concurrent/ForkJoinWorkerThread.run;java/util/concurrent/ForkJoinPool.runWorker;java/util/concurrent/ForkJoinPool.scan;java/util/concurrent/ForkJoinPool$WorkQueue.topLevelExec;java/util/concurrent/ForkJoinTask.doExec;java/util/concurrent/ForkJoinTask$RunnableExecuteAction.exec;java/lang/VirtualThread$$Lambda.0x00007aba24039c78.run;java/lang/VirtualThread.runContinuation;jdk/internal/vm/Continuation.run;jdk/internal/vm/Continuation.enterSpecial;jdk/internal/vm/Continuation.enter;jdk/internal/vm/Continuation.enter0;java/lang/VirtualThread$VThreadContinuation$1.run;java/lang/VirtualThread.run;_notify_jvmti_vthread_start;SharedRuntime::notify_jvmti_vthread_start;JvmtiVTMSTransitionDisabler::VTMS_vthread_start;JvmtiEventController::thread_started;JvmtiThreadState::JvmtiThreadState;JvmtiEnvThreadState::JvmtiEnvThreadState 1
java/lang/Thread.run;java/lang/Thread.runWith;java/util/concurrent/ThreadPoolExecutor$Worker.run;java/util/concurrent/ThreadPoolExecutor.runWorker;java/util/concurrent/FutureTask.run;java/util/concurrent/Executors$RunnableAdapter.call;java/util/concurrent/FutureTask.run;org/openjdk/jmh/runner/BenchmarkHandler$BenchmarkTask.call;org/openjdk/jmh/runner/BenchmarkHandler$BenchmarkTask.call;java/lang/reflect/Method.invoke;jdk/internal/reflect/DirectMethodHandleAccessor.invoke;jdk/internal/reflect/DirectMethodHandleAccessor.invokeImpl;java/lang/invoke/LambdaForm$MH.0x00007aba2402e800.invokeExact_MT;java/lang/invoke/LambdaForm$MH.0x00007aba2402e400.invoke;java/lang/invoke/DirectMethodHandle$Holder.invokeSpecial;uk/ac/ncl/jensen/benchmark/jmh_generated/VThreadChurnBenchmark_churn_jmhTest.churn_AverageTime;uk/ac/ncl/jensen/benchmark/jmh_generated/VThreadChurnBenchmark_churn_jmhTest.churn_avgt_jmhStub;uk/ac/ncl/jensen/benchmark/VThreadChurnBenchmark.churn;asm_exc_page_fault_[k];exc_page_fault_[k];do_user_addr_fault_[k];handle_mm_fault_[k];__handle_mm_fault_[k];handle_pte_fault_[k];do_anonymous_page_[k];alloc_anon_folio_[k];vma_alloc_folio_noprof_[k];alloc_pages_mpol_[k];__alloc_frozen_pages_noprof_[k];get_page_from_freelist_[k] 1
java/util/concurrent/ForkJoinWorkerThread.run;java/util/concurrent/ForkJoinPool.runWorker;java/util/concurrent/ForkJoinPool.awaitWork;java/util/concurrent/locks/LockSupport.park;jdk/internal/misc/Unsafe.park;Unsafe_Park;java_lang_Thread::set_thread_status;AccessInternal::PostRuntimeDispatch<G1BarrierSet::AccessBarrier<286822ul, G1BarrierSet>, (AccessInternal::BarrierType)3, 286822ul>::oop_access_barrier 9
java/util/concurrent/ForkJoinWorkerThread.run;java/util/concurrent/ForkJoinPool.runWorker;java/util/concurrent/ForkJoinPool.awaitWork;java/util/concurrent/locks/LockSupport.park;jdk/internal/misc/Unsafe.park;Unsafe_Park;Parker::park;__pthread_mutex_unlock;/usr/lib/x86_64-linux-gnu/libc.so.6 4
java/util/concurrent/ForkJoinWorkerThread.run;java/util/concurrent/ForkJoinPool.runWorker;java/util/concurrent/ForkJoinPool.scan;java/util/concurrent/ForkJoinPool$WorkQueue.topLevelExec;java/util/concurrent/ForkJoinTask.doExec;java/util/concurrent/ForkJoinTask$RunnableExecuteAction.exec;java/lang/VirtualThread$$Lambda.0x00007aba24039c78.run;java/lang/VirtualThread.runContinuation;jdk/internal/vm/Continuation.run;jdk/internal/vm/Continuation.enterSpecial;jdk/internal/vm/Continuation.enter;jdk/internal/vm/Continuation.enter0;java/lang/VirtualThread$VThreadContinuation$1.run;java/lang/VirtualThread.run;_notify_jvmti_vthread_start;SharedRuntime::notify_jvmti_vthread_start;JvmtiVTMSTransitionDisabler::VTMS_vthread_start;JvmtiEventController::thread_started;Mutex::lock;pthread_mutex_lock;/usr/lib/x86_64-linux-gnu/libc.so.6;entry_SYSCALL_64_after_hwframe_[k];do_syscall_64_[k];x64_sys_call_[k];__x64_sys_futex_[k];do_futex_[k];futex_wait_[k];__futex_wait_[k];futex_wait_setup_[k];futex_q_unlock_[k] 3
java/util/concurrent/ForkJoinWorkerThread.run;java/util/concurrent/ForkJoinPool.runWorker;java/util/concurrent/ForkJoinPool.scan;java/util/concurrent/ForkJoinPool$WorkQueue.topLevelExec;java/util/concurrent/ForkJoinTask.doExec;java/util/concurrent/ForkJoinTask$RunnableExecuteAction.exec;java/lang/VirtualThread$$Lambda.0x00007aba24039c78.run;java/lang/VirtualThread.runContinuation;jdk/internal/vm/Continuation.run;jdk/internal/vm/Continuation.enterSpecial;jdk/internal/vm/Continuation.enter;jdk/internal/vm/Continuation.enter0;java/lang/VirtualThread$VThreadContinuation$1.run;java/lang/VirtualThread.run;_notify_jvmti_vthread_start;SharedRuntime::notify_jvmti_vthread_start;JvmtiVTMSTransitionDisabler::VTMS_vthread_start;JvmtiEventController::thread_started;JvmtiThreadState::JvmtiThreadState 51
java/util/concurrent/ForkJoinWorkerThread.run;java/util/concurrent/ForkJoinPool.runWorker;java/util/concurrent/ForkJoinPool.scan;java/util/concurrent/ForkJoinPool$WorkQueue.topLevelExec;java/util/concurrent/ForkJoinTask.doExec;java/util/concurrent/ForkJoinTask$RunnableExecuteAction.exec;java/lang/VirtualThread$$Lambda.0x00007aba24039c78.run;java/lang/VirtualThread.runContinuation;jdk/internal/vm/Continuation.run;jdk/internal/vm/Continuation.enterSpecial;jdk/internal/vm/Continuation.enter;jdk/internal/vm/Continuation.enter0;java/lang/VirtualThread$VThreadContinuation$1.run;java/lang/VirtualThread.run;_notify_jvmti_vthread_end;SharedRuntime::notify_jvmti_vthread_end;JvmtiVTMSTransitionDisabler::VTMS_vthread_end;JvmtiExport::cleanup_thread;Mutex::lock;pthread_mutex_lock 30
java/util/concurrent/ForkJoinWorkerThread.run;java/util/concurrent/ForkJoinPool.runWorker;java/util/concurrent/ForkJoinPool.scan;java/util/concurrent/ForkJoinPool$WorkQueue.topLevelExec;java/util/concurrent/ForkJoinPool$WorkQueue.tryPoll 1
java/util/concurrent/ForkJoinWorkerThread.run;java/util/concurrent/ForkJoinPool.runWorker;java/util/concurrent/ForkJoinPool.awaitWork;java/util/concurrent/locks/LockSupport.park;jdk/internal/misc/Unsafe.park;Unsafe_Park;Parker::park;pthread_cond_wait 2
java/lang/Thread.run;java/lang/Thread.runWith;java/util/concurrent/ThreadPoolExecutor$Worker.run;java/util/concurrent/ThreadPoolExecutor.runWorker;java/util/concurrent/FutureTask.run;java/util/concurrent/Executors$RunnableAdapter.call;java/util/concurrent/FutureTask.run;org/openjdk/jmh/runner/BenchmarkHandler$BenchmarkTask.call;org/openjdk/jmh/runner/BenchmarkHandler$BenchmarkTask.call;java/lang/reflect/Method.invoke;jdk/internal/reflect/DirectMethodHandleAccessor.invoke;jdk/internal/reflect/DirectMethodHandleAccessor.invokeImpl;java/lang/invoke/LambdaForm$MH.0x00007aba2402e800.invokeExact_MT;java/lang/invoke/LambdaForm$MH.0x00007aba2402e400.invoke;java/lang/invoke/DirectMethodHandle$Holder.invokeSpecial;uk/ac/ncl/jensen/benchmark/jmh_generated/VThreadChurnBenchmark_churn_jmhTest.churn_AverageTime;uk/ac/ncl/jensen/benchmark/jmh_generated/VThreadChurnBenchmark_churn_jmhTest.churn_avgt_jmhStub;uk/ac/ncl/jensen/benchmark/VThreadChurnBenchmark.churn;java/lang/Thread.join;java/lang/Thread.join 1
java/util/concurrent/ForkJoinWorkerThread.run;java/util/concurrent/ForkJoinPool.runWorker;java/util/concurrent/ForkJoinPool.scan;java/util/concurrent/ForkJoinPool$WorkQueue.topLevelExec;java/util/concurrent/ForkJoinTask.doExec;java/util/concurrent/ForkJoinTask$RunnableExecuteAction.exec;java/lang/VirtualThread$$Lambda.0x00007aba24039c78.run;java/lang/VirtualThread.runContinuation;jdk/internal/vm/Continuation.run;jdk/internal/vm/Continuation.enterSpecial;jdk/internal/vm/Continuation.enter;jdk/internal/vm/Continuation.enter0;java/lang/VirtualThread$VThreadContinuation$1.run;java/lang/VirtualThread.run;_notify_jvmti_vthread_start;SharedRuntime::notify_jvmti_vthread_start;JvmtiVTMSTransitionDisabler::VTMS_vthread_start;JvmtiVTMSTransitionDisabler::finish_VTMS_transition 1
java/util/concurrent/ForkJoinWorkerThread.run;java/util/concurrent/ForkJoinPool.runWorker;java/util/concurrent/ForkJoinPool.scan;java/util/concurrent/ForkJoinPool$WorkQueue.topLevelExec;java/util/concurrent/ForkJoinTask.doExec;java/util/concurrent/ForkJoinTask$RunnableExecuteAction.exec;java/lang/VirtualThread$$Lambda.0x00007aba24039c78.run;java/lang/VirtualThread.runContinuation 1
java/util/concurrent/ForkJoinWorkerThread.run;java/util/concurrent/ForkJoinPool.runWorker;java/util/concurrent/ForkJoinPool.scan;java/util/concurrent/ForkJoinPool$WorkQueue.topLevelExec;java/util/concurrent/ForkJoinTask.doExec;java/util/concurrent/ForkJoinTask$RunnableExecuteAction.exec;java/lang/VirtualThread$$Lambda.0x00007aba24039c78.run;java/lang/VirtualThread.runContinuation;jdk/internal/vm/Continuation.run;jdk/internal/vm/Continuation.enterSpecial;jdk/internal/vm/Continuation.enter;jdk/internal/vm/Continuation.enter0;java/lang/VirtualThread$VThreadContinuation$1.run;java/lang/VirtualThread.run;_notify_jvmti_vthread_end;SharedRuntime::notify_jvmti_vthread_end;JvmtiVTMSTransitionDisabler::VTMS_vthread_end;JvmtiExport::cleanup_thread;Mutex::lock;pthread_mutex_lock;/usr/lib/x86_64-linux-gnu/libc.so.6;entry_SYSCALL_64_after_hwframe_[k];do_syscall_64_[k];x64_sys_call_[k];__x64_sys_futex_[k];do_futex_[k];futex_wait_[k];__futex_wait_[k];futex_hash_put_[k] 1
java/lang/Thread.run;java/lang/Thread.runWith;java/util/concurrent/ThreadPoolExecutor$Worker.run;java/util/concurrent/ThreadPoolExecutor.runWorker;java/util/concurrent/FutureTask.run;java/util/concurrent/Executors$RunnableAdapter.call;java/util/concurrent/FutureTask.run;org/openjdk/jmh/runner/BenchmarkHandler$BenchmarkTask.call;org/openjdk/jmh/runner/BenchmarkHandler$BenchmarkTask.call;java/lang/reflect/Method.invoke;jdk/internal/reflect/DirectMethodHandleAccessor.invoke;jdk/internal/reflect/DirectMethodHandleAccessor.invokeImpl;java/lang/invoke/LambdaForm$MH.0x00007aba2402e800.invokeExact_MT;java/lang/invoke/LambdaForm$MH.0x00007aba2402e400.invoke;java/lang/invoke/DirectMethodHandle$Holder.invokeSpecial;uk/ac/ncl/jensen/benchmark/jmh_generated/VThreadChurnBenchmark_churn_jmhTest.churn_AverageTime;uk/ac/ncl/jensen/benchmark/jmh_generated/VThreadChurnBenchmark_churn_jmhTest.churn_avgt_jmhStub;uk/ac/ncl/jensen/benchmark/VThreadChurnBenchmark.churn;java/lang/ThreadBuilders$VirtualThreadBuilder.start;java/lang/VirtualThread.start;java/lang/VirtualThread.start 5
java/util/concurrent/ForkJoinWorkerThread.run;java/util/concurrent/ForkJoinPool.runWorker;java/util/concurrent/ForkJoinPool.awaitWork;java/util/concurrent/locks/LockSupport.park;jdk/internal/misc/Unsafe.park;Unsafe_Park;Parker::park;pthread_cond_wait;/usr/lib/x86_64-linux-gnu/libc.so.6;entry_SYSCALL_64_after_hwframe_[k];do_syscall_64_[k];x64_sys_call_[k];__x64_sys_futex_[k];do_futex_[k];futex_wait_[k];__futex_wait_[k];futex_wait_setup_[k];futex_q_lock_[k];_raw_spin_lock_[k];native_queued_spin_lock_slowpath_[k] 4
java/util/concurrent/ForkJoinWorkerThread.run;java/util/concurrent/ForkJoinPool.runWorker;java/util/concurrent/ForkJoinPool.scan;java/util/concurrent/ForkJoinPool$WorkQueue.topLevelExec;java/util/concurrent/ForkJoinTask.doExec;java/util/concurrent/ForkJoinTask$RunnableExecuteAction.exec;java/lang/VirtualThread$$Lambda.0x00007aba24039c78.run;java/lang/VirtualThread.runContinuation;java/lang/VirtualThread.unmount;_notify_jvmti_vthread_unmount;SharedRuntime::notify_jvmti_vthread_unmount;JvmtiVTMSTransitionDisabler::finish_VTMS_transition 29
java/util/concurrent/ForkJoinWorkerThread.run;java/util/concurrent/ForkJoinPool.runWorker;java/util/concurrent/ForkJoinPool.scan;java/util/concurrent/ForkJoinPool$WorkQueue.topLevelExec;java/util/concurrent/ForkJoinTask.doExec;java/util/concurrent/ForkJoinTask$RunnableExecuteAction.exec;java/lang/VirtualThread$$Lambda.0x00007aba24039c78.run;java/lang/VirtualThread.runContinuation;java/lang/VirtualThread.afterDone;java/lang/VirtualThread.afterDone;jdk/internal/misc/Unsafe.freeMemory;jdk/internal/misc/Unsafe.freeMemory0;Unsafe_FreeMemory0;JavaFrameAnchor::make_walkable 1
java/util/concurrent/ForkJoinWorkerThread.run;java/util/concurrent/ForkJoinPool.runWorker;java/util/concurrent/ForkJoinPool.scan 2
java/util/concurrent/ForkJoinWorkerThread.run;java/util/concurrent/ForkJoinPool.runWorker;java/util/concurrent/ForkJoinPool.scan;java/util/concurrent/ForkJoinPool$WorkQueue.topLevelExec;java/util/concurrent/ForkJoinTask.doExec;java/util/concurrent/ForkJoinTask$RunnableExecuteAction.exec;java/lang/VirtualThread$$Lambda.0x00007aba24039c78.run;java/lang/VirtualThread.runContinuation;jdk/internal/vm/Continuation.run;jdk/internal/vm/Continuation.enterSpecial;jdk/internal/vm/Continuation.enter;jdk/internal/vm/Continuation.enter0;java/lang/VirtualThread$VThreadContinuation$1.run;java/lang/VirtualThread.run;_notify_jvmti_vthread_start;SharedRuntime::notify_jvmti_vthread_start;JvmtiVTMSTransitionDisabler::VTMS_vthread_start;JvmtiEventController::thread_started;AllocateHeap 1
java/util/concurrent/ForkJoinWorkerThread.run;java/util/concurrent/ForkJoinPool.runWorker;java/util/concurrent/ForkJoinPool.scan;java/util/concurrent/ForkJoinPool$WorkQueue.topLevelExec;java/util/concurrent/ForkJoinTask.doExec;java/util/concurrent/ForkJoinTask$RunnableExecuteAction.exec;java/lang/VirtualThread$$Lambda.0x00007aba24039c78.run;java/lang/VirtualThread.runContinuation;jdk/internal/vm/Continuation.run;jdk/internal/vm/Continuation.enterSpecial;jdk/internal/vm/Continuation.enter;jdk/internal/vm/Continuation.enter0;java/lang/VirtualThread$VThreadContinuation$1.run;java/lang/VirtualThread.run;_notify_jvmti_vthread_start;SharedRuntime::notify_jvmti_vthread_start;JvmtiVTMSTransitionDisabler::VTMS_vthread_start;JvmtiEventController::thread_started;Mutex::lock;pthread_mutex_lock;/usr/lib/x86_64-linux-gnu/libc.so.6;entry_SYSCALL_64_after_hwframe_[k];do_syscall_64_[k];x64_sys_call_[k];do_futex_[k] 1
java/util/concurrent/ForkJoinWorkerThread.run;java/util/concurrent/ForkJoinPool.runWorker;java/util/concurrent/ForkJoinPool.scan;java/util/concurrent/ForkJoinPool$WorkQueue.topLevelExec;java/util/concurrent/ForkJoinTask.doExec;java/util/concurrent/ForkJoinTask$RunnableExecuteAction.exec;java/lang/VirtualThread$$Lambda.0x00007aba24039c78.run;java/lang/VirtualThread.runContinuation;jdk/internal/vm/Continuation.run;jdk/internal/vm/Continuation.enterSpecial;jdk/internal/vm/Continuation.enter;jdk/internal/vm/Continuation.enter0;java/lang/VirtualThread$VThreadContinuation$1.run;java/lang/VirtualThread.run;_notify_jvmti_vthread_start;SharedRuntime::notify_jvmti_vthread_start;JvmtiVTMSTransitionDisabler::VTMS_vthread_start;JvmtiVTMSTransitionDisabler::VTMS_mount_end;JavaThread::rebind_to_jvmti_thread_state_of;JvmtiThreadState::set_thread 2
java/util/concurrent/ForkJoinWorkerThread.run;java/util/concurrent/ForkJoinPool.runWorker;java/util/concurrent/ForkJoinPool.scan;java/util/concurrent/ForkJoinPool$WorkQueue.topLevelExec;java/util/concurrent/ForkJoinTask.doExec;java/util/concurrent/ForkJoinTask$RunnableExecuteAction.exec;java/lang/VirtualThread$$Lambda.0x00007aba24039c78.run;java/lang/VirtualThread.runContinuation;jdk/internal/vm/Continuation.run;jdk/internal/vm/Continuation.enterSpecial;jdk/internal/vm/Continuation.enter;jdk/internal/vm/Continuation.enter0;java/lang/VirtualThread$VThreadContinuation$1.run;java/lang/VirtualThread.run;_notify_jvmti_vthread_start;SharedRuntime::notify_jvmti_vthread_start;JvmtiVTMSTransitionDisabler::VTMS_vthread_start;JvmtiEventController::thread_started;Mutex::lock;ThreadBlockInVMPreprocess<InFlightMutexRelease>::~ThreadBlockInVMPreprocess 8
java/util/concurrent/ForkJoinWorkerThread.run;java/util/concurrent/ForkJoinPool.runWorker;java/util/concurrent/ForkJoinPool.scan;java/util/concurrent/ForkJoinPool$WorkQueue.topLevelExec;java/util/concurrent/ForkJoinTask.doExec;java/util/concurrent/ForkJoinTask$RunnableExecuteAction.exec;java/lang/VirtualThread$$Lambda.0x00007aba24039c78.run;java/lang/VirtualThread.runContinuation;jdk/internal/vm/Continuation.run;jdk/internal/vm/Continuation.enterSpecial;jdk/internal/vm/Continuation.enter;jdk/internal/vm/Continuation.enter0;java/lang/VirtualThread$VThreadContinuation$1.run;java/lang/VirtualThread.run;_notify_jvmti_vthread_start;SharedRuntime::notify_jvmti_vthread_start;JvmtiVTMSTransitionDisabler::VTMS_vthread_start;JvmtiVTMSTransitionDisabler::VTMS_mount_end;Mutex::lock;pthread_mutex_lock;/usr/lib/x86_64-linux-gnu/libc.so.6;entry_SYSCALL_64_after_hwframe_[k];do_syscall_64_[k];x64_sys_call_[k];__x64_sys_futex_[k];do_futex_[k];futex_wait_[k];__futex_wait_[k];futex_wait_setup_[k];__futex_queue_[k];plist_add_[k] 2
java/util/concurrent/ForkJoinWorkerThread.run;java/util/concurrent/ForkJoinPool.runWorker;java/util/concurrent/ForkJoinPool.scan;java/util/concurrent/ForkJoinPool$WorkQueue.topLevelExec;java/util/concurrent/ForkJoinTask.doExec;java/util/concurrent/ForkJoinTask$RunnableExecuteAction.exec;java/lang/VirtualThread$$Lambda.0x00007aba24039c78.run;java/lang/VirtualThread.runContinuation;jdk/internal/vm/Continuation.run;jdk/internal/vm/Continuation.enterSpecial;jdk/internal/vm/Continuation.enter;jdk/internal/vm/Continuation.enter0;java/lang/VirtualThread$VThreadContinuation$1.run;java/lang/VirtualThread.run;_notify_jvmti_vthread_end;SharedRuntime::notify_jvmti_vthread_end;JvmtiVTMSTransitionDisabler::VTMS_vthread_end;JvmtiExport::cleanup_thread;Mutex::lock;pthread_mutex_lock;/usr/lib/x86_64-linux-gnu/libc.so.6;entry_SYSCALL_64_after_hwframe_[k];do_syscall_64_[k];x64_sys_call_[k];__x64_sys_futex_[k];do_futex_[k];futex_wait_[k];__futex_wait_[k];futex_wait_setup_[k];futex_hash_[k] 4
java/lang/Thread.run;java/lang/Thread.runWith;java/util/concurrent/ThreadPoolExecutor$Worker.run;java/util/concurrent/ThreadPoolExecutor.runWorker;java/util/concurrent/FutureTask.run;java/util/concurrent/Executors$RunnableAdapter.call;java/util/concurrent/FutureTask.run;org/openjdk/jmh/runner/BenchmarkHandler$BenchmarkTask.call;org/openjdk/jmh/runner/BenchmarkHandler$BenchmarkTask.call;java/lang/reflect/Method.invoke;jdk/internal/reflect/DirectMethodHandleAccessor.invoke;jdk/internal/reflect/DirectMethodHandleAccessor.invokeImpl;java/lang/invoke/LambdaForm$MH.0x00007aba2402e800.invokeExact_MT;java/lang/invoke/LambdaForm$MH.0x00007aba2402e400.invoke;java/lang/invoke/DirectMethodHandle$Holder.invokeSpecial;uk/ac/ncl/jensen/benchmark/jmh_generated/VThreadChurnBenchmark_churn_jmhTest.churn_AverageTime;uk/ac/ncl/jensen/benchmark/jmh_generated/VThreadChurnBenchmark_churn_jmhTest.churn_avgt_jmhStub;uk/ac/ncl/jensen/benchmark/VThreadChurnBenchmark.churn;java/lang/Thread.join;java/lang/Thread.join;java/lang/Thread.isAlive;java/lang/VirtualThread.alive 1
java/util/concurrent/ForkJoinWorkerThread.run;java/util/concurrent/ForkJoinPool.runWorker;java/util/concurrent/ForkJoinPool.scan;java/util/concurrent/ForkJoinPool$WorkQueue.topLevelExec;java/util/concurrent/ForkJoinTask.doExec;java/util/concurrent/ForkJoinTask$RunnableExecuteAction.exec;java/lang/VirtualThread$$Lambda.0x00007aba24039c78.run;java/lang/VirtualThread.runContinuation;java/lang/VirtualThread.unmount 2
java/util/concurrent/ForkJoinWorkerThread.run;java/util/concurrent/ForkJoinPool.runWorker;java/util/concurrent/ForkJoinPool.scan;java/util/concurrent/ForkJoinPool$WorkQueue.topLevelExec;java/util/concurrent/ForkJoinTask.doExec;java/util/concurrent/ForkJoinTask$RunnableExecuteAction.exec;java/lang/VirtualThread$$Lambda.0x00007aba24039c78.run;java/lang/VirtualThread.runContinuation;jdk/internal/vm/Continuation.run;jdk/internal/vm/Continuation.enterSpecial;jdk/internal/vm/Continuation.enter;jdk/internal/vm/Continuation.enter0;java/lang/VirtualThread$VThreadContinuation$1.run;java/lang/VirtualThread.run;_notify_jvmti_vthread_end;SharedRuntime::notify_jvmti_vthread_end;JvmtiVTMSTransitionDisabler::VTMS_vthread_end;JvmtiExport::cleanup_thread;Mutex::lock;pthread_mutex_lock;/usr/lib/x86_64-linux-gnu/libc.so.6;entry_SYSCALL_64_after_hwframe_[k];do_syscall_64_[k];x64_sys_call_[k];__x64_sys_futex_[k];do_futex_[k];futex_wait_[k];__futex_wait_[k];futex_wait_setup_[k];futex_hash_[k] 1
java/util/concurrent/ForkJoinWorkerThread.run;java/util/concurrent/ForkJoinPool.runWorker;java/util/concurrent/ForkJoinPool.scan;java/util/concurrent/ForkJoinPool$WorkQueue.topLevelExec;java/util/concurrent/ForkJoinTask.doExec;java/util/concurrent/ForkJoinTask$RunnableExecuteAction.exec;java/lang/VirtualThread$$Lambda.0x00007aba24039c78.run;java/lang/VirtualThread.runContinuation;java/lang/VirtualThread.mount;_notify_jvmti_vthread_mount;SharedRuntime::notify_jvmti_vthread_mount;JvmtiVTMSTransitionDisabler::start_VTMS_transition 29
java/util/concurrent/ForkJoinWorkerThread.run;java/util/concurrent/ForkJoinPool.runWorker;java/util/concurrent/ForkJoinPool.scan;java/util/concurrent/ForkJoinPool.signalWork;java/util/concurrent/locks/LockSupport.unpark;jdk/internal/misc/Unsafe.unpark 1
java/util/concurrent/ForkJoinWorkerThread.run;java/util/concurrent/ForkJoinPool.runWorker;java/util/concurrent/ForkJoinPool.scan;java/util/concurrent/ForkJoinPool$WorkQueue.topLevelExec;java/util/concurrent/ForkJoinTask.doExec;java/util/concurrent/ForkJoinTask$RunnableExecuteAction.exec;java/lang/VirtualThread$$Lambda.0x00007aba24039c78.run;java/lang/VirtualThread.runContinuation;jdk/internal/vm/Continuation.run;jdk/internal/vm/Continuation.enterSpecial;jdk/internal/vm/Continuation.enter;jdk/internal/vm/Continuation.enter0;java/lang/VirtualThread$VThreadContinuation$1.run;java/lang/VirtualThread.run;_notify_jvmti_vthread_start;SharedRuntime::notify_jvmti_vthread_start;JvmtiVTMSTransitionDisabler::VTMS_vthread_start;JvmtiVTMSTransitionDisabler::VTMS_mount_end;Mutex::lock;pthread_mutex_lock 3
java/util/concurrent/ForkJoinWorkerThread.run;java/util/concurrent/ForkJoinPool.runWorker;java/util/concurrent/ForkJoinPool.awaitWork;java/util/concurrent/locks/LockSupport.park;jdk/internal/misc/Unsafe.park;Unsafe_Park;Parker::park;pthread_cond_wait;/usr/lib/x86_64-linux-gnu/libc.so.6 1
java/util/concurrent/ForkJoinWorkerThread.run;java/util/concurrent/ForkJoinPool.runWorker;java/util/concurrent/ForkJoinPool.scan;java/util/concurrent/ForkJoinPool$WorkQueue.topLevelExec;java/util/concurrent/ForkJoinTask.doExec;java/util/concurrent/ForkJoinTask$RunnableExecuteAction.exec;java/lang/VirtualThread$$Lambda.0x00007aba24039c78.run;java/lang/VirtualThread.runContinuation;jdk/internal/vm/Continuation.run;jdk/internal/vm/Continuation.enterSpecial;jdk/internal/vm/Continuation.enter;jdk/internal/vm/Continuation.enter0;java/lang/VirtualThread$VThreadContinuation$1.run;java/lang/VirtualThread.run;_notify_jvmti_vthread_end;SharedRuntime::notify_jvmti_vthread_end;JvmtiVTMSTransitionDisabler::VTMS_vthread_end;__pthread_mutex_unlock;/usr/lib/x86_64-linux-gnu/libc.so.6;entry_SYSCALL_64_after_hwframe_[k];x64_sys_call_[k] 1
java/util/concurrent/ForkJoinWorkerThread.run;java/util/concurrent/ForkJoinPool.runWorker;java/util/concurrent/ForkJoinPool.scan;java/util/concurrent/ForkJoinPool$WorkQueue.topLevelExec;java/util/concurrent/ForkJoinTask.doExec;java/util/concurrent/ForkJoinTask$RunnableExecuteAction.exec;java/lang/VirtualThread$$Lambda.0x00007aba24039c78.run;java/lang/VirtualThread.runContinuation;jdk/internal/vm/Continuation.run;jdk/internal/vm/Continuation.enterSpecial;jdk/internal/vm/Continuation.enter;jdk/internal/vm/Continuation.enter0;java/lang/VirtualThread$VThreadContinuation$1.run;java/lang/VirtualThread.run;_notify_jvmti_vthread_start;SharedRuntime::notify_jvmti_vthread_start;JvmtiVTMSTransitionDisabler::VTMS_vthread_start;JvmtiVTMSTransitionDisabler::VTMS_mount_end;__pthread_mutex_unlock;/usr/lib/x86_64-linux-gnu/libc.so.6;entry_SYSCALL_64_after_hwframe_[k];do_syscall_64_[k];x64_sys_call_[k];__x64_sys_futex_[k];do_futex_[k];futex_hash_put_[k] 1
java/util/concurrent/ForkJoinWorkerThread.run;java/util/concurrent/ForkJoinPool.runWorker;java/util/concurrent/ForkJoinPool.scan;java/util/concurrent/ForkJoinPool$WorkQueue.topLevelExec;java/util/concurrent/ForkJoinTask.doExec;java/util/concurrent/ForkJoinTask$RunnableExecuteAction.exec;java/lang/VirtualThread$$Lambda.0x00007aba24039c78.run;java/lang/VirtualThread.runContinuation;jdk/internal/vm/Continuation.run;jdk/internal/vm/Continuation.enterSpecial;jdk/internal/vm/Continuation.enter;jdk/internal/vm/Continuation.enter0;java/lang/VirtualThread$VThreadContinuation$1.run;java/lang/VirtualThread.run;_notify_jvmti_vthread_end;SharedRuntime::notify_jvmti_vthread_end;JvmtiVTMSTransitionDisabler::VTMS_vthread_end 4
java/util/concurrent/ForkJoinWorkerThread.run;java/util/concurrent/ForkJoinPool.runWorker;java/util/concurrent/ForkJoinPool.scan;java/util/concurrent/ForkJoinPool$WorkQueue.topLevelExec;java/util/concurrent/ForkJoinTask.doExec;java/util/concurrent/ForkJoinTask$RunnableExecuteAction.exec;java/lang/VirtualThread$$Lambda.0x00007aba24039c78.run;java/lang/VirtualThread.runContinuation;jdk/internal/vm/Continuation.run;jdk/internal/vm/Continuation.enterSpecial;jdk/internal/vm/Continuation.enter;jdk/internal/vm/Continuation.enter0;java/lang/VirtualThread$VThreadContinuation$1.run;java/lang/VirtualThread.run;_notify_jvmti_vthread_end;SharedRuntime::notify_jvmti_vthread_end;JvmtiVTMSTransitionDisabler::VTMS_vthread_end;JvmtiExport::cleanup_thread;JvmtiEventController::thread_ended 18
java/util/concurrent/ForkJoinWorkerThread.run;java/util/concurrent/ForkJoinPool.runWorker;java/util/concurrent/ForkJoinPool.scan;java/util/concurrent/ForkJoinPool$WorkQueue.topLevelExec;java/util/concurrent/ForkJoinTask.doExec;java/util/concurrent/ForkJoinTask$RunnableExecuteAction.exec;java/lang/VirtualThread$$Lambda.0x00007aba24039c78.run;java/lang/VirtualThread.runContinuation;jdk/internal/vm/Continuation.run;jdk/internal/vm/Continuation.enterSpecial;jdk/internal/vm/Continuation.enter;jdk/internal/vm/Continuation.enter0;java/lang/VirtualThread$VThreadContinuation$1.run;java/lang/VirtualThread.run;_notify_jvmti_vthread_start;SharedRuntime::notify_jvmti_vthread_start;JvmtiVTMSTransitionDisabler::VTMS_vthread_start;__pthread_mutex_unlock;/usr/lib/x86_64-linux-gnu/libc.so.6;entry_SYSCALL_64_after_hwframe_[k];do_syscall_64_[k];x64_sys_call_[k];__x64_sys_futex_[k];do_futex_[k];futex_wake_[k];futex_wake_mark_[k];__futex_unqueue_[k] 24
java/util/concurrent/ForkJoinWorkerThread.run;java/util/concurrent/ForkJoinPool.runWorker;java/util/concurrent/ForkJoinPool.scan;java/util/concurrent/ForkJoinPool.signalWork;java/util/concurrent/locks/LockSupport.unpark;jdk/internal/misc/Unsafe.unpark;Unsafe_Unpark;ThreadInVMfromNative::ThreadInVMfromNative 1
java/util/concurrent/ForkJoinWorkerThread.run;java/util/concurrent/ForkJoinPool.runWorker;java/util/concurrent/ForkJoinPool.scan;java/util/concurrent/ForkJoinPool$WorkQueue.topLevelExec;java/util/concurrent/ForkJoinTask.doExec;java/util/concurrent/ForkJoinTask$RunnableExecuteAction.exec;java/lang/VirtualThread$$Lambda.0x00007aba24039c78.run;java/lang/VirtualThread.runContinuation;jdk/internal/vm/Continuation.run;jdk/internal/vm/Continuation.enterSpecial;jdk/internal/vm/Continuation.enter;jdk/internal/vm/Continuation.enter0;java/lang/VirtualThread$VThreadContinuation$1.run;java/lang/VirtualThread.run;_notify_jvmti_vthread_start;SharedRuntime::notify_jvmti_vthread_start;JvmtiVTMSTransitionDisabler::VTMS_vthread_start;JvmtiVTMSTransitionDisabler::VTMS_mount_end;Mutex::lock;pthread_mutex_lock;/usr/lib/x86_64-linux-gnu/libc.so.6;entry_SYSCALL_64_after_hwframe_[k];do_syscall_64_[k];x64_sys_call_[k];__x64_sys_futex_[k];do_futex_[k];futex_wait_[k];__futex_wait_[k];futex_wait_setup_[k];futex_hash_[k];__futex_hash_[k] 1
java/util/concurrent/ForkJoinWorkerThread.run;java/util/concurrent/ForkJoinPool.runWorker;java/util/concurrent/ForkJoinPool.scan;java/util/concurrent/ForkJoinPool$WorkQueue.topLevelExec;java/util/concurrent/ForkJoinTask.doExec;java/util/concurrent/ForkJoinTask$RunnableExecuteAction.exec;java/lang/VirtualThread$$Lambda.0x00007aba24039c78.run;java/lang/VirtualThread.runContinuation;java/lang/VirtualThread.afterDone;java/lang/VirtualThread.afterDone;java/util/concurrent/CountDownLatch.countDown;java/util/concurrent/locks/AbstractQueuedSynchronizer.releaseShared;java/util/concurrent/locks/AbstractQueuedSynchronizer.signalNext;java/util/concurrent/locks/LockSupport.unpark;jdk/internal/misc/Unsafe.unpark;Unsafe_Unpark;pthread_cond_signal;entry_SYSCALL_64_after_hwframe_[k];do_syscall_64_[k];x64_sys_call_[k];__x64_sys_futex_[k];do_futex_[k];futex_wake_[k];futex_wake_mark_[k] 2
java/util/concurrent/ForkJoinWorkerThread.run;java/util/concurrent/ForkJoinPool.runWorker;java/util/concurrent/ForkJoinPool.scan;java/util/concurrent/ForkJoinPool$WorkQueue.topLevelExec;java/util/concurrent/ForkJoinTask.doExec;java/util/concurrent/ForkJoinTask$RunnableExecuteAction.exec;java/lang/VirtualThread$$Lambda.0x00007aba24039c78.run;java/lang/VirtualThread.runContinuation;jdk/internal/vm/Continuation.run;jdk/internal/vm/Continuation.enterSpecial;jdk/internal/vm/Continuation.enter;jdk/internal/vm/Continuation.enter0;java/lang/VirtualThread$VThreadContinuation$1.run;java/lang/VirtualThread.run;_notify_jvmti_vthread_end;SharedRuntime::notify_jvmti_vthread_end;JvmtiVTMSTransitionDisabler::VTMS_vthread_end;__pthread_mutex_unlock;/usr/lib/x86_64-linux-gnu/libc.so.6;entry_SYSCALL_64_after_hwframe_[k];do_syscall_64_[k];x64_sys_call_[k];__x64_sys_futex_[k];do_futex_[k];futex_wake_[k];futex_hash_[k] 1
java/util/concurrent/ForkJoinWorkerThread.run;java/util/concurrent/ForkJoinPool.runWorker;java/util/concurrent/ForkJoinPool.scan 3
java/util/concurrent/ForkJoinWorkerThread.run;java/util/concurrent/ForkJoinPool.runWorker;java/util/concurrent/ForkJoinPool.scan;java/util/concurrent/ForkJoinPool$WorkQueue.topLevelExec;java/util/concurrent/ForkJoinTask.doExec;java/util/concurrent/ForkJoinTask$RunnableExecuteAction.exec;java/lang/VirtualThread$$Lambda.0x00007aba24039c78.run;java/lang/VirtualThread.runContinuation;java/lang/VirtualThread.afterDone;java/lang/VirtualThread.afterDone;java/lang/VirtualThread.setState 2
java/util/concurrent/ForkJoinWorkerThread.run;java/util/concurrent/ForkJoinPool.runWorker;java/util/concurrent/ForkJoinPool.scan;java/util/concurrent/ForkJoinPool$WorkQueue.topLevelExec;java/util/concurrent/ForkJoinTask.doExec;java/util/concurrent/ForkJoinTask$RunnableExecuteAction.exec;java/lang/VirtualThread$$Lambda.0x00007aba24039c78.run;java/lang/VirtualThread.runContinuation;jdk/internal/vm/Continuation.run;java/lang/System$2.setScopedValueCache 1
java/util/concurrent/ForkJoinWorkerThread.run;java/util/concurrent/ForkJoinPool.runWorker;java/util/concurrent/ForkJoinPool.scan;java/util/concurrent/ForkJoinPool$WorkQueue.topLevelExec;java/util/concurrent/ForkJoinTask.doExec;java/util/concurrent/ForkJoinTask$RunnableExecuteAction.exec;java/lang/VirtualThread$$Lambda.0x00007aba24039c78.run;java/lang/VirtualThread.runContinuation;jdk/internal/vm/Continuation.run;jdk/internal/vm/Continuation.enterSpecial;jdk/internal/vm/Continuation.enter;jdk/internal/vm/Continuation.enter0;java/lang/VirtualThread$VThreadContinuation$1.run;java/lang/VirtualThread.run;_notify_jvmti_vthread_start;SharedRuntime::notify_jvmti_vthread_start;JvmtiVTMSTransitionDisabler::VTMS_vthread_start;JvmtiEventController::thread_started;JvmtiThreadState::JvmtiThreadState 2
java/util/concurrent/ForkJoinWorkerThread.run;java/util/concurrent/ForkJoinPool.runWorker;java/util/concurrent/ForkJoinPool.scan;java/util/concurrent/ForkJoinPool$WorkQueue.topLevelExec;java/util/concurrent/ForkJoinTask.doExec;java/util/concurrent/ForkJoinTask$RunnableExecuteAction.exec;java/lang/VirtualThread$$Lambda.0x00007aba24039c78.run;java/lang/VirtualThread.runContinuation;jdk/internal/vm/Continuation.run;jdk/internal/vm/Continuation.enterSpecial;jdk/internal/vm/Continuation.enter;jdk/internal/vm/Continuation.enter0;java/lang/VirtualThread$VThreadContinuation$1.run;java/lang/VirtualThread.run;_notify_jvmti_vthread_start;SharedRuntime::notify_jvmti_vthread_start;JvmtiVTMSTransitionDisabler::VTMS_vthread_start;JvmtiVTMSTransitionDisabler::VTMS_mount_end;__pthread_mutex_unlock;/usr/lib/x86_64-linux-gnu/libc.so.6;entry_SYSCALL_64_after_hwframe_[k];do_syscall_64_[k] 1
java/util/concurrent/ForkJoinWorkerThread.run;java/util/concurrent/ForkJoinPool.runWorker 1
java/util/concurrent/ForkJoinWorkerThread.run;java/util/concurrent/ForkJoinPool.runWorker;java/util/concurrent/ForkJoinPool.awaitWork;java/util/concurrent/locks/LockSupport.park;jdk/internal/misc/Unsafe.park;Unsafe_Park;Parker::park;pthread_cond_wait;/usr/lib/x86_64-linux-gnu/libc.so.6;entry_SYSCALL_64_after_hwframe_[k];do_syscall_64_[k];x64_sys_call_[k];__x64_sys_futex_[k];do_futex_[k];futex_wait_[k];__futex_wait_[k];futex_wait_setup_[k];futex_hash_[k];__futex_hash_[k] 1
java/util/concurrent/ForkJoinWorkerThread.run;java/util/concurrent/ForkJoinPool.runWorker;java/util/concurrent/ForkJoinPool.scan;java/util/concurrent/ForkJoinPool$WorkQueue.topLevelExec;java/util/concurrent/ForkJoinTask.doExec;java/util/concurrent/ForkJoinTask$RunnableExecuteAction.exec;java/lang/VirtualThread$$Lambda.0x00007aba24039c78.run;java/lang/VirtualThread.runContinuation;jdk/internal/vm/Continuation.run;jdk/internal/vm/Continuation.enterSpecial;jdk/internal/vm/Continuation.enter;jdk/internal/vm/Continuation.enter0;java/lang/VirtualThread$VThreadContinuation$1.run;java/lang/VirtualThread.run;_notify_jvmti_vthread_end;SharedRuntime::notify_jvmti_vthread_end;JvmtiVTMSTransitionDisabler::VTMS_vthread_end;__pthread_mutex_unlock;/usr/lib/x86_64-linux-gnu/libc.so.6;entry_SYSCALL_64_after_hwframe_[k];do_syscall_64_[k];x64_sys_call_[k];__x64_sys_futex_[k];do_futex_[k];futex_wake_[k] 39
java/util/concurrent/ForkJoinWorkerThread.run;java/util/concurrent/ForkJoinPool.runWorker;java/util/concurrent/ForkJoinPool.scan;java/util/concurrent/ForkJoinPool$WorkQueue.topLevelExec;java/util/concurrent/ForkJoinTask.doExec;java/util/concurrent/ForkJoinTask$RunnableExecuteAction.exec;java/lang/VirtualThread$$Lambda.0x00007aba24039c78.run;java/lang/VirtualThread.runContinuation;java/lang/VirtualThread.unmount;_notify_jvmti_vthread_unmount;SharedRuntime::notify_jvmti_vthread_unmount;JvmtiVTMSTransitionDisabler::finish_VTMS_transition;__tls_get_addr@plt 1
java/util/concurrent/ForkJoinWorkerThread.run;java/util/concurrent/ForkJoinPool.runWorker;java/util/concurrent/ForkJoinPool.scan;java/util/concurrent/ForkJoinPool$WorkQueue.topLevelExec;java/util/concurrent/ForkJoinTask.doExec;java/util/concurrent/ForkJoinTask$RunnableExecuteAction.exec;java/lang/VirtualThread$$Lambda.0x00007aba24039c78.run;java/lang/VirtualThread.runContinuation;jdk/internal/vm/Continuation.run;jdk/internal/vm/Continuation.enterSpecial;jdk/internal/vm/Continuation.enter;jdk/internal/vm/Continuation.enter0;java/lang/VirtualThread$VThreadContinuation$1.run;java/lang/VirtualThread.run;_notify_jvmti_vthread_start;SharedRuntime::notify_jvmti_vthread_start;JvmtiVTMSTransitionDisabler::VTMS_vthread_start;JvmtiVTMSTransitionDisabler::VTMS_mount_end;__pthread_mutex_unlock 3
java/util/concurrent/ForkJoinWorkerThread.run;java/util/concurrent/ForkJoinPool.runWorker;java/util/concurrent/ForkJoinPool.scan;java/util/concurrent/ForkJoinPool$WorkQueue.topLevelExec;java/util/concurrent/ForkJoinTask.doExec;java/util/concurrent/ForkJoinTask$RunnableExecuteAction.exec;java/lang/VirtualThread$$Lambda.0x00007aba24039c78.run;java/lang/VirtualThread.runContinuation;jdk/internal/vm/Continuation.run;jdk/internal/vm/Continuation.enterSpecial;jdk/internal/vm/Continuation.enter;jdk/internal/vm/Continuation.enter0;java/lang/VirtualThread$VThreadContinuation$1.run;java/lang/VirtualThread.run;_notify_jvmti_vthread_start;SharedRuntime::notify_jvmti_vthread_start;JvmtiVTMSTransitionDisabler::VTMS_vthread_start;__pthread_mutex_unlock;/usr/lib/x86_64-linux-gnu/libc.so.6 1
java/util/concurrent/ForkJoinWorkerThread.run;java/util/concurrent/ForkJoinPool.runWorker;java/util/concurrent/ForkJoinPool.scan 2
java/util/concurrent/ForkJoinWorkerThread.run;java/util/concurrent/ForkJoinPool.runWorker;java/util/concurrent/ForkJoinPool.scan;java/util/concurrent/ForkJoinPool$WorkQueue.topLevelExec;java/util/concurrent/ForkJoinTask.doExec 5
java/util/concurrent/ForkJoinWorkerThread.run;java/util/concurrent/ForkJoinPool.runWorker;java/util/concurrent/ForkJoinPool.scan;java/util/concurrent/ForkJoinPool$WorkQueue.casSlotToNull 1
java/util/concurrent/ForkJoinWorkerThread.run;java/util/concurrent/ForkJoinPool.runWorker 41
java/util/concurrent/ForkJoinWorkerThread.run;java/util/concurrent/ForkJoinPool.runWorker;java/util/concurrent/ForkJoinPool.scan;java/util/concurrent/ForkJoinPool$WorkQueue.topLevelExec;java/util/concurrent/ForkJoinTask.doExec;java/util/concurrent/ForkJoinTask$RunnableExecuteAction.exec;java/lang/VirtualThread$$Lambda.0x00007aba24039c78.run;java/lang/VirtualThread.runContinuation;jdk/internal/vm/Continuation.run;jdk/internal/vm/Continuation.enterSpecial;jdk/internal/vm/Continuation.enter;jdk/internal/vm/Continuation.enter0;java/lang/VirtualThread$VThreadContinuation$1.run;java/lang/VirtualThread.run;_notify_jvmti_vthread_end;SharedRuntime::notify_jvmti_vthread_end;JvmtiVTMSTransitionDisabler::VTMS_vthread_end;__pthread_mutex_unlock;/usr/lib/x86_64-linux-gnu/libc.so.6;entry_SYSCALL_64_after_hwframe_[k];do_syscall_64_[k];x64_sys_call_[k];__x64_sys_futex_[k];do_futex_[k];_raw_spin_lock_[k] 1
java/util/concurrent/ForkJoinWorkerThread.run;java/util/concurrent/ForkJoinPool.runWorker;java/util/concurrent/ForkJoinPool.scan;java/util/concurrent/ForkJoinPool$WorkQueue.topLevelExec;java/util/concurrent/ForkJoinTask.doExec;java/util/concurrent/ForkJoinTask$RunnableExecuteAction.exec;java/lang/VirtualThread$$Lambda.0x00007aba24039c78.run;java/lang/VirtualThread.runContinuation;jdk/internal/vm/Continuation.run;jdk/internal/vm/Continuation.enterSpecial;jdk/internal/vm/Continuation.enter;jdk/internal/vm/Continuation.enter0;java/lang/VirtualThread$VThreadContinuation$1.run;java/lang/VirtualThread.run;_notify_jvmti_vthread_end;SharedRuntime::notify_jvmti_vthread_end;JvmtiVTMSTransitionDisabler::VTMS_vthread_end;JvmtiExport::cleanup_thread;JvmtiEventController::thread_ended;JvmtiThreadState::~JvmtiThreadState;__libc_free 19
java/util/concurrent/ForkJoinWorkerThread.run;java/util/concurrent/ForkJoinPool.runWorker;java/util/concurrent/ForkJoinPool.scan;java/util/concurrent/ForkJoinPool$WorkQueue.topLevelExec;java/util/concurrent/ForkJoinTask.doExec;java/util/concurrent/ForkJoinTask$RunnableExecuteAction.exec;java/lang/VirtualThread$$Lambda.0x00007aba24039c78.run;java/lang/VirtualThread.runContinuation;jdk/internal/vm/Continuation.run;jdk/internal/vm/Continuation.enterSpecial;jdk/internal/vm/Continuation.enter;jdk/internal/vm/Continuation.enter0;java/lang/VirtualThread$VThreadContinuation$1.run;java/lang/VirtualThread.run;_notify_jvmti_vthread_start;SharedRuntime::notify_jvmti_vthread_start;JvmtiVTMSTransitionDisabler::VTMS_vthread_start;__pthread_mutex_unlock;/usr/lib/x86_64-linux-gnu/libc.so.6;entry_SYSCALL_64_after_hwframe_[k];do_syscall_64_[k];x64_sys_call_[k];__x64_sys_futex_[k];do_futex_[k];futex_wake_[k] 1
java/util/concurrent/ForkJoinWorkerThread.run;java/util/concurrent/ForkJoinPool.runWorker;java/util/concurrent/ForkJoinPool.scan;java/util/concurrent/ForkJoinPool$WorkQueue.topLevelExec;java/util/concurrent/ForkJoinTask.doExec;java/util/concurrent/ForkJoinTask$RunnableExecuteAction.exec;java/lang/VirtualThread$$Lambda.0x00007aba24039c78.run;java/lang/VirtualThread.runContinuation;jdk/internal/vm/Continuation.run;jdk/internal/vm/Continuation.enterSpecial;jdk/internal/vm/Continuation.enter;jdk/internal/vm/Continuation.enter0;java/lang/VirtualThread$VThreadContinuation$1.run;java/lang/VirtualThread.run;_notify_jvmti_vthread_end;SharedRuntime::notify_jvmti_vthread_end;JvmtiVTMSTransitionDisabler::VTMS_vthread_end;JvmtiExport::cleanup_thread;JvmtiEventController::thread_ended;JvmtiThreadState::~JvmtiThreadState;OopStorage::release;OopStorage::Block::release_entries 25
java/util/concurrent/ForkJoinWorkerThread.run;java/util/concurrent/ForkJoinPool.runWorker;java/util/concurrent/ForkJoinPool.scan;java/util/concurrent/ForkJoinPool$WorkQueue.topLevelExec;java/util/concurrent/ForkJoinTask.doExec;java/util/concurrent/ForkJoinTask$RunnableExecuteAction.exec;java/lang/VirtualThread$$Lambda.0x00007aba24039c78.run;java/lang/VirtualThread.runContinuation;jdk/internal/vm/Continuation.run;jdk/internal/vm/Continuation.enterSpecial;jdk/internal/vm/Continuation.enter;jdk/internal/vm/Continuation.enter0;java/lang/VirtualThread$VThreadContinuation$1.run;java/lang/VirtualThread.run;_notify_jvmti_vthread_start;SharedRuntime::notify_jvmti_vthread_start;JvmtiVTMSTransitionDisabler::VTMS_vthread_start;JvmtiVTMSTransitionDisabler::VTMS_mount_end;Mutex::lock 3
java/util/concurrent/ForkJoinWorkerThread.run;java/util/concurrent/ForkJoinPool.runWorker;java/util/concurrent/ForkJoinPool.scan;java/util/concurrent/ForkJoinPool$WorkQueue.topLevelExec;java/util/concurrent/ForkJoinTask.doExec;java/util/concurrent/ForkJoinTask$RunnableExecuteAction.exec;java/lang/VirtualThread$$Lambda.0x00007aba24039c78.run;java/lang/VirtualThread.runContinuation;java/lang/VirtualThread.afterDone;java/lang/VirtualThread.afterDone;jdk/internal/vm/ThreadContainers$RootContainer$TrackingRootContainer.onExit;java/util/concurrent/ConcurrentHashMap$KeySetView.remove;java/util/concurrent/ConcurrentHashMap.remove;java/util/concurrent/ConcurrentHashMap.replaceNode;java/util/concurrent/ConcurrentHashMap.addCount 2
java/util/concurrent/ForkJoinWorkerThread.run;java/util/concurrent/ForkJoinPool.runWorker;java/util/concurrent/ForkJoinPool.awaitWork 4
java/util/concurrent/ForkJoinWorkerThread.run;java/util/concurrent/ForkJoinPool.runWorker;java/util/concurrent/ForkJoinPool.scan;java/util/concurrent/ForkJoinPool$WorkQueue.topLevelExec;java/util/concurrent/ForkJoinTask.doExec;java/util/concurrent/ForkJoinTask$RunnableExecuteAction.exec;java/lang/VirtualThread$$Lambda.0x00007aba24039c78.run;java/lang/VirtualThread.runContinuation;jdk/internal/vm/Continuation.run;jdk/internal/vm/Continuation.enterSpecial;jdk/internal/vm/Continuation.enter;jdk/internal/vm/Continuation.enter0;java/lang/VirtualThread$VThreadContinuation$1.run;java/lang/VirtualThread.run;_notify_jvmti_vthread_end;SharedRuntime::notify_jvmti_vthread_end;JvmtiVTMSTransitionDisabler::VTMS_vthread_end;__pthread_mutex_unlock;/usr/lib/x86_64-linux-gnu/libc.so.6;entry_SYSCALL_64_after_hwframe_[k];do_syscall_64_[k];x64_sys_call_[k];__x64_sys_futex_[k];do_futex_[k];futex_wake_[k];futex_wake_mark_[k] 2
java/util/concurrent/ForkJoinWorkerThread.run;java/util/concurrent/ForkJoinPool.runWorker;java/util/concurrent/ForkJoinPool.scan;java/util/concurrent/ForkJoinPool$WorkQueue.topLevelExec;java/util/concurrent/ForkJoinTask.doExec;java/util/concurrent/ForkJoinTask$RunnableExecuteAction.exec;java/lang/VirtualThread$$Lambda.0x00007aba24039c78.run;java/lang/VirtualThread.runContinuation;jdk/internal/vm/Continuation.run;jdk/internal/vm/Continuation.enterSpecial;jdk/internal/vm/Continuation.enter;jdk/internal/vm/Continuation.enter0;java/lang/VirtualThread$VThreadContinuation$1.run;java/lang/VirtualThread.run;_notify_jvmti_vthread_start;SharedRuntime::notify_jvmti_vthread_start;JvmtiVTMSTransitionDisabler::VTMS_vthread_start;__pthread_mutex_unlock;/usr/lib/x86_64-linux-gnu/libc.so.6;entry_SYSCALL_64_after_hwframe_[k];do_syscall_64_[k];x64_sys_call_[k];__x64_sys_futex_[k];do_futex_[k];futex_wake_[k];_raw_spin_lock_[k];native_queued_spin_lock_slowpath_[k];asm_sysvec_apic_timer_interrupt_[k];sysvec_apic_timer_interrupt_[k];irq_exit_rcu_[k];__irq_exit_rcu_[k];handle_softirqs_[k];sched_balance_softirq_[k];sched_balance_update_blocked_averages_[k] 1
java/util/concurrent/ForkJoinWorkerThread.run;java/util/concurrent/ForkJoinPool.runWorker;java/util/concurrent/ForkJoinPool.scan;java/util/concurrent/ForkJoinPool$WorkQueue.topLevelExec;java/util/concurrent/ForkJoinTask.doExec;java/util/concurrent/ForkJoinTask$RunnableExecuteAction.exec;java/lang/VirtualThread$$Lambda.0x00007aba24039c78.run;java/lang/VirtualThread.runContinuation;jdk/internal/vm/Continuation.run;jdk/internal/vm/Continuation.enterSpecial;jdk/internal/vm/Continuation.enter;jdk/internal/vm/Continuation.enter0;java/lang/VirtualThread$VThreadContinuation$1.run;java/lang/VirtualThread.run;_notify_jvmti_vthread_end;SharedRuntime::notify_jvmti_vthread_end;JvmtiVTMSTransitionDisabler::VTMS_vthread_end;__pthread_mutex_unlock;/usr/lib/x86_64-linux-gnu/libc.so.6;entry_SYSCALL_64_after_hwframe_[k];do_syscall_64_[k];x64_sys_call_[k];__x64_sys_futex_[k];do_futex_[k];futex_wake_[k];futex_wake_mark_[k];__futex_unqueue_[k] 7
java/util/concurrent/ForkJoinWorkerThread.run;java/util/concurrent/ForkJoinPool.runWorker;java/util/concurrent/ForkJoinPool.scan;java/util/concurrent/ForkJoinPool$WorkQueue.topLevelExec;java/util/concurrent/ForkJoinTask.doExec;java/util/concurrent/ForkJoinTask$RunnableExecuteAction.exec;java/lang/VirtualThread$$Lambda.0x00007aba24039c78.run;java/lang/VirtualThread.runContinuation;java/lang/VirtualThread.mount;_notify_jvmti_vthread_mount;SharedRuntime::notify_jvmti_vthread_mount;JvmtiVTMSTransitionDisabler::start_VTMS_transition;HandleMark::~HandleMark 2
java/util/concurrent/ForkJoinWorkerThread.run;java/util/concurrent/ForkJoinPool.runWorker;java/util/concurrent/ForkJoinPool.scan;java/util/concurrent/ForkJoinPool$WorkQueue.topLevelExec;java/util/concurrent/ForkJoinTask.doExec;java/util/concurrent/ForkJoinTask$RunnableExecuteAction.exec;java/lang/VirtualThread$$Lambda.0x00007aba24039c78.run;java/lang/VirtualThread.runContinuation;java/lang/VirtualThread.unmount 1
java/util/concurrent/ForkJoinWorkerThread.run;java/util/concurrent/ForkJoinPool.runWorker;java/util/concurrent/ForkJoinPool.scan;java/util/concurrent/ForkJoinPool$WorkQueue.topLevelExec;java/util/concurrent/ForkJoinTask.doExec;java/util/concurrent/ForkJoinTask$RunnableExecuteAction.exec;java/lang/VirtualThread$$Lambda.0x00007aba24039c78.run;java/lang/VirtualThread.runContinuation;jdk/internal/vm/Continuation.run;jdk/internal/vm/Continuation.enterSpecial;jdk/internal/vm/Continuation.enter;jdk/internal/vm/Continuation.enter0;java/lang/VirtualThread$VThreadContinuation$1.run;java/lang/VirtualThread.run 1
java/util/concurrent/ForkJoinWorkerThread.run;java/util/concurrent/ForkJoinPool.runWorker;java/util/concurrent/ForkJoinPool.scan;java/util/concurrent/ForkJoinPool.signalWork;java/util/concurrent/locks/LockSupport.unpark;jdk/internal/misc/Unsafe.unpark;Unsafe_Unpark;pthread_cond_signal;entry_SYSCALL_64_after_hwframe_[k];do_syscall_64_[k];x64_sys_call_[k];__x64_sys_futex_[k];do_futex_[k];futex_wake_[k];futex_hash_[k];futex_ref_get_[k] 1
java/util/concurrent/ForkJoinWorkerThread.run;java/util/concurrent/ForkJoinPool.runWorker;java/util/concurrent/ForkJoinPool.scan;java/util/concurrent/ForkJoinPool$WorkQueue.topLevelExec;java/util/concurrent/ForkJoinTask.doExec;java/util/concurrent/ForkJoinTask$RunnableExecuteAction.exec;java/lang/VirtualThread$$Lambda.0x00007aba24039c78.run;java/lang/VirtualThread.runContinuation;jdk/internal/vm/Continuation.run;jdk/internal/vm/Continuation.enterSpecial;jdk/internal/vm/Continuation.enter;jdk/internal/vm/Continuation.enter0;java/lang/VirtualThread$VThreadContinuation$1.run;java/lang/VirtualThread.run;_notify_jvmti_vthread_start;SharedRuntime::notify_jvmti_vthread_start;JvmtiVTMSTransitionDisabler::VTMS_vthread_start;JvmtiVTMSTransitionDisabler::VTMS_mount_end;Mutex::lock;pthread_mutex_lock;/usr/lib/x86_64-linux-gnu/libc.so.6;entry_SYSCALL_64_after_hwframe_[k];do_syscall_64_[k];x64_sys_call_[k];__x64_sys_futex_[k];do_futex_[k];futex_wait_[k];__futex_wait_[k];futex_wait_setup_[k];futex_hash_[k];futex_ref_get_[k] 9
java/util/concurrent/ForkJoinWorkerThread.run;java/util/concurrent/ForkJoinPool.runWorker;java/util/concurrent/ForkJoinPool.scan;java/util/concurrent/ForkJoinPool$WorkQueue.topLevelExec;java/util/concurrent/ForkJoinTask.doExec;java/util/concurrent/ForkJoinTask$RunnableExecuteAction.exec;java/lang/VirtualThread$$Lambda.0x00007aba24039c78.run;java/lang/VirtualThread.runContinuation;jdk/internal/vm/Continuation.run;jdk/internal/vm/Continuation.enterSpecial;jdk/internal/vm/Continuation.enter;jdk/internal/vm/Continuation.enter0;java/lang/VirtualThread$VThreadContinuation$1.run;java/lang/VirtualThread.run;_notify_jvmti_vthread_start;SharedRuntime::notify_jvmti_vthread_start;JvmtiVTMSTransitionDisabler::VTMS_vthread_start;JvmtiVTMSTransitionDisabler::VTMS_mount_end;Mutex::lock;pthread_mutex_lock;/usr/lib/x86_64-linux-gnu/libc.so.6;entry_SYSCALL_64_after_hwframe_[k];do_syscall_64_[k];exit_to_user_mode_loop_[k];__rseq_handle_notify_resume_[k];__get_user_8_[k] 1
java/util/concurrent/ForkJoinWorkerThread.run;java/util/concurrent/ForkJoinPool.runWorker;java/util/concurrent/ForkJoinPool.scan;java/util/concurrent/ForkJoinPool$WorkQueue.topLevelExec;java/util/concurrent/ForkJoinTask.doExec;java/util/concurrent/ForkJoinTask$RunnableExecuteAction.exec;java/lang/VirtualThread$$Lambda.0x00007aba24039c78.run;java/lang/VirtualThread.runContinuation;jdk/internal/vm/Continuation.run;jdk/internal/vm/Continuation.enterSpecial;jdk/internal/vm/Continuation.enter;jdk/internal/vm/Continuation.enter0;java/lang/VirtualThread$VThreadContinuation$1.run;java/lang/VirtualThread.run;_notify_jvmti_vthread_end;SharedRuntime::notify_jvmti_vthread_end;JvmtiVTMSTransitionDisabler::VTMS_vthread_end;JvmtiExport::cleanup_thread;Mutex::lock;pthread_mutex_lock;/usr/lib/x86_64-linux-gnu/libc.so.6;entry_SYSCALL_64_after_hwframe_[k];do_syscall_64_[k];x64_sys_call_[k];__x64_sys_futex_[k];do_futex_[k];futex_wait_[k];__futex_wait_[k];futex_wait_setup_[k];futex_q_lock_[k];_raw_spin_lock_[k];native_queued_spin_lock_slowpath_[k] 207
java/util/concurrent/ForkJoinWorkerThread.run;java/util/concurrent/ForkJoinPool.runWorker;java/util/concurrent/ForkJoinPool.scan;java/util/concurrent/ForkJoinPool$WorkQueue.topLevelExec;java/util/concurrent/ForkJoinTask.doExec;java/util/concurrent/ForkJoinTask$RunnableExecuteAction.exec;java/lang/VirtualThread$$Lambda.0x00007aba24039c78.run;java/lang/VirtualThread.runContinuation;jdk/internal/vm/Continuation.run;jdk/internal/vm/Continuation.enterSpecial;jdk/internal/vm/Continuation.enter;jdk/internal/vm/Continuation.enter0;java/lang/VirtualThread$VThreadContinuation$1.run;java/lang/VirtualThread.run;_notify_jvmti_vthread_end;SharedRuntime::notify_jvmti_vthread_end;JvmtiVTMSTransitionDisabler::VTMS_vthread_end;JvmtiExport::cleanup_thread;Mutex::lock;pthread_mutex_lock;/usr/lib/x86_64-linux-gnu/libc.so.6;entry_SYSCALL_64_after_hwframe_[k];do_syscall_64_[k];x64_sys_call_[k];__x64_sys_futex_[k];do_futex_[k];futex_wait_[k];__futex_wait_[k];futex_wait_setup_[k];plist_add_[k] 1
java/util/concurrent/ForkJoinWorkerThread.run;java/util/concurrent/ForkJoinPool.runWorker;java/util/concurrent/ForkJoinPool.scan;java/util/concurrent/ForkJoinPool$WorkQueue.topLevelExec;java/util/concurrent/ForkJoinTask.doExec;java/util/concurrent/ForkJoinTask$RunnableExecuteAction.exec;java/lang/VirtualThread$$Lambda.0x00007aba24039c78.run;java/lang/VirtualThread.runContinuation;jdk/internal/vm/Continuation.run;jdk/internal/vm/Continuation.enterSpecial;jdk/internal/vm/Continuation.enter;jdk/internal/vm/Continuation.enter0;java/lang/VirtualThread$VThreadContinuation$1.run;java/lang/VirtualThread.run;_notify_jvmti_vthread_end;SharedRuntime::notify_jvmti_vthread_end;JvmtiVTMSTransitionDisabler::VTMS_vthread_end;JvmtiExport::cleanup_thread;Mutex::lock;pthread_mutex_lock;/usr/lib/x86_64-linux-gnu/libc.so.6;entry_SYSCALL_64_after_hwframe_[k];do_syscall_64_[k];x64_sys_call_[k];__x64_sys_futex_[k];do_futex_[k];futex_wait_[k] 6
java/util/concurrent/ForkJoinWorkerThread.run;java/util/concurrent/ForkJoinPool.runWorker;java/util/concurrent/ForkJoinPool.awaitWork;java/util/concurrent/locks/LockSupport.park;jdk/internal/misc/Unsafe.park;Unsafe_Park;Parker::park;pthread_cond_wait;/usr/lib/x86_64-linux-gnu/libc.so.6;entry_SYSCALL_64_after_hwframe_[k];do_syscall_64_[k] 2
java/util/concurrent/ForkJoinWorkerThread.run;java/util/concurrent/ForkJoinPool.runWorker;java/util/concurrent/ForkJoinPool.awaitWork 6
java/lang/Thread.run;java/lang/Thread.runWith;java/util/concurrent/ThreadPoolExecutor$Worker.run;java/util/concurrent/ThreadPoolExecutor.runWorker;java/util/concurrent/FutureTask.run;java/util/concurrent/Executors$RunnableAdapter.call;java/util/concurrent/FutureTask.run;org/openjdk/jmh/runner/BenchmarkHandler$BenchmarkTask.call;org/openjdk/jmh/runner/BenchmarkHandler$BenchmarkTask.call;java/lang/reflect/Method.invoke;jdk/internal/reflect/DirectMethodHandleAccessor.invoke;jdk/internal/reflect/DirectMethodHandleAccessor.invokeImpl;java/lang/invoke/LambdaForm$MH.0x00007aba2402e800.invokeExact_MT;java/lang/invoke/LambdaForm$MH.0x00007aba2402e400.invoke;java/lang/invoke/DirectMethodHandle$Holder.invokeSpecial;uk/ac/ncl/jensen/benchmark/jmh_generated/VThreadChurnBenchmark_churn_jmhTest.churn_AverageTime;uk/ac/ncl/jensen/benchmark/jmh_generated/VThreadChurnBenchmark_churn_jmhTest.churn_avgt_jmhStub;uk/ac/ncl/jensen/benchmark/VThreadChurnBenchmark.churn;java/lang/Thread.join;java/lang/Thread.join;java/lang/VirtualThread.joinNanos;java/util/concurrent/CountDownLatch.await;java/util/concurrent/locks/AbstractQueuedSynchronizer.acquireSharedInterruptibly;java/util/concurrent/locks/AbstractQueuedSynchronizer.acquire;java/util/concurrent/locks/LockSupport.park;jdk/internal/misc/Unsafe.park;Unsafe_Park;Parker::park;pthread_cond_wait 1
java/util/concurrent/ForkJoinWorkerThread.run;java/util/concurrent/ForkJoinPool.runWorker;java/util/concurrent/ForkJoinPool.scan;java/util/concurrent/ForkJoinPool.signalWork;java/util/concurrent/locks/LockSupport.unpark;jdk/internal/misc/Unsafe.unpark;Unsafe_Unpark;pthread_cond_signal;entry_SYSCALL_64_after_hwframe_[k];do_syscall_64_[k];x64_sys_call_[k];__x64_sys_futex_[k];do_futex_[k];futex_wake_[k];wake_q_add_safe_[k] 1
java/util/concurrent/ForkJoinWorkerThread.run;java/util/concurrent/ForkJoinPool.runWorker;java/util/concurrent/ForkJoinPool.scan;java/util/concurrent/ForkJoinPool$WorkQueue.topLevelExec;java/util/concurrent/ForkJoinTask.doExec;java/util/concurrent/ForkJoinTask$RunnableExecuteAction.exec;java/lang/VirtualThread$$Lambda.0x00007aba24039c78.run;java/lang/VirtualThread.runContinuation;jdk/internal/vm/Continuation.run;jdk/internal/vm/Continuation.enterSpecial;jdk/internal/vm/Continuation.enter;jdk/internal/vm/Continuation.enter0;java/lang/VirtualThread$VThreadContinuation$1.run;java/lang/VirtualThread.run;_notify_jvmti_vthread_end;SharedRuntime::notify_jvmti_vthread_end;JvmtiVTMSTransitionDisabler::VTMS_vthread_end;JvmtiExport::cleanup_thread;Mutex::lock;pthread_mutex_lock;/usr/lib/x86_64-linux-gnu/libc.so.6;entry_SYSCALL_64_after_hwframe_[k];do_syscall_64_[k];x64_sys_call_[k];__x64_sys_futex_[k];do_futex_[k];futex_wait_[k];__futex_wait_[k];futex_do_wait_[k];schedule_[k];__schedule_[k];finish_task_switch.isra.0_[k] 2
java/util/concurrent/ForkJoinWorkerThread.run;java/util/concurrent/ForkJoinPool.runWorker;java/util/concurrent/ForkJoinPool.scan;java/util/concurrent/ForkJoinPool$WorkQueue.topLevelExec;java/util/concurrent/ForkJoinTask.doExec;java/util/concurrent/ForkJoinTask$RunnableExecuteAction.exec;java/lang/VirtualThread$$Lambda.0x00007aba24039c78.run;java/lang/VirtualThread.runContinuation;jdk/internal/vm/Continuation.run;jdk/internal/vm/Continuation.enterSpecial;jdk/internal/vm/Continuation.enter;jdk/internal/vm/Continuation.enter0;java/lang/VirtualThread$VThreadContinuation$1.run;java/lang/VirtualThread.run;_notify_jvmti_vthread_start;SharedRuntime::notify_jvmti_vthread_start;JvmtiVTMSTransitionDisabler::VTMS_vthread_start;JvmtiEventController::thread_started;Mutex::lock;pthread_mutex_lock;/usr/lib/x86_64-linux-gnu/libc.so.6 3
java/util/concurrent/ForkJoinWorkerThread.run;java/util/concurrent/ForkJoinPool.runWorker;java/util/concurrent/ForkJoinPool.scan;java/util/concurrent/ForkJoinPool$WorkQueue.topLevelExec;java/util/concurrent/ForkJoinTask.doExec;java/util/concurrent/ForkJoinTask$RunnableExecuteAction.exec;java/lang/VirtualThread$$Lambda.0x00007aba24039c78.run;java/lang/VirtualThread.runContinuation;jdk/internal/vm/Continuation.run;jdk/internal/vm/Continuation.enterSpecial;jdk/internal/vm/Continuation.enter;jdk/internal/vm/Continuation.enter0;java/lang/VirtualThread$VThreadContinuation$1.run;java/lang/VirtualThread.run;_notify_jvmti_vthread_end;SharedRuntime::notify_jvmti_vthread_end;JvmtiVTMSTransitionDisabler::VTMS_vthread_end;JvmtiVTMSTransitionDisabler::start_VTMS_transition;HandleMark::~HandleMark 2
java/util/concurrent/ForkJoinWorkerThread.run;java/util/concurrent/ForkJoinPool.runWorker;java/util/concurrent/ForkJoinPool.scan;java/util/concurrent/ForkJoinPool$WorkQueue.topLevelExec;java/util/concurrent/ForkJoinTask.doExec;java/util/concurrent/ForkJoinTask$RunnableExecuteAction.exec;java/lang/VirtualThread$$Lambda.0x00007aba24039c78.run;java/lang/VirtualThread.runContinuation;jdk/internal/vm/Continuation.run;jdk/internal/vm/Continuation.enterSpecial;jdk/internal/vm/Continuation.enter;jdk/internal/vm/Continuation.enter0;java/lang/VirtualThread$VThreadContinuation$1.run;java/lang/VirtualThread.run;_notify_jvmti_vthread_start;SharedRuntime::notify_jvmti_vthread_start;JvmtiVTMSTransitionDisabler::VTMS_vthread_start;JvmtiEventController::thread_started;JvmtiThreadState::JvmtiThreadState;Klass::is_subclass_of 1
java/util/concurrent/ForkJoinWorkerThread.run;java/util/concurrent/ForkJoinPool.runWorker;java/util/concurrent/ForkJoinPool.scan;java/util/concurrent/ForkJoinPool$WorkQueue.topLevelExec;java/util/concurrent/ForkJoinTask.doExec;java/util/concurrent/ForkJoinTask$RunnableExecuteAction.exec;java/lang/VirtualThread$$Lambda.0x00007aba24039c78.run;java/lang/VirtualThread.runContinuation;jdk/internal/vm/Continuation.run;jdk/internal/vm/Continuation.enterSpecial;jdk/internal/vm/Continuation.enter;jdk/internal/vm/Continuation.enter0;java/lang/VirtualThread$VThreadContinuation$1.run;java/lang/VirtualThread.run;_notify_jvmti_vthread_start;SharedRuntime::notify_jvmti_vthread_start;JvmtiVTMSTransitionDisabler::VTMS_vthread_start;JvmtiVTMSTransitionDisabler::VTMS_mount_end;Mutex::lock;pthread_mutex_lock;/usr/lib/x86_64-linux-gnu/libc.so.6;entry_SYSCALL_64_after_hwframe_[k];do_syscall_64_[k] 18
java/util/concurrent/ForkJoinWorkerThread.run;java/util/concurrent/ForkJoinPool.runWorker;java/util/concurrent/ForkJoinPool.scan;java/util/concurrent/ForkJoinPool$WorkQueue.topLevelExec;java/util/concurrent/ForkJoinTask.doExec;java/util/concurrent/ForkJoinTask$RunnableExecuteAction.exec;java/lang/VirtualThread$$Lambda.0x00007aba24039c78.run;java/lang/VirtualThread.runContinuation;jdk/internal/vm/Continuation.run;jdk/internal/vm/Continuation.enterSpecial;jdk/internal/vm/Continuation.enter;jdk/internal/vm/Continuation.enter0;java/lang/VirtualThread$VThreadContinuation$1.run;java/lang/VirtualThread.run;_notify_jvmti_vthread_start;SharedRuntime::notify_jvmti_vthread_start;JvmtiVTMSTransitionDisabler::VTMS_vthread_start;JvmtiVTMSTransitionDisabler::VTMS_mount_end;__pthread_mutex_unlock;/usr/lib/x86_64-linux-gnu/libc.so.6;entry_SYSCALL_64_after_hwframe_[k];do_syscall_64_[k];x64_sys_call_[k];__x64_sys_futex_[k];do_futex_[k];futex_wake_[k];futex_hash_[k];__futex_hash_[k] 1
java/lang/Thread.run;java/lang/Thread.runWith;java/util/concurrent/ThreadPoolExecutor$Worker.run;java/util/concurrent/ThreadPoolExecutor.runWorker;java/util/concurrent/FutureTask.run;java/util/concurrent/Executors$RunnableAdapter.call;java/util/concurrent/FutureTask.run;org/openjdk/jmh/runner/BenchmarkHandler$BenchmarkTask.call;org/openjdk/jmh/runner/BenchmarkHandler$BenchmarkTask.call;java/lang/reflect/Method.invoke;jdk/internal/reflect/DirectMethodHandleAccessor.invoke;jdk/internal/reflect/DirectMethodHandleAccessor.invokeImpl;java/lang/invoke/LambdaForm$MH.0x00007aba2402e800.invokeExact_MT;java/lang/invoke/LambdaForm$MH.0x00007aba2402e400.invoke;java/lang/invoke/DirectMethodHandle$Holder.invokeSpecial;uk/ac/ncl/jensen/benchmark/jmh_generated/VThreadChurnBenchmark_churn_jmhTest.churn_AverageTime;uk/ac/ncl/jensen/benchmark/jmh_generated/VThreadChurnBenchmark_churn_jmhTest.churn_avgt_jmhStub;uk/ac/ncl/jensen/benchmark/VThreadChurnBenchmark.churn;java/lang/Thread.join;java/lang/Thread.join;java/lang/VirtualThread.joinNanos;java/util/concurrent/CountDownLatch.await;java/util/concurrent/locks/AbstractQueuedSynchronizer.acquireSharedInterruptibly;java/util/concurrent/locks/AbstractQueuedSynchronizer.acquire;java/util/concurrent/CountDownLatch$Sync.tryAcquireShared;java/util/concurrent/locks/AbstractQueuedSynchronizer.getState 1
java/util/concurrent/ForkJoinWorkerThread.run;java/util/concurrent/ForkJoinPool.runWorker;java/util/concurrent/ForkJoinPool.scan;java/util/concurrent/ForkJoinPool$WorkQueue.topLevelExec;java/util/concurrent/ForkJoinTask.doExec;java/util/concurrent/ForkJoinTask$RunnableExecuteAction.exec;java/lang/VirtualThread$$Lambda.0x00007aba24039c78.run;java/lang/VirtualThread.runContinuation;jdk/internal/vm/Continuation.run;jdk/internal/vm/Continuation.enterSpecial;jdk/internal/vm/Continuation.enter;jdk/internal/vm/Continuation.enter0;java/lang/VirtualThread$VThreadContinuation$1.run;java/lang/VirtualThread.run;_notify_jvmti_vthread_end;SharedRuntime::notify_jvmti_vthread_end;JNIHandles::make_local;__tls_get_addr 1
java/lang/Thread.run;java/lang/Thread.runWith;java/util/concurrent/ThreadPoolExecutor$Worker.run;java/util/concurrent/ThreadPoolExecutor.runWorker;java/util/concurrent/FutureTask.run;java/util/concurrent/Executors$RunnableAdapter.call;java/util/concurrent/FutureTask.run;org/openjdk/jmh/runner/BenchmarkHandler$BenchmarkTask.call;org/openjdk/jmh/runner/BenchmarkHandler$BenchmarkTask.call;java/lang/reflect/Method.invoke;jdk/internal/reflect/DirectMethodHandleAccessor.invoke;jdk/internal/reflect/DirectMethodHandleAccessor.invokeImpl;java/lang/invoke/LambdaForm$MH.0x00007aba2402e800.invokeExact_MT;java/lang/invoke/LambdaForm$MH.0x00007aba2402e400.invoke;java/lang/invoke/DirectMethodHandle$Holder.invokeSpecial;uk/ac/ncl/jensen/benchmark/jmh_generated/VThreadChurnBenchmark_churn_jmhTest.churn_AverageTime;uk/ac/ncl/jensen/benchmark/jmh_generated/VThreadChurnBenchmark_churn_jmhTest.churn_avgt_jmhStub;uk/ac/ncl/jensen/benchmark/VThreadChurnBenchmark.churn;java/lang/Thread.join;java/lang/Thread.join;java/lang/VirtualThread.joinNanos;java/util/concurrent/CountDownLatch.await;java/util/concurrent/locks/AbstractQueuedSynchronizer.acquireSharedInterruptibly;java/util/concurrent/locks/AbstractQueuedSynchronizer.acquire;java/util/concurrent/locks/AbstractQueuedSynchronizer.tryInitializeHead 1
java/util/concurrent/ForkJoinWorkerThread.run;java/util/concurrent/ForkJoinPool.runWorker;java/util/concurrent/ForkJoinPool.scan 3
java/lang/Thread.run;java/lang/Thread.runWith;java/util/concurrent/ThreadPoolExecutor$Worker.run;java/util/concurrent/ThreadPoolExecutor.runWorker;java/util/concurrent/FutureTask.run;java/util/concurrent/Executors$RunnableAdapter.call;java/util/concurrent/FutureTask.run;org/openjdk/jmh/runner/BenchmarkHandler$BenchmarkTask.call;org/openjdk/jmh/runner/BenchmarkHandler$BenchmarkTask.call;java/lang/reflect/Method.invoke;jdk/internal/reflect/DirectMethodHandleAccessor.invoke;jdk/internal/reflect/DirectMethodHandleAccessor.invokeImpl;java/lang/invoke/LambdaForm$MH.0x00007aba2402e800.invokeExact_MT;java/lang/invoke/LambdaForm$MH.0x00007aba2402e400.invoke;java/lang/invoke/DirectMethodHandle$Holder.invokeSpecial;uk/ac/ncl/jensen/benchmark/jmh_generated/VThreadChurnBenchmark_churn_jmhTest.churn_AverageTime;uk/ac/ncl/jensen/benchmark/jmh_generated/VThreadChurnBenchmark_churn_jmhTest.churn_avgt_jmhStub;uk/ac/ncl/jensen/benchmark/VThreadChurnBenchmark.churn;java/lang/ThreadBuilders$VirtualThreadBuilder.start;java/lang/VirtualThread.start;java/lang/VirtualThread.start;jdk/internal/misc/Unsafe.setMemory;jdk/internal/misc/Unsafe.setMemory;jdk/internal/misc/Unsafe.setMemory0;Unsafe_SetMemory0;Copy::fill_to_memory_atomic 1
java/lang/Thread.run;java/lang/Thread.runWith;java/util/concurrent/ThreadPoolExecutor$Worker.run;java/util/concurrent/ThreadPoolExecutor.runWorker;java/util/concurrent/FutureTask.run;java/util/concurrent/Executors$RunnableAdapter.call;java/util/concurrent/FutureTask.run;org/openjdk/jmh/runner/BenchmarkHandler$BenchmarkTask.call;org/openjdk/jmh/runner/BenchmarkHandler$BenchmarkTask.call;java/lang/reflect/Method.invoke;jdk/internal/reflect/DirectMethodHandleAccessor.invoke;jdk/internal/reflect/DirectMethodHandleAccessor.invokeImpl;java/lang/invoke/LambdaForm$MH.0x00007aba2402e800.invokeExact_MT;java/lang/invoke/LambdaForm$MH.0x00007aba2402e400.invoke;java/lang/invoke/DirectMethodHandle$Holder.invokeSpecial;uk/ac/ncl/jensen/benchmark/jmh_generated/VThreadChurnBenchmark_churn_jmhTest.churn_AverageTime;uk/ac/ncl/jensen/benchmark/jmh_generated/VThreadChurnBenchmark_churn_jmhTest.churn_avgt_jmhStub;uk/ac/ncl/jensen/benchmark/VThreadChurnBenchmark.churn;java/lang/ThreadBuilders$VirtualThreadBuilder.start;java/lang/VirtualThread.start;java/lang/VirtualThread.start;jdk/internal/misc/Unsafe.setMemory;jdk/internal/misc/Unsafe.setMemory;jdk/internal/misc/Unsafe.setMemory0;Unsafe_SetMemory0;JavaFrameAnchor::make_walkable 1
java/lang/Thread.run;java/lang/Thread.runWith;java/util/concurrent/ThreadPoolExecutor$Worker.run;java/util/concurrent/ThreadPoolExecutor.runWorker;java/util/concurrent/FutureTask.run;java/util/concurrent/Executors$RunnableAdapter.call;java/util/concurrent/FutureTask.run;org/openjdk/jmh/runner/BenchmarkHandler$BenchmarkTask.call;org/openjdk/jmh/runner/BenchmarkHandler$BenchmarkTask.call;java/lang/reflect/Method.invoke;jdk/internal/reflect/DirectMethodHandleAccessor.invoke;jdk/internal/reflect/DirectMethodHandleAccessor.invokeImpl;java/lang/invoke/LambdaForm$MH.0x00007aba2402e800.invokeExact_MT;java/lang/invoke/LambdaForm$MH.0x00007aba2402e400.invoke;java/lang/invoke/DirectMethodHandle$Holder.invokeSpecial;uk/ac/ncl/jensen/benchmark/jmh_generated/VThreadChurnBenchmark_churn_jmhTest.churn_AverageTime;uk/ac/ncl/jensen/benchmark/jmh_generated/VThreadChurnBenchmark_churn_jmhTest.churn_avgt_jmhStub;uk/ac/ncl/jensen/benchmark/VThreadChurnBenchmark.churn;java/lang/ThreadBuilders$VirtualThreadBuilder.start;java/lang/VirtualThread.start;java/lang/VirtualThread.start;jdk/internal/misc/Unsafe.allocateMemory;jdk/internal/misc/Unsafe.allocateMemory0 3
java/util/concurrent/ForkJoinWorkerThread.run;java/util/concurrent/ForkJoinPool.runWorker;java/util/concurrent/ForkJoinPool.awaitWork;java/util/concurrent/locks/LockSupport.park;jdk/internal/misc/Unsafe.park;Unsafe_Park;Parker::park;pthread_cond_wait;/usr/lib/x86_64-linux-gnu/libc.so.6;entry_SYSCALL_64_after_hwframe_[k];do_syscall_64_[k];x64_sys_call_[k];__x64_sys_futex_[k];do_futex_[k];futex_wait_[k];__futex_wait_[k];futex_wait_setup_[k];_raw_spin_lock_[k] 2
java/util/concurrent/ForkJoinWorkerThread.run;java/util/concurrent/ForkJoinPool.runWorker;java/util/concurrent/ForkJoinPool.scan;InterpreterRuntime::frequency_counter_overflow;InterpreterRuntime::frequency_counter_overflow_inner;CompilationPolicy::event;CompilationPolicy::method_back_branch_event;CompLevel CompilationPolicy::common<LoopPredicate>;CompLevel CompilationPolicy::common<LoopPredicate>;LoopPredicate::apply;CompileBroker::compile_queue 1
java/util/concurrent/ForkJoinWorkerThread.run;java/util/concurrent/ForkJoinPool.runWorker;java/util/concurrent/ForkJoinPool.scan;java/util/concurrent/ForkJoinPool.signalWork;java/util/concurrent/locks/LockSupport.unpark;jdk/internal/misc/Unsafe.unpark;Unsafe_Unpark;pthread_cond_signal;entry_SYSCALL_64_after_hwframe_[k];do_syscall_64_[k];x64_sys_call_[k];__x64_sys_futex_[k];do_futex_[k];futex_wake_[k];futex_hash_[k] 5
java/lang/Thread.run;java/lang/Thread.runWith;java/util/concurrent/ThreadPoolExecutor$Worker.run;java/util/concurrent/ThreadPoolExecutor.runWorker;java/util/concurrent/FutureTask.run;java/util/concurrent/Executors$RunnableAdapter.call;java/util/concurrent/FutureTask.run;org/openjdk/jmh/runner/BenchmarkHandler$BenchmarkTask.call;org/openjdk/jmh/runner/BenchmarkHandler$BenchmarkTask.call;java/lang/reflect/Method.invoke;jdk/internal/reflect/DirectMethodHandleAccessor.invoke;jdk/internal/reflect/DirectMethodHandleAccessor.invokeImpl;java/lang/invoke/LambdaForm$MH.0x00007aba2402e800.invokeExact_MT;java/lang/invoke/LambdaForm$MH.0x00007aba2402e400.invoke;java/lang/invoke/DirectMethodHandle$Holder.invokeSpecial;uk/ac/ncl/jensen/benchmark/jmh_generated/VThreadChurnBenchmark_churn_jmhTest.churn_AverageTime;uk/ac/ncl/jensen/benchmark/jmh_generated/VThreadChurnBenchmark_churn_jmhTest.churn_avgt_jmhStub;uk/ac/ncl/jensen/benchmark/VThreadChurnBenchmark.churn;java/lang/ThreadBuilders$VirtualThreadBuilder.start;java/lang/ThreadBuilders$VirtualThreadBuilder.unstarted;java/lang/ThreadBuilders.newVirtualThread;java/lang/VirtualThread.<init>;java/lang/VirtualThread$VThreadContinuation.<init>;java/lang/VirtualThread$VThreadContinuation.wrap;asm_exc_page_fault_[k];exc_page_fault_[k];do_user_addr_fault_[k];handle_mm_fault_[k];__handle_mm_fault_[k];handle_pte_fault_[k];do_anonymous_page_[k];alloc_anon_folio_[k];vma_alloc_folio_noprof_[k];alloc_pages_mpol_[k];__alloc_frozen_pages_noprof_[k];get_page_from_freelist_[k];rmqueue.isra.0_[k];__rmqueue_pcplist_[k];rmqueue_bulk_[k];_raw_spin_unlock_irqrestore_[k] 1
java/util/concurrent/ForkJoinWorkerThread.run;java/util/concurrent/ForkJoinPool.runWorker;java/util/concurrent/ForkJoinPool.scan;InterpreterRuntime::frequency_counter_overflow;InterpreterRuntime::frequency_counter_overflow_inner;CompilationPolicy::event;InstanceKlass::lookup_osr_nmethod;__pthread_mutex_unlock;/usr/lib/x86_64-linux-gnu/libc.so.6;entry_SYSCALL_64_after_hwframe_[k];do_syscall_64_[k];x64_sys_call_[k];__x64_sys_futex_[k];do_futex_[k];futex_wake_[k];futex_hash_[k];__futex_hash_[k] 1
java/util/concurrent/ForkJoinWorkerThread.run;java/util/concurrent/ForkJoinPool.runWorker;java/util/concurrent/ForkJoinPool.scan;java/util/concurrent/ForkJoinPool$WorkQueue.topLevelExec;java/util/concurrent/ForkJoinTask.doExec;java/util/concurrent/ForkJoinTask$RunnableExecuteAction.exec;java/lang/VirtualThread$$Lambda.0x00007aba24039c78.run;java/lang/VirtualThread.runContinuation 1
java/util/concurrent/ForkJoinWorkerThread.run;java/util/concurrent/ForkJoinPool.runWorker;java/util/concurrent/ForkJoinPool.scan;java/util/concurrent/ForkJoinPool$WorkQueue.topLevelExec;java/util/concurrent/ForkJoinTask.doExec;java/util/concurrent/ForkJoinTask$RunnableExecuteAction.exec;java/lang/VirtualThread$$Lambda.0x00007aba24039c78.run;java/lang/VirtualThread.runContinuation;jdk/internal/vm/Continuation.run;jdk/internal/vm/Continuation.enterSpecial;jdk/internal/vm/Continuation.enter;jdk/internal/vm/Continuation.enter0;java/lang/VirtualThread$VThreadContinuation$1.run;java/lang/VirtualThread.run;_notify_jvmti_vthread_start;SharedRuntime::notify_jvmti_vthread_start;JvmtiVTMSTransitionDisabler::VTMS_vthread_start;JvmtiEventController::thread_started;Mutex::lock;pthread_mutex_trylock 1
java/util/concurrent/ForkJoinWorkerThread.run;java/util/concurrent/ForkJoinPool.runWorker;java/util/concurrent/ForkJoinPool.scan;java/util/concurrent/ForkJoinPool$WorkQueue.topLevelExec;java/util/concurrent/ForkJoinTask.doExec;java/util/concurrent/ForkJoinTask$RunnableExecuteAction.exec;java/lang/VirtualThread$$Lambda.0x00007aba24039c78.run;java/lang/VirtualThread.runContinuation;jdk/internal/vm/Continuation.run;jdk/internal/vm/Continuation.enterSpecial;jdk/internal/vm/Continuation.enter;jdk/internal/vm/Continuation.enter0;java/lang/VirtualThread$VThreadContinuation$1.run;java/lang/VirtualThread.run;_notify_jvmti_vthread_start;SharedRuntime::notify_jvmti_vthread_start;JvmtiVTMSTransitionDisabler::VTMS_vthread_start;JvmtiEventController::thread_started;Mutex::lock;pthread_mutex_lock;/usr/lib/x86_64-linux-gnu/libc.so.6;entry_SYSCALL_64_after_hwframe_[k];do_syscall_64_[k];x64_sys_call_[k];__x64_sys_futex_[k];do_futex_[k];futex_wait_[k];__futex_wait_[k];futex_wait_setup_[k];futex_q_unlock_[k] 21
java/util/concurrent/ForkJoinWorkerThread.run;java/util/concurrent/ForkJoinPool.runWorker;java/util/concurrent/ForkJoinPool.scan;java/util/concurrent/ForkJoinPool$WorkQueue.topLevelExec;java/util/concurrent/ForkJoinTask.doExec;java/util/concurrent/ForkJoinTask$RunnableExecuteAction.exec;java/lang/VirtualThread$$Lambda.0x00007aba24039c78.run;java/lang/VirtualThread.runContinuation;jdk/internal/vm/Continuation.run;jdk/internal/vm/Continuation.enterSpecial;jdk/internal/vm/Continuation.enter;jdk/internal/vm/Continuation.enter0;java/lang/VirtualThread$VThreadContinuation$1.run;java/lang/VirtualThread.run;_notify_jvmti_vthread_start;SharedRuntime::notify_jvmti_vthread_start;JvmtiVTMSTransitionDisabler::VTMS_vthread_start;JvmtiEventController::thread_started;JvmtiThreadState::JvmtiThreadState;AllocateHeap;os::malloc;malloc 1
I2C/C2I adapters;SharedRuntime::fixup_callers_callsite;CodeHeap::find_blob 1
java/util/concurrent/ForkJoinWorkerThread.run;java/util/concurrent/ForkJoinPool.runWorker;java/util/concurrent/ForkJoinPool.scan;java/util/concurrent/ForkJoinPool$WorkQueue.topLevelExec;java/util/concurrent/ForkJoinTask.doExec;java/util/concurrent/ForkJoinTask$RunnableExecuteAction.exec;java/lang/VirtualThread$$Lambda.0x00007aba24039c78.run;java/lang/VirtualThread.runContinuation;jdk/internal/vm/Continuation.run;jdk/internal/vm/Continuation.enterSpecial;jdk/internal/vm/Continuation.enter;jdk/internal/vm/Continuation.enter0;java/lang/VirtualThread$VThreadContinuation$1.run;java/lang/VirtualThread.run;_notify_jvmti_vthread_start;SharedRuntime::notify_jvmti_vthread_start;JvmtiVTMSTransitionDisabler::VTMS_vthread_start;JvmtiVTMSTransitionDisabler::finish_VTMS_transition 29
java/util/concurrent/ForkJoinWorkerThread.run;java/util/concurrent/ForkJoinPool.runWorker;java/util/concurrent/ForkJoinPool.scan;java/util/concurrent/ForkJoinPool$WorkQueue.topLevelExec;java/util/concurrent/ForkJoinTask.doExec;java/util/concurrent/ForkJoinTask$RunnableExecuteAction.exec;java/lang/VirtualThread$$Lambda.0x00007aba24039c78.run;java/lang/VirtualThread.runContinuation;jdk/internal/vm/Continuation.run;jdk/internal/vm/Continuation.enterSpecial;jdk/internal/vm/Continuation.enter;jdk/internal/vm/Continuation.enter0;java/lang/VirtualThread$VThreadContinuation$1.run;java/lang/VirtualThread.run;_notify_jvmti_vthread_start;SharedRuntime::notify_jvmti_vthread_start;JvmtiVTMSTransitionDisabler::VTMS_vthread_start;JvmtiEventController::thread_started;JvmtiEventControllerPrivate::recompute_thread_enabled;__tls_get_addr@plt 1
java/lang/Thread.run;java/lang/Thread.runWith;java/util/concurrent/ThreadPoolExecutor$Worker.run;java/util/concurrent/ThreadPoolExecutor.runWorker;java/util/concurrent/FutureTask.run;java/util/concurrent/Executors$RunnableAdapter.call;java/util/concurrent/FutureTask.run;org/openjdk/jmh/runner/BenchmarkHandler$BenchmarkTask.call;org/openjdk/jmh/runner/BenchmarkHandler$BenchmarkTask.call;java/lang/reflect/Method.invoke;jdk/internal/reflect/DirectMethodHandleAccessor.invoke;jdk/internal/reflect/DirectMethodHandleAccessor.invokeImpl;java/lang/invoke/LambdaForm$MH.0x00007aba2402e800.invokeExact_MT;java/lang/invoke/LambdaForm$MH.0x00007aba2402e400.invoke;java/lang/invoke/DirectMethodHandle$Holder.invokeSpecial;uk/ac/ncl/jensen/benchmark/jmh_generated/VThreadChurnBenchmark_churn_jmhTest.churn_AverageTime;uk/ac/ncl/jensen/benchmark/jmh_generated/VThreadChurnBenchmark_churn_jmhTest.churn_avgt_jmhStub;uk/ac/ncl/jensen/benchmark/VThreadChurnBenchmark.churn;java/lang/Thread.join;java/lang/Thread.join;java/lang/VirtualThread.joinNanos;java/util/concurrent/CountDownLatch.await;java/util/concurrent/locks/AbstractQueuedSynchronizer.acquireSharedInterruptibly;java/util/concurrent/locks/AbstractQueuedSynchronizer.acquire;java/util/concurrent/locks/LockSupport.park;jdk/internal/misc/Unsafe.park;Unsafe_Park;Parker::park;__pthread_mutex_unlock;/usr/lib/x86_64-linux-gnu/libc.so.6;entry_SYSCALL_64_after_hwframe_[k];do_syscall_64_[k];x64_sys_call_[k];__x64_sys_futex_[k];do_futex_[k];futex_wake_[k] 1
java/util/concurrent/ForkJoinWorkerThread.run;java/util/concurrent/ForkJoinPool.runWorker;java/util/concurrent/ForkJoinPool.scan;java/util/concurrent/ForkJoinPool$WorkQueue.topLevelExec;java/util/concurrent/ForkJoinTask.doExec;java/util/concurrent/ForkJoinTask$RunnableExecuteAction.exec;java/lang/VirtualThread$$Lambda.0x00007aba24039c78.run;java/lang/VirtualThread.runContinuation;jdk/internal/vm/Continuation.run;jdk/internal/vm/Continuation.enterSpecial;jdk/internal/vm/Continuation.enter;jdk/internal/vm/Continuation.enter0;java/lang/VirtualThread$VThreadContinuation$1.run;java/lang/VirtualThread.run;_notify_jvmti_vthread_end;SharedRuntime::notify_jvmti_vthread_end;JvmtiVTMSTransitionDisabler::VTMS_vthread_end;JvmtiExport::cleanup_thread;JvmtiEventController::thread_ended;JvmtiThreadState::~JvmtiThreadState;oopDesc::address_field_put 1
java/lang/Thread.run;java/lang/Thread.runWith;java/util/concurrent/ThreadPoolExecutor$Worker.run;java/util/concurrent/ThreadPoolExecutor.runWorker;java/util/concurrent/FutureTask.run;java/util/concurrent/Executors$RunnableAdapter.call;java/util/concurrent/FutureTask.run;org/openjdk/jmh/runner/BenchmarkHandler$BenchmarkTask.call;org/openjdk/jmh/runner/BenchmarkHandler$BenchmarkTask.call;java/lang/reflect/Method.invoke;jdk/internal/reflect/DirectMethodHandleAccessor.invoke;jdk/internal/reflect/DirectMethodHandleAccessor.invokeImpl;java/lang/invoke/LambdaForm$MH.0x00007aba2402e800.invokeExact_MT;java/lang/invoke/LambdaForm$MH.0x00007aba2402e400.invoke;java/lang/invoke/DirectMethodHandle$Holder.invokeSpecial;uk/ac/ncl/jensen/benchmark/jmh_generated/VThreadChurnBenchmark_churn_jmhTest.churn_AverageTime;uk/ac/ncl/jensen/benchmark/jmh_generated/VThreadChurnBenchmark_churn_jmhTest.churn_avgt_jmhStub;uk/ac/ncl/jensen/benchmark/VThreadChurnBenchmark.churn;java/lang/ThreadBuilders$VirtualThreadBuilder.start;java/lang/ThreadBuilders$VirtualThreadBuilder.unstarted;java/lang/ThreadBuilders.newVirtualThread;java/lang/VirtualThread.<init>;java/lang/BaseVirtualThread.<init>;java/lang/Thread.<init> 1
java/util/concurrent/ForkJoinWorkerThread.run;java/util/concurrent/ForkJoinPool.runWorker;java/util/concurrent/ForkJoinPool.scan;java/util/concurrent/ForkJoinPool$WorkQueue.topLevelExec;java/util/concurrent/ForkJoinTask.doExec;java/util/concurrent/ForkJoinTask$RunnableExecuteAction.exec;java/lang/VirtualThread$$Lambda.0x00007aba24039c78.run;java/lang/VirtualThread.runContinuation;jdk/internal/vm/Continuation.run;jdk/internal/vm/Continuation.enterSpecial;jdk/internal/vm/Continuation.enter;jdk/internal/vm/Continuation.enter0;java/lang/VirtualThread$VThreadContinuation$1.run;java/lang/VirtualThread.run;_notify_jvmti_vthread_start;SharedRuntime::notify_jvmti_vthread_start;JvmtiVTMSTransitionDisabler::VTMS_vthread_start;JvmtiEventController::thread_started;JvmtiEventControllerPrivate::recompute_thread_enabled 1
java/util/concurrent/ForkJoinWorkerThread.run;java/util/concurrent/ForkJoinPool.runWorker;java/util/concurrent/ForkJoinPool.scan;java/util/concurrent/ForkJoinPool$WorkQueue.topLevelExec;java/util/concurrent/ForkJoinTask.doExec;java/util/concurrent/ForkJoinTask$RunnableExecuteAction.exec;java/lang/VirtualThread$$Lambda.0x00007aba24039c78.run;java/lang/VirtualThread.runContinuation;jdk/internal/vm/Continuation.run;jdk/internal/vm/Continuation.enterSpecial;jdk/internal/vm/Continuation.enter;jdk/internal/vm/Continuation.enter0;java/lang/VirtualThread$VThreadContinuation$1.run;java/lang/VirtualThread.run;_notify_jvmti_vthread_start;SharedRuntime::notify_jvmti_vthread_start;JNIHandles::make_local;__tls_get_addr@plt 2
java/util/concurrent/ForkJoinWorkerThread.run;java/util/concurrent/ForkJoinPool.runWorker;java/util/concurrent/ForkJoinPool.scan;java/util/concurrent/ForkJoinPool$WorkQueue.topLevelExec;java/util/concurrent/ForkJoinTask.doExec;java/util/concurrent/ForkJoinTask$RunnableExecuteAction.exec;java/lang/VirtualThread$$Lambda.0x00007aba24039c78.run;java/lang/VirtualThread.runContinuation;jdk/internal/vm/Continuation.run;jdk/internal/vm/Continuation.enterSpecial;jdk/internal/vm/Continuation.enter;jdk/internal/vm/Continuation.enter0;java/lang/VirtualThread$VThreadContinuation$1.run;java/lang/VirtualThread.run;_notify_jvmti_vthread_start;SharedRuntime::notify_jvmti_vthread_start;JvmtiVTMSTransitionDisabler::VTMS_vthread_start;JvmtiVTMSTransitionDisabler::VTMS_mount_end;Mutex::lock 1
java/util/concurrent/ForkJoinWorkerThread.run;java/util/concurrent/ForkJoinPool.runWorker;java/util/concurrent/ForkJoinPool.scan;java/util/concurrent/ForkJoinPool$WorkQueue.topLevelExec;java/util/concurrent/ForkJoinTask.doExec;java/util/concurrent/ForkJoinTask$RunnableExecuteAction.exec;java/lang/VirtualThread$$Lambda.0x00007aba24039c78.run;java/lang/VirtualThread.runContinuation;jdk/internal/vm/Continuation.run;jdk/internal/vm/Continuation.enterSpecial;jdk/internal/vm/Continuation.enter;jdk/internal/vm/Continuation.enter0;java/lang/VirtualThread$VThreadContinuation$1.run;java/lang/VirtualThread.run;_notify_jvmti_vthread_start;SharedRuntime::notify_jvmti_vthread_start;JvmtiVTMSTransitionDisabler::VTMS_vthread_start;JvmtiEventController::thread_started;Mutex::lock;pthread_mutex_lock;/usr/lib/x86_64-linux-gnu/libc.so.6;entry_SYSCALL_64_after_hwframe_[k];do_syscall_64_[k];x64_sys_call_[k];__x64_sys_futex_[k];do_futex_[k];futex_wait_[k];__futex_wait_[k];futex_wait_setup_[k];futex_hash_[k] 53
java/util/concurrent/ForkJoinWorkerThread.run;java/util/concurrent/ForkJoinPool.runWorker;java/util/concurrent/ForkJoinPool.scan;java/util/concurrent/ForkJoinPool.signalWork 3
java/util/concurrent/ForkJoinWorkerThread.run;java/util/concurrent/ForkJoinPool.runWorker;java/util/concurrent/ForkJoinPool.scan;java/util/concurrent/ForkJoinPool$WorkQueue.topLevelExec;java/util/concurrent/ForkJoinTask.doExec;java/util/concurrent/ForkJoinTask$RunnableExecuteAction.exec;java/lang/VirtualThread$$Lambda.0x00007aba24039c78.run;java/lang/VirtualThread.runContinuation;jdk/internal/vm/Continuation.run;jdk/internal/vm/Continuation.enterSpecial;jdk/internal/vm/Continuation.enter;jdk/internal/vm/Continuation.enter0;java/lang/VirtualThread$VThreadContinuation$1.run;java/lang/VirtualThread.run;_notify_jvmti_vthread_start;SharedRuntime::notify_jvmti_vthread_start;JNIHandles::make_local 1
java/util/concurrent/ForkJoinWorkerThread.run;java/util/concurrent/ForkJoinPool.runWorker;java/util/concurrent/ForkJoinPool.scan;java/util/concurrent/ForkJoinPool$WorkQueue.topLevelExec;java/util/concurrent/ForkJoinTask.doExec;java/util/concurrent/ForkJoinTask$RunnableExecuteAction.exec;java/lang/VirtualThread$$Lambda.0x00007aba24039c78.run;java/lang/VirtualThread.runContinuation;jdk/internal/vm/Continuation.run;jdk/internal/vm/Continuation.enterSpecial;jdk/internal/vm/Continuation.enter;jdk/internal/vm/Continuation.enter0;java/lang/VirtualThread$VThreadContinuation$1.run;java/lang/VirtualThread.run;_notify_jvmti_vthread_end;SharedRuntime::notify_jvmti_vthread_end;JvmtiVTMSTransitionDisabler::VTMS_vthread_end;__pthread_mutex_unlock 1
java/util/concurrent/ForkJoinWorkerThread.run;java/util/concurrent/ForkJoinPool.runWorker;java/util/concurrent/ForkJoinPool.awaitWork;java/util/concurrent/locks/LockSupport.park;jdk/internal/misc/Unsafe.park;Unsafe_Park;Parker::park;pthread_cond_wait;/usr/lib/x86_64-linux-gnu/libc.so.6;entry_SYSCALL_64_after_hwframe_[k];do_syscall_64_[k];x64_sys_call_[k];__x64_sys_futex_[k];do_futex_[k];futex_wait_[k];__futex_wait_[k];futex_wait_setup_[k] 2
java/util/concurrent/ForkJoinWorkerThread.run;java/util/concurrent/ForkJoinPool.runWorker;java/util/concurrent/ForkJoinPool.scan;java/util/concurrent/ForkJoinPool$WorkQueue.topLevelExec;java/util/concurrent/ForkJoinTask.doExec;java/util/concurrent/ForkJoinTask$RunnableExecuteAction.exec;java/lang/VirtualThread$$Lambda.0x00007aba24039c78.run;java/lang/VirtualThread.runContinuation;jdk/internal/vm/Continuation.run;jdk/internal/vm/Continuation.enterSpecial;jdk/internal/vm/Continuation.enter;jdk/internal/vm/Continuation.enter0;java/lang/VirtualThread$VThreadContinuation$1.run;java/lang/VirtualThread.run;java/lang/Thread.runWith;uk/ac/ncl/jensen/benchmark/VThreadChurnBenchmark$$Lambda.0x00007aba24029bb0.run;uk/ac/ncl/jensen/benchmark/VThreadChurnBenchmark.lambda$churn$0;org/openjdk/jmh/infra/Blackhole.consumeCPU 1
java/util/concurrent/ForkJoinWorkerThread.run;java/util/concurrent/ForkJoinPool.runWorker;java/util/concurrent/ForkJoinPool.scan;java/util/concurrent/ForkJoinPool$WorkQueue.topLevelExec;java/util/concurrent/ForkJoinTask.doExec;java/util/concurrent/ForkJoinTask$RunnableExecuteAction.exec;java/lang/VirtualThread$$Lambda.0x00007aba24039c78.run;java/lang/VirtualThread.runContinuation;jdk/internal/vm/Continuation.run;jdk/internal/vm/Continuation.enterSpecial;jdk/internal/vm/Continuation.enter;jdk/internal/vm/Continuation.enter0;java/lang/VirtualThread$VThreadContinuation$1.run;java/lang/VirtualThread.run;_notify_jvmti_vthread_start;SharedRuntime::notify_jvmti_vthread_start;JvmtiVTMSTransitionDisabler::VTMS_vthread_start;JvmtiVTMSTransitionDisabler::VTMS_mount_end;__pthread_mutex_unlock;/usr/lib/x86_64-linux-gnu/libc.so.6;entry_SYSCALL_64_after_hwframe_[k];do_syscall_64_[k];x64_sys_call_[k];__x64_sys_futex_[k];do_futex_[k];futex_wake_[k];wake_up_q_[k];_raw_spin_unlock_irqrestore_[k] 1
java/util/concurrent/ForkJoinWorkerThread.run;java/util/concurrent/ForkJoinPool.runWorker;java/util/concurrent/ForkJoinPool.scan;java/util/concurrent/ForkJoinPool$WorkQueue.topLevelExec;java/util/concurrent/ForkJoinTask.doExec;java/util/concurrent/ForkJoinTask$RunnableExecuteAction.exec;java/lang/VirtualThread$$Lambda.0x00007aba24039c78.run;java/lang/VirtualThread.runContinuation;jdk/internal/vm/Continuation.run;jdk/internal/vm/Continuation.enterSpecial;jdk/internal/vm/Continuation.enter;jdk/internal/vm/Continuation.enter0;java/lang/VirtualThread$VThreadContinuation$1.run;java/lang/VirtualThread.run;_notify_jvmti_vthread_end;SharedRuntime::notify_jvmti_vthread_end;JvmtiVTMSTransitionDisabler::VTMS_vthread_end;JvmtiExport::cleanup_thread;Mutex::lock;pthread_mutex_lock;/usr/lib/x86_64-linux-gnu/libc.so.6;entry_SYSCALL_64_after_hwframe_[k];do_syscall_64_[k];x64_sys_call_[k];__x64_sys_futex_[k];do_futex_[k];futex_wait_[k];__futex_wait_[k];futex_wait_setup_[k];_raw_spin_lock_[k] 1
java/util/concurrent/ForkJoinWorkerThread.run;java/util/concurrent/ForkJoinPool.runWorker;java/util/concurrent/ForkJoinPool.scan;java/util/concurrent/ForkJoinPool$WorkQueue.topLevelExec;java/util/concurrent/ForkJoinTask.doExec;java/util/concurrent/ForkJoinTask$RunnableExecuteAction.exec;java/lang/VirtualThread$$Lambda.0x00007aba24039c78.run;java/lang/VirtualThread.runContinuation;jdk/internal/vm/Continuation.run;jdk/internal/vm/Continuation.enterSpecial;jdk/internal/vm/Continuation.enter;jdk/internal/vm/Continuation.enter0;java/lang/VirtualThread$VThreadContinuation$1.run;java/lang/VirtualThread.run;_notify_jvmti_vthread_start;SharedRuntime::notify_jvmti_vthread_start;JvmtiVTMSTransitionDisabler::VTMS_vthread_start;JvmtiVTMSTransitionDisabler::VTMS_mount_end;Mutex::lock;pthread_mutex_trylock 59
java/util/concurrent/ForkJoinWorkerThread.run;java/util/concurrent/ForkJoinPool.runWorker;java/util/concurrent/ForkJoinPool.scan;java/util/concurrent/ForkJoinPool$WorkQueue.topLevelExec;java/util/concurrent/ForkJoinTask.doExec;java/util/concurrent/ForkJoinTask$RunnableExecuteAction.exec;java/lang/VirtualThread$$Lambda.0x00007aba24039c78.run;java/lang/VirtualThread.runContinuation;jdk/internal/vm/Continuation.run;jdk/internal/vm/Continuation.enterSpecial;jdk/internal/vm/Continuation.enter;jdk/internal/vm/Continuation.enter0;java/lang/VirtualThread$VThreadContinuation$1.run;java/lang/VirtualThread.run;_notify_jvmti_vthread_end;SharedRuntime::notify_jvmti_vthread_end;JvmtiVTMSTransitionDisabler::VTMS_vthread_end;JvmtiExport::cleanup_thread;Mutex::lock;pthread_mutex_lock;/usr/lib/x86_64-linux-gnu/libc.so.6;entry_SYSCALL_64_after_hwframe_[k];do_syscall_64_[k];x64_sys_call_[k];__x64_sys_futex_[k];do_futex_[k];futex_wait_[k];__futex_wait_[k];futex_wait_setup_[k];futex_q_lock_[k];_raw_spin_lock_[k];native_queued_spin_lock_slowpath_[k] 12415
java/util/concurrent/ForkJoinWorkerThread.run;java/util/concurrent/ForkJoinPool.runWorker;java/util/concurrent/ForkJoinPool.scan;java/util/concurrent/ForkJoinPool$WorkQueue.topLevelExec;java/util/concurrent/ForkJoinTask.doExec;java/util/concurrent/ForkJoinTask$RunnableExecuteAction.exec;java/lang/VirtualThread$$Lambda.0x00007aba24039c78.run;java/lang/VirtualThread.runContinuation;jdk/internal/vm/Continuation.run;jdk/internal/vm/Continuation.enterSpecial;jdk/internal/vm/Continuation.enter;jdk/internal/vm/Continuation.enter0;java/lang/VirtualThread$VThreadContinuation$1.run;java/lang/VirtualThread.run;_notify_jvmti_vthread_start;SharedRuntime::notify_jvmti_vthread_start;JvmtiVTMSTransitionDisabler::VTMS_vthread_start;JvmtiVTMSTransitionDisabler::VTMS_mount_end;__pthread_mutex_unlock;/usr/lib/x86_64-linux-gnu/libc.so.6 1
java/util/concurrent/ForkJoinWorkerThread.run;java/util/concurrent/ForkJoinPool.runWorker;java/util/concurrent/ForkJoinPool.scan;java/util/concurrent/ForkJoinPool$WorkQueue.topLevelExec;java/util/concurrent/ForkJoinTask.doExec;java/util/concurrent/ForkJoinTask$RunnableExecuteAction.exec;java/lang/VirtualThread$$Lambda.0x00007aba24039c78.run;java/lang/VirtualThread.runContinuation;jdk/internal/vm/Continuation.run;jdk/internal/vm/Continuation.enterSpecial;jdk/internal/vm/Continuation.enter;jdk/internal/vm/Continuation.enter0;java/lang/VirtualThread$VThreadContinuation$1.run;java/lang/VirtualThread.run;_notify_jvmti_vthread_end;SharedRuntime::notify_jvmti_vthread_end;JvmtiVTMSTransitionDisabler::VTMS_vthread_end;JvmtiExport::cleanup_thread;Mutex::lock;pthread_mutex_lock;/usr/lib/x86_64-linux-gnu/libc.so.6;entry_SYSCALL_64_after_hwframe_[k];do_syscall_64_[k];x64_sys_call_[k];__x64_sys_futex_[k];do_futex_[k];futex_wait_[k];__futex_wait_[k];futex_wait_setup_[k] 2
java/util/concurrent/ForkJoinWorkerThread.run;java/util/concurrent/ForkJoinPool.runWorker;java/util/concurrent/ForkJoinPool.scan;java/util/concurrent/ForkJoinPool$WorkQueue.topLevelExec;java/util/concurrent/ForkJoinTask.doExec;java/util/concurrent/ForkJoinTask$RunnableExecuteAction.exec;java/lang/VirtualThread$$Lambda.0x00007aba24039c78.run;java/lang/VirtualThread.runContinuation;jdk/internal/vm/Continuation.run;jdk/internal/vm/Continuation.enterSpecial;jdk/internal/vm/Continuation.enter;jdk/internal/vm/Continuation.enter0;java/lang/VirtualThread$VThreadContinuation$1.run;java/lang/VirtualThread.run;_notify_jvmti_vthread_end;SharedRuntime::notify_jvmti_vthread_end;JvmtiVTMSTransitionDisabler::VTMS_vthread_end;JvmtiExport::cleanup_thread;Mutex::lock;pthread_mutex_lock;/usr/lib/x86_64-linux-gnu/libc.so.6;entry_SYSCALL_64_after_hwframe_[k];do_syscall_64_[k];x64_sys_call_[k];__x64_sys_futex_[k];do_futex_[k];futex_wait_[k];__futex_wait_[k];futex_wait_setup_[k];get_futex_key_[k] 1
java/lang/Thread.run;java/lang/Thread.runWith;java/util/concurrent/ThreadPoolExecutor$Worker.run;java/util/concurrent/ThreadPoolExecutor.runWorker;java/util/concurrent/FutureTask.run;java/util/concurrent/Executors$RunnableAdapter.call;java/util/concurrent/FutureTask.run;org/openjdk/jmh/runner/BenchmarkHandler$BenchmarkTask.call;org/openjdk/jmh/runner/BenchmarkHandler$BenchmarkTask.call;java/lang/reflect/Method.invoke;jdk/internal/reflect/DirectMethodHandleAccessor.invoke;jdk/internal/reflect/DirectMethodHandleAccessor.invokeImpl;java/lang/invoke/LambdaForm$MH.0x00007aba2402e800.invokeExact_MT;java/lang/invoke/LambdaForm$MH.0x00007aba2402e400.invoke;java/lang/invoke/DirectMethodHandle$Holder.invokeSpecial;uk/ac/ncl/jensen/benchmark/jmh_generated/VThreadChurnBenchmark_churn_jmhTest.churn_AverageTime;uk/ac/ncl/jensen/benchmark/jmh_generated/VThreadChurnBenchmark_churn_jmhTest.churn_avgt_jmhStub;uk/ac/ncl/jensen/benchmark/VThreadChurnBenchmark.churn;java/lang/Thread.join;java/lang/Thread.join;java/lang/VirtualThread.joinNanos;java/lang/VirtualThread.getTermination 2
java/util/concurrent/ForkJoinWorkerThread.run;java/util/concurrent/ForkJoinPool.runWorker;java/util/concurrent/ForkJoinPool.scan;java/util/concurrent/ForkJoinPool$WorkQueue.topLevelExec;java/util/concurrent/ForkJoinTask.doExec;java/util/concurrent/ForkJoinTask$RunnableExecuteAction.exec;java/lang/VirtualThread$$Lambda.0x00007aba24039c78.run;java/lang/VirtualThread.runContinuation;jdk/internal/vm/Continuation.run;jdk/internal/vm/Continuation.enterSpecial;jdk/internal/vm/Continuation.enter;jdk/internal/vm/Continuation.enter0;java/lang/VirtualThread$VThreadContinuation$1.run;java/lang/VirtualThread.run;_notify_jvmti_vthread_start;SharedRuntime::notify_jvmti_vthread_start;JvmtiVTMSTransitionDisabler::VTMS_vthread_start;JvmtiVTMSTransitionDisabler::VTMS_mount_end;Mutex::lock;pthread_mutex_lock;/usr/lib/x86_64-linux-gnu/libc.so.6;entry_SYSCALL_64_after_hwframe_[k];do_syscall_64_[k];x64_sys_call_[k];__x64_sys_futex_[k];do_futex_[k];futex_wait_[k];__futex_wait_[k] 6
java/util/concurrent/ForkJoinWorkerThread.run;java/util/concurrent/ForkJoinPool.runWorker;java/util/concurrent/ForkJoinPool.scan;java/util/concurrent/ForkJoinPool$WorkQueue.topLevelExec;java/util/concurrent/ForkJoinTask.doExec;java/util/concurrent/ForkJoinTask$RunnableExecuteAction.exec;java/lang/VirtualThread$$Lambda.0x00007aba24039c78.run;java/lang/VirtualThread.runContinuation;java/lang/VirtualThread.afterDone;java/lang/VirtualThread.afterDone;jdk/internal/vm/ThreadContainers$RootContainer$TrackingRootContainer.onExit;java/util/concurrent/ConcurrentHashMap$KeySetView.remove;java/util/concurrent/ConcurrentHashMap.remove;java/util/concurrent/ConcurrentHashMap.replaceNode;java/util/concurrent/ConcurrentHashMap.addCount 1
java/util/concurrent/ForkJoinWorkerThread.run;java/util/concurrent/ForkJoinPool.runWorker;java/util/concurrent/ForkJoinPool.scan;java/util/concurrent/ForkJoinPool$WorkQueue.topLevelExec;java/util/concurrent/ForkJoinTask.doExec;java/util/concurrent/ForkJoinTask$RunnableExecuteAction.exec;java/lang/VirtualThread$$Lambda.0x00007aba24039c78.run;java/lang/VirtualThread.runContinuation;jdk/internal/vm/Continuation.run;jdk/internal/vm/Continuation.enterSpecial;jdk/internal/vm/Continuation.enter;jdk/internal/vm/Continuation.enter0;java/lang/VirtualThread$VThreadContinuation$1.run;java/lang/VirtualThread.run;_notify_jvmti_vthread_end;SharedRuntime::notify_jvmti_vthread_end;JvmtiVTMSTransitionDisabler::VTMS_vthread_end;JvmtiExport::cleanup_thread;JvmtiEventController::thread_ended;JvmtiThreadState::~JvmtiThreadState;JvmtiEnvThreadState::~JvmtiEnvThreadState 1
java/util/concurrent/ForkJoinWorkerThread.run;java/util/concurrent/ForkJoinPool.runWorker;java/util/concurrent/ForkJoinPool.scan;java/util/concurrent/ForkJoinPool$WorkQueue.topLevelExec;java/util/concurrent/ForkJoinTask.doExec;java/util/concurrent/ForkJoinTask$RunnableExecuteAction.exec;java/lang/VirtualThread$$Lambda.0x00007aba24039c78.run;java/lang/VirtualThread.runContinuation;jdk/internal/vm/Continuation.run;jdk/internal/vm/Continuation.enterSpecial;jdk/internal/vm/Continuation.enter;jdk/internal/vm/Continuation.enter0;java/lang/VirtualThread$VThreadContinuation$1.run;java/lang/VirtualThread.run;_notify_jvmti_vthread_start;SharedRuntime::notify_jvmti_vthread_start;JvmtiVTMSTransitionDisabler::VTMS_vthread_start;JvmtiEventController::thread_started;Mutex::lock;pthread_mutex_lock;/usr/lib/x86_64-linux-gnu/libc.so.6;entry_SYSCALL_64_after_hwframe_[k];do_syscall_64_[k];x64_sys_call_[k];__x64_sys_futex_[k];do_futex_[k];futex_wait_[k];__futex_wait_[k];futex_hash_put_[k] 1
java/util/concurrent/ForkJoinWorkerThread.run;java/util/concurrent/ForkJoinPool.runWorker;java/util/concurrent/ForkJoinPool.awaitWork;java/util/concurrent/locks/LockSupport.park;jdk/internal/misc/Unsafe.park;Unsafe_Park;Parker::park;pthread_cond_wait;_pthread_cleanup_push 1
java/util/concurrent/ForkJoinWorkerThread.run;java/util/concurrent/ForkJoinPool.runWorker;java/util/concurrent/ForkJoinPool.scan;java/util/concurrent/ForkJoinPool$WorkQueue.topLevelExec;java/util/concurrent/ForkJoinTask.doExec;java/util/concurrent/ForkJoinTask$RunnableExecuteAction.exec;java/lang/VirtualThread$$Lambda.0x00007aba24039c78.run;java/lang/VirtualThread.runContinuation;jdk/internal/vm/Continuation.run;jdk/internal/vm/Continuation.enterSpecial;jdk/internal/vm/Continuation.enter;jdk/internal/vm/Continuation.enter0;java/lang/VirtualThread$VThreadContinuation$1.run;java/lang/VirtualThread.run;_notify_jvmti_vthread_start;SharedRuntime::notify_jvmti_vthread_start;JvmtiVTMSTransitionDisabler::VTMS_vthread_start;JvmtiVTMSTransitionDisabler::VTMS_mount_end;__pthread_mutex_unlock;/usr/lib/x86_64-linux-gnu/libc.so.6;entry_SYSCALL_64_after_hwframe_[k];do_syscall_64_[k];x64_sys_call_[k];__x64_sys_futex_[k];do_futex_[k];futex_wake_[k] 25
java/util/concurrent/ForkJoinWorkerThread.run;java/util/concurrent/ForkJoinPool.runWorker;java/util/concurrent/ForkJoinPool.scan;java/util/concurrent/ForkJoinPool$WorkQueue.topLevelExec;java/util/concurrent/ForkJoinTask.doExec;java/util/concurrent/ForkJoinTask$RunnableExecuteAction.exec;java/lang/VirtualThread$$Lambda.0x00007aba24039c78.run;java/lang/VirtualThread.runContinuation;jdk/internal/vm/Continuation.run;jdk/internal/vm/Continuation.enterSpecial;jdk/internal/vm/Continuation.enter;jdk/internal/vm/Continuation.enter0;java/lang/VirtualThread$VThreadContinuation$1.run;java/lang/VirtualThread.run;_notify_jvmti_vthread_start;SharedRuntime::notify_jvmti_vthread_start;JvmtiVTMSTransitionDisabler::VTMS_vthread_start;JvmtiVTMSTransitionDisabler::VTMS_mount_end;__pthread_mutex_unlock;/usr/lib/x86_64-linux-gnu/libc.so.6;entry_SYSCALL_64_after_hwframe_[k];do_syscall_64_[k];x64_sys_call_[k];__x64_sys_futex_[k];do_futex_[k];futex_wake_[k];_raw_spin_lock_[k];native_queued_spin_lock_slowpath_[k] 137
java/util/concurrent/ForkJoinWorkerThread.run;java/util/concurrent/ForkJoinPool.runWorker;java/util/concurrent/ForkJoinPool.scan;java/util/concurrent/ForkJoinPool$WorkQueue.topLevelExec;java/util/concurrent/ForkJoinTask.doExec;java/util/concurrent/ForkJoinTask$RunnableExecuteAction.exec;java/lang/VirtualThread$$Lambda.0x00007aba24039c78.run;java/lang/VirtualThread.runContinuation;jdk/internal/vm/Continuation.run;jdk/internal/vm/Continuation.enterSpecial;jdk/internal/vm/Continuation.enter;jdk/internal/vm/Continuation.enter0;java/lang/VirtualThread$VThreadContinuation$1.run;java/lang/VirtualThread.run;_notify_jvmti_vthread_end;SharedRuntime::notify_jvmti_vthread_end;JvmtiVTMSTransitionDisabler::VTMS_vthread_end;JvmtiExport::cleanup_thread;Mutex::lock;pthread_mutex_lock;/usr/lib/x86_64-linux-gnu/libc.so.6;entry_SYSCALL_64_after_hwframe_[k];do_syscall_64_[k];x64_sys_call_[k];__x64_sys_futex_[k];do_futex_[k];futex_wait_[k];__futex_wait_[k];futex_wait_setup_[k];_raw_spin_lock_[k] 39
java/util/concurrent/ForkJoinWorkerThread.run;java/util/concurrent/ForkJoinPool.runWorker;java/util/concurrent/ForkJoinPool.scan;java/util/concurrent/ForkJoinPool$WorkQueue.topLevelExec;java/util/concurrent/ForkJoinTask.doExec;java/util/concurrent/ForkJoinTask$RunnableExecuteAction.exec;java/lang/VirtualThread$$Lambda.0x00007aba24039c78.run;java/lang/VirtualThread.runContinuation;java/lang/VirtualThread.unmount;_notify_jvmti_vthread_unmount;SharedRuntime::notify_jvmti_vthread_unmount;JvmtiVTMSTransitionDisabler::finish_VTMS_transition;__tls_get_addr@plt 1
java/util/concurrent/ForkJoinWorkerThread.run;java/util/concurrent/ForkJoinPool.runWorker;java/util/concurrent/ForkJoinPool.scan;java/util/concurrent/ForkJoinPool$WorkQueue.topLevelExec;java/util/concurrent/ForkJoinTask.doExec;java/util/concurrent/ForkJoinTask$RunnableExecuteAction.exec;java/lang/VirtualThread$$Lambda.0x00007aba24039c78.run;java/lang/VirtualThread.runContinuation;jdk/internal/vm/Continuation.run;jdk/internal/vm/Continuation.enterSpecial;jdk/internal/vm/Continuation.enter;jdk/internal/vm/Continuation.enter0;java/lang/VirtualThread$VThreadContinuation$1.run;java/lang/VirtualThread.run;_notify_jvmti_vthread_start;SharedRuntime::notify_jvmti_vthread_start;JvmtiVTMSTransitionDisabler::VTMS_vthread_start;__pthread_mutex_unlock;/usr/lib/x86_64-linux-gnu/libc.so.6;entry_SYSCALL_64_after_hwframe_[k];do_syscall_64_[k];x64_sys_call_[k];__x64_sys_futex_[k];do_futex_[k];futex_wake_[k];__futex_hash_[k] 1
java/util/concurrent/ForkJoinWorkerThread.run;java/util/concurrent/ForkJoinPool.runWorker;java/util/concurrent/ForkJoinPool.scan;java/util/concurrent/ForkJoinPool$WorkQueue.casSlotToNull 1
java/lang/Thread.run;java/lang/Thread.runWith;java/util/concurrent/ThreadPoolExecutor$Worker.run;java/util/concurrent/ThreadPoolExecutor.runWorker;java/util/concurrent/FutureTask.run;java/util/concurrent/Executors$RunnableAdapter.call;java/util/concurrent/FutureTask.run;org/openjdk/jmh/runner/BenchmarkHandler$BenchmarkTask.call;org/openjdk/jmh/runner/BenchmarkHandler$BenchmarkTask.call;java/lang/reflect/Method.invoke;jdk/internal/reflect/DirectMethodHandleAccessor.invoke;jdk/internal/reflect/DirectMethodHandleAccessor.invokeImpl;java/lang/invoke/LambdaForm$MH.0x00007aba2402e800.invokeExact_MT;java/lang/invoke/LambdaForm$MH.0x00007aba2402e400.invoke;java/lang/invoke/DirectMethodHandle$Holder.invokeSpecial;uk/ac/ncl/jensen/benchmark/jmh_generated/VThreadChurnBenchmark_churn_jmhTest.churn_AverageTime;uk/ac/ncl/jensen/benchmark/jmh_generated/VThreadChurnBenchmark_churn_jmhTest.churn_avgt_jmhStub;uk/ac/ncl/jensen/benchmark/VThreadChurnBenchmark.churn;java/lang/ThreadBuilders$VirtualThreadBuilder.start;java/lang/VirtualThread.start;java/lang/VirtualThread.start;jdk/internal/misc/Unsafe.setMemory;jdk/internal/misc/Unsafe.setMemory;jdk/internal/misc/Unsafe.setMemory0;Unsafe_SetMemory0 4
java/util/concurrent/ForkJoinWorkerThread.run;java/util/concurrent/ForkJoinPool.runWorker;java/util/concurrent/ForkJoinPool.scan;java/util/concurrent/ForkJoinPool$WorkQueue.topLevelExec;java/util/concurrent/ForkJoinTask.doExec;java/util/concurrent/ForkJoinTask$RunnableExecuteAction.exec;java/lang/VirtualThread$$Lambda.0x00007aba24039c78.run;java/lang/VirtualThread.runContinuation;jdk/internal/vm/Continuation.run;jdk/internal/vm/Continuation.enterSpecial;jdk/internal/vm/Continuation.enter;jdk/internal/vm/Continuation.enter0;java/lang/VirtualThread$VThreadContinuation$1.run;java/lang/VirtualThread.run;_notify_jvmti_vthread_start;SharedRuntime::notify_jvmti_vthread_start;JvmtiVTMSTransitionDisabler::VTMS_vthread_start;__pthread_mutex_unlock;/usr/lib/x86_64-linux-gnu/libc.so.6;entry_SYSCALL_64_after_hwframe_[k];do_syscall_64_[k];x64_sys_call_[k];__x64_sys_futex_[k];do_futex_[k];_raw_spin_lock_[k] 35
java/util/concurrent/ForkJoinWorkerThread.run;java/util/concurrent/ForkJoinPool.runWorker;java/util/concurrent/ForkJoinPool.scan;java/util/concurrent/ForkJoinPool$WorkQueue.topLevelExec;java/util/concurrent/ForkJoinTask.doExec 1
java/util/concurrent/ForkJoinWorkerThread.run;java/util/concurrent/ForkJoinPool.runWorker;java/util/concurrent/ForkJoinPool.scan;java/util/concurrent/ForkJoinPool$WorkQueue.topLevelExec;java/util/concurrent/ForkJoinTask.doExec;java/util/concurrent/ForkJoinTask$RunnableExecuteAction.exec;java/lang/VirtualThread$$Lambda.0x00007aba24039c78.run;java/lang/VirtualThread.runContinuation;jdk/internal/vm/Continuation.run;jdk/internal/vm/Continuation.enterSpecial;jdk/internal/vm/Continuation.enter;jdk/internal/vm/Continuation.enter0;java/lang/VirtualThread$VThreadContinuation$1.run;java/lang/VirtualThread.run;_notify_jvmti_vthread_start;SharedRuntime::notify_jvmti_vthread_start;JvmtiVTMSTransitionDisabler::VTMS_vthread_start;JvmtiVTMSTransitionDisabler::VTMS_mount_end;Mutex::lock;pthread_mutex_lock;/usr/lib/x86_64-linux-gnu/libc.so.6;entry_SYSCALL_64_after_hwframe_[k];do_syscall_64_[k];x64_sys_call_[k];__x64_sys_futex_[k];do_futex_[k];futex_wait_[k] 3
java/util/concurrent/ForkJoinWorkerThread.run;java/util/concurrent/ForkJoinPool.runWorker;java/util/concurrent/ForkJoinPool.scan;java/util/concurrent/ForkJoinPool$WorkQueue.topLevelExec;java/util/concurrent/ForkJoinTask.doExec;java/util/concurrent/ForkJoinTask$RunnableExecuteAction.exec;java/lang/VirtualThread$$Lambda.0x00007aba24039c78.run;java/lang/VirtualThread.runContinuation;jdk/internal/vm/Continuation.run;jdk/internal/vm/Continuation.enterSpecial;jdk/internal/vm/Continuation.enter;jdk/internal/vm/Continuation.enter0;java/lang/VirtualThread$VThreadContinuation$1.run;java/lang/VirtualThread.run;_notify_jvmti_vthread_end;SharedRuntime::notify_jvmti_vthread_end;JvmtiVTMSTransitionDisabler::VTMS_vthread_end;JvmtiExport::cleanup_thread;JvmtiEventController::thread_ended;JvmtiThreadState::~JvmtiThreadState;__tls_get_addr 2
java/util/concurrent/ForkJoinWorkerThread.run;java/util/concurrent/ForkJoinPool.runWorker;java/util/concurrent/ForkJoinPool.scan;java/util/concurrent/ForkJoinPool$WorkQueue.topLevelExec;java/util/concurrent/ForkJoinTask.doExec;java/util/concurrent/ForkJoinTask$RunnableExecuteAction.exec;java/lang/VirtualThread$$Lambda.0x00007aba24039c78.run;java/lang/VirtualThread.runContinuation;jdk/internal/vm/Continuation.run;jdk/internal/vm/Continuation.enterSpecial;jdk/internal/vm/Continuation.enter;jdk/internal/vm/Continuation.enter0;java/lang/VirtualThread$VThreadContinuation$1.run;java/lang/VirtualThread.run;_notify_jvmti_vthread_start;SharedRuntime::notify_jvmti_vthread_start;JvmtiVTMSTransitionDisabler::VTMS_vthread_start;__pthread_mutex_unlock;/usr/lib/x86_64-linux-gnu/libc.so.6;entry_SYSCALL_64_after_hwframe_[k];do_syscall_64_[k];x64_sys_call_[k];__x64_sys_futex_[k];do_futex_[k];futex_wake_[k];__futex_unqueue_[k] 1
java/util/concurrent/ForkJoinWorkerThread.run;java/util/concurrent/ForkJoinPool.runWorker;java/util/concurrent/ForkJoinPool.scan;java/util/concurrent/ForkJoinPool$WorkQueue.topLevelExec;java/util/concurrent/ForkJoinTask.doExec;java/util/concurrent/ForkJoinTask$RunnableExecuteAction.exec;java/lang/VirtualThread$$Lambda.0x00007aba24039c78.run;java/lang/VirtualThread.runContinuation;jdk/internal/vm/Continuation.run;jdk/internal/vm/Continuation.enterSpecial;jdk/internal/vm/Continuation.enter;jdk/internal/vm/Continuation.enter0;java/lang/VirtualThread$VThreadContinuation$1.run;java/lang/VirtualThread.run;_notify_jvmti_vthread_start;SharedRuntime::notify_jvmti_vthread_start;JvmtiVTMSTransitionDisabler::VTMS_vthread_start;JvmtiVTMSTransitionDisabler::VTMS_mount_end;Mutex::lock;pthread_mutex_lock;/usr/lib/x86_64-linux-gnu/libc.so.6;entry_SYSCALL_64_after_hwframe_[k];do_syscall_64_[k];x64_sys_call_[k];__x64_sys_futex_[k];do_futex_[k];futex_wait_[k];__futex_wait_[k];futex_wait_setup_[k];futex_ref_get_[k] 2
java/util/concurrent/ForkJoinWorkerThread.run;java/util/concurrent/ForkJoinPool.runWorker;java/util/concurrent/ForkJoinPool.scan;SharedRuntime::OSR_migration_begin;JavaFrameAnchor::make_walkable 1
java/util/concurrent/ForkJoinWorkerThread.run;java/util/concurrent/ForkJoinPool.runWorker;java/util/concurrent/ForkJoinPool.scan;java/util/concurrent/ForkJoinPool$WorkQueue.topLevelExec;java/util/concurrent/ForkJoinTask.doExec;java/util/concurrent/ForkJoinTask$RunnableExecuteAction.exec;java/lang/VirtualThread$$Lambda.0x00007aba24039c78.run;java/lang/VirtualThread.runContinuation;jdk/internal/vm/Continuation.run;jdk/internal/vm/Continuation.enterSpecial;jdk/internal/vm/Continuation.enter;jdk/internal/vm/Continuation.enter0;java/lang/VirtualThread$VThreadContinuation$1.run;java/lang/VirtualThread.run;_notify_jvmti_vthread_start;SharedRuntime::notify_jvmti_vthread_start;JvmtiVTMSTransitionDisabler::VTMS_vthread_start;JvmtiEventController::thread_started;Mutex::lock;pthread_mutex_lock;/usr/lib/x86_64-linux-gnu/libc.so.6;entry_SYSCALL_64_after_hwframe_[k];do_syscall_64_[k];x64_sys_call_[k];__x64_sys_futex_[k];do_futex_[k];futex_wait_[k];__futex_wait_[k];futex_wait_setup_[k];_raw_spin_lock_[k] 1
java/util/concurrent/ForkJoinWorkerThread.run;java/util/concurrent/ForkJoinPool.runWorker;java/util/concurrent/ForkJoinPool.scan;java/util/concurrent/ForkJoinPool$WorkQueue.topLevelExec;java/util/concurrent/ForkJoinTask.doExec;java/util/concurrent/ForkJoinTask$RunnableExecuteAction.exec;java/lang/VirtualThread$$Lambda.0x00007aba24039c78.run;java/lang/VirtualThread.runContinuation;jdk/internal/vm/Continuation.run;jdk/internal/vm/Continuation.enterSpecial;jdk/internal/vm/Continuation.enter;jdk/internal/vm/Continuation.enter0;java/lang/VirtualThread$VThreadContinuation$1.run;java/lang/VirtualThread.run;_notify_jvmti_vthread_start;SharedRuntime::notify_jvmti_vthread_start;JvmtiVTMSTransitionDisabler::VTMS_vthread_start;JvmtiVTMSTransitionDisabler::VTMS_mount_end;__pthread_mutex_unlock;/usr/lib/x86_64-linux-gnu/libc.so.6;entry_SYSCALL_64_after_hwframe_[k];do_syscall_64_[k];x64_sys_call_[k];__x64_sys_futex_[k];do_futex_[k];futex_wake_[k];wake_up_q_[k];try_to_wake_up_[k];_raw_spin_unlock_irqrestore_[k] 45
java/util/concurrent/ForkJoinWorkerThread.run;java/util/concurrent/ForkJoinPool.runWorker;java/util/concurrent/ForkJoinPool.scan;java/util/concurrent/ForkJoinPool$WorkQueue.topLevelExec;java/util/concurrent/ForkJoinTask.doExec;java/util/concurrent/ForkJoinTask$RunnableExecuteAction.exec;java/lang/VirtualThread$$Lambda.0x00007aba24039c78.run;java/lang/VirtualThread.runContinuation;jdk/internal/vm/Continuation.run;jdk/internal/vm/Continuation.enterSpecial;jdk/internal/vm/Continuation.enter;jdk/internal/vm/Continuation.enter0;java/lang/VirtualThread$VThreadContinuation$1.run;java/lang/VirtualThread.run;_notify_jvmti_vthread_start;SharedRuntime::notify_jvmti_vthread_start;JvmtiVTMSTransitionDisabler::VTMS_vthread_start;__pthread_mutex_unlock;/usr/lib/x86_64-linux-gnu/libc.so.6;entry_SYSCALL_64_after_hwframe_[k];do_syscall_64_[k];x64_sys_call_[k];__x64_sys_futex_[k];do_futex_[k];futex_wake_[k];futex_hash_[k];__futex_hash_[k] 8
java/util/concurrent/ForkJoinWorkerThread.run;java/util/concurrent/ForkJoinPool.runWorker;java/util/concurrent/ForkJoinPool.scan;java/util/concurrent/ForkJoinPool$WorkQueue.topLevelExec;java/util/concurrent/ForkJoinTask.doExec;java/util/concurrent/ForkJoinTask$RunnableExecuteAction.exec;java/lang/VirtualThread$$Lambda.0x00007aba24039c78.run;java/lang/VirtualThread.runContinuation;jdk/internal/vm/Continuation.run;jdk/internal/vm/Continuation.enterSpecial;jdk/internal/vm/Continuation.enter;jdk/internal/vm/Continuation.enter0;java/lang/VirtualThread$VThreadContinuation$1.run;java/lang/VirtualThread.run;_notify_jvmti_vthread_start;SharedRuntime::notify_jvmti_vthread_start;JvmtiVTMSTransitionDisabler::VTMS_vthread_start;__pthread_mutex_unlock;/usr/lib/x86_64-linux-gnu/libc.so.6;entry_SYSCALL_64_after_hwframe_[k];do_syscall_64_[k];x64_sys_call_[k];__x64_sys_futex_[k];do_futex_[k];futex_wake_[k];futex_hash_[k];futex_ref_get_[k] 7
java/util/concurrent/ForkJoinWorkerThread.run;java/util/concurrent/ForkJoinPool.runWorker;java/util/concurrent/ForkJoinPool.scan;java/util/concurrent/ForkJoinPool$WorkQueue.topLevelExec;java/util/concurrent/ForkJoinTask.doExec;java/util/concurrent/ForkJoinTask$RunnableExecuteAction.exec;java/lang/VirtualThread$$Lambda.0x00007aba24039c78.run;java/lang/VirtualThread.runContinuation;jdk/internal/vm/Continuation.run;jdk/internal/vm/Continuation.enterSpecial;jdk/internal/vm/Continuation.enter;jdk/internal/vm/Continuation.enter0;java/lang/VirtualThread$VThreadContinuation$1.run;java/lang/VirtualThread.run;_notify_jvmti_vthread_end;SharedRuntime::notify_jvmti_vthread_end;JvmtiVTMSTransitionDisabler::VTMS_vthread_end;__pthread_mutex_unlock;/usr/lib/x86_64-linux-gnu/libc.so.6;entry_SYSCALL_64_after_hwframe_[k];do_syscall_64_[k];x64_sys_call_[k];__x64_sys_futex_[k];do_futex_[k];futex_wake_[k];_raw_spin_lock_[k];native_queued_spin_lock_slowpath_[k] 220
java/util/concurrent/ForkJoinWorkerThread.run;java/util/concurrent/ForkJoinPool.runWorker;java/util/concurrent/ForkJoinPool.scan;java/util/concurrent/ForkJoinPool$WorkQueue.topLevelExec;java/util/concurrent/ForkJoinTask.doExec;java/util/concurrent/ForkJoinTask$RunnableExecuteAction.exec;java/lang/VirtualThread$$Lambda.0x00007aba24039c78.run;java/lang/VirtualThread.runContinuation;jdk/internal/vm/Continuation.run;jdk/internal/vm/Continuation.enterSpecial;jdk/internal/vm/Continuation.enter;jdk/internal/vm/Continuation.enter0;java/lang/VirtualThread$VThreadContinuation$1.run;java/lang/VirtualThread.run;_notify_jvmti_vthread_start;SharedRuntime::notify_jvmti_vthread_start;JvmtiVTMSTransitionDisabler::VTMS_vthread_start;JvmtiEventController::thread_started 7
java/util/concurrent/ForkJoinWorkerThread.run;java/util/concurrent/ForkJoinPool.runWorker;java/util/concurrent/ForkJoinPool.scan;java/util/concurrent/ForkJoinPool$WorkQueue.topLevelExec;java/util/concurrent/ForkJoinTask.doExec;java/util/concurrent/ForkJoinTask$RunnableExecuteAction.exec;java/lang/VirtualThread$$Lambda.0x00007aba24039c78.run;java/lang/VirtualThread.runContinuation;jdk/internal/vm/Continuation.run;jdk/internal/vm/Continuation.enterSpecial;jdk/internal/vm/Continuation.enter;jdk/internal/vm/Continuation.enter0;java/lang/VirtualThread$VThreadContinuation$1.run;java/lang/VirtualThread.run;_notify_jvmti_vthread_start;SharedRuntime::notify_jvmti_vthread_start;JvmtiVTMSTransitionDisabler::VTMS_vthread_start;JvmtiVTMSTransitionDisabler::VTMS_mount_end;__pthread_mutex_unlock;/usr/lib/x86_64-linux-gnu/libc.so.6;entry_SYSCALL_64_after_hwframe_[k];do_syscall_64_[k];x64_sys_call_[k];__x64_sys_futex_[k];do_futex_[k];futex_wake_[k];wake_up_q_[k];try_to_wake_up_[k] 1
java/util/concurrent/ForkJoinWorkerThread.run;java/util/concurrent/ForkJoinPool.runWorker;java/util/concurrent/ForkJoinPool.scan;java/util/concurrent/ForkJoinPool$WorkQueue.topLevelExec;java/util/concurrent/ForkJoinTask.doExec;java/util/concurrent/ForkJoinTask$RunnableExecuteAction.exec;java/lang/VirtualThread$$Lambda.0x00007aba24039c78.run;java/lang/VirtualThread.runContinuation;jdk/internal/vm/Continuation.run;jdk/internal/vm/Continuation.enterSpecial;jdk/internal/vm/Continuation.enter;jdk/internal/vm/Continuation.enter0;java/lang/VirtualThread$VThreadContinuation$1.run;java/lang/VirtualThread.run;_notify_jvmti_vthread_end;SharedRuntime::notify_jvmti_vthread_end;JvmtiVTMSTransitionDisabler::VTMS_vthread_end;__tls_get_addr@plt 1
java/util/concurrent/ForkJoinWorkerThread.run;java/util/concurrent/ForkJoinPool.runWorker;java/util/concurrent/ForkJoinPool.scan;java/util/concurrent/ForkJoinPool$WorkQueue.topLevelExec;java/util/concurrent/ForkJoinTask.doExec;java/util/concurrent/ForkJoinTask$RunnableExecuteAction.exec;java/lang/VirtualThread$$Lambda.0x00007aba24039c78.run;java/lang/VirtualThread.runContinuation;jdk/internal/vm/Continuation.run;jdk/internal/vm/Continuation.enterSpecial;jdk/internal/vm/Continuation.enter;jdk/internal/vm/Continuation.enter0;java/lang/VirtualThread$VThreadContinuation$1.run;java/lang/VirtualThread.run;_notify_jvmti_vthread_start;SharedRuntime::notify_jvmti_vthread_start;JvmtiVTMSTransitionDisabler::VTMS_vthread_start;__pthread_mutex_unlock;/usr/lib/x86_64-linux-gnu/libc.so.6;entry_SYSCALL_64_after_hwframe_[k];do_syscall_64_[k] 25
java/util/concurrent/ForkJoinWorkerThread.run;java/util/concurrent/ForkJoinPool.runWorker;java/util/concurrent/ForkJoinPool.scan;java/util/concurrent/ForkJoinPool$WorkQueue.topLevelExec;java/util/concurrent/ForkJoinTask.doExec;java/util/concurrent/ForkJoinTask$RunnableExecuteAction.exec;java/lang/VirtualThread$$Lambda.0x00007aba24039c78.run;java/lang/VirtualThread.runContinuation;java/lang/VirtualThread.afterDone;java/lang/VirtualThread.afterDone;jdk/internal/vm/ThreadContainers$RootContainer$TrackingRootContainer.onExit;java/util/concurrent/ConcurrentHashMap$KeySetView.remove;java/util/concurrent/ConcurrentHashMap.remove;java/util/concurrent/ConcurrentHashMap.replaceNode 1
java/util/concurrent/ForkJoinWorkerThread.run;java/util/concurrent/ForkJoinPool.runWorker;java/util/concurrent/ForkJoinPool.scan;java/util/concurrent/ForkJoinPool$WorkQueue.topLevelExec;java/util/concurrent/ForkJoinTask.doExec;java/util/concurrent/ForkJoinTask$RunnableExecuteAction.exec;java/lang/VirtualThread$$Lambda.0x00007aba24039c78.run;java/lang/VirtualThread.runContinuation;jdk/internal/vm/Continuation.run;jdk/internal/vm/Continuation.enterSpecial;jdk/internal/vm/Continuation.enter;jdk/internal/vm/Continuation.enter0;java/lang/VirtualThread$VThreadContinuation$1.run;java/lang/VirtualThread.run;_notify_jvmti_vthread_start;SharedRuntime::notify_jvmti_vthread_start;JvmtiVTMSTransitionDisabler::VTMS_vthread_start;JvmtiEventController::thread_started;Mutex::lock;pthread_mutex_lock;/usr/lib/x86_64-linux-gnu/libc.so.6;entry_SYSCALL_64_after_hwframe_[k];do_syscall_64_[k];x64_sys_call_[k];__x64_sys_futex_[k];do_futex_[k];futex_wait_[k] 1
java/util/concurrent/ForkJoinWorkerThread.run;java/util/concurrent/ForkJoinPool.runWorker;java/util/concurrent/ForkJoinPool.awaitWork;java/util/concurrent/locks/LockSupport.park;jdk/internal/misc/Unsafe.park;Unsafe_Park;Parker::park;pthread_cond_wait;/usr/lib/x86_64-linux-gnu/libc.so.6;entry_SYSCALL_64_after_hwframe_[k];do_syscall_64_[k];x64_sys_call_[k];__x64_sys_futex_[k];do_futex_[k];futex_wait_[k];__futex_wait_[k];futex_wait_setup_[k];get_futex_key_[k] 1
java/lang/Thread.run;java/lang/Thread.runWith;java/util/concurrent/ThreadPoolExecutor$Worker.run;java/util/concurrent/ThreadPoolExecutor.runWorker;java/util/concurrent/FutureTask.run;java/util/concurrent/Executors$RunnableAdapter.call;java/util/concurrent/FutureTask.run;org/openjdk/jmh/runner/BenchmarkHandler$BenchmarkTask.call;org/openjdk/jmh/runner/BenchmarkHandler$BenchmarkTask.call;java/lang/reflect/Method.invoke;jdk/internal/reflect/DirectMethodHandleAccessor.invoke;jdk/internal/reflect/DirectMethodHandleAccessor.invokeImpl;java/lang/invoke/LambdaForm$MH.0x00007aba2402e800.invokeExact_MT;java/lang/invoke/LambdaForm$MH.0x00007aba2402e400.invoke;java/lang/invoke/DirectMethodHandle$Holder.invokeSpecial;uk/ac/ncl/jensen/benchmark/jmh_generated/VThreadChurnBenchmark_churn_jmhTest.churn_AverageTime;uk/ac/ncl/jensen/benchmark/jmh_generated/VThreadChurnBenchmark_churn_jmhTest.churn_avgt_jmhStub;uk/ac/ncl/jensen/benchmark/VThreadChurnBenchmark.churn;java/lang/Thread.join;java/lang/Thread.join;java/lang/VirtualThread.joinNanos;java/util/concurrent/CountDownLatch.await;java/util/concurrent/locks/AbstractQueuedSynchronizer.acquireSharedInterruptibly;java/util/concurrent/locks/AbstractQueuedSynchronizer.acquire;java/util/concurrent/locks/LockSupport.park;jdk/internal/misc/Unsafe.park;Unsafe_Park;AccessInternal::PostRuntimeDispatch<G1BarrierSet::AccessBarrier<548964ul, G1BarrierSet>, (AccessInternal::BarrierType)2, 548964ul>::oop_access_barrier 1
java/util/concurrent/ForkJoinWorkerThread.run;java/util/concurrent/ForkJoinPool.runWorker;java/util/concurrent/ForkJoinPool.scan;java/util/concurrent/ForkJoinPool$WorkQueue.topLevelExec;java/util/concurrent/ForkJoinTask.doExec;java/util/concurrent/ForkJoinTask$RunnableExecuteAction.exec;java/lang/VirtualThread$$Lambda.0x00007aba24039c78.run;java/lang/VirtualThread.runContinuation;jdk/internal/vm/Continuation.run;jdk/internal/vm/Continuation.enterSpecial;jdk/internal/vm/Continuation.enter;jdk/internal/vm/Continuation.enter0;java/lang/VirtualThread$VThreadContinuation$1.run;java/lang/VirtualThread.run;_notify_jvmti_vthread_end;SharedRuntime::notify_jvmti_vthread_end;JvmtiVTMSTransitionDisabler::VTMS_vthread_end;AccessInternal::PostRuntimeDispatch<G1BarrierSet::AccessBarrier<548964ul, G1BarrierSet>, (AccessInternal::BarrierType)2, 548964ul>::oop_access_barrier 1
java/util/concurrent/ForkJoinWorkerThread.run;java/util/concurrent/ForkJoinPool.runWorker;java/util/concurrent/ForkJoinPool.scan 1
java/util/concurrent/ForkJoinWorkerThread.run;java/util/concurrent/ForkJoinPool.runWorker;java/util/concurrent/ForkJoinPool.awaitWork;java/util/concurrent/locks/LockSupport.park;jdk/internal/misc/Unsafe.park;Unsafe_Park;java_lang_Thread::set_thread_status 1
java/util/concurrent/ForkJoinWorkerThread.run;java/util/concurrent/ForkJoinPool.runWorker;java/util/concurrent/ForkJoinPool.scan;java/util/concurrent/ForkJoinPool$WorkQueue.topLevelExec;java/util/concurrent/ForkJoinTask.doExec;java/util/concurrent/ForkJoinTask$RunnableExecuteAction.exec;java/lang/VirtualThread$$Lambda.0x00007aba24039c78.run;java/lang/VirtualThread.runContinuation;jdk/internal/vm/Continuation.run;jdk/internal/vm/Continuation.enterSpecial;jdk/internal/vm/Continuation.enter;jdk/internal/vm/Continuation.enter0;java/lang/VirtualThread$VThreadContinuation$1.run;java/lang/VirtualThread.run;_notify_jvmti_vthread_end;SharedRuntime::notify_jvmti_vthread_end;JvmtiVTMSTransitionDisabler::VTMS_vthread_end;__pthread_mutex_unlock;/usr/lib/x86_64-linux-gnu/libc.so.6;entry_SYSCALL_64_after_hwframe_[k];do_syscall_64_[k];x64_sys_call_[k];__x64_sys_futex_[k];do_futex_[k];futex_wake_[k];wake_up_q_[k] 1
java/util/concurrent/ForkJoinWorkerThread.run;java/util/concurrent/ForkJoinPool.runWorker;java/util/concurrent/ForkJoinPool.scan;java/util/concurrent/ForkJoinPool$WorkQueue.topLevelExec;java/util/concurrent/ForkJoinPool$WorkQueue.tryPoll 1
java/util/concurrent/ForkJoinWorkerThread.run;java/util/concurrent/ForkJoinPool.runWorker;java/util/concurrent/ForkJoinPool.scan;java/util/concurrent/ForkJoinPool$WorkQueue.topLevelExec;java/util/concurrent/ForkJoinTask.doExec;java/util/concurrent/ForkJoinTask$RunnableExecuteAction.exec;java/lang/VirtualThread$$Lambda.0x00007aba24039c78.run;java/lang/VirtualThread.runContinuation;jdk/internal/vm/Continuation.run;jdk/internal/vm/Continuation.enterSpecial;jdk/internal/vm/Continuation.enter;jdk/internal/vm/Continuation.enter0;java/lang/VirtualThread$VThreadContinuation$1.run;java/lang/VirtualThread.run;_notify_jvmti_vthread_start;SharedRuntime::notify_jvmti_vthread_start;JvmtiVTMSTransitionDisabler::VTMS_vthread_start;JvmtiVTMSTransitionDisabler::VTMS_mount_end;Mutex::lock;pthread_mutex_lock;/usr/lib/x86_64-linux-gnu/libc.so.6;entry_SYSCALL_64_after_hwframe_[k];do_syscall_64_[k];exit_to_user_mode_loop_[k];__put_user_8_[k] 1
java/util/concurrent/ForkJoinWorkerThread.run;java/util/concurrent/ForkJoinPool.runWorker;java/util/concurrent/ForkJoinPool.scan;SharedRuntime::OSR_migration_begin;frame::interpreter_frame_method 1
java/util/concurrent/ForkJoinWorkerThread.run;java/util/concurrent/ForkJoinPool.runWorker;java/util/concurrent/ForkJoinPool.scan;java/util/concurrent/ForkJoinPool$WorkQueue.topLevelExec;java/util/concurrent/ForkJoinTask.doExec;java/util/concurrent/ForkJoinTask$RunnableExecuteAction.exec;java/lang/VirtualThread$$Lambda.0x00007aba24039c78.run;java/lang/VirtualThread.runContinuation;jdk/internal/vm/Continuation.run;jdk/internal/vm/Continuation.enterSpecial;jdk/internal/vm/Continuation.enter;jdk/internal/vm/Continuation.enter0;java/lang/VirtualThread$VThreadContinuation$1.run;java/lang/VirtualThread.run;_notify_jvmti_vthread_end;SharedRuntime::notify_jvmti_vthread_end;JvmtiVTMSTransitionDisabler::VTMS_vthread_end;__pthread_mutex_unlock;/usr/lib/x86_64-linux-gnu/libc.so.6;entry_SYSCALL_64_after_hwframe_[k];do_syscall_64_[k];x64_sys_call_[k];__x64_sys_futex_[k];do_futex_[k];futex_wake_[k];_raw_spin_lock_[k];native_queued_spin_lock_slowpath_[k] 207
java/util/concurrent/ForkJoinWorkerThread.run;java/util/concurrent/ForkJoinPool.runWorker;java/util/concurrent/ForkJoinPool.scan;java/util/concurrent/ForkJoinPool$WorkQueue.topLevelExec;java/util/concurrent/ForkJoinTask.doExec;java/util/concurrent/ForkJoinTask$RunnableExecuteAction.exec;java/lang/VirtualThread$$Lambda.0x00007aba24039c78.run;java/lang/VirtualThread.runContinuation;jdk/internal/vm/Continuation.run;jdk/internal/vm/Continuation.enterSpecial;jdk/internal/vm/Continuation.enter;jdk/internal/vm/Continuation.enter0;java/lang/VirtualThread$VThreadContinuation$1.run;java/lang/VirtualThread.run;_notify_jvmti_vthread_start;SharedRuntime::notify_jvmti_vthread_start;JvmtiVTMSTransitionDisabler::VTMS_vthread_start;JvmtiVTMSTransitionDisabler::VTMS_mount_end;__pthread_mutex_unlock;/usr/lib/x86_64-linux-gnu/libc.so.6;entry_SYSCALL_64_after_hwframe_[k];do_syscall_64_[k];x64_sys_call_[k];__x64_sys_futex_[k];do_futex_[k];_raw_spin_lock_[k] 5
java/util/concurrent/ForkJoinWorkerThread.run;java/util/concurrent/ForkJoinPool.runWorker;java/util/concurrent/ForkJoinPool.scan;java/util/concurrent/ForkJoinPool$WorkQueue.topLevelExec;java/util/concurrent/ForkJoinTask.doExec;java/util/concurrent/ForkJoinTask$RunnableExecuteAction.exec;java/lang/VirtualThread$$Lambda.0x00007aba24039c78.run;java/lang/VirtualThread.runContinuation;jdk/internal/vm/Continuation.run;jdk/internal/vm/Continuation.enterSpecial;jdk/internal/vm/Continuation.enter;jdk/internal/vm/Continuation.enter0;java/lang/VirtualThread$VThreadContinuation$1.run;java/lang/VirtualThread.run;_notify_jvmti_vthread_start;SharedRuntime::notify_jvmti_vthread_start;JvmtiVTMSTransitionDisabler::VTMS_vthread_start;JvmtiVTMSTransitionDisabler::finish_VTMS_transition 1
java/util/concurrent/ForkJoinWorkerThread.run;java/util/concurrent/ForkJoinPool.runWorker;java/util/concurrent/ForkJoinPool.scan;java/util/concurrent/ForkJoinPool$WorkQueue.topLevelExec;java/util/concurrent/ForkJoinTask.doExec;java/util/concurrent/ForkJoinTask$RunnableExecuteAction.exec;java/lang/VirtualThread$$Lambda.0x00007aba24039c78.run;java/lang/VirtualThread.runContinuation;jdk/internal/vm/Continuation.run;jdk/internal/vm/Continuation.enterSpecial;jdk/internal/vm/Continuation.enter;jdk/internal/vm/Continuation.enter0;java/lang/VirtualThread$VThreadContinuation$1.run;java/lang/VirtualThread.run;_notify_jvmti_vthread_end;SharedRuntime::notify_jvmti_vthread_end;JvmtiVTMSTransitionDisabler::VTMS_vthread_end;__pthread_mutex_unlock;/usr/lib/x86_64-linux-gnu/libc.so.6;entry_SYSCALL_64_after_hwframe_[k];do_syscall_64_[k];x64_sys_call_[k];__x64_sys_futex_[k];do_futex_[k];futex_wake_[k];wake_up_q_[k];try_to_wake_up_[k];_raw_spin_unlock_irqrestore_[k] 2
java/util/concurrent/ForkJoinWorkerThread.run;java/util/concurrent/ForkJoinPool.runWorker;java/util/concurrent/ForkJoinPool.scan 3
java/util/concurrent/ForkJoinWorkerThread.run;java/util/concurrent/ForkJoinPool.runWorker;java/util/concurrent/ForkJoinPool.scan;java/util/concurrent/ForkJoinPool$WorkQueue.topLevelExec;java/util/concurrent/ForkJoinTask.doExec;java/util/concurrent/ForkJoinTask$RunnableExecuteAction.exec;java/lang/VirtualThread$$Lambda.0x00007aba24039c78.run;java/lang/VirtualThread.runContinuation;jdk/internal/vm/Continuation.run;jdk/internal/vm/Continuation.enterSpecial;jdk/internal/vm/Continuation.enter;jdk/internal/vm/Continuation.enter0;java/lang/VirtualThread$VThreadContinuation$1.run;java/lang/VirtualThread.run;_notify_jvmti_vthread_start;SharedRuntime::notify_jvmti_vthread_start;JvmtiVTMSTransitionDisabler::VTMS_vthread_start;JvmtiVTMSTransitionDisabler::VTMS_mount_end;Mutex::lock;pthread_mutex_trylock 3
java/util/concurrent/ForkJoinWorkerThread.run;java/util/concurrent/ForkJoinPool.runWorker;java/util/concurrent/ForkJoinPool.scan;java/util/concurrent/ForkJoinPool$WorkQueue.topLevelExec;java/util/concurrent/ForkJoinTask.doExec;java/util/concurrent/ForkJoinTask$RunnableExecuteAction.exec;java/lang/VirtualThread$$Lambda.0x00007aba24039c78.run;java/lang/VirtualThread.runContinuation;jdk/internal/vm/Continuation.run;jdk/internal/vm/Continuation.enterSpecial;jdk/internal/vm/Continuation.enter;jdk/internal/vm/Continuation.enter0;java/lang/VirtualThread$VThreadContinuation$1.run;java/lang/VirtualThread.run;_notify_jvmti_vthread_start;SharedRuntime::notify_jvmti_vthread_start;JvmtiVTMSTransitionDisabler::VTMS_vthread_start;JvmtiEventController::thread_started;Mutex::lock;pthread_mutex_trylock 1
java/util/concurrent/ForkJoinWorkerThread.run;java/util/concurrent/ForkJoinPool.runWorker;java/util/concurrent/ForkJoinPool.scan;java/util/concurrent/ForkJoinPool$WorkQueue.topLevelExec;java/util/concurrent/ForkJoinTask.doExec;java/util/concurrent/ForkJoinTask$RunnableExecuteAction.exec;java/lang/VirtualThread$$Lambda.0x00007aba24039c78.run;java/lang/VirtualThread.runContinuation;jdk/internal/vm/Continuation.run;jdk/internal/vm/Continuation.enterSpecial;jdk/internal/vm/Continuation.enter;jdk/internal/vm/Continuation.enter0;java/lang/VirtualThread$VThreadContinuation$1.run;java/lang/VirtualThread.run;_notify_jvmti_vthread_end;SharedRuntime::notify_jvmti_vthread_end;JvmtiVTMSTransitionDisabler::VTMS_vthread_end;__pthread_mutex_unlock;/usr/lib/x86_64-linux-gnu/libc.so.6;entry_SYSCALL_64_after_hwframe_[k];do_syscall_64_[k];x64_sys_call_[k];__x64_sys_futex_[k];do_futex_[k];futex_wake_[k];futex_hash_[k];__futex_hash_[k] 12
java/util/concurrent/ForkJoinWorkerThread.run;java/util/concurrent/ForkJoinPool.runWorker;java/util/concurrent/ForkJoinPool.scan;java/util/concurrent/ForkJoinPool$WorkQueue.topLevelExec;java/util/concurrent/ForkJoinPool$WorkQueue.tryPoll 4
java/util/concurrent/ForkJoinWorkerThread.run;java/util/concurrent/ForkJoinPool.runWorker;java/util/concurrent/ForkJoinPool.scan;java/util/concurrent/ForkJoinPool$WorkQueue.topLevelExec;java/util/concurrent/ForkJoinTask.doExec;java/util/concurrent/ForkJoinTask$RunnableExecuteAction.exec;java/lang/VirtualThread$$Lambda.0x00007aba24039c78.run;java/lang/VirtualThread.runContinuation;jdk/internal/vm/Continuation.run;jdk/internal/vm/Continuation.enterSpecial;jdk/internal/vm/Continuation.enter;jdk/internal/vm/Continuation.enter0;java/lang/VirtualThread$VThreadContinuation$1.run;java/lang/VirtualThread.run;_notify_jvmti_vthread_start;SharedRuntime::notify_jvmti_vthread_start;JvmtiVTMSTransitionDisabler::VTMS_vthread_start;__pthread_mutex_unlock;/usr/lib/x86_64-linux-gnu/libc.so.6;entry_SYSCALL_64_after_hwframe_[k];do_syscall_64_[k];x64_sys_call_[k];__x64_sys_futex_[k];do_futex_[k];futex_wake_[k] 7
java/util/concurrent/ForkJoinWorkerThread.run;java/util/concurrent/ForkJoinPool.runWorker;java/util/concurrent/ForkJoinPool.scan;java/util/concurrent/ForkJoinPool$WorkQueue.topLevelExec;java/util/concurrent/ForkJoinTask.doExec;java/util/concurrent/ForkJoinTask$RunnableExecuteAction.exec;java/lang/VirtualThread$$Lambda.0x00007aba24039c78.run;java/lang/VirtualThread.runContinuation;jdk/internal/vm/Continuation.run;jdk/internal/vm/Continuation.enterSpecial;jdk/internal/vm/Continuation.enter;jdk/internal/vm/Continuation.enter0;java/lang/VirtualThread$VThreadContinuation$1.run;java/lang/VirtualThread.run;_notify_jvmti_vthread_start;SharedRuntime::notify_jvmti_vthread_start;JvmtiVTMSTransitionDisabler::VTMS_vthread_start;JvmtiVTMSTransitionDisabler::VTMS_mount_end;Mutex::lock;pthread_mutex_lock;/usr/lib/x86_64-linux-gnu/libc.so.6;entry_SYSCALL_64_after_hwframe_[k];do_syscall_64_[k];x64_sys_call_[k];__x64_sys_futex_[k];do_futex_[k];futex_wait_[k];__futex_wait_[k];futex_do_wait_[k];schedule_[k];__schedule_[k] 1
java/util/concurrent/ForkJoinWorkerThread.run;java/util/concurrent/ForkJoinPool.runWorker;java/util/concurrent/ForkJoinPool.scan;java/util/concurrent/ForkJoinPool$WorkQueue.topLevelExec;java/util/concurrent/ForkJoinTask.doExec;java/util/concurrent/ForkJoinTask$RunnableExecuteAction.exec;java/lang/VirtualThread$$Lambda.0x00007aba24039c78.run;java/lang/VirtualThread.runContinuation;java/lang/VirtualThread.afterDone;java/lang/VirtualThread.afterDone;jdk/internal/vm/ThreadContainers$RootContainer$TrackingRootContainer.onExit;java/util/concurrent/ConcurrentHashMap$KeySetView.remove;java/util/concurrent/ConcurrentHashMap.remove;java/util/concurrent/ConcurrentHashMap.replaceNode 2
java/util/concurrent/ForkJoinWorkerThread.run;java/util/concurrent/ForkJoinPool.runWorker;java/util/concurrent/ForkJoinPool.scan;java/util/concurrent/ForkJoinPool$WorkQueue.topLevelExec;java/util/concurrent/ForkJoinTask.doExec;java/util/concurrent/ForkJoinTask$RunnableExecuteAction.exec;java/lang/VirtualThread$$Lambda.0x00007aba24039c78.run;java/lang/VirtualThread.runContinuation;jdk/internal/vm/Continuation.run;jdk/internal/vm/Continuation.enterSpecial;jdk/internal/vm/Continuation.enter;jdk/internal/vm/Continuation.enter0;java/lang/VirtualThread$VThreadContinuation$1.run;java/lang/VirtualThread.run;_notify_jvmti_vthread_start;SharedRuntime::notify_jvmti_vthread_start;JvmtiVTMSTransitionDisabler::VTMS_vthread_start;__pthread_mutex_unlock;/usr/lib/x86_64-linux-gnu/libc.so.6;entry_SYSCALL_64_after_hwframe_[k];do_syscall_64_[k];x64_sys_call_[k];__x64_sys_futex_[k];do_futex_[k];futex_wake_[k];wake_up_q_[k];_raw_spin_lock_irqsave_[k] 1
java/util/concurrent/ForkJoinWorkerThread.run;java/util/concurrent/ForkJoinPool.runWorker;java/util/concurrent/ForkJoinPool.scan;java/util/concurrent/ForkJoinPool$WorkQueue.topLevelExec;java/util/concurrent/ForkJoinTask.doExec;java/util/concurrent/ForkJoinTask$RunnableExecuteAction.exec;java/lang/VirtualThread$$Lambda.0x00007aba24039c78.run;java/lang/VirtualThread.runContinuation;jdk/internal/vm/Continuation.run;jdk/internal/vm/Continuation.enterSpecial;jdk/internal/vm/Continuation.enter;jdk/internal/vm/Continuation.enter0;java/lang/VirtualThread$VThreadContinuation$1.run;java/lang/VirtualThread.run;_notify_jvmti_vthread_start;SharedRuntime::notify_jvmti_vthread_start;JvmtiVTMSTransitionDisabler::VTMS_vthread_start;JvmtiVTMSTransitionDisabler::VTMS_mount_end;__pthread_mutex_unlock;/usr/lib/x86_64-linux-gnu/libc.so.6;entry_SYSCALL_64_after_hwframe_[k];do_syscall_64_[k];__x64_sys_futex_[k] 1
java/util/concurrent/ForkJoinWorkerThread.run;java/util/concurrent/ForkJoinPool.runWorker;java/util/concurrent/ForkJoinPool.scan;java/util/concurrent/ForkJoinPool$WorkQueue.topLevelExec;java/util/concurrent/ForkJoinTask.doExec;java/util/concurrent/ForkJoinTask$RunnableExecuteAction.exec;java/lang/VirtualThread$$Lambda.0x00007aba24039c78.run;java/lang/VirtualThread.runContinuation;jdk/internal/vm/Continuation.run;jdk/internal/vm/Continuation.enterSpecial;jdk/internal/vm/Continuation.enter;jdk/internal/vm/Continuation.enter0;java/lang/VirtualThread$VThreadContinuation$1.run;java/lang/VirtualThread.run;_notify_jvmti_vthread_end;SharedRuntime::notify_jvmti_vthread_end;JvmtiVTMSTransitionDisabler::VTMS_vthread_end;JvmtiExport::cleanup_thread;Mutex::lock;pthread_mutex_lock;/usr/lib/x86_64-linux-gnu/libc.so.6;entry_SYSCALL_64_after_hwframe_[k];do_syscall_64_[k];x64_sys_call_[k];__x64_sys_futex_[k];do_futex_[k];futex_wait_[k];__futex_wait_[k];futex_wait_setup_[k];futex_q_unlock_[k] 1
java/util/concurrent/ForkJoinWorkerThread.run;java/util/concurrent/ForkJoinPool.runWorker;java/util/concurrent/ForkJoinPool.scan;java/util/concurrent/ForkJoinPool$WorkQueue.topLevelExec;java/util/concurrent/ForkJoinTask.doExec;java/util/concurrent/ForkJoinTask$RunnableExecuteAction.exec;java/lang/VirtualThread$$Lambda.0x00007aba24039c78.run;java/lang/VirtualThread.runContinuation;jdk/internal/vm/Continuation.run;jdk/internal/vm/Continuation.enterSpecial;jdk/internal/vm/Continuation.enter;jdk/internal/vm/Continuation.enter0;java/lang/VirtualThread$VThreadContinuation$1.run;java/lang/VirtualThread.run;_notify_jvmti_vthread_start;SharedRuntime::notify_jvmti_vthread_start;JvmtiVTMSTransitionDisabler::VTMS_vthread_start;JvmtiVTMSTransitionDisabler::VTMS_mount_end;Mutex::lock;pthread_mutex_lock;/usr/lib/x86_64-linux-gnu/libc.so.6;entry_SYSCALL_64_after_hwframe_[k];do_syscall_64_[k];x64_sys_call_[k];__x64_sys_futex_[k];do_futex_[k];futex_wait_[k];__futex_wait_[k];futex_do_wait_[k];schedule_[k] 1
java/util/concurrent/ForkJoinWorkerThread.run;java/util/concurrent/ForkJoinPool.runWorker;java/util/concurrent/ForkJoinPool.scan;java/util/concurrent/ForkJoinPool$WorkQueue.topLevelExec;java/util/concurrent/ForkJoinTask.doExec;java/util/concurrent/ForkJoinTask$RunnableExecuteAction.exec;java/lang/VirtualThread$$Lambda.0x00007aba24039c78.run;java/lang/VirtualThread.runContinuation;jdk/internal/vm/Continuation.run;jdk/internal/vm/Continuation.enterSpecial;jdk/internal/vm/Continuation.enter;jdk/internal/vm/Continuation.enter0;java/lang/VirtualThread$VThreadContinuation$1.run;java/lang/VirtualThread.run;_notify_jvmti_vthread_end;SharedRuntime::notify_jvmti_vthread_end;JvmtiVTMSTransitionDisabler::VTMS_vthread_end;JvmtiExport::cleanup_thread;Mutex::lock;pthread_mutex_lock;/usr/lib/x86_64-linux-gnu/libc.so.6;entry_SYSCALL_64_after_hwframe_[k];do_syscall_64_[k];x64_sys_call_[k];__x64_sys_futex_[k];do_futex_[k];futex_wait_[k];__futex_wait_[k];futex_wait_setup_[k];futex_q_lock_[k];_raw_spin_lock_[k];native_queued_spin_lock_slowpath_[k] 1200
java/util/concurrent/ForkJoinWorkerThread.run;java/util/concurrent/ForkJoinPool.runWorker;java/util/concurrent/ForkJoinPool.awaitWork;java/util/concurrent/locks/LockSupport.park;jdk/internal/misc/Unsafe.park;Unsafe_Park;Parker::park;JavaThread::is_interrupted;AccessInternal::PostRuntimeDispatch<G1BarrierSet::AccessBarrier<544868ul, G1BarrierSet>, (AccessInternal::BarrierType)2, 544868ul>::oop_access_barrier 1
java/lang/Thread.run;java/lang/Thread.runWith;java/util/concurrent/ThreadPoolExecutor$Worker.run;java/util/concurrent/ThreadPoolExecutor.runWorker;java/util/concurrent/FutureTask.run;java/util/concurrent/Executors$RunnableAdapter.call;java/util/concurrent/FutureTask.run;org/openjdk/jmh/runner/BenchmarkHandler$BenchmarkTask.call;org/openjdk/jmh/runner/BenchmarkHandler$BenchmarkTask.call;java/lang/reflect/Method.invoke;jdk/internal/reflect/DirectMethodHandleAccessor.invoke;jdk/internal/reflect/DirectMethodHandleAccessor.invokeImpl;java/lang/invoke/LambdaForm$MH.0x00007aba2402e800.invokeExact_MT;java/lang/invoke/LambdaForm$MH.0x00007aba2402e400.invoke;java/lang/invoke/DirectMethodHandle$Holder.invokeSpecial;uk/ac/ncl/jensen/benchmark/jmh_generated/VThreadChurnBenchmark_churn_jmhTest.churn_AverageTime;uk/ac/ncl/jensen/benchmark/jmh_generated/VThreadChurnBenchmark_churn_jmhTest.churn_avgt_jmhStub;uk/ac/ncl/jensen/benchmark/VThreadChurnBenchmark.churn;java/lang/ThreadBuilders$VirtualThreadBuilder.start;java/lang/ThreadBuilders$VirtualThreadBuilder.unstarted;java/lang/ThreadBuilders.newVirtualThread;java/lang/VirtualThread.<init>;java/lang/BaseVirtualThread.<init>;java/lang/Thread.<init> 1
java/util/concurrent/ForkJoinWorkerThread.run;java/util/concurrent/ForkJoinPool.runWorker;java/util/concurrent/ForkJoinPool.scan 1
java/util/concurrent/ForkJoinWorkerThread.run;java/util/concurrent/ForkJoinPool.runWorker;java/util/concurrent/ForkJoinPool.awaitWork 2
java/util/concurrent/ForkJoinWorkerThread.run;java/util/concurrent/ForkJoinPool.runWorker;java/util/concurrent/ForkJoinPool.awaitWork;java/util/concurrent/locks/LockSupport.park;jdk/internal/misc/Unsafe.park;Unsafe_Park;Parker::park;pthread_cond_wait;/usr/lib/x86_64-linux-gnu/libc.so.6;entry_SYSCALL_64_after_hwframe_[k];do_syscall_64_[k];x64_sys_call_[k];__x64_sys_futex_[k];do_futex_[k];futex_wait_[k];__futex_wait_[k];futex_do_wait_[k];schedule_[k];__schedule_[k];finish_task_switch.isra.0_[k] 1
java/lang/Thread.run;java/lang/Thread.runWith;java/util/concurrent/ThreadPoolExecutor$Worker.run;java/util/concurrent/ThreadPoolExecutor.runWorker;java/util/concurrent/FutureTask.run;java/util/concurrent/Executors$RunnableAdapter.call;java/util/concurrent/FutureTask.run;org/openjdk/jmh/runner/BenchmarkHandler$BenchmarkTask.call;org/openjdk/jmh/runner/BenchmarkHandler$BenchmarkTask.call;java/lang/reflect/Method.invoke;jdk/internal/reflect/DirectMethodHandleAccessor.invoke;jdk/internal/reflect/DirectMethodHandleAccessor.invokeImpl;java/lang/invoke/LambdaForm$MH.0x00007aba2402e800.invokeExact_MT;java/lang/invoke/LambdaForm$MH.0x00007aba2402e400.invoke;java/lang/invoke/DirectMethodHandle$Holder.invokeSpecial;uk/ac/ncl/jensen/benchmark/jmh_generated/VThreadChurnBenchmark_churn_jmhTest.churn_AverageTime;uk/ac/ncl/jensen/benchmark/jmh_generated/VThreadChurnBenchmark_churn_jmhTest.churn_avgt_jmhStub;uk/ac/ncl/jensen/benchmark/VThreadChurnBenchmark.churn;java/lang/ThreadBuilders$VirtualThreadBuilder.start;java/lang/VirtualThread.start;java/lang/VirtualThread.start;java/lang/VirtualThread.submitRunContinuation;java/util/concurrent/ForkJoinPool.execute;java/util/concurrent/ForkJoinPool.poolSubmit 1
java/util/concurrent/ForkJoinWorkerThread.run;java/util/concurrent/ForkJoinPool.runWorker;java/util/concurrent/ForkJoinPool.scan;java/util/concurrent/ForkJoinPool$WorkQueue.topLevelExec;java/util/concurrent/ForkJoinTask.doExec;java/util/concurrent/ForkJoinTask$RunnableExecuteAction.exec;java/lang/VirtualThread$$Lambda.0x00007aba24039c78.run;java/lang/VirtualThread.runContinuation;java/lang/VirtualThread.mount;_notify_jvmti_vthread_mount;SharedRuntime::notify_jvmti_vthread_mount;JvmtiVTMSTransitionDisabler::start_VTMS_transition;java_lang_Thread::VTMS_transition_disable_count 1
java/util/concurrent/ForkJoinWorkerThread.run;java/util/concurrent/ForkJoinPool.runWorker;java/util/concurrent/ForkJoinPool.scan;java/util/concurrent/ForkJoinPool.signalWork;java/util/concurrent/locks/LockSupport.unpark;jdk/internal/misc/Unsafe.unpark;Unsafe_Unpark;pthread_cond_signal;entry_SYSCALL_64_after_hwframe_[k];do_syscall_64_[k];x64_sys_call_[k];__x64_sys_futex_[k];do_futex_[k];get_futex_key_[k] 1
java/util/concurrent/ForkJoinWorkerThread.run;java/util/concurrent/ForkJoinPool.runWorker;java/util/concurrent/ForkJoinPool.scan;java/util/concurrent/ForkJoinPool$WorkQueue.topLevelExec;java/util/concurrent/ForkJoinTask.doExec;java/util/concurrent/ForkJoinTask$RunnableExecuteAction.exec;java/lang/VirtualThread$$Lambda.0x00007aba24039c78.run;java/lang/VirtualThread.runContinuation;jdk/internal/vm/Continuation.run;jdk/internal/vm/Continuation.enterSpecial;jdk/internal/vm/Continuation.enter;jdk/internal/vm/Continuation.enter0;java/lang/VirtualThread$VThreadContinuation$1.run;java/lang/VirtualThread.run;_notify_jvmti_vthread_start;SharedRuntime::notify_jvmti_vthread_start;JvmtiVTMSTransitionDisabler::VTMS_vthread_start;JvmtiEventController::thread_started;Mutex::lock 2
java/util/concurrent/ForkJoinWorkerThread.run;java/util/concurrent/ForkJoinPool.runWorker;java/util/concurrent/ForkJoinPool.scan;java/util/concurrent/ForkJoinPool$WorkQueue.topLevelExec;java/util/concurrent/ForkJoinTask.doExec;java/util/concurrent/ForkJoinTask$RunnableExecuteAction.exec;java/lang/VirtualThread$$Lambda.0x00007aba24039c78.run;java/lang/VirtualThread.runContinuation;jdk/internal/vm/Continuation.run;jdk/internal/vm/Continuation.enterSpecial;jdk/internal/vm/Continuation.enter;jdk/internal/vm/Continuation.enter0;java/lang/VirtualThread$VThreadContinuation$1.run;java/lang/VirtualThread.run;_notify_jvmti_vthread_end;SharedRuntime::notify_jvmti_vthread_end;JvmtiVTMSTransitionDisabler::VTMS_vthread_end;__pthread_mutex_unlock;/usr/lib/x86_64-linux-gnu/libc.so.6;entry_SYSCALL_64_after_hwframe_[k];do_syscall_64_[k];x64_sys_call_[k];__x64_sys_futex_[k];do_futex_[k];futex_wake_[k];futex_hash_[k] 8
java/util/concurrent/ForkJoinWorkerThread.run;java/util/concurrent/ForkJoinPool.runWorker;java/util/concurrent/ForkJoinPool.scan;java/util/concurrent/ForkJoinPool$WorkQueue.topLevelExec;java/util/concurrent/ForkJoinTask.doExec;java/util/concurrent/ForkJoinTask$RunnableExecuteAction.exec;java/lang/VirtualThread$$Lambda.0x00007aba24039c78.run;java/lang/VirtualThread.runContinuation;jdk/internal/vm/Continuation.run;jdk/internal/vm/Continuation.enterSpecial;jdk/internal/vm/Continuation.enter;jdk/internal/vm/Continuation.enter0;java/lang/VirtualThread$VThreadContinuation$1.run;java/lang/VirtualThread.run;_notify_jvmti_vthread_start;SharedRuntime::notify_jvmti_vthread_start;JvmtiVTMSTransitionDisabler::VTMS_vthread_start;__pthread_mutex_unlock;/usr/lib/x86_64-linux-gnu/libc.so.6;entry_SYSCALL_64_after_hwframe_[k];do_syscall_64_[k];x64_sys_call_[k];__x64_sys_futex_[k];do_futex_[k];futex_wake_[k] 2
java/util/concurrent/ForkJoinWorkerThread.run;java/util/concurrent/ForkJoinPool.runWorker;java/util/concurrent/ForkJoinPool.scan;java/util/concurrent/ForkJoinPool$WorkQueue.topLevelExec;java/util/concurrent/ForkJoinTask.doExec;java/util/concurrent/ForkJoinTask$RunnableExecuteAction.exec;java/lang/VirtualThread$$Lambda.0x00007aba24039c78.run;java/lang/VirtualThread.runContinuation;jdk/internal/vm/Continuation.run;jdk/internal/vm/Continuation.enterSpecial;jdk/internal/vm/Continuation.enter;jdk/internal/vm/Continuation.enter0;java/lang/VirtualThread$VThreadContinuation$1.run;java/lang/VirtualThread.run;_notify_jvmti_vthread_start;SharedRuntime::notify_jvmti_vthread_start 4
java/util/concurrent/ForkJoinWorkerThread.run;java/util/concurrent/ForkJoinPool.runWorker;java/util/concurrent/ForkJoinPool.scan;java/util/concurrent/ForkJoinPool$WorkQueue.topLevelExec;java/util/concurrent/ForkJoinTask.doExec;java/util/concurrent/ForkJoinTask$RunnableExecuteAction.exec;java/lang/VirtualThread$$Lambda.0x00007aba24039c78.run;java/lang/VirtualThread.runContinuation;jdk/internal/vm/Continuation.run;jdk/internal/vm/Continuation.enterSpecial;jdk/internal/vm/Continuation.enter;jdk/internal/vm/Continuation.enter0;java/lang/VirtualThread$VThreadContinuation$1.run;java/lang/VirtualThread.run;_notify_jvmti_vthread_start;SharedRuntime::notify_jvmti_vthread_start;JvmtiVTMSTransitionDisabler::VTMS_vthread_start;JvmtiEventController::thread_started;AllocateHeap 1
java/lang/Thread.run;java/lang/Thread.runWith;java/util/concurrent/ThreadPoolExecutor$Worker.run;java/util/concurrent/ThreadPoolExecutor.runWorker;java/util/concurrent/FutureTask.run;java/util/concurrent/Executors$RunnableAdapter.call;java/util/concurrent/FutureTask.run;org/openjdk/jmh/runner/BenchmarkHandler$BenchmarkTask.call;org/openjdk/jmh/runner/BenchmarkHandler$BenchmarkTask.call;java/lang/reflect/Method.invoke;jdk/internal/reflect/DirectMethodHandleAccessor.invoke;jdk/internal/reflect/DirectMethodHandleAccessor.invokeImpl;java/lang/invoke/LambdaForm$MH.0x00007aba2402e800.invokeExact_MT;java/lang/invoke/LambdaForm$MH.0x00007aba2402e400.invoke;java/lang/invoke/DirectMethodHandle$Holder.invokeSpecial;uk/ac/ncl/jensen/benchmark/jmh_generated/VThreadChurnBenchmark_churn_jmhTest.churn_AverageTime;uk/ac/ncl/jensen/benchmark/jmh_generated/VThreadChurnBenchmark_churn_jmhTest.churn_avgt_jmhStub;uk/ac/ncl/jensen/benchmark/VThreadChurnBenchmark.churn;java/lang/ThreadBuilders$VirtualThreadBuilder.start;java/lang/VirtualThread.start;java/lang/VirtualThread.start;jdk/internal/misc/Unsafe.allocateMemory;jdk/internal/misc/Unsafe.allocateMemory0;Unsafe_AllocateMemory0;os::malloc;malloc;/usr/lib/x86_64-linux-gnu/libc.so.6 34
java/util/concurrent/ForkJoinWorkerThread.run;java/util/concurrent/ForkJoinPool.runWorker;java/util/concurrent/ForkJoinPool.scan;java/util/concurrent/ForkJoinPool$WorkQueue.topLevelExec;java/util/concurrent/ForkJoinTask.doExec 44
java/util/concurrent/ForkJoinWorkerThread.run;java/util/concurrent/ForkJoinPool.runWorker;java/util/concurrent/ForkJoinPool.scan;java/util/concurrent/ForkJoinPool$WorkQueue.topLevelExec;java/util/concurrent/ForkJoinTask.doExec;java/util/concurrent/ForkJoinTask$RunnableExecuteAction.exec;java/lang/VirtualThread$$Lambda.0x00007aba24039c78.run;java/lang/VirtualThread.runContinuation;java/lang/VirtualThread.afterDone;java/lang/VirtualThread.afterDone;java/util/concurrent/CountDownLatch.countDown;java/util/concurrent/locks/AbstractQueuedSynchronizer.releaseShared;java/util/concurrent/locks/AbstractQueuedSynchronizer.signalNext;java/util/concurrent/locks/LockSupport.unpark;jdk/internal/misc/Unsafe.unpark;Unsafe_Unpark;pthread_cond_signal;entry_SYSCALL_64_after_hwframe_[k];do_syscall_64_[k];x64_sys_call_[k];__x64_sys_futex_[k];do_futex_[k];futex_wake_[k];wake_up_q_[k];try_to_wake_up_[k];_raw_spin_unlock_irqrestore_[k] 10
java/util/concurrent/ForkJoinWorkerThread.run;java/util/concurrent/ForkJoinPool.runWorker;java/util/concurrent/ForkJoinPool.scan;java/util/concurrent/ForkJoinPool$WorkQueue.topLevelExec;java/util/concurrent/ForkJoinTask.doExec;java/util/concurrent/ForkJoinTask$RunnableExecuteAction.exec 28
_notify_jvmti_vthread_start 4
java/util/concurrent/ForkJoinWorkerThread.run;java/util/concurrent/ForkJoinPool.runWorker;java/util/concurrent/ForkJoinPool.scan;java/util/concurrent/ForkJoinPool$WorkQueue.topLevelExec;java/util/concurrent/ForkJoinTask.doExec;java/util/concurrent/ForkJoinTask$RunnableExecuteAction.exec;java/lang/VirtualThread$$Lambda.0x00007aba24039c78.run;java/lang/VirtualThread.runContinuation;jdk/internal/vm/Continuation.run;jdk/internal/vm/Continuation.enterSpecial;jdk/internal/vm/Continuation.enter;jdk/internal/vm/Continuation.enter0;java/lang/VirtualThread$VThreadContinuation$1.run;java/lang/VirtualThread.run;_notify_jvmti_vthread_end;SharedRuntime::notify_jvmti_vthread_end;JvmtiVTMSTransitionDisabler::VTMS_vthread_end;__pthread_mutex_unlock;/usr/lib/x86_64-linux-gnu/libc.so.6;entry_SYSCALL_64_after_hwframe_[k];do_syscall_64_[k] 24
java/util/concurrent/ForkJoinWorkerThread.run;java/util/concurrent/ForkJoinPool.runWorker;java/util/concurrent/ForkJoinPool.scan;java/util/concurrent/ForkJoinPool$WorkQueue.topLevelExec;java/util/concurrent/ForkJoinTask.doExec;java/util/concurrent/ForkJoinTask$RunnableExecuteAction.exec;java/lang/VirtualThread$$Lambda.0x00007aba24039c78.run;java/lang/VirtualThread.runContinuation;jdk/internal/vm/Continuation.run;jdk/internal/vm/Continuation.enterSpecial;jdk/internal/vm/Continuation.enter;jdk/internal/vm/Continuation.enter0;java/lang/VirtualThread$VThreadContinuation$1.run;java/lang/VirtualThread.run;_notify_jvmti_vthread_start;SharedRuntime::notify_jvmti_vthread_start;JvmtiVTMSTransitionDisabler::VTMS_vthread_start;JvmtiEventController::thread_started;Mutex::lock;pthread_mutex_lock;/usr/lib/x86_64-linux-gnu/libc.so.6;entry_SYSCALL_64_after_hwframe_[k];do_syscall_64_[k];x64_sys_call_[k];__x64_sys_futex_[k];do_futex_[k];futex_wait_[k];__futex_wait_[k] 1
java/util/concurrent/ForkJoinWorkerThread.run;java/util/concurrent/ForkJoinPool.runWorker;java/util/concurrent/ForkJoinPool.scan;java/util/concurrent/ForkJoinPool.signalWork;java/util/concurrent/locks/LockSupport.unpark;jdk/internal/misc/Unsafe.unpark;Unsafe_Unpark;pthread_cond_signal;entry_SYSCALL_64_after_hwframe_[k];do_syscall_64_[k];x64_sys_call_[k];__x64_sys_futex_[k];do_futex_[k];futex_wake_[k] 9
java/util/concurrent/ForkJoinWorkerThread.run;java/util/concurrent/ForkJoinPool.runWorker;java/util/concurrent/ForkJoinPool.scan;java/util/concurrent/ForkJoinPool$WorkQueue.topLevelExec;java/util/concurrent/ForkJoinTask.doExec;java/util/concurrent/ForkJoinTask$RunnableExecuteAction.exec;java/lang/VirtualThread$$Lambda.0x00007aba24039c78.run;java/lang/VirtualThread.runContinuation;jdk/internal/vm/Continuation.run;jdk/internal/vm/Continuation.enterSpecial;jdk/internal/vm/Continuation.enter;jdk/internal/vm/Continuation.enter0;java/lang/VirtualThread$VThreadContinuation$1.run;java/lang/VirtualThread.run;_notify_jvmti_vthread_start;SharedRuntime::notify_jvmti_vthread_start;JvmtiVTMSTransitionDisabler::VTMS_vthread_start;JvmtiEventController::thread_started;JvmtiThreadState::JvmtiThreadState;OopStorage::allocate;Mutex::lock_without_safepoint_check;pthread_mutex_lock 1
java/lang/Thread.run;java/lang/Thread.runWith;java/util/concurrent/ThreadPoolExecutor$Worker.run;java/util/concurrent/ThreadPoolExecutor.runWorker;java/util/concurrent/FutureTask.run;java/util/concurrent/Executors$RunnableAdapter.call;java/util/concurrent/FutureTask.run;org/openjdk/jmh/runner/BenchmarkHandler$BenchmarkTask.call;org/openjdk/jmh/runner/BenchmarkHandler$BenchmarkTask.call;java/lang/reflect/Method.invoke;jdk/internal/reflect/DirectMethodHandleAccessor.invoke;jdk/internal/reflect/DirectMethodHandleAccessor.invokeImpl;java/lang/invoke/LambdaForm$MH.0x00007aba2402e800.invokeExact_MT;java/lang/invoke/LambdaForm$MH.0x00007aba2402e400.invoke;java/lang/invoke/DirectMethodHandle$Holder.invokeSpecial;uk/ac/ncl/jensen/benchmark/jmh_generated/VThreadChurnBenchmark_churn_jmhTest.churn_AverageTime;uk/ac/ncl/jensen/benchmark/jmh_generated/VThreadChurnBenchmark_churn_jmhTest.churn_avgt_jmhStub;uk/ac/ncl/jensen/benchmark/VThreadChurnBenchmark.churn;java/lang/ThreadBuilders$VirtualThreadBuilder.start;java/lang/VirtualThread.start;java/lang/VirtualThread.start;java/lang/VirtualThread.submitRunContinuation;java/util/concurrent/ForkJoinPool.execute;java/util/concurrent/ForkJoinPool.poolSubmit;java/util/concurrent/ForkJoinPool$WorkQueue.push 5
java/util/concurrent/ForkJoinWorkerThread.run;java/util/concurrent/ForkJoinPool.runWorker;java/util/concurrent/ForkJoinPool.scan;java/util/concurrent/ForkJoinPool$WorkQueue.topLevelExec;java/util/concurrent/ForkJoinTask.doExec;java/util/concurrent/ForkJoinTask$RunnableExecuteAction.exec;java/lang/VirtualThread$$Lambda.0x00007aba24039c78.run;java/lang/VirtualThread.runContinuation;java/lang/VirtualThread.unmount;_notify_jvmti_vthread_unmount;SharedRuntime::notify_jvmti_vthread_unmount 5
java/util/concurrent/ForkJoinWorkerThread.run;java/util/concurrent/ForkJoinPool.runWorker;java/util/concurrent/ForkJoinPool.awaitWork;java/util/concurrent/locks/LockSupport.park;jdk/internal/misc/Unsafe.park;Unsafe_Park;Parker::park;__pthread_mutex_unlock;/usr/lib/x86_64-linux-gnu/libc.so.6;entry_SYSCALL_64_after_hwframe_[k];do_syscall_64_[k];x64_sys_call_[k] 1
java/util/concurrent/ForkJoinWorkerThread.run;java/util/concurrent/ForkJoinPool.runWorker;java/util/concurrent/ForkJoinPool.scan;java/util/concurrent/ForkJoinPool$WorkQueue.topLevelExec;java/util/concurrent/ForkJoinTask.doExec;java/util/concurrent/ForkJoinTask$RunnableExecuteAction.exec;java/lang/VirtualThread$$Lambda.0x00007aba24039c78.run;java/lang/VirtualThread.runContinuation;jdk/internal/vm/Continuation.run;jdk/internal/vm/Continuation.enterSpecial;jdk/internal/vm/Continuation.enter;jdk/internal/vm/Continuation.enter0;java/lang/VirtualThread$VThreadContinuation$1.run;java/lang/VirtualThread.run;_notify_jvmti_vthread_start;SharedRuntime::notify_jvmti_vthread_start;JvmtiVTMSTransitionDisabler::VTMS_vthread_start;JvmtiEventController::thread_started;Mutex::lock;pthread_mutex_lock;/usr/lib/x86_64-linux-gnu/libc.so.6;entry_SYSCALL_64_after_hwframe_[k];do_syscall_64_[k];x64_sys_call_[k];__x64_sys_futex_[k];do_futex_[k];futex_wait_[k];__futex_wait_[k];futex_wait_setup_[k];__futex_queue_[k];plist_add_[k] 18
java/util/concurrent/ForkJoinWorkerThread.run;java/util/concurrent/ForkJoinPool.runWorker;java/util/concurrent/ForkJoinPool.scan;java/util/concurrent/ForkJoinPool$WorkQueue.topLevelExec;java/util/concurrent/ForkJoinTask.doExec;java/util/concurrent/ForkJoinTask$RunnableExecuteAction.exec;java/lang/VirtualThread$$Lambda.0x00007aba24039c78.run;java/lang/VirtualThread.runContinuation;jdk/internal/vm/Continuation.run;jdk/internal/vm/Continuation.enterSpecial;jdk/internal/vm/Continuation.enter;jdk/internal/vm/Continuation.enter0;java/lang/VirtualThread$VThreadContinuation$1.run;java/lang/VirtualThread.run;_notify_jvmti_vthread_start;SharedRuntime::notify_jvmti_vthread_start;JvmtiVTMSTransitionDisabler::VTMS_vthread_start;__pthread_mutex_unlock;/usr/lib/x86_64-linux-gnu/libc.so.6;entry_SYSCALL_64_after_hwframe_[k];do_syscall_64_[k];x64_sys_call_[k];__x64_sys_futex_[k];do_futex_[k];futex_wake_[k];wake_up_q_[k];try_to_wake_up_[k];_raw_spin_unlock_irqrestore_[k] 1
java/util/concurrent/ForkJoinWorkerThread.run;java/util/concurrent/ForkJoinPool.runWorker;java/util/concurrent/ForkJoinPool.scan;java/util/concurrent/ForkJoinPool$WorkQueue.topLevelExec;java/util/concurrent/ForkJoinTask.doExec;java/util/concurrent/ForkJoinTask$RunnableExecuteAction.exec;java/lang/VirtualThread$$Lambda.0x00007aba24039c78.run;java/lang/VirtualThread.runContinuation;jdk/internal/vm/Continuation.run;jdk/internal/vm/Continuation.enterSpecial;jdk/internal/vm/Continuation.enter;jdk/internal/vm/Continuation.enter0;java/lang/VirtualThread$VThreadContinuation$1.run;java/lang/VirtualThread.run;_notify_jvmti_vthread_start;SharedRuntime::notify_jvmti_vthread_start 1
java/util/concurrent/ForkJoinWorkerThread.run;java/util/concurrent/ForkJoinPool.runWorker;java/util/concurrent/ForkJoinPool.scan;java/util/concurrent/ForkJoinPool$WorkQueue.topLevelExec;java/util/concurrent/ForkJoinTask.doExec;java/util/concurrent/ForkJoinTask$RunnableExecuteAction.exec;java/lang/VirtualThread$$Lambda.0x00007aba24039c78.run;java/lang/VirtualThread.runContinuation;jdk/internal/vm/Continuation.run;jdk/internal/vm/Continuation.enterSpecial;jdk/internal/vm/Continuation.enter;jdk/internal/vm/Continuation.enter0;java/lang/VirtualThread$VThreadContinuation$1.run;java/lang/VirtualThread.run;_notify_jvmti_vthread_start;SharedRuntime::notify_jvmti_vthread_start;JvmtiVTMSTransitionDisabler::VTMS_vthread_start;__pthread_mutex_unlock;/usr/lib/x86_64-linux-gnu/libc.so.6;entry_SYSCALL_64_after_hwframe_[k];do_syscall_64_[k];x64_sys_call_[k];do_futex_[k] 1
java/util/concurrent/ForkJoinWorkerThread.run;java/util/concurrent/ForkJoinPool.runWorker;java/util/concurrent/ForkJoinPool.scan;java/util/concurrent/ForkJoinPool$WorkQueue.topLevelExec;java/util/concurrent/ForkJoinTask.doExec;java/util/concurrent/ForkJoinTask$RunnableExecuteAction.exec;java/lang/VirtualThread$$Lambda.0x00007aba24039c78.run;java/lang/VirtualThread.runContinuation;jdk/internal/vm/Continuation.run;jdk/internal/vm/Continuation.enterSpecial;jdk/internal/vm/Continuation.enter;jdk/internal/vm/Continuation.enter0;java/lang/VirtualThread$VThreadContinuation$1.run;java/lang/VirtualThread.run;_notify_jvmti_vthread_start;SharedRuntime::notify_jvmti_vthread_start;JvmtiVTMSTransitionDisabler::VTMS_vthread_start;__pthread_mutex_unlock;/usr/lib/x86_64-linux-gnu/libc.so.6;entry_SYSCALL_64_after_hwframe_[k];do_syscall_64_[k];x64_sys_call_[k];__x64_sys_futex_[k];do_futex_[k];_raw_spin_lock_[k] 3
java/util/concurrent/ForkJoinWorkerThread.run;java/util/concurrent/ForkJoinPool.runWorker;java/util/concurrent/ForkJoinPool.scan;java/util/concurrent/ForkJoinPool$WorkQueue.topLevelExec;java/util/concurrent/ForkJoinTask.doExec;java/util/concurrent/ForkJoinTask$RunnableExecuteAction.exec;java/lang/VirtualThread$$Lambda.0x00007aba24039c78.run;java/lang/VirtualThread.runContinuation;jdk/internal/vm/Continuation.run;jdk/internal/vm/Continuation.enterSpecial;jdk/internal/vm/Continuation.enter;jdk/internal/vm/Continuation.enter0;java/lang/VirtualThread$VThreadContinuation$1.run;java/lang/VirtualThread.run;_notify_jvmti_vthread_start;SharedRuntime::notify_jvmti_vthread_start;JvmtiVTMSTransitionDisabler::VTMS_vthread_start;JvmtiVTMSTransitionDisabler::VTMS_mount_end;Mutex::lock;pthread_mutex_trylock 3
java/util/concurrent/ForkJoinWorkerThread.run;java/util/concurrent/ForkJoinPool.runWorker;java/util/concurrent/ForkJoinPool.scan;java/util/concurrent/ForkJoinPool$WorkQueue.topLevelExec;java/util/concurrent/ForkJoinTask.doExec;java/util/concurrent/ForkJoinTask$RunnableExecuteAction.exec;java/lang/VirtualThread$$Lambda.0x00007aba24039c78.run;java/lang/VirtualThread.runContinuation;jdk/internal/vm/Continuation.run;jdk/internal/vm/Continuation.enterSpecial;jdk/internal/vm/Continuation.enter;jdk/internal/vm/Continuation.enter0;java/lang/VirtualThread$VThreadContinuation$1.run;java/lang/VirtualThread.run;_notify_jvmti_vthread_end;SharedRuntime::notify_jvmti_vthread_end;JvmtiVTMSTransitionDisabler::VTMS_vthread_end;JvmtiExport::cleanup_thread;__libc_free;/usr/lib/x86_64-linux-gnu/libc.so.6 1
java/util/concurrent/ForkJoinWorkerThread.run;java/util/concurrent/ForkJoinPool.runWorker;java/util/concurrent/ForkJoinPool.scan;java/util/concurrent/ForkJoinPool$WorkQueue.topLevelExec;java/util/concurrent/ForkJoinTask.doExec;java/util/concurrent/ForkJoinTask$RunnableExecuteAction.exec;java/lang/VirtualThread$$Lambda.0x00007aba24039c78.run;java/lang/VirtualThread.runContinuation;jdk/internal/vm/Continuation.run;jdk/internal/vm/Continuation.enterSpecial;jdk/internal/vm/Continuation.enter;jdk/internal/vm/Continuation.enter0;java/lang/VirtualThread$VThreadContinuation$1.run;java/lang/VirtualThread.run;_notify_jvmti_vthread_end;SharedRuntime::notify_jvmti_vthread_end;JvmtiVTMSTransitionDisabler::VTMS_vthread_end;__pthread_mutex_unlock;/usr/lib/x86_64-linux-gnu/libc.so.6 21
java/util/concurrent/ForkJoinWorkerThread.run;java/util/concurrent/ForkJoinPool.runWorker;java/util/concurrent/ForkJoinPool.scan;java/util/concurrent/ForkJoinPool$WorkQueue.topLevelExec;java/util/concurrent/ForkJoinTask.doExec;java/util/concurrent/ForkJoinTask$RunnableExecuteAction.exec;java/lang/VirtualThread$$Lambda.0x00007aba24039c78.run;java/lang/VirtualThread.runContinuation;jdk/internal/vm/Continuation.run;jdk/internal/vm/Continuation.enterSpecial;jdk/internal/vm/Continuation.enter;jdk/internal/vm/Continuation.enter0;java/lang/VirtualThread$VThreadContinuation$1.run;java/lang/VirtualThread.run;_notify_jvmti_vthread_start;SharedRuntime::notify_jvmti_vthread_start;JvmtiVTMSTransitionDisabler::VTMS_vthread_start;JvmtiVTMSTransitionDisabler::VTMS_mount_end;__pthread_mutex_unlock;/usr/lib/x86_64-linux-gnu/libc.so.6;entry_SYSCALL_64_after_hwframe_[k];do_syscall_64_[k];x64_sys_call_[k];__x64_sys_futex_[k];do_futex_[k];futex_wake_[k];wake_up_q_[k];try_to_wake_up_[k];_raw_spin_unlock_irqrestore_[k] 1
java/util/concurrent/ForkJoinWorkerThread.run;java/util/concurrent/ForkJoinPool.runWorker;java/util/concurrent/ForkJoinPool.scan;java/util/concurrent/ForkJoinPool$WorkQueue.topLevelExec;java/util/concurrent/ForkJoinTask.doExec;java/util/concurrent/ForkJoinTask$RunnableExecuteAction.exec;java/lang/VirtualThread$$Lambda.0x00007aba24039c78.run;java/lang/VirtualThread.runContinuation;jdk/internal/vm/Continuation.run;jdk/internal/vm/Continuation.enterSpecial;jdk/internal/vm/Continuation.enter;jdk/internal/vm/Continuation.enter0;java/lang/VirtualThread$VThreadContinuation$1.run;java/lang/VirtualThread.run;_notify_jvmti_vthread_end;SharedRuntime::notify_jvmti_vthread_end;JvmtiVTMSTransitionDisabler::VTMS_vthread_end;JvmtiExport::cleanup_thread;JvmtiEventController::thread_ended;JvmtiThreadState::~JvmtiThreadState;AccessInternal::PostRuntimeDispatch<G1BarrierSet::AccessBarrier<548964ul, G1BarrierSet>, (AccessInternal::BarrierType)2, 548964ul>::oop_access_barrier 7
java/lang/Thread.run;java/lang/Thread.runWith;java/util/concurrent/ThreadPoolExecutor$Worker.run;java/util/concurrent/ThreadPoolExecutor.runWorker;java/util/concurrent/FutureTask.run;java/util/concurrent/Executors$RunnableAdapter.call;java/util/concurrent/FutureTask.run;org/openjdk/jmh/runner/BenchmarkHandler$BenchmarkTask.call;org/openjdk/jmh/runner/BenchmarkHandler$BenchmarkTask.call;java/lang/reflect/Method.invoke;jdk/internal/reflect/DirectMethodHandleAccessor.invoke;jdk/internal/reflect/DirectMethodHandleAccessor.invokeImpl;java/lang/invoke/LambdaForm$MH.0x00007aba2402e800.invokeExact_MT;java/lang/invoke/LambdaForm$MH.0x00007aba2402e400.invoke;java/lang/invoke/DirectMethodHandle$Holder.invokeSpecial;uk/ac/ncl/jensen/benchmark/jmh_generated/VThreadChurnBenchmark_churn_jmhTest.churn_AverageTime;uk/ac/ncl/jensen/benchmark/jmh_generated/VThreadChurnBenchmark_churn_jmhTest.churn_avgt_jmhStub;uk/ac/ncl/jensen/benchmark/VThreadChurnBenchmark.churn;java/lang/ThreadBuilders$VirtualThreadBuilder.start;java/lang/VirtualThread.start;java/lang/VirtualThread.start;java/lang/VirtualThread.submitRunContinuation;java/util/concurrent/ForkJoinPool.execute;java/util/concurrent/ForkJoinPool.poolSubmit;java/util/concurrent/ForkJoinPool$WorkQueue.push 1
java/util/concurrent/ForkJoinWorkerThread.run;java/util/concurrent/ForkJoinPool.runWorker;java/util/concurrent/ForkJoinPool.scan;java/util/concurrent/ForkJoinPool$WorkQueue.topLevelExec;java/util/concurrent/ForkJoinTask.doExec;java/util/concurrent/ForkJoinTask$RunnableExecuteAction.exec;java/lang/VirtualThread$$Lambda.0x00007aba24039c78.run;java/lang/VirtualThread.runContinuation;jdk/internal/vm/Continuation.run;jdk/internal/vm/Continuation.enterSpecial;jdk/internal/vm/Continuation.enter;jdk/internal/vm/Continuation.enter0;java/lang/VirtualThread$VThreadContinuation$1.run;java/lang/VirtualThread.run;_notify_jvmti_vthread_start;SharedRuntime::notify_jvmti_vthread_start;JvmtiVTMSTransitionDisabler::VTMS_vthread_start;JvmtiVTMSTransitionDisabler::VTMS_mount_end;Mutex::lock;pthread_mutex_lock;/usr/lib/x86_64-linux-gnu/libc.so.6;entry_SYSCALL_64_after_hwframe_[k];do_syscall_64_[k];x64_sys_call_[k];__x64_sys_futex_[k];do_futex_[k];futex_wait_[k];__futex_wait_[k];futex_wait_setup_[k];futex_hash_[k] 2
java/lang/Thread.run;java/lang/Thread.runWith;java/util/concurrent/ThreadPoolExecutor$Worker.run;java/util/concurrent/ThreadPoolExecutor.runWorker;java/util/concurrent/FutureTask.run;java/util/concurrent/Executors$RunnableAdapter.call;java/util/concurrent/FutureTask.run;org/openjdk/jmh/runner/BenchmarkHandler$BenchmarkTask.call;org/openjdk/jmh/runner/BenchmarkHandler$BenchmarkTask.call;java/lang/reflect/Method.invoke;jdk/internal/reflect/DirectMethodHandleAccessor.invoke;jdk/internal/reflect/DirectMethodHandleAccessor.invokeImpl;java/lang/invoke/LambdaForm$MH.0x00007aba2402e800.invokeExact_MT;java/lang/invoke/LambdaForm$MH.0x00007aba2402e400.invoke;java/lang/invoke/DirectMethodHandle$Holder.invokeSpecial;uk/ac/ncl/jensen/benchmark/jmh_generated/VThreadChurnBenchmark_churn_jmhTest.churn_AverageTime;uk/ac/ncl/jensen/benchmark/jmh_generated/VThreadChurnBenchmark_churn_jmhTest.churn_avgt_jmhStub;uk/ac/ncl/jensen/benchmark/VThreadChurnBenchmark.churn;java/lang/Thread.join;java/lang/Thread.join;java/lang/VirtualThread.joinNanos;java/util/concurrent/CountDownLatch.await;java/util/concurrent/locks/AbstractQueuedSynchronizer.acquireSharedInterruptibly;java/util/concurrent/locks/AbstractQueuedSynchronizer.acquire;java/util/concurrent/locks/LockSupport.park;jdk/internal/misc/Unsafe.park;Unsafe_Park;Parker::park;pthread_cond_wait;/usr/lib/x86_64-linux-gnu/libc.so.6;entry_SYSCALL_64_after_hwframe_[k];do_syscall_64_[k];x64_sys_call_[k];__x64_sys_futex_[k];do_futex_[k];futex_wait_[k];__futex_wait_[k];futex_wait_setup_[k] 1
java/util/concurrent/ForkJoinWorkerThread.run;java/util/concurrent/ForkJoinPool.runWorker;java/util/concurrent/ForkJoinPool.scan;java/util/concurrent/ForkJoinPool$WorkQueue.topLevelExec;java/util/concurrent/ForkJoinTask.doExec;java/util/concurrent/ForkJoinTask$RunnableExecuteAction.exec;java/lang/VirtualThread$$Lambda.0x00007aba24039c78.run;java/lang/VirtualThread.runContinuation;jdk/internal/vm/Continuation.run;jdk/internal/vm/Continuation.enterSpecial;jdk/internal/vm/Continuation.enter;jdk/internal/vm/Continuation.enter0;java/lang/VirtualThread$VThreadContinuation$1.run;java/lang/VirtualThread.run;_notify_jvmti_vthread_start;SharedRuntime::notify_jvmti_vthread_start;JvmtiVTMSTransitionDisabler::VTMS_vthread_start;__pthread_mutex_unlock;/usr/lib/x86_64-linux-gnu/libc.so.6;entry_SYSCALL_64_after_hwframe_[k];do_syscall_64_[k];x64_sys_call_[k];__x64_sys_futex_[k];do_futex_[k];futex_wake_[k];futex_wake_mark_[k] 15
java/util/concurrent/ForkJoinWorkerThread.run;java/util/concurrent/ForkJoinPool.runWorker;java/util/concurrent/ForkJoinPool.awaitWork 1
java/lang/Thread.run;java/lang/Thread.runWith;java/util/concurrent/ThreadPoolExecutor$Worker.run;java/util/concurrent/ThreadPoolExecutor.runWorker;java/util/concurrent/FutureTask.run;java/util/concurrent/Executors$RunnableAdapter.call;java/util/concurrent/FutureTask.run;org/openjdk/jmh/runner/BenchmarkHandler$BenchmarkTask.call;org/openjdk/jmh/runner/BenchmarkHandler$BenchmarkTask.call;java/lang/reflect/Method.invoke;jdk/internal/reflect/DirectMethodHandleAccessor.invoke;jdk/internal/reflect/DirectMethodHandleAccessor.invokeImpl;java/lang/invoke/LambdaForm$MH.0x00007aba2402e800.invokeExact_MT;java/lang/invoke/LambdaForm$MH.0x00007aba2402e400.invoke;java/lang/invoke/DirectMethodHandle$Holder.invokeSpecial;uk/ac/ncl/jensen/benchmark/jmh_generated/VThreadChurnBenchmark_churn_jmhTest.churn_AverageTime;uk/ac/ncl/jensen/benchmark/jmh_generated/VThreadChurnBenchmark_churn_jmhTest.churn_avgt_jmhStub;uk/ac/ncl/jensen/benchmark/VThreadChurnBenchmark.churn;java/lang/Thread.join;java/lang/Thread.join;java/lang/VirtualThread.joinNanos;java/util/concurrent/CountDownLatch.await;java/util/concurrent/locks/AbstractQueuedSynchronizer.acquireSharedInterruptibly;java/util/concurrent/locks/AbstractQueuedSynchronizer.acquire;java/util/concurrent/locks/LockSupport.park;jdk/internal/misc/Unsafe.park;Unsafe_Park;Parker::park;pthread_cond_wait;/usr/lib/x86_64-linux-gnu/libc.so.6;entry_SYSCALL_64_after_hwframe_[k];do_syscall_64_[k];x64_sys_call_[k];__x64_sys_futex_[k];do_futex_[k];futex_wait_[k];__futex_wait_[k];futex_do_wait_[k];schedule_[k];__schedule_[k];finish_task_switch.isra.0_[k] 1
java/util/concurrent/ForkJoinWorkerThread.run;java/util/concurrent/ForkJoinPool.runWorker;java/util/concurrent/ForkJoinPool.scan;java/util/concurrent/ForkJoinPool$WorkQueue.topLevelExec;java/util/concurrent/ForkJoinTask.doExec;java/util/concurrent/ForkJoinTask$RunnableExecuteAction.exec;java/lang/VirtualThread$$Lambda.0x00007aba24039c78.run;java/lang/VirtualThread.runContinuation;java/lang/VirtualThread.state 4
java/util/concurrent/ForkJoinWorkerThread.run;java/util/concurrent/ForkJoinPool.runWorker;java/util/concurrent/ForkJoinPool.scan;java/util/concurrent/ForkJoinPool$WorkQueue.topLevelExec;java/util/concurrent/ForkJoinTask.doExec;java/util/concurrent/ForkJoinTask$RunnableExecuteAction.exec;java/lang/VirtualThread$$Lambda.0x00007aba24039c78.run;java/lang/VirtualThread.runContinuation;java/lang/VirtualThread.afterDone;java/lang/VirtualThread.afterDone;jdk/internal/misc/Unsafe.freeMemory;jdk/internal/misc/Unsafe.freeMemory0;Unsafe_FreeMemory0 1
java/util/concurrent/ForkJoinWorkerThread.run;java/util/concurrent/ForkJoinPool.runWorker;java/util/concurrent/ForkJoinPool.scan;java/util/concurrent/ForkJoinPool.signalWork;java/util/concurrent/locks/LockSupport.unpark;jdk/internal/misc/Unsafe.unpark;Unsafe_Unpark;pthread_cond_signal;entry_SYSCALL_64_after_hwframe_[k];do_syscall_64_[k];x64_sys_call_[k];__x64_sys_futex_[k];do_futex_[k];futex_wake_mark_[k] 1
java/lang/Thread.run;java/lang/Thread.runWith;java/util/concurrent/ThreadPoolExecutor$Worker.run;java/util/concurrent/ThreadPoolExecutor.runWorker;java/util/concurrent/FutureTask.run;java/util/concurrent/Executors$RunnableAdapter.call;java/util/concurrent/FutureTask.run;org/openjdk/jmh/runner/BenchmarkHandler$BenchmarkTask.call;org/openjdk/jmh/runner/BenchmarkHandler$BenchmarkTask.call;java/lang/reflect/Method.invoke;jdk/internal/reflect/DirectMethodHandleAccessor.invoke;jdk/internal/reflect/DirectMethodHandleAccessor.invokeImpl;java/lang/invoke/LambdaForm$MH.0x00007aba2402e800.invokeExact_MT;java/lang/invoke/LambdaForm$MH.0x00007aba2402e400.invoke;java/lang/invoke/DirectMethodHandle$Holder.invokeSpecial;uk/ac/ncl/jensen/benchmark/jmh_generated/VThreadChurnBenchmark_churn_jmhTest.churn_AverageTime;uk/ac/ncl/jensen/benchmark/jmh_generated/VThreadChurnBenchmark_churn_jmhTest.churn_avgt_jmhStub;uk/ac/ncl/jensen/benchmark/VThreadChurnBenchmark.churn;java/lang/Thread.join;java/lang/Thread.join;java/lang/VirtualThread.joinNanos;java/util/concurrent/CountDownLatch.await;java/util/concurrent/locks/AbstractQueuedSynchronizer.acquireSharedInterruptibly;java/util/concurrent/locks/AbstractQueuedSynchronizer.acquire;java/util/concurrent/locks/LockSupport.park;jdk/internal/misc/Unsafe.park;Unsafe_Park;Parker::park;JavaThread::is_interrupted;java_lang_Thread::interrupted 1
java/util/concurrent/ForkJoinWorkerThread.run;java/util/concurrent/ForkJoinPool.runWorker;java/util/concurrent/ForkJoinPool.awaitWork;java/util/concurrent/locks/LockSupport.park;jdk/internal/misc/Unsafe.park;Unsafe_Park;Parker::park;pthread_cond_wait;/usr/lib/x86_64-linux-gnu/libc.so.6;entry_SYSCALL_64_after_hwframe_[k];do_syscall_64_[k];x64_sys_call_[k];__x64_sys_futex_[k];do_futex_[k];futex_wait_[k] 2
java/lang/Thread.run;java/lang/Thread.runWith;java/util/concurrent/ThreadPoolExecutor$Worker.run;java/util/concurrent/ThreadPoolExecutor.runWorker;java/util/concurrent/FutureTask.run;java/util/concurrent/Executors$RunnableAdapter.call;java/util/concurrent/FutureTask.run;org/openjdk/jmh/runner/BenchmarkHandler$BenchmarkTask.call;org/openjdk/jmh/runner/BenchmarkHandler$BenchmarkTask.call;java/lang/reflect/Method.invoke;jdk/internal/reflect/DirectMethodHandleAccessor.invoke;jdk/internal/reflect/DirectMethodHandleAccessor.invokeImpl;java/lang/invoke/LambdaForm$MH.0x00007aba2402e800.invokeExact_MT;java/lang/invoke/LambdaForm$MH.0x00007aba2402e400.invoke;java/lang/invoke/DirectMethodHandle$Holder.invokeSpecial;uk/ac/ncl/jensen/benchmark/jmh_generated/VThreadChurnBenchmark_churn_jmhTest.churn_AverageTime;uk/ac/ncl/jensen/benchmark/jmh_generated/VThreadChurnBenchmark_churn_jmhTest.churn_avgt_jmhStub;uk/ac/ncl/jensen/benchmark/VThreadChurnBenchmark.churn;java/lang/ThreadBuilders$VirtualThreadBuilder.start;java/lang/VirtualThread.start;java/lang/VirtualThread.start;jdk/internal/vm/ThreadContainers$RootContainer$TrackingRootContainer.onStart;java/util/concurrent/ConcurrentHashMap$KeySetView.add;java/util/concurrent/ConcurrentHashMap.putVal 1
java/util/concurrent/ForkJoinWorkerThread.run;java/util/concurrent/ForkJoinPool.runWorker;java/util/concurrent/ForkJoinPool.awaitWork 7
java/util/concurrent/ForkJoinWorkerThread.run;java/util/concurrent/ForkJoinPool.runWorker;java/util/concurrent/ForkJoinPool.scan;java/util/concurrent/ForkJoinPool$WorkQueue.topLevelExec;java/util/concurrent/ForkJoinTask.doExec;java/util/concurrent/ForkJoinTask$RunnableExecuteAction.exec;java/lang/VirtualThread$$Lambda.0x00007aba24039c78.run;java/lang/VirtualThread.runContinuation;jdk/internal/vm/Continuation.run;jdk/internal/vm/Continuation.enterSpecial;jdk/internal/vm/Continuation.enter;jdk/internal/vm/Continuation.enter0;java/lang/VirtualThread$VThreadContinuation$1.run;java/lang/VirtualThread.run;_notify_jvmti_vthread_end;SharedRuntime::notify_jvmti_vthread_end;JvmtiVTMSTransitionDisabler::VTMS_vthread_end;JvmtiExport::cleanup_thread;JvmtiEventController::thread_ended;JvmtiThreadState::~JvmtiThreadState;AccessInternal::PostRuntimeDispatch<G1BarrierSet::AccessBarrier<548964ul, G1BarrierSet>, (AccessInternal::BarrierType)2, 548964ul>::oop_access_barrier 1
java/util/concurrent/ForkJoinWorkerThread.run;java/util/concurrent/ForkJoinPool.runWorker;java/util/concurrent/ForkJoinPool.scan;java/util/concurrent/ForkJoinPool$WorkQueue.topLevelExec;java/util/concurrent/ForkJoinTask.doExec;java/util/concurrent/ForkJoinTask$RunnableExecuteAction.exec;java/lang/VirtualThread$$Lambda.0x00007aba24039c78.run;java/lang/VirtualThread.runContinuation;jdk/internal/vm/Continuation.run;jdk/internal/vm/Continuation.enterSpecial;jdk/internal/vm/Continuation.enter;jdk/internal/vm/Continuation.enter0;java/lang/VirtualThread$VThreadContinuation$1.run;java/lang/VirtualThread.run;_notify_jvmti_vthread_start;SharedRuntime::notify_jvmti_vthread_start;JvmtiVTMSTransitionDisabler::VTMS_vthread_start;JvmtiVTMSTransitionDisabler::VTMS_mount_end;Mutex::lock;pthread_mutex_lock;/usr/lib/x86_64-linux-gnu/libc.so.6;entry_SYSCALL_64_after_hwframe_[k];do_syscall_64_[k];x64_sys_call_[k];__x64_sys_futex_[k];do_futex_[k];futex_wait_[k] 1
java/util/concurrent/ForkJoinWorkerThread.run;java/util/concurrent/ForkJoinPool.runWorker;java/util/concurrent/ForkJoinPool.scan;java/util/concurrent/ForkJoinPool$WorkQueue.topLevelExec;java/util/concurrent/ForkJoinTask.doExec;java/util/concurrent/ForkJoinTask$RunnableExecuteAction.exec;java/lang/VirtualThread$$Lambda.0x00007aba24039c78.run;java/lang/VirtualThread.runContinuation;jdk/internal/vm/Continuation.run;jdk/internal/vm/Continuation.enterSpecial;jdk/internal/vm/Continuation.enter;jdk/internal/vm/Continuation.enter0;java/lang/VirtualThread$VThreadContinuation$1.run;java/lang/VirtualThread.run;_notify_jvmti_vthread_start;SharedRuntime::notify_jvmti_vthread_start;JvmtiVTMSTransitionDisabler::VTMS_vthread_start;JvmtiVTMSTransitionDisabler::VTMS_mount_end;Mutex::lock;pthread_mutex_lock;/usr/lib/x86_64-linux-gnu/libc.so.6;entry_SYSCALL_64_after_hwframe_[k];do_syscall_64_[k];x64_sys_call_[k];__x64_sys_futex_[k];do_futex_[k];futex_wait_[k];__futex_wait_[k];futex_wait_setup_[k] 1
java/util/concurrent/ForkJoinWorkerThread.run;java/util/concurrent/ForkJoinPool.runWorker;java/util/concurrent/ForkJoinPool.scan;java/util/concurrent/ForkJoinPool$WorkQueue.topLevelExec;java/util/concurrent/ForkJoinTask.doExec;java/util/concurrent/ForkJoinTask$RunnableExecuteAction.exec;java/lang/VirtualThread$$Lambda.0x00007aba24039c78.run;java/lang/VirtualThread.runContinuation;jdk/internal/vm/Continuation.run;jdk/internal/vm/Continuation.enterSpecial;jdk/internal/vm/Continuation.enter;jdk/internal/vm/Continuation.enter0;java/lang/VirtualThread$VThreadContinuation$1.run;java/lang/VirtualThread.run;_notify_jvmti_vthread_end;SharedRuntime::notify_jvmti_vthread_end;JvmtiVTMSTransitionDisabler::VTMS_vthread_end;AccessInternal::PostRuntimeDispatch<G1BarrierSet::AccessBarrier<548964ul, G1BarrierSet>, (AccessInternal::BarrierType)2, 548964ul>::oop_access_barrier 2
java/util/concurrent/ForkJoinWorkerThread.run;java/util/concurrent/ForkJoinPool.runWorker;java/util/concurrent/ForkJoinPool.awaitWork;java/util/concurrent/locks/LockSupport.park;jdk/internal/misc/Unsafe.park;Unsafe_Park;Parker::park;__pthread_mutex_unlock;/usr/lib/x86_64-linux-gnu/libc.so.6;entry_SYSCALL_64_after_hwframe_[k];do_syscall_64_[k];__x64_sys_futex_[k] 1
java/util/concurrent/ForkJoinWorkerThread.run;java/util/concurrent/ForkJoinPool.runWorker;java/util/concurrent/ForkJoinPool.scan;java/util/concurrent/ForkJoinPool$WorkQueue.topLevelExec;java/util/concurrent/ForkJoinTask.doExec;java/util/concurrent/ForkJoinTask$RunnableExecuteAction.exec;java/lang/VirtualThread$$Lambda.0x00007aba24039c78.run;java/lang/VirtualThread.runContinuation;jdk/internal/vm/Continuation.run;jdk/internal/vm/Continuation.enterSpecial;jdk/internal/vm/Continuation.enter;jdk/internal/vm/Continuation.enter0;java/lang/VirtualThread$VThreadContinuation$1.run;java/lang/VirtualThread.run;_notify_jvmti_vthread_end;SharedRuntime::notify_jvmti_vthread_end;JvmtiVTMSTransitionDisabler::VTMS_vthread_end;JvmtiExport::cleanup_thread;Mutex::lock;pthread_mutex_lock;/usr/lib/x86_64-linux-gnu/libc.so.6;entry_SYSCALL_64_after_hwframe_[k];do_syscall_64_[k];x64_sys_call_[k];__x64_sys_futex_[k] 1
java/util/concurrent/ForkJoinWorkerThread.run;java/util/concurrent/ForkJoinPool.runWorker;java/util/concurrent/ForkJoinPool.scan;java/util/concurrent/ForkJoinPool$WorkQueue.topLevelExec;java/util/concurrent/ForkJoinTask.doExec;java/util/concurrent/ForkJoinTask$RunnableExecuteAction.exec;java/lang/VirtualThread$$Lambda.0x00007aba24039c78.run;java/lang/VirtualThread.runContinuation;jdk/internal/vm/Continuation.run;jdk/internal/vm/Continuation.enterSpecial;jdk/internal/vm/Continuation.enter;jdk/internal/vm/Continuation.enter0;java/lang/VirtualThread$VThreadContinuation$1.run;java/lang/VirtualThread.run;_notify_jvmti_vthread_end;SharedRuntime::notify_jvmti_vthread_end;JvmtiVTMSTransitionDisabler::VTMS_vthread_end;JavaThread::threadObj 3
java/util/concurrent/ForkJoinWorkerThread.run;java/util/concurrent/ForkJoinPool.runWorker;java/util/concurrent/ForkJoinPool.scan;java/util/concurrent/ForkJoinPool$WorkQueue.topLevelExec;java/util/concurrent/ForkJoinTask.doExec;java/util/concurrent/ForkJoinTask$RunnableExecuteAction.exec;java/lang/VirtualThread$$Lambda.0x00007aba24039c78.run;java/lang/VirtualThread.runContinuation;jdk/internal/vm/Continuation.run;jdk/internal/vm/Continuation.enterSpecial;jdk/internal/vm/Continuation.enter;jdk/internal/vm/Continuation.enter0;java/lang/VirtualThread$VThreadContinuation$1.run;java/lang/VirtualThread.run;_notify_jvmti_vthread_start;SharedRuntime::notify_jvmti_vthread_start;JvmtiVTMSTransitionDisabler::VTMS_vthread_start;JvmtiVTMSTransitionDisabler::finish_VTMS_transition;java_lang_Thread::set_is_in_VTMS_transition 22
java/util/concurrent/ForkJoinWorkerThread.run;java/util/concurrent/ForkJoinPool.runWorker;java/util/concurrent/ForkJoinPool.scan;java/util/concurrent/ForkJoinPool$WorkQueue.topLevelExec;java/util/concurrent/ForkJoinTask.doExec;java/util/concurrent/ForkJoinTask$RunnableExecuteAction.exec;java/lang/VirtualThread$$Lambda.0x00007aba24039c78.run;java/lang/VirtualThread.runContinuation;jdk/internal/vm/Continuation.run;jdk/internal/vm/Continuation.enterSpecial;jdk/internal/vm/Continuation.enter;jdk/internal/vm/Continuation.enter0;java/lang/VirtualThread$VThreadContinuation$1.run;java/lang/VirtualThread.run;_notify_jvmti_vthread_start;SharedRuntime::notify_jvmti_vthread_start;JvmtiVTMSTransitionDisabler::VTMS_vthread_start;JvmtiVTMSTransitionDisabler::VTMS_mount_end;__pthread_mutex_unlock;/usr/lib/x86_64-linux-gnu/libc.so.6 12
java/util/concurrent/ForkJoinWorkerThread.run;java/util/concurrent/ForkJoinPool.runWorker;java/util/concurrent/ForkJoinPool.scan;java/util/concurrent/ForkJoinPool$WorkQueue.topLevelExec;java/util/concurrent/ForkJoinTask.doExec;java/util/concurrent/ForkJoinTask$RunnableExecuteAction.exec;java/lang/VirtualThread$$Lambda.0x00007aba24039c78.run;java/lang/VirtualThread.runContinuation;jdk/internal/vm/Continuation.run;jdk/internal/vm/Continuation.enterSpecial;jdk/internal/vm/Continuation.enter;jdk/internal/vm/Continuation.enter0;java/lang/VirtualThread$VThreadContinuation$1.run;java/lang/VirtualThread.run;_notify_jvmti_vthread_start;SharedRuntime::notify_jvmti_vthread_start;JvmtiVTMSTransitionDisabler::VTMS_vthread_start;JvmtiEventController::thread_started;Mutex::lock;pthread_mutex_lock;/usr/lib/x86_64-linux-gnu/libc.so.6;entry_SYSCALL_64_after_hwframe_[k];do_syscall_64_[k];x64_sys_call_[k];__x64_sys_futex_[k];do_futex_[k];futex_wait_[k];__futex_wait_[k];futex_q_unlock_[k] 2
java/lang/Thread.run;java/lang/Thread.runWith;java/util/concurrent/ThreadPoolExecutor$Worker.run;java/util/concurrent/ThreadPoolExecutor.runWorker;java/util/concurrent/FutureTask.run;java/util/concurrent/Executors$RunnableAdapter.call;java/util/concurrent/FutureTask.run;org/openjdk/jmh/runner/BenchmarkHandler$BenchmarkTask.call;org/openjdk/jmh/runner/BenchmarkHandler$BenchmarkTask.call;java/lang/reflect/Method.invoke;jdk/internal/reflect/DirectMethodHandleAccessor.invoke;jdk/internal/reflect/DirectMethodHandleAccessor.invokeImpl;java/lang/invoke/LambdaForm$MH.0x00007aba2402e800.invokeExact_MT;java/lang/invoke/LambdaForm$MH.0x00007aba2402e400.invoke;java/lang/invoke/DirectMethodHandle$Holder.invokeSpecial;uk/ac/ncl/jensen/benchmark/jmh_generated/VThreadChurnBenchmark_churn_jmhTest.churn_AverageTime;uk/ac/ncl/jensen/benchmark/jmh_generated/VThreadChurnBenchmark_churn_jmhTest.churn_avgt_jmhStub;uk/ac/ncl/jensen/benchmark/VThreadChurnBenchmark.churn;java/lang/ThreadBuilders$VirtualThreadBuilder.start;java/lang/VirtualThread.start;java/lang/VirtualThread.start;java/lang/VirtualThread.submitRunContinuation 1
java/util/concurrent/ForkJoinWorkerThread.run;java/util/concurrent/ForkJoinPool.runWorker;java/util/concurrent/ForkJoinPool.scan;java/util/concurrent/ForkJoinPool$WorkQueue.topLevelExec;java/util/concurrent/ForkJoinTask.doExec;java/util/concurrent/ForkJoinTask$RunnableExecuteAction.exec;java/lang/VirtualThread$$Lambda.0x00007aba24039c78.run;java/lang/VirtualThread.runContinuation;jdk/internal/vm/Continuation.run;jdk/internal/vm/Continuation.enterSpecial;jdk/internal/vm/Continuation.enter;jdk/internal/vm/Continuation.enter0;java/lang/VirtualThread$VThreadContinuation$1.run;java/lang/VirtualThread.run;java/lang/Thread.runWith;uk/ac/ncl/jensen/benchmark/VThreadChurnBenchmark$$Lambda.0x00007aba24029bb0.run;uk/ac/ncl/jensen/benchmark/VThreadChurnBenchmark.lambda$churn$0;org/openjdk/jmh/infra/Blackhole.consumeCPU 1
java/util/concurrent/ForkJoinWorkerThread.run;java/util/concurrent/ForkJoinPool.runWorker;java/util/concurrent/ForkJoinPool.scan 1
java/lang/Thread.run;java/lang/Thread.runWith;java/util/concurrent/ThreadPoolExecutor$Worker.run;java/util/concurrent/ThreadPoolExecutor.runWorker;java/util/concurrent/FutureTask.run;java/util/concurrent/Executors$RunnableAdapter.call;java/util/concurrent/FutureTask.run;org/openjdk/jmh/runner/BenchmarkHandler$BenchmarkTask.call;org/openjdk/jmh/runner/BenchmarkHandler$BenchmarkTask.call;java/lang/reflect/Method.invoke;jdk/internal/reflect/DirectMethodHandleAccessor.invoke;jdk/internal/reflect/DirectMethodHandleAccessor.invokeImpl;java/lang/invoke/LambdaForm$MH.0x00007aba2402e800.invokeExact_MT;java/lang/invoke/LambdaForm$MH.0x00007aba2402e400.invoke;java/lang/invoke/DirectMethodHandle$Holder.invokeSpecial;uk/ac/ncl/jensen/benchmark/jmh_generated/VThreadChurnBenchmark_churn_jmhTest.churn_AverageTime;uk/ac/ncl/jensen/benchmark/jmh_generated/VThreadChurnBenchmark_churn_jmhTest.churn_avgt_jmhStub;uk/ac/ncl/jensen/benchmark/VThreadChurnBenchmark.churn;java/lang/ThreadBuilders$VirtualThreadBuilder.start;java/lang/VirtualThread.start;java/lang/VirtualThread.start;java/lang/VirtualThread.submitRunContinuation;java/util/concurrent/ForkJoinPool.execute;java/util/concurrent/ForkJoinPool.poolSubmit;java/util/concurrent/ForkJoinPool$WorkQueue.push;java/util/concurrent/ForkJoinPool$WorkQueue.getAndSetAccess 3
java/util/concurrent/ForkJoinWorkerThread.run;java/util/concurrent/ForkJoinPool.runWorker;java/util/concurrent/ForkJoinPool.scan 58
java/util/concurrent/ForkJoinWorkerThread.run;java/util/concurrent/ForkJoinPool.runWorker;java/util/concurrent/ForkJoinPool.scan;jdk/internal/misc/Unsafe.loadFence 4
java/util/concurrent/ForkJoinWorkerThread.run;java/util/concurrent/ForkJoinPool.runWorker;java/util/concurrent/ForkJoinPool.scan;java/util/concurrent/ForkJoinPool$WorkQueue.topLevelExec;java/util/concurrent/ForkJoinTask.doExec;java/util/concurrent/ForkJoinTask$RunnableExecuteAction.exec;java/lang/VirtualThread$$Lambda.0x00007aba24039c78.run;java/lang/VirtualThread.runContinuation;jdk/internal/vm/Continuation.run;jdk/internal/vm/Continuation.enterSpecial;jdk/internal/vm/Continuation.enter;jdk/internal/vm/Continuation.enter0;java/lang/VirtualThread$VThreadContinuation$1.run;java/lang/VirtualThread.run;_notify_jvmti_vthread_end;SharedRuntime::notify_jvmti_vthread_end;JvmtiVTMSTransitionDisabler::VTMS_vthread_end;__pthread_mutex_unlock;/usr/lib/x86_64-linux-gnu/libc.so.6;entry_SYSCALL_64_after_hwframe_[k];do_syscall_64_[k];x64_sys_call_[k];__x64_sys_futex_[k];do_futex_[k];futex_hash_[k] 1
java/lang/Thread.run;java/lang/Thread.runWith;java/util/concurrent/ThreadPoolExecutor$Worker.run;java/util/concurrent/ThreadPoolExecutor.runWorker;java/util/concurrent/FutureTask.run;java/util/concurrent/Executors$RunnableAdapter.call;java/util/concurrent/FutureTask.run;org/openjdk/jmh/runner/BenchmarkHandler$BenchmarkTask.call;org/openjdk/jmh/runner/BenchmarkHandler$BenchmarkTask.call;java/lang/reflect/Method.invoke;jdk/internal/reflect/DirectMethodHandleAccessor.invoke;jdk/internal/reflect/DirectMethodHandleAccessor.invokeImpl;java/lang/invoke/LambdaForm$MH.0x00007aba2402e800.invokeExact_MT;java/lang/invoke/LambdaForm$MH.0x00007aba2402e400.invoke;java/lang/invoke/DirectMethodHandle$Holder.invokeSpecial;uk/ac/ncl/jensen/benchmark/jmh_generated/VThreadChurnBenchmark_churn_jmhTest.churn_AverageTime;uk/ac/ncl/jensen/benchmark/jmh_generated/VThreadChurnBenchmark_churn_jmhTest.churn_avgt_jmhStub;uk/ac/ncl/jensen/benchmark/VThreadChurnBenchmark.churn;java/lang/ThreadBuilders$VirtualThreadBuilder.start;java/lang/VirtualThread.start;java/lang/VirtualThread.start;jdk/internal/misc/Unsafe.allocateMemory;jdk/internal/misc/Unsafe.allocateMemory0;Unsafe_AllocateMemory0;os::malloc 3
java/util/concurrent/ForkJoinWorkerThread.run;java/util/concurrent/ForkJoinPool.runWorker;java/util/concurrent/ForkJoinPool.scan;java/util/concurrent/ForkJoinPool$WorkQueue.topLevelExec;java/util/concurrent/ForkJoinTask.doExec;java/util/concurrent/ForkJoinTask$RunnableExecuteAction.exec;java/lang/VirtualThread$$Lambda.0x00007aba24039c78.run;java/lang/VirtualThread.runContinuation;jdk/internal/vm/Continuation.run;jdk/internal/vm/Continuation.enterSpecial;jdk/internal/vm/Continuation.enter;jdk/internal/vm/Continuation.enter0;java/lang/VirtualThread$VThreadContinuation$1.run;java/lang/VirtualThread.run;_notify_jvmti_vthread_end;SharedRuntime::notify_jvmti_vthread_end;JvmtiVTMSTransitionDisabler::VTMS_vthread_end;JvmtiExport::cleanup_thread;Mutex::lock;pthread_mutex_lock;/usr/lib/x86_64-linux-gnu/libc.so.6;entry_SYSCALL_64_after_hwframe_[k];do_syscall_64_[k] 18
java/lang/Thread.run;java/lang/Thread.runWith;java/util/concurrent/ThreadPoolExecutor$Worker.run;java/util/concurrent/ThreadPoolExecutor.runWorker;java/util/concurrent/FutureTask.run;java/util/concurrent/Executors$RunnableAdapter.call;java/util/concurrent/FutureTask.run;org/openjdk/jmh/runner/BenchmarkHandler$BenchmarkTask.call;org/openjdk/jmh/runner/BenchmarkHandler$BenchmarkTask.call;java/lang/reflect/Method.invoke;jdk/internal/reflect/DirectMethodHandleAccessor.invoke;jdk/internal/reflect/DirectMethodHandleAccessor.invokeImpl;java/lang/invoke/LambdaForm$MH.0x00007aba2402e800.invokeExact_MT;java/lang/invoke/LambdaForm$MH.0x00007aba2402e400.invoke;java/lang/invoke/DirectMethodHandle$Holder.invokeSpecial;uk/ac/ncl/jensen/benchmark/jmh_generated/VThreadChurnBenchmark_churn_jmhTest.churn_AverageTime;uk/ac/ncl/jensen/benchmark/jmh_generated/VThreadChurnBenchmark_churn_jmhTest.churn_avgt_jmhStub;uk/ac/ncl/jensen/benchmark/VThreadChurnBenchmark.churn;java/lang/ThreadBuilders$VirtualThreadBuilder.start;java/lang/ThreadBuilders$VirtualThreadBuilder.unstarted;java/lang/ThreadBuilders.newVirtualThread;java/lang/VirtualThread.<init>;java/lang/VirtualThread$VThreadContinuation.<init>;java/lang/VirtualThread$VThreadContinuation.wrap 1
java/util/concurrent/ForkJoinWorkerThread.run;java/util/concurrent/ForkJoinPool.runWorker;java/util/concurrent/ForkJoinPool.scan;java/util/concurrent/ForkJoinPool$WorkQueue.topLevelExec;java/util/concurrent/ForkJoinTask.doExec;java/util/concurrent/ForkJoinTask$RunnableExecuteAction.exec;java/lang/VirtualThread$$Lambda.0x00007aba24039c78.run;java/lang/VirtualThread.runContinuation;jdk/internal/vm/Continuation.run;jdk/internal/vm/Continuation.enterSpecial;jdk/internal/vm/Continuation.enter;jdk/internal/vm/Continuation.enter0;java/lang/VirtualThread$VThreadContinuation$1.run;java/lang/VirtualThread.run;_notify_jvmti_vthread_start;SharedRuntime::notify_jvmti_vthread_start;JvmtiVTMSTransitionDisabler::VTMS_vthread_start;JvmtiEventController::thread_started;Mutex::lock;pthread_mutex_lock;/usr/lib/x86_64-linux-gnu/libc.so.6;entry_SYSCALL_64_after_hwframe_[k];do_syscall_64_[k];x64_sys_call_[k];__x64_sys_futex_[k];do_futex_[k];futex_wait_[k];__futex_wait_[k];futex_wait_setup_[k];futex_q_lock_[k];_raw_spin_lock_[k];native_queued_spin_lock_slowpath_[k] 152
java/util/concurrent/ForkJoinWorkerThread.run;java/util/concurrent/ForkJoinPool.runWorker;java/util/concurrent/ForkJoinPool.scan;java/util/concurrent/ForkJoinPool$WorkQueue.topLevelExec;java/util/concurrent/ForkJoinTask.doExec;java/util/concurrent/ForkJoinTask$RunnableExecuteAction.exec;java/lang/VirtualThread$$Lambda.0x00007aba24039c78.run;java/lang/VirtualThread.runContinuation;jdk/internal/vm/Continuation.run;jdk/internal/vm/Continuation.enterSpecial;jdk/internal/vm/Continuation.enter;jdk/internal/vm/Continuation.enter0;java/lang/VirtualThread$VThreadContinuation$1.run;java/lang/VirtualThread.run;_notify_jvmti_vthread_start;SharedRuntime::notify_jvmti_vthread_start;JvmtiVTMSTransitionDisabler::VTMS_vthread_start;JvmtiEventController::thread_started;AllocateHeap;os::malloc;malloc 1
java/util/concurrent/ForkJoinWorkerThread.run;java/util/concurrent/ForkJoinPool.runWorker;java/util/concurrent/ForkJoinPool.scan;java/util/concurrent/ForkJoinPool$WorkQueue.topLevelExec;java/util/concurrent/ForkJoinTask.doExec;java/util/concurrent/ForkJoinTask$RunnableExecuteAction.exec;java/lang/VirtualThread$$Lambda.0x00007aba24039c78.run;java/lang/VirtualThread.runContinuation;jdk/internal/vm/Continuation.run;jdk/internal/vm/Continuation.enterSpecial;jdk/internal/vm/Continuation.enter;jdk/internal/vm/Continuation.enter0;java/lang/VirtualThread$VThreadContinuation$1.run;java/lang/VirtualThread.run;_notify_jvmti_vthread_start;SharedRuntime::notify_jvmti_vthread_start;JvmtiVTMSTransitionDisabler::VTMS_vthread_start;JvmtiVTMSTransitionDisabler::VTMS_mount_end;Mutex::lock;pthread_mutex_lock;/usr/lib/x86_64-linux-gnu/libc.so.6;entry_SYSCALL_64_after_hwframe_[k];do_syscall_64_[k];x64_sys_call_[k];__x64_sys_futex_[k];do_futex_[k];futex_wait_[k];__futex_wait_[k];futex_wait_setup_[k];_raw_spin_lock_[k] 36
java/util/concurrent/ForkJoinWorkerThread.run;java/util/concurrent/ForkJoinPool.runWorker;java/util/concurrent/ForkJoinPool.scan;java/util/concurrent/ForkJoinPool$WorkQueue.topLevelExec;java/util/concurrent/ForkJoinTask.doExec;java/util/concurrent/ForkJoinTask$RunnableExecuteAction.exec;java/lang/VirtualThread$$Lambda.0x00007aba24039c78.run;java/lang/VirtualThread.runContinuation;jdk/internal/vm/Continuation.run;jdk/internal/vm/Continuation.enterSpecial;jdk/internal/vm/Continuation.enter;jdk/internal/vm/Continuation.enter0;java/lang/VirtualThread$VThreadContinuation$1.run;java/lang/VirtualThread.run;_notify_jvmti_vthread_start;SharedRuntime::notify_jvmti_vthread_start;JvmtiVTMSTransitionDisabler::VTMS_vthread_start;JvmtiEventController::thread_started;JvmtiThreadState::JvmtiThreadState;java_lang_VirtualThread::is_instance 5
java/util/concurrent/ForkJoinWorkerThread.run;java/util/concurrent/ForkJoinPool.runWorker;java/util/concurrent/ForkJoinPool.scan;java/util/concurrent/ForkJoinPool$WorkQueue.topLevelExec;java/util/concurrent/ForkJoinTask.doExec;java/util/concurrent/ForkJoinTask$RunnableExecuteAction.exec;java/lang/VirtualThread$$Lambda.0x00007aba24039c78.run;java/lang/VirtualThread.runContinuation;jdk/internal/vm/Continuation.run;jdk/internal/vm/Continuation.enterSpecial;jdk/internal/vm/Continuation.enter;jdk/internal/vm/Continuation.enter0;java/lang/VirtualThread$VThreadContinuation$1.run;java/lang/VirtualThread.run;_notify_jvmti_vthread_start;SharedRuntime::notify_jvmti_vthread_start;JvmtiVTMSTransitionDisabler::VTMS_vthread_start;JvmtiEventController::thread_started;JvmtiThreadState::JvmtiThreadState;OopStorage::allocate 1
java/util/concurrent/ForkJoinWorkerThread.run;java/util/concurrent/ForkJoinPool.runWorker;java/util/concurrent/ForkJoinPool.scan;java/util/concurrent/ForkJoinPool$WorkQueue.topLevelExec;java/util/concurrent/ForkJoinTask.doExec;java/util/concurrent/ForkJoinTask$RunnableExecuteAction.exec;java/lang/VirtualThread$$Lambda.0x00007aba24039c78.run;java/lang/VirtualThread.runContinuation;jdk/internal/vm/Continuation.run;jdk/internal/vm/Continuation.enterSpecial;jdk/internal/vm/Continuation.enter;jdk/internal/vm/Continuation.enter0;java/lang/VirtualThread$VThreadContinuation$1.run;java/lang/VirtualThread.run;_notify_jvmti_vthread_start;SharedRuntime::notify_jvmti_vthread_start;JvmtiVTMSTransitionDisabler::VTMS_vthread_start;JvmtiVTMSTransitionDisabler::VTMS_mount_end;__pthread_mutex_unlock;/usr/lib/x86_64-linux-gnu/libc.so.6;entry_SYSCALL_64_after_hwframe_[k];do_syscall_64_[k];x64_sys_call_[k];__x64_sys_futex_[k];do_futex_[k];futex_wake_[k];get_futex_key_[k] 2
java/util/concurrent/ForkJoinWorkerThread.run;java/util/concurrent/ForkJoinPool.runWorker;java/util/concurrent/ForkJoinPool.scan;java/util/concurrent/ForkJoinPool$WorkQueue.topLevelExec;java/util/concurrent/ForkJoinTask.doExec;java/util/concurrent/ForkJoinTask$RunnableExecuteAction.exec;java/lang/VirtualThread$$Lambda.0x00007aba24039c78.run;java/lang/VirtualThread.runContinuation;java/lang/VirtualThread.unmount;_notify_jvmti_vthread_unmount;SharedRuntime::notify_jvmti_vthread_unmount;JvmtiVTMSTransitionDisabler::finish_VTMS_transition;JavaThread::set_is_in_VTMS_transition 1
java/util/concurrent/ForkJoinWorkerThread.run;java/util/concurrent/ForkJoinPool.runWorker;java/util/concurrent/ForkJoinPool.scan;java/util/concurrent/ForkJoinPool$WorkQueue.topLevelExec;java/util/concurrent/ForkJoinTask.doExec;java/util/concurrent/ForkJoinTask$RunnableExecuteAction.exec;java/lang/VirtualThread$$Lambda.0x00007aba24039c78.run;java/lang/VirtualThread.runContinuation;jdk/internal/vm/Continuation.run;jdk/internal/vm/Continuation.enterSpecial;jdk/internal/vm/Continuation.enter;jdk/internal/vm/Continuation.enter0;java/lang/VirtualThread$VThreadContinuation$1.run;java/lang/VirtualThread.run;_notify_jvmti_vthread_end;SharedRuntime::notify_jvmti_vthread_end;JvmtiVTMSTransitionDisabler::VTMS_vthread_end;__pthread_mutex_unlock;/usr/lib/x86_64-linux-gnu/libc.so.6;entry_SYSCALL_64_after_hwframe_[k];do_syscall_64_[k];x64_sys_call_[k];__x64_sys_futex_[k];do_futex_[k];futex_wake_[k];wake_up_q_[k];try_to_wake_up_[k];_raw_spin_unlock_irqrestore_[k] 122
java/util/concurrent/ForkJoinWorkerThread.run;java/util/concurrent/ForkJoinPool.runWorker;java/util/concurrent/ForkJoinPool.scan;java/util/concurrent/ForkJoinPool$WorkQueue.topLevelExec;java/util/concurrent/ForkJoinTask.doExec;java/util/concurrent/ForkJoinTask$RunnableExecuteAction.exec;java/lang/VirtualThread$$Lambda.0x00007aba24039c78.run;java/lang/VirtualThread.runContinuation;java/lang/VirtualThread.mount;_notify_jvmti_vthread_mount;SharedRuntime::notify_jvmti_vthread_mount;JvmtiVTMSTransitionDisabler::start_VTMS_transition 1
java/lang/Thread.run;java/lang/Thread.runWith;java/util/concurrent/ThreadPoolExecutor$Worker.run;java/util/concurrent/ThreadPoolExecutor.runWorker;java/util/concurrent/FutureTask.run;java/util/concurrent/Executors$RunnableAdapter.call;java/util/concurrent/FutureTask.run;org/openjdk/jmh/runner/BenchmarkHandler$BenchmarkTask.call;org/openjdk/jmh/runner/BenchmarkHandler$BenchmarkTask.call;java/lang/reflect/Method.invoke;jdk/internal/reflect/DirectMethodHandleAccessor.invoke;jdk/internal/reflect/DirectMethodHandleAccessor.invokeImpl;java/lang/invoke/LambdaForm$MH.0x00007aba2402e800.invokeExact_MT;java/lang/invoke/LambdaForm$MH.0x00007aba2402e400.invoke;java/lang/invoke/DirectMethodHandle$Holder.invokeSpecial;uk/ac/ncl/jensen/benchmark/jmh_generated/VThreadChurnBenchmark_churn_jmhTest.churn_AverageTime;uk/ac/ncl/jensen/benchmark/jmh_generated/VThreadChurnBenchmark_churn_jmhTest.churn_avgt_jmhStub;uk/ac/ncl/jensen/benchmark/VThreadChurnBenchmark.churn;java/lang/ThreadBuilders$VirtualThreadBuilder.start;java/lang/ThreadBuilders$VirtualThreadBuilder.unstarted;java/lang/ThreadBuilders.newVirtualThread;asm_exc_page_fault_[k];exc_page_fault_[k];do_user_addr_fault_[k];handle_mm_fault_[k];__handle_mm_fault_[k];handle_pte_fault_[k];do_anonymous_page_[k];folio_add_new_anon_rmap_[k];__folio_mod_stat_[k];__lruvec_stat_mod_folio_[k];mod_memcg_lruvec_state_[k] 1
java/util/concurrent/ForkJoinWorkerThread.run;java/util/concurrent/ForkJoinPool.runWorker;java/util/concurrent/ForkJoinPool.scan;java/util/concurrent/ForkJoinPool$WorkQueue.topLevelExec;java/util/concurrent/ForkJoinTask.doExec;java/util/concurrent/ForkJoinTask$RunnableExecuteAction.exec;java/lang/VirtualThread$$Lambda.0x00007aba24039c78.run;java/lang/VirtualThread.runContinuation;jdk/internal/vm/Continuation.run;jdk/internal/vm/Continuation.enterSpecial;jdk/internal/vm/Continuation.enter;jdk/internal/vm/Continuation.enter0;java/lang/VirtualThread$VThreadContinuation$1.run;java/lang/VirtualThread.run;_notify_jvmti_vthread_end;SharedRuntime::notify_jvmti_vthread_end;JvmtiVTMSTransitionDisabler::VTMS_vthread_end;__pthread_mutex_unlock;/usr/lib/x86_64-linux-gnu/libc.so.6;entry_SYSCALL_64_after_hwframe_[k];do_syscall_64_[k];x64_sys_call_[k];__x64_sys_futex_[k];do_futex_[k];futex_wake_[k];wake_up_q_[k];try_to_wake_up_[k] 1
java/util/concurrent/ForkJoinWorkerThread.run;java/util/concurrent/ForkJoinPool.runWorker;java/util/concurrent/ForkJoinPool.scan;java/util/concurrent/ForkJoinPool$WorkQueue.topLevelExec;java/util/concurrent/ForkJoinTask.doExec;java/util/concurrent/ForkJoinTask$RunnableExecuteAction.exec;java/lang/VirtualThread$$Lambda.0x00007aba24039c78.run;java/lang/VirtualThread.runContinuation;jdk/internal/vm/Continuation.run;jdk/internal/vm/Continuation.enterSpecial;jdk/internal/vm/Continuation.enter;jdk/internal/vm/Continuation.enter0;java/lang/VirtualThread$VThreadContinuation$1.run;java/lang/VirtualThread.run;_notify_jvmti_vthread_start;SharedRuntime::notify_jvmti_vthread_start;JvmtiVTMSTransitionDisabler::VTMS_vthread_start;JvmtiVTMSTransitionDisabler::VTMS_mount_end;Mutex::lock;pthread_mutex_lock;/usr/lib/x86_64-linux-gnu/libc.so.6;entry_SYSCALL_64_after_hwframe_[k];do_syscall_64_[k];x64_sys_call_[k];__x64_sys_futex_[k];do_futex_[k];futex_wait_[k];__futex_wait_[k];futex_wait_setup_[k];futex_q_lock_[k];_raw_spin_lock_[k];native_queued_spin_lock_slowpath_[k] 1228
java/lang/Thread.run;java/lang/Thread.runWith;java/util/concurrent/ThreadPoolExecutor$Worker.run;java/util/concurrent/ThreadPoolExecutor.runWorker;java/util/concurrent/FutureTask.run;java/util/concurrent/Executors$RunnableAdapter.call;java/util/concurrent/FutureTask.run;org/openjdk/jmh/runner/BenchmarkHandler$BenchmarkTask.call;org/openjdk/jmh/runner/BenchmarkHandler$BenchmarkTask.call;java/lang/reflect/Method.invoke;jdk/internal/reflect/DirectMethodHandleAccessor.invoke;jdk/internal/reflect/DirectMethodHandleAccessor.invokeImpl;java/lang/invoke/LambdaForm$MH.0x00007aba2402e800.invokeExact_MT;java/lang/invoke/LambdaForm$MH.0x00007aba2402e400.invoke;java/lang/invoke/DirectMethodHandle$Holder.invokeSpecial;uk/ac/ncl/jensen/benchmark/jmh_generated/VThreadChurnBenchmark_churn_jmhTest.churn_AverageTime;uk/ac/ncl/jensen/benchmark/jmh_generated/VThreadChurnBenchmark_churn_jmhTest.churn_avgt_jmhStub;uk/ac/ncl/jensen/benchmark/VThreadChurnBenchmark.churn;java/lang/ThreadBuilders$VirtualThreadBuilder.start;java/lang/VirtualThread.start;java/lang/VirtualThread.start;jdk/internal/misc/Unsafe.allocateMemory;jdk/internal/misc/Unsafe.allocateMemory0;Unsafe_AllocateMemory0 3
java/util/concurrent/ForkJoinWorkerThread.run;java/util/concurrent/ForkJoinPool.runWorker;java/util/concurrent/ForkJoinPool.scan;java/util/concurrent/ForkJoinPool$WorkQueue.topLevelExec;java/util/concurrent/ForkJoinTask.doExec;java/util/concurrent/ForkJoinTask$RunnableExecuteAction.exec;java/lang/VirtualThread$$Lambda.0x00007aba24039c78.run;java/lang/VirtualThread.runContinuation;jdk/internal/vm/Continuation.run;jdk/internal/vm/Continuation.enterSpecial;jdk/internal/vm/Continuation.enter;jdk/internal/vm/Continuation.enter0;java/lang/VirtualThread$VThreadContinuation$1.run;java/lang/VirtualThread.run;_notify_jvmti_vthread_end;SharedRuntime::notify_jvmti_vthread_end;JvmtiVTMSTransitionDisabler::VTMS_vthread_end;__pthread_mutex_unlock;/usr/lib/x86_64-linux-gnu/libc.so.6;entry_SYSCALL_64_after_hwframe_[k];do_syscall_64_[k];x64_sys_call_[k];__x64_sys_futex_[k];do_futex_[k];futex_wake_[k];wake_up_q_[k];try_to_wake_up_[k];_raw_spin_unlock_irqrestore_[k] 2
java/util/concurrent/ForkJoinWorkerThread.run;java/util/concurrent/ForkJoinPool.runWorker;java/util/concurrent/ForkJoinPool.scan;java/util/concurrent/ForkJoinPool$WorkQueue.topLevelExec;java/util/concurrent/ForkJoinTask.doExec;java/util/concurrent/ForkJoinTask$RunnableExecuteAction.exec;java/lang/VirtualThread$$Lambda.0x00007aba24039c78.run;java/lang/VirtualThread.runContinuation;jdk/internal/vm/Continuation.run;jdk/internal/vm/Continuation.enterSpecial;jdk/internal/vm/Continuation.enter;jdk/internal/vm/Continuation.enter0;java/lang/VirtualThread$VThreadContinuation$1.run;java/lang/VirtualThread.run;_notify_jvmti_vthread_end;SharedRuntime::notify_jvmti_vthread_end;JvmtiVTMSTransitionDisabler::VTMS_vthread_end;__pthread_mutex_unlock;/usr/lib/x86_64-linux-gnu/libc.so.6;entry_SYSCALL_64_after_hwframe_[k];do_syscall_64_[k];x64_sys_call_[k];__x64_sys_futex_[k];do_futex_[k];futex_wake_[k];futex_hash_[k] 72
java/util/concurrent/ForkJoinWorkerThread.run;java/util/concurrent/ForkJoinPool.runWorker;java/util/concurrent/ForkJoinPool.scan;java/util/concurrent/ForkJoinPool$WorkQueue.topLevelExec;java/util/concurrent/ForkJoinTask.doExec;java/util/concurrent/ForkJoinTask$RunnableExecuteAction.exec;java/lang/VirtualThread$$Lambda.0x00007aba24039c78.run;java/lang/VirtualThread.runContinuation;jdk/internal/vm/Continuation.run;jdk/internal/vm/Continuation.enterSpecial;jdk/internal/vm/Continuation.enter;jdk/internal/vm/Continuation.enter0;java/lang/VirtualThread$VThreadContinuation$1.run;java/lang/VirtualThread.run;_notify_jvmti_vthread_start;SharedRuntime::notify_jvmti_vthread_start;JvmtiVTMSTransitionDisabler::VTMS_vthread_start;JvmtiEventController::thread_started;Mutex::lock;pthread_mutex_lock;/usr/lib/x86_64-linux-gnu/libc.so.6;entry_SYSCALL_64_after_hwframe_[k];do_syscall_64_[k];x64_sys_call_[k];__x64_sys_futex_[k];do_futex_[k];futex_wait_[k];__futex_wait_[k];futex_wait_setup_[k] 62
java/util/concurrent/ForkJoinWorkerThread.run;java/util/concurrent/ForkJoinPool.runWorker;java/util/concurrent/ForkJoinPool.scan;java/util/concurrent/ForkJoinPool$WorkQueue.topLevelExec;java/util/concurrent/ForkJoinTask.doExec;java/util/concurrent/ForkJoinTask$RunnableExecuteAction.exec;java/lang/VirtualThread$$Lambda.0x00007aba24039c78.run;java/lang/VirtualThread.runContinuation;java/lang/VirtualThread.afterDone;java/lang/VirtualThread.afterDone;jdk/internal/misc/Unsafe.freeMemory;jdk/internal/misc/Unsafe.freeMemory0;Unsafe_FreeMemory0;__libc_free 1
java/util/concurrent/ForkJoinWorkerThread.run;java/util/concurrent/ForkJoinPool.runWorker;java/util/concurrent/ForkJoinPool.awaitWork;java/util/concurrent/locks/LockSupport.park;jdk/internal/misc/Unsafe.park;Unsafe_Park;JavaThreadParkedState::JavaThreadParkedState;java_lang_Thread::get_thread_status 1
java/util/concurrent/ForkJoinWorkerThread.run;java/util/concurrent/ForkJoinPool.runWorker;java/util/concurrent/ForkJoinPool.scan;java/util/concurrent/ForkJoinPool$WorkQueue.topLevelExec;java/util/concurrent/ForkJoinTask.doExec;java/util/concurrent/ForkJoinTask$RunnableExecuteAction.exec;java/lang/VirtualThread$$Lambda.0x00007aba24039c78.run;java/lang/VirtualThread.runContinuation;jdk/internal/vm/Continuation.run;jdk/internal/vm/Continuation.enterSpecial;jdk/internal/vm/Continuation.enter;jdk/internal/vm/Continuation.enter0;java/lang/VirtualThread$VThreadContinuation$1.run;java/lang/VirtualThread.run;_notify_jvmti_vthread_end;SharedRuntime::notify_jvmti_vthread_end;JvmtiVTMSTransitionDisabler::VTMS_vthread_end;__pthread_mutex_unlock;/usr/lib/x86_64-linux-gnu/libc.so.6;entry_SYSCALL_64_after_hwframe_[k];do_syscall_64_[k];x64_sys_call_[k];__x64_sys_futex_[k];do_futex_[k];futex_wake_[k];wake_up_q_[k];try_to_wake_up_[k] 6
java/util/concurrent/ForkJoinWorkerThread.run;java/util/concurrent/ForkJoinPool.runWorker;java/util/concurrent/ForkJoinPool.scan;java/util/concurrent/ForkJoinPool$WorkQueue.topLevelExec;java/util/concurrent/ForkJoinTask.doExec;java/util/concurrent/ForkJoinTask$RunnableExecuteAction.exec;java/lang/VirtualThread$$Lambda.0x00007aba24039c78.run;java/lang/VirtualThread.runContinuation;jdk/internal/vm/Continuation.run;jdk/internal/vm/Continuation.enterSpecial;jdk/internal/vm/Continuation.enter;jdk/internal/vm/Continuation.enter0;java/lang/VirtualThread$VThreadContinuation$1.run;java/lang/VirtualThread.run;_notify_jvmti_vthread_end;SharedRuntime::notify_jvmti_vthread_end;JvmtiVTMSTransitionDisabler::VTMS_vthread_end;__pthread_mutex_unlock;/usr/lib/x86_64-linux-gnu/libc.so.6;entry_SYSCALL_64_after_hwframe_[k];do_syscall_64_[k];x64_sys_call_[k];__x64_sys_futex_[k];do_futex_[k];futex_wake_[k];wake_up_q_[k];try_to_wake_up_[k];_raw_spin_unlock_irqrestore_[k] 10
java/util/concurrent/ForkJoinWorkerThread.run;java/util/concurrent/ForkJoinPool.runWorker;java/util/concurrent/ForkJoinPool.scan;java/util/concurrent/ForkJoinPool$WorkQueue.topLevelExec;java/util/concurrent/ForkJoinTask.doExec;java/util/concurrent/ForkJoinTask$RunnableExecuteAction.exec;java/lang/VirtualThread$$Lambda.0x00007aba24039c78.run;java/lang/VirtualThread.runContinuation;jdk/internal/vm/Continuation.run;jdk/internal/vm/Continuation.enterSpecial;jdk/internal/vm/Continuation.enter;jdk/internal/vm/Continuation.enter0;java/lang/VirtualThread$VThreadContinuation$1.run;java/lang/VirtualThread.run;_notify_jvmti_vthread_start;SharedRuntime::notify_jvmti_vthread_start;JvmtiVTMSTransitionDisabler::VTMS_vthread_start;JvmtiEventController::thread_started;Mutex::lock;pthread_mutex_lock;/usr/lib/x86_64-linux-gnu/libc.so.6;entry_SYSCALL_64_after_hwframe_[k];do_syscall_64_[k];x64_sys_call_[k];__x64_sys_futex_[k];do_futex_[k];futex_wait_[k];__futex_wait_[k];futex_wait_setup_[k];get_futex_key_[k] 1
java/util/concurrent/ForkJoinWorkerThread.run;java/util/concurrent/ForkJoinPool.runWorker;java/util/concurrent/ForkJoinPool.scan;java/util/concurrent/ForkJoinPool$WorkQueue.topLevelExec;java/util/concurrent/ForkJoinTask.doExec;java/util/concurrent/ForkJoinTask$RunnableExecuteAction.exec;java/lang/VirtualThread$$Lambda.0x00007aba24039c78.run;java/lang/VirtualThread.runContinuation;jdk/internal/vm/Continuation.run;jdk/internal/vm/Continuation.enterSpecial;jdk/internal/vm/Continuation.enter;jdk/internal/vm/Continuation.enter0;java/lang/VirtualThread$VThreadContinuation$1.run;java/lang/VirtualThread.run;_notify_jvmti_vthread_start;SharedRuntime::notify_jvmti_vthread_start;JvmtiVTMSTransitionDisabler::VTMS_vthread_start;JvmtiEventController::thread_started;Mutex::lock;pthread_mutex_lock;/usr/lib/x86_64-linux-gnu/libc.so.6;entry_SYSCALL_64_after_hwframe_[k];do_syscall_64_[k] 9
java/util/concurrent/ForkJoinWorkerThread.run;java/util/concurrent/ForkJoinPool.runWorker;java/util/concurrent/ForkJoinPool.scan 7
java/util/concurrent/ForkJoinWorkerThread.run;java/util/concurrent/ForkJoinPool.runWorker;java/util/concurrent/ForkJoinPool.scan;java/util/concurrent/ForkJoinPool$WorkQueue.topLevelExec;java/util/concurrent/ForkJoinTask.doExec;java/util/concurrent/ForkJoinTask$RunnableExecuteAction.exec;java/lang/VirtualThread$$Lambda.0x00007aba24039c78.run;java/lang/VirtualThread.runContinuation;java/lang/VirtualThread.afterDone;java/lang/VirtualThread.afterDone;jdk/internal/misc/Unsafe.freeMemory;jdk/internal/misc/Unsafe.freeMemory0;Unsafe_FreeMemory0;__libc_free;/usr/lib/x86_64-linux-gnu/libc.so.6 4
java/util/concurrent/ForkJoinWorkerThread.run;java/util/concurrent/ForkJoinPool.runWorker;java/util/concurrent/ForkJoinPool.scan;java/util/concurrent/ForkJoinPool$WorkQueue.topLevelExec;java/util/concurrent/ForkJoinTask.doExec;java/util/concurrent/ForkJoinTask$RunnableExecuteAction.exec;java/lang/VirtualThread$$Lambda.0x00007aba24039c78.run;java/lang/VirtualThread.runContinuation;java/lang/VirtualThread.mount;java/lang/VirtualThread.setCarrierThread 19
java/lang/Thread.run;java/lang/Thread.runWith;java/util/concurrent/ThreadPoolExecutor$Worker.run;java/util/concurrent/ThreadPoolExecutor.runWorker;java/util/concurrent/FutureTask.run;java/util/concurrent/Executors$RunnableAdapter.call;java/util/concurrent/FutureTask.run;org/openjdk/jmh/runner/BenchmarkHandler$BenchmarkTask.call;org/openjdk/jmh/runner/BenchmarkHandler$BenchmarkTask.call;java/lang/reflect/Method.invoke;jdk/internal/reflect/DirectMethodHandleAccessor.invoke;jdk/internal/reflect/DirectMethodHandleAccessor.invokeImpl;java/lang/invoke/LambdaForm$MH.0x00007aba2402e800.invokeExact_MT;java/lang/invoke/LambdaForm$MH.0x00007aba2402e400.invoke;java/lang/invoke/DirectMethodHandle$Holder.invokeSpecial;uk/ac/ncl/jensen/benchmark/jmh_generated/VThreadChurnBenchmark_churn_jmhTest.churn_AverageTime;uk/ac/ncl/jensen/benchmark/jmh_generated/VThreadChurnBenchmark_churn_jmhTest.churn_avgt_jmhStub;uk/ac/ncl/jensen/benchmark/VThreadChurnBenchmark.churn;java/lang/ThreadBuilders$VirtualThreadBuilder.start;java/lang/VirtualThread.start;java/lang/VirtualThread.start;jdk/internal/vm/ThreadContainers$RootContainer$TrackingRootContainer.onStart;java/util/concurrent/ConcurrentHashMap$KeySetView.add;java/util/concurrent/ConcurrentHashMap.putVal;asm_exc_page_fault_[k];exc_page_fault_[k];do_user_addr_fault_[k];handle_mm_fault_[k];__handle_mm_fault_[k];handle_pte_fault_[k];do_anonymous_page_[k];alloc_anon_folio_[k];__mem_cgroup_charge_[k];try_charge_memcg_[k] 1
java/util/concurrent/ForkJoinWorkerThread.run;java/util/concurrent/ForkJoinPool.runWorker;java/util/concurrent/ForkJoinPool.scan;java/util/concurrent/ForkJoinPool$WorkQueue.topLevelExec;java/util/concurrent/ForkJoinTask.doExec;java/util/concurrent/ForkJoinTask$RunnableExecuteAction.exec;java/lang/VirtualThread$$Lambda.0x00007aba24039c78.run;java/lang/VirtualThread.runContinuation;java/lang/VirtualThread.compareAndSetState 7
java/util/concurrent/ForkJoinWorkerThread.run;java/util/concurrent/ForkJoinPool.runWorker;java/util/concurrent/ForkJoinPool.scan;java/util/concurrent/ForkJoinPool$WorkQueue.topLevelExec;java/util/concurrent/ForkJoinTask.doExec;java/util/concurrent/ForkJoinTask$RunnableExecuteAction.exec;java/lang/VirtualThread$$Lambda.0x00007aba24039c78.run;java/lang/VirtualThread.runContinuation;java/lang/VirtualThread.afterDone;java/lang/VirtualThread.afterDone;jdk/internal/misc/Unsafe.freeMemory;jdk/internal/misc/Unsafe.freeMemory0 3
java/util/concurrent/ForkJoinWorkerThread.run;java/util/concurrent/ForkJoinPool.runWorker;java/util/concurrent/ForkJoinPool.scan;java/util/concurrent/ForkJoinPool$WorkQueue.topLevelExec;java/util/concurrent/ForkJoinTask.doExec;java/util/concurrent/ForkJoinTask$RunnableExecuteAction.exec;java/lang/VirtualThread$$Lambda.0x00007aba24039c78.run;java/lang/VirtualThread.runContinuation;jdk/internal/vm/Continuation.run;jdk/internal/vm/Continuation.enterSpecial;jdk/internal/vm/Continuation.enter;jdk/internal/vm/Continuation.enter0;java/lang/VirtualThread$VThreadContinuation$1.run;java/lang/VirtualThread.run;_notify_jvmti_vthread_end;SharedRuntime::notify_jvmti_vthread_end;JvmtiVTMSTransitionDisabler::VTMS_vthread_end;__pthread_mutex_unlock;/usr/lib/x86_64-linux-gnu/libc.so.6;entry_SYSCALL_64_after_hwframe_[k];do_syscall_64_[k];x64_sys_call_[k];__x64_sys_futex_[k] 2
java/util/concurrent/ForkJoinWorkerThread.run;java/util/concurrent/ForkJoinPool.runWorker;java/util/concurrent/ForkJoinPool.scan;java/util/concurrent/ForkJoinPool$WorkQueue.topLevelExec;java/util/concurrent/ForkJoinTask.doExec;java/util/concurrent/ForkJoinTask$RunnableExecuteAction.exec;java/lang/VirtualThread$$Lambda.0x00007aba24039c78.run;java/lang/VirtualThread.runContinuation;jdk/internal/vm/Continuation.run;jdk/internal/vm/Continuation.enterSpecial;jdk/internal/vm/Continuation.enter;jdk/internal/vm/Continuation.enter0;java/lang/VirtualThread$VThreadContinuation$1.run;java/lang/VirtualThread.run;_notify_jvmti_vthread_start;SharedRuntime::notify_jvmti_vthread_start;JvmtiVTMSTransitionDisabler::VTMS_vthread_start;JvmtiVTMSTransitionDisabler::VTMS_mount_end;Mutex::lock;pthread_mutex_lock;/usr/lib/x86_64-linux-gnu/libc.so.6;entry_SYSCALL_64_after_hwframe_[k];do_syscall_64_[k];x64_sys_call_[k];__x64_sys_futex_[k];do_futex_[k];futex_wait_[k];__futex_wait_[k];futex_hash_put_[k] 4
java/util/concurrent/ForkJoinWorkerThread.run;java/util/concurrent/ForkJoinPool.runWorker;java/util/concurrent/ForkJoinPool.scan;java/util/concurrent/ForkJoinPool$WorkQueue.topLevelExec;java/util/concurrent/ForkJoinTask.doExec;java/util/concurrent/ForkJoinTask$RunnableExecuteAction.exec;java/lang/VirtualThread$$Lambda.0x00007aba24039c78.run;java/lang/VirtualThread.runContinuation;jdk/internal/vm/Continuation.run;jdk/internal/vm/Continuation.enterSpecial;jdk/internal/vm/Continuation.enter;jdk/internal/vm/Continuation.enter0;java/lang/VirtualThread$VThreadContinuation$1.run;java/lang/VirtualThread.run;java/lang/Thread.runWith;uk/ac/ncl/jensen/benchmark/VThreadChurnBenchmark$$Lambda.0x00007aba24029bb0.run;uk/ac/ncl/jensen/benchmark/VThreadChurnBenchmark.lambda$churn$0;org/openjdk/jmh/infra/Blackhole.consumeCPU 1
java/util/concurrent/ForkJoinWorkerThread.run;java/util/concurrent/ForkJoinPool.runWorker;java/util/concurrent/ForkJoinPool.awaitWork;java/util/concurrent/locks/LockSupport.park;jdk/internal/misc/Unsafe.park;Unsafe_Park 5
java/lang/Thread.run;java/lang/Thread.runWith;java/util/concurrent/ThreadPoolExecutor$Worker.run;java/util/concurrent/ThreadPoolExecutor.runWorker;java/util/concurrent/FutureTask.run;java/util/concurrent/Executors$RunnableAdapter.call;java/util/concurrent/FutureTask.run;org/openjdk/jmh/runner/BenchmarkHandler$BenchmarkTask.call;org/openjdk/jmh/runner/BenchmarkHandler$BenchmarkTask.call;java/lang/reflect/Method.invoke;jdk/internal/reflect/DirectMethodHandleAccessor.invoke;jdk/internal/reflect/DirectMethodHandleAccessor.invokeImpl;java/lang/invoke/LambdaForm$MH.0x00007aba2402e800.invokeExact_MT;java/lang/invoke/LambdaForm$MH.0x00007aba2402e400.invoke;java/lang/invoke/DirectMethodHandle$Holder.invokeSpecial;uk/ac/ncl/jensen/benchmark/jmh_generated/VThreadChurnBenchmark_churn_jmhTest.churn_AverageTime;uk/ac/ncl/jensen/benchmark/jmh_generated/VThreadChurnBenchmark_churn_jmhTest.churn_avgt_jmhStub;uk/ac/ncl/jensen/benchmark/VThreadChurnBenchmark.churn;java/lang/Thread.join;java/lang/Thread.join;java/lang/VirtualThread.joinNanos;java/util/concurrent/CountDownLatch.await;java/util/concurrent/locks/AbstractQueuedSynchronizer.acquireSharedInterruptibly;java/util/concurrent/locks/AbstractQueuedSynchronizer.acquire 2
java/util/concurrent/ForkJoinWorkerThread.run;java/util/concurrent/ForkJoinPool.runWorker;java/util/concurrent/ForkJoinPool.scan 1335
java/util/concurrent/ForkJoinWorkerThread.run;java/util/concurrent/ForkJoinPool.runWorker;java/util/concurrent/ForkJoinPool.scan;java/util/concurrent/ForkJoinPool$WorkQueue.topLevelExec;java/util/concurrent/ForkJoinTask.doExec;java/util/concurrent/ForkJoinTask$RunnableExecuteAction.exec;java/lang/VirtualThread$$Lambda.0x00007aba24039c78.run;java/lang/VirtualThread.runContinuation;jdk/internal/vm/Continuation.run;jdk/internal/vm/Continuation.enterSpecial;jdk/internal/vm/Continuation.enter;jdk/internal/vm/Continuation.enter0;java/lang/VirtualThread$VThreadContinuation$1.run;java/lang/VirtualThread.run;_notify_jvmti_vthread_end;SharedRuntime::notify_jvmti_vthread_end;JvmtiVTMSTransitionDisabler::VTMS_vthread_end;__pthread_mutex_unlock;/usr/lib/x86_64-linux-gnu/libc.so.6;entry_SYSCALL_64_after_hwframe_[k];do_syscall_64_[k];x64_sys_call_[k];__x64_sys_futex_[k];do_futex_[k];futex_wake_[k];futex_hash_[k];__futex_hash_[k] 1
java/util/concurrent/ForkJoinWorkerThread.run;java/util/concurrent/ForkJoinPool.runWorker;java/util/concurrent/ForkJoinPool.scan;java/util/concurrent/ForkJoinPool$WorkQueue.topLevelExec;java/util/concurrent/ForkJoinTask.doExec;java/util/concurrent/ForkJoinTask$RunnableExecuteAction.exec;java/lang/VirtualThread$$Lambda.0x00007aba24039c78.run;java/lang/VirtualThread.runContinuation;java/lang/VirtualThread.state 32
java/util/concurrent/ForkJoinWorkerThread.run;java/util/concurrent/ForkJoinPool.runWorker;java/util/concurrent/ForkJoinPool.scan;java/util/concurrent/ForkJoinPool$WorkQueue.topLevelExec;java/util/concurrent/ForkJoinTask.doExec;java/util/concurrent/ForkJoinTask$RunnableExecuteAction.exec;java/lang/VirtualThread$$Lambda.0x00007aba24039c78.run;java/lang/VirtualThread.runContinuation;java/lang/VirtualThread.unmount;_notify_jvmti_vthread_unmount;SharedRuntime::notify_jvmti_vthread_unmount;JvmtiVTMSTransitionDisabler::finish_VTMS_transition;java_lang_Thread::set_is_in_VTMS_transition 7
java/util/concurrent/ForkJoinWorkerThread.run;java/util/concurrent/ForkJoinPool.runWorker;java/util/concurrent/ForkJoinPool.scan;java/util/concurrent/ForkJoinPool$WorkQueue.topLevelExec;java/util/concurrent/ForkJoinTask.doExec;java/util/concurrent/ForkJoinTask$RunnableExecuteAction.exec;java/lang/VirtualThread$$Lambda.0x00007aba24039c78.run;java/lang/VirtualThread.runContinuation;jdk/internal/vm/Continuation.run;jdk/internal/vm/Continuation.enterSpecial;jdk/internal/vm/Continuation.enter;jdk/internal/vm/Continuation.enter0;java/lang/VirtualThread$VThreadContinuation$1.run;java/lang/VirtualThread.run;_notify_jvmti_vthread_end;SharedRuntime::notify_jvmti_vthread_end;JvmtiVTMSTransitionDisabler::VTMS_vthread_end;JvmtiVTMSTransitionDisabler::start_VTMS_transition 2
java/lang/Thread.run;java/lang/Thread.runWith;java/util/concurrent/ThreadPoolExecutor$Worker.run;java/util/concurrent/ThreadPoolExecutor.runWorker;java/util/concurrent/FutureTask.run;java/util/concurrent/Executors$RunnableAdapter.call;java/util/concurrent/FutureTask.run;org/openjdk/jmh/runner/BenchmarkHandler$BenchmarkTask.call;org/openjdk/jmh/runner/BenchmarkHandler$BenchmarkTask.call;java/lang/reflect/Method.invoke;jdk/internal/reflect/DirectMethodHandleAccessor.invoke;jdk/internal/reflect/DirectMethodHandleAccessor.invokeImpl;java/lang/invoke/LambdaForm$MH.0x00007aba2402e800.invokeExact_MT;java/lang/invoke/LambdaForm$MH.0x00007aba2402e400.invoke;java/lang/invoke/DirectMethodHandle$Holder.invokeSpecial;uk/ac/ncl/jensen/benchmark/jmh_generated/VThreadChurnBenchmark_churn_jmhTest.churn_AverageTime;uk/ac/ncl/jensen/benchmark/jmh_generated/VThreadChurnBenchmark_churn_jmhTest.churn_avgt_jmhStub;uk/ac/ncl/jensen/benchmark/VThreadChurnBenchmark.churn;java/lang/ThreadBuilders$VirtualThreadBuilder.start;java/lang/ThreadBuilders$VirtualThreadBuilder.unstarted;java/lang/ThreadBuilders.newVirtualThread;java/lang/VirtualThread.<init>;java/lang/invoke/Invokers$Holder.linkToTargetMethod;java/lang/invoke/DirectMethodHandle$Holder.newInvokeSpecial;java/lang/invoke/DirectMethodHandle.allocateInstance;asm_exc_page_fault_[k];exc_page_fault_[k];do_user_addr_fault_[k];handle_mm_fault_[k];__handle_mm_fault_[k];handle_pte_fault_[k];do_anonymous_page_[k];_raw_spin_lock_[k] 1
java/util/concurrent/ForkJoinWorkerThread.run;java/util/concurrent/ForkJoinPool.runWorker;java/util/concurrent/ForkJoinPool.scan 3
java/util/concurrent/ForkJoinWorkerThread.run;java/util/concurrent/ForkJoinPool.runWorker;java/util/concurrent/ForkJoinPool.scan;java/util/concurrent/ForkJoinPool$WorkQueue.topLevelExec;java/util/concurrent/ForkJoinTask.doExec;java/util/concurrent/ForkJoinTask$RunnableExecuteAction.exec;java/lang/VirtualThread$$Lambda.0x00007aba24039c78.run;java/lang/VirtualThread.runContinuation;jdk/internal/vm/Continuation.run;jdk/internal/vm/Continuation.enterSpecial;jdk/internal/vm/Continuation.enter;jdk/internal/vm/Continuation.enter0;java/lang/VirtualThread$VThreadContinuation$1.run;java/lang/VirtualThread.run;_notify_jvmti_vthread_start;SharedRuntime::notify_jvmti_vthread_start;JvmtiVTMSTransitionDisabler::VTMS_vthread_start;JvmtiVTMSTransitionDisabler::VTMS_mount_end;__pthread_mutex_unlock;/usr/lib/x86_64-linux-gnu/libc.so.6;entry_SYSCALL_64_after_hwframe_[k];do_syscall_64_[k];x64_sys_call_[k];__x64_sys_futex_[k];do_futex_[k];futex_hash_put_[k] 17
java/util/concurrent/ForkJoinWorkerThread.run;java/util/concurrent/ForkJoinPool.runWorker;java/util/concurrent/ForkJoinPool.scan;java/util/concurrent/ForkJoinPool$WorkQueue.topLevelExec;java/util/concurrent/ForkJoinTask.doExec;java/util/concurrent/ForkJoinTask$RunnableExecuteAction.exec;java/lang/VirtualThread$$Lambda.0x00007aba24039c78.run;java/lang/VirtualThread.runContinuation;jdk/internal/vm/Continuation.run;jdk/internal/vm/Continuation.enterSpecial;jdk/internal/vm/Continuation.enter;jdk/internal/vm/Continuation.enter0;java/lang/VirtualThread$VThreadContinuation$1.run;java/lang/VirtualThread.run;_notify_jvmti_vthread_end;SharedRuntime::notify_jvmti_vthread_end;JvmtiVTMSTransitionDisabler::VTMS_vthread_end;JvmtiExport::cleanup_thread;JvmtiEventController::thread_ended;JvmtiThreadState::~JvmtiThreadState 1
java/util/concurrent/ForkJoinWorkerThread.run;java/util/concurrent/ForkJoinPool.runWorker;java/util/concurrent/ForkJoinPool.scan;java/util/concurrent/ForkJoinPool$WorkQueue.topLevelExec;java/util/concurrent/ForkJoinTask.doExec;java/util/concurrent/ForkJoinTask$RunnableExecuteAction.exec;java/lang/VirtualThread$$Lambda.0x00007aba24039c78.run;java/lang/VirtualThread.runContinuation;jdk/internal/vm/Continuation.run;jdk/internal/vm/Continuation.enterSpecial;jdk/internal/vm/Continuation.enter;jdk/internal/vm/Continuation.enter0;java/lang/VirtualThread$VThreadContinuation$1.run;java/lang/VirtualThread.run;_notify_jvmti_vthread_start;SharedRuntime::notify_jvmti_vthread_start;JvmtiVTMSTransitionDisabler::VTMS_vthread_start;JvmtiVTMSTransitionDisabler::VTMS_mount_end;__pthread_mutex_unlock;/usr/lib/x86_64-linux-gnu/libc.so.6;entry_SYSCALL_64_after_hwframe_[k];do_syscall_64_[k];x64_sys_call_[k];__x64_sys_futex_[k] 1
java/util/concurrent/ForkJoinWorkerThread.run;java/util/concurrent/ForkJoinPool.runWorker;java/util/concurrent/ForkJoinPool.scan;java/util/concurrent/ForkJoinPool$WorkQueue.topLevelExec;java/util/concurrent/ForkJoinTask.doExec;java/util/concurrent/ForkJoinTask$RunnableExecuteAction.exec;java/lang/VirtualThread$$Lambda.0x00007aba24039c78.run;java/lang/VirtualThread.runContinuation;jdk/internal/vm/Continuation.run;jdk/internal/vm/Continuation.enterSpecial;jdk/internal/vm/Continuation.enter;jdk/internal/vm/Continuation.enter0;java/lang/VirtualThread$VThreadContinuation$1.run;java/lang/VirtualThread.run;_notify_jvmti_vthread_end;SharedRuntime::notify_jvmti_vthread_end;JvmtiVTMSTransitionDisabler::VTMS_vthread_end;__pthread_mutex_unlock;/usr/lib/x86_64-linux-gnu/libc.so.6;entry_SYSCALL_64_after_hwframe_[k];do_syscall_64_[k] 4
java/util/concurrent/ForkJoinWorkerThread.run;java/util/concurrent/ForkJoinPool.runWorker;java/util/concurrent/ForkJoinPool.scan;java/util/concurrent/ForkJoinPool$WorkQueue.topLevelExec;java/util/concurrent/ForkJoinTask.doExec;java/util/concurrent/ForkJoinTask$RunnableExecuteAction.exec;java/lang/VirtualThread$$Lambda.0x00007aba24039c78.run;java/lang/VirtualThread.runContinuation;java/lang/VirtualThread.afterDone;java/lang/VirtualThread.afterDone;jdk/internal/vm/ThreadContainers$RootContainer$TrackingRootContainer.onExit;java/util/concurrent/ConcurrentHashMap$KeySetView.remove;java/util/concurrent/ConcurrentHashMap.remove;java/util/concurrent/ConcurrentHashMap.replaceNode;java/util/concurrent/ConcurrentHashMap.tabAt 1
java/util/concurrent/ForkJoinWorkerThread.run;java/util/concurrent/ForkJoinPool.runWorker;java/util/concurrent/ForkJoinPool.scan;java/util/concurrent/ForkJoinPool$WorkQueue.topLevelExec;java/util/concurrent/ForkJoinTask.doExec;java/util/concurrent/ForkJoinTask$RunnableExecuteAction.exec;java/lang/VirtualThread$$Lambda.0x00007aba24039c78.run;java/lang/VirtualThread.runContinuation;java/lang/VirtualThread.unmount;_notify_jvmti_vthread_unmount;SharedRuntime::notify_jvmti_vthread_unmount;JvmtiVTMSTransitionDisabler::finish_VTMS_transition 2
java/util/concurrent/ForkJoinWorkerThread.run;java/util/concurrent/ForkJoinPool.runWorker;java/util/concurrent/ForkJoinPool.scan;java/util/concurrent/ForkJoinPool$WorkQueue.topLevelExec;java/util/concurrent/ForkJoinTask.doExec;java/util/concurrent/ForkJoinTask$RunnableExecuteAction.exec;java/lang/VirtualThread$$Lambda.0x00007aba24039c78.run;java/lang/VirtualThread.runContinuation;jdk/internal/vm/Continuation.run;jdk/internal/vm/Continuation.enterSpecial;jdk/internal/vm/Continuation.enter;jdk/internal/vm/Continuation.enter0;java/lang/VirtualThread$VThreadContinuation$1.run;java/lang/VirtualThread.run 1
java/util/concurrent/ForkJoinWorkerThread.run;java/util/concurrent/ForkJoinPool.runWorker;java/util/concurrent/ForkJoinPool.scan;java/util/concurrent/ForkJoinPool$WorkQueue.topLevelExec;java/util/concurrent/ForkJoinTask.doExec;java/util/concurrent/ForkJoinTask$RunnableExecuteAction.exec;java/lang/VirtualThread$$Lambda.0x00007aba24039c78.run;java/lang/VirtualThread.runContinuation;jdk/internal/vm/Continuation.run;jdk/internal/vm/Continuation.enterSpecial;jdk/internal/vm/Continuation.enter;jdk/internal/vm/Continuation.enter0;java/lang/VirtualThread$VThreadContinuation$1.run;java/lang/VirtualThread.run;_notify_jvmti_vthread_start;SharedRuntime::notify_jvmti_vthread_start;JvmtiVTMSTransitionDisabler::VTMS_vthread_start;JvmtiEventController::thread_started;Mutex::lock;pthread_mutex_lock;/usr/lib/x86_64-linux-gnu/libc.so.6;entry_SYSCALL_64_after_hwframe_[k];do_syscall_64_[k];x64_sys_call_[k];__x64_sys_futex_[k];do_futex_[k];futex_wait_[k];__futex_wait_[k];futex_wait_setup_[k];futex_hash_[k];__futex_hash_[k] 1
java/util/concurrent/ForkJoinWorkerThread.run;java/util/concurrent/ForkJoinPool.runWorker;java/util/concurrent/ForkJoinPool.scan;java/util/concurrent/ForkJoinPool$WorkQueue.topLevelExec;java/util/concurrent/ForkJoinTask.doExec;java/util/concurrent/ForkJoinTask$RunnableExecuteAction.exec;java/lang/VirtualThread$$Lambda.0x00007aba24039c78.run;java/lang/VirtualThread.runContinuation;jdk/internal/vm/Continuation.run;jdk/internal/vm/Continuation.enterSpecial;jdk/internal/vm/Continuation.enter;jdk/internal/vm/Continuation.enter0;java/lang/VirtualThread$VThreadContinuation$1.run;java/lang/VirtualThread.run;_notify_jvmti_vthread_start;SharedRuntime::notify_jvmti_vthread_start;JvmtiVTMSTransitionDisabler::VTMS_vthread_start;JvmtiVTMSTransitionDisabler::VTMS_mount_end;Mutex::lock;pthread_mutex_lock;/usr/lib/x86_64-linux-gnu/libc.so.6;entry_SYSCALL_64_after_hwframe_[k];do_syscall_64_[k];x64_sys_call_[k];__x64_sys_futex_[k];do_futex_[k];futex_wait_[k];__futex_wait_[k];futex_wait_setup_[k] 7
java/util/concurrent/ForkJoinWorkerThread.run;java/util/concurrent/ForkJoinPool.runWorker;java/util/concurrent/ForkJoinPool.scan;java/util/concurrent/ForkJoinPool$WorkQueue.topLevelExec;java/util/concurrent/ForkJoinTask.doExec;java/util/concurrent/ForkJoinTask$RunnableExecuteAction.exec;java/lang/VirtualThread$$Lambda.0x00007aba24039c78.run;java/lang/VirtualThread.runContinuation;jdk/internal/vm/Continuation.run;jdk/internal/vm/Continuation.enterSpecial;jdk/internal/vm/Continuation.enter;jdk/internal/vm/Continuation.enter0;java/lang/VirtualThread$VThreadContinuation$1.run;java/lang/VirtualThread.run;_notify_jvmti_vthread_end;SharedRuntime::notify_jvmti_vthread_end;JvmtiVTMSTransitionDisabler::VTMS_vthread_end;JvmtiExport::cleanup_thread;Mutex::lock;pthread_mutex_lock;/usr/lib/x86_64-linux-gnu/libc.so.6;entry_SYSCALL_64_after_hwframe_[k];do_syscall_64_[k];x64_sys_call_[k];__x64_sys_futex_[k];do_futex_[k];futex_wait_[k];__futex_wait_[k];futex_wait_setup_[k] 8
java/util/concurrent/ForkJoinWorkerThread.run;java/util/concurrent/ForkJoinPool.runWorker;java/util/concurrent/ForkJoinPool.scan;java/util/concurrent/ForkJoinPool$WorkQueue.topLevelExec;java/util/concurrent/ForkJoinTask.doExec;java/util/concurrent/ForkJoinTask$RunnableExecuteAction.exec;java/lang/VirtualThread$$Lambda.0x00007aba24039c78.run;java/lang/VirtualThread.runContinuation;jdk/internal/vm/Continuation.run;jdk/internal/vm/Continuation.enterSpecial;jdk/internal/vm/Continuation.enter;jdk/internal/vm/Continuation.enter0;java/lang/VirtualThread$VThreadContinuation$1.run;java/lang/VirtualThread.run;_notify_jvmti_vthread_start;SharedRuntime::notify_jvmti_vthread_start;JvmtiVTMSTransitionDisabler::VTMS_vthread_start;JvmtiEventController::thread_started;Mutex::lock;pthread_mutex_lock;/usr/lib/x86_64-linux-gnu/libc.so.6 38
java/util/concurrent/ForkJoinWorkerThread.run;java/util/concurrent/ForkJoinPool.runWorker;java/util/concurrent/ForkJoinPool.scan;java/util/concurrent/ForkJoinPool$WorkQueue.topLevelExec;java/util/concurrent/ForkJoinTask.doExec;java/util/concurrent/ForkJoinTask$RunnableExecuteAction.exec;java/lang/VirtualThread$$Lambda.0x00007aba24039c78.run;java/lang/VirtualThread.runContinuation;jdk/internal/vm/Continuation.run;jdk/internal/vm/Continuation.enterSpecial;jdk/internal/vm/Continuation.enter;jdk/internal/vm/Continuation.enter0;java/lang/VirtualThread$VThreadContinuation$1.run;java/lang/VirtualThread.run;_notify_jvmti_vthread_end;SharedRuntime::notify_jvmti_vthread_end;JvmtiVTMSTransitionDisabler::VTMS_vthread_end;JvmtiExport::cleanup_thread;JvmtiEventController::thread_ended;JvmtiThreadState::~JvmtiThreadState 3
java/lang/Thread.run;java/lang/Thread.runWith;java/util/concurrent/ThreadPoolExecutor$Worker.run;java/util/concurrent/ThreadPoolExecutor.runWorker;java/util/concurrent/FutureTask.run;java/util/concurrent/Executors$RunnableAdapter.call;java/util/concurrent/FutureTask.run;org/openjdk/jmh/runner/BenchmarkHandler$BenchmarkTask.call;org/openjdk/jmh/runner/BenchmarkHandler$BenchmarkTask.call;java/lang/reflect/Method.invoke;jdk/internal/reflect/DirectMethodHandleAccessor.invoke;jdk/internal/reflect/DirectMethodHandleAccessor.invokeImpl;java/lang/invoke/LambdaForm$MH.0x00007aba2402e800.invokeExact_MT;java/lang/invoke/LambdaForm$MH.0x00007aba2402e400.invoke;java/lang/invoke/DirectMethodHandle$Holder.invokeSpecial;uk/ac/ncl/jensen/benchmark/jmh_generated/VThreadChurnBenchmark_churn_jmhTest.churn_AverageTime;uk/ac/ncl/jensen/benchmark/jmh_generated/VThreadChurnBenchmark_churn_jmhTest.churn_avgt_jmhStub;uk/ac/ncl/jensen/benchmark/VThreadChurnBenchmark.churn;java/lang/ThreadBuilders$VirtualThreadBuilder.start;java/lang/VirtualThread.start;java/lang/VirtualThread.start;jdk/internal/vm/ThreadContainers$RootContainer$TrackingRootContainer.onStart;java/util/concurrent/ConcurrentHashMap$KeySetView.add;java/util/concurrent/ConcurrentHashMap.putVal;java/util/concurrent/ConcurrentHashMap.tabAt 1
java/lang/Thread.run;java/lang/Thread.runWith;java/util/concurrent/ThreadPoolExecutor$Worker.run;java/util/concurrent/ThreadPoolExecutor.runWorker;java/util/concurrent/FutureTask.run;java/util/concurrent/Executors$RunnableAdapter.call;java/util/concurrent/FutureTask.run;org/openjdk/jmh/runner/BenchmarkHandler$BenchmarkTask.call;org/openjdk/jmh/runner/BenchmarkHandler$BenchmarkTask.call;java/lang/reflect/Method.invoke;jdk/internal/reflect/DirectMethodHandleAccessor.invoke;jdk/internal/reflect/DirectMethodHandleAccessor.invokeImpl;java/lang/invoke/LambdaForm$MH.0x00007aba2402e800.invokeExact_MT;java/lang/invoke/LambdaForm$MH.0x00007aba2402e400.invoke;java/lang/invoke/DirectMethodHandle$Holder.invokeSpecial;uk/ac/ncl/jensen/benchmark/jmh_generated/VThreadChurnBenchmark_churn_jmhTest.churn_AverageTime;uk/ac/ncl/jensen/benchmark/jmh_generated/VThreadChurnBenchmark_churn_jmhTest.churn_avgt_jmhStub;uk/ac/ncl/jensen/benchmark/VThreadChurnBenchmark.churn;java/lang/Thread.join;java/lang/Thread.join;java/lang/VirtualThread.joinNanos;java/util/concurrent/CountDownLatch.await;java/util/concurrent/locks/AbstractQueuedSynchronizer.acquireSharedInterruptibly;java/util/concurrent/locks/AbstractQueuedSynchronizer.acquire;java/util/concurrent/locks/LockSupport.park;jdk/internal/misc/Unsafe.park;Unsafe_Park;Parker::park;__pthread_mutex_unlock 1
java/util/concurrent/ForkJoinWorkerThread.run;java/util/concurrent/ForkJoinPool.runWorker;java/util/concurrent/ForkJoinPool.scan;java/util/concurrent/ForkJoinPool$WorkQueue.topLevelExec;java/util/concurrent/ForkJoinTask.doExec;java/util/concurrent/ForkJoinTask$RunnableExecuteAction.exec;java/lang/VirtualThread$$Lambda.0x00007aba24039c78.run;java/lang/VirtualThread.runContinuation;jdk/internal/vm/Continuation.run;jdk/internal/vm/Continuation.enterSpecial;jdk/internal/vm/Continuation.enter;jdk/internal/vm/Continuation.enter0;java/lang/VirtualThread$VThreadContinuation$1.run;java/lang/VirtualThread.run;_notify_jvmti_vthread_start;SharedRuntime::notify_jvmti_vthread_start;JvmtiVTMSTransitionDisabler::VTMS_vthread_start;JvmtiVTMSTransitionDisabler::VTMS_mount_end;Mutex::lock;pthread_mutex_lock;/usr/lib/x86_64-linux-gnu/libc.so.6;entry_SYSCALL_64_after_hwframe_[k];do_syscall_64_[k];x64_sys_call_[k];__x64_sys_futex_[k];do_futex_[k];futex_wait_[k];__futex_wait_[k];futex_wait_setup_[k];futex_q_unlock_[k] 4
java/util/concurrent/ForkJoinWorkerThread.run;java/util/concurrent/ForkJoinPool.runWorker;java/util/concurrent/ForkJoinPool.scan;java/util/concurrent/ForkJoinPool$WorkQueue.topLevelExec;java/util/concurrent/ForkJoinTask.doExec;java/util/concurrent/ForkJoinTask$RunnableExecuteAction.exec;java/lang/VirtualThread$$Lambda.0x00007aba24039c78.run;java/lang/VirtualThread.runContinuation;jdk/internal/vm/Continuation.run;jdk/internal/vm/Continuation.enterSpecial;jdk/internal/vm/Continuation.enter;jdk/internal/vm/Continuation.enter0;java/lang/VirtualThread$VThreadContinuation$1.run;java/lang/VirtualThread.run;_notify_jvmti_vthread_start;SharedRuntime::notify_jvmti_vthread_start;JvmtiVTMSTransitionDisabler::VTMS_vthread_start;JvmtiVTMSTransitionDisabler::VTMS_mount_end;__pthread_mutex_unlock;/usr/lib/x86_64-linux-gnu/libc.so.6;entry_SYSCALL_64_after_hwframe_[k];do_syscall_64_[k];x64_sys_call_[k];__x64_sys_futex_[k];do_futex_[k];futex_wake_[k];__futex_hash_[k] 1
java/util/concurrent/ForkJoinWorkerThread.run;java/util/concurrent/ForkJoinPool.runWorker;java/util/concurrent/ForkJoinPool.awaitWork;java/util/concurrent/locks/LockSupport.park;jdk/internal/misc/Unsafe.park;Unsafe_Park;Parker::park;ThreadBlockInVMPreprocess<void (JavaThread*)>::~ThreadBlockInVMPreprocess 4
java/lang/Thread.run;java/lang/Thread.runWith;java/util/concurrent/ThreadPoolExecutor$Worker.run;java/util/concurrent/ThreadPoolExecutor.runWorker;java/util/concurrent/FutureTask.run;java/util/concurrent/Executors$RunnableAdapter.call;java/util/concurrent/FutureTask.run;org/openjdk/jmh/runner/BenchmarkHandler$BenchmarkTask.call;org/openjdk/jmh/runner/BenchmarkHandler$BenchmarkTask.call;java/lang/reflect/Method.invoke;jdk/internal/reflect/DirectMethodHandleAccessor.invoke;jdk/internal/reflect/DirectMethodHandleAccessor.invokeImpl;java/lang/invoke/LambdaForm$MH.0x00007aba2402e800.invokeExact_MT;java/lang/invoke/LambdaForm$MH.0x00007aba2402e400.invoke;java/lang/invoke/DirectMethodHandle$Holder.invokeSpecial;uk/ac/ncl/jensen/benchmark/jmh_generated/VThreadChurnBenchmark_churn_jmhTest.churn_AverageTime;uk/ac/ncl/jensen/benchmark/jmh_generated/VThreadChurnBenchmark_churn_jmhTest.churn_avgt_jmhStub;uk/ac/ncl/jensen/benchmark/VThreadChurnBenchmark.churn 1
java/util/concurrent/ForkJoinWorkerThread.run;java/util/concurrent/ForkJoinPool.runWorker;java/util/concurrent/ForkJoinPool.scan;java/util/concurrent/ForkJoinPool$WorkQueue.topLevelExec;java/util/concurrent/ForkJoinTask.doExec;java/util/concurrent/ForkJoinTask$RunnableExecuteAction.exec;java/lang/VirtualThread$$Lambda.0x00007aba24039c78.run;java/lang/VirtualThread.runContinuation;jdk/internal/vm/Continuation.run;jdk/internal/vm/Continuation.enterSpecial;jdk/internal/vm/Continuation.enter;jdk/internal/vm/Continuation.enter0;java/lang/VirtualThread$VThreadContinuation$1.run;java/lang/VirtualThread.run;_notify_jvmti_vthread_start;SharedRuntime::notify_jvmti_vthread_start;JvmtiVTMSTransitionDisabler::VTMS_vthread_start;JvmtiEventController::thread_started;Mutex::lock;pthread_mutex_lock;/usr/lib/x86_64-linux-gnu/libc.so.6;entry_SYSCALL_64_after_hwframe_[k];do_syscall_64_[k];x64_sys_call_[k];__x64_sys_futex_[k];do_futex_[k];futex_wait_[k];__futex_wait_[k];futex_wait_setup_[k] 6
java/util/concurrent/ForkJoinWorkerThread.run;java/util/concurrent/ForkJoinPool.runWorker;java/util/concurrent/ForkJoinPool.scan;java/util/concurrent/ForkJoinPool$WorkQueue.topLevelExec;java/util/concurrent/ForkJoinTask.doExec;java/util/concurrent/ForkJoinTask$RunnableExecuteAction.exec;java/lang/VirtualThread$$Lambda.0x00007aba24039c78.run;java/lang/VirtualThread.runContinuation;java/lang/VirtualThread.afterDone;java/lang/VirtualThread.afterDone;java/util/concurrent/CountDownLatch.countDown;java/util/concurrent/locks/AbstractQueuedSynchronizer.releaseShared;java/util/concurrent/locks/AbstractQueuedSynchronizer.signalNext;java/util/concurrent/locks/LockSupport.unpark;jdk/internal/misc/Unsafe.unpark;Unsafe_Unpark;pthread_cond_signal;entry_SYSCALL_64_after_hwframe_[k];do_syscall_64_[k];x64_sys_call_[k];__x64_sys_futex_[k];do_futex_[k];futex_wake_[k];wake_up_q_[k];try_to_wake_up_[k];_raw_spin_unlock_irqrestore_[k] 3
java/util/concurrent/ForkJoinWorkerThread.run;java/util/concurrent/ForkJoinPool.runWorker;java/util/concurrent/ForkJoinPool.scan;java/util/concurrent/ForkJoinPool$WorkQueue.topLevelExec;java/util/concurrent/ForkJoinTask.doExec;java/util/concurrent/ForkJoinTask$RunnableExecuteAction.exec;java/lang/VirtualThread$$Lambda.0x00007aba24039c78.run;java/lang/VirtualThread.runContinuation;java/lang/VirtualThread.afterDone;java/lang/VirtualThread.afterDone;jdk/internal/misc/Unsafe.freeMemory;jdk/internal/misc/Unsafe.freeMemory0;Unsafe_FreeMemory0;__libc_free;/usr/lib/x86_64-linux-gnu/libc.so.6 3
java/util/concurrent/ForkJoinWorkerThread.run;java/util/concurrent/ForkJoinPool.runWorker;java/util/concurrent/ForkJoinPool.scan;java/util/concurrent/ForkJoinPool$WorkQueue.topLevelExec;java/util/concurrent/ForkJoinTask.doExec;java/util/concurrent/ForkJoinTask$RunnableExecuteAction.exec;java/lang/VirtualThread$$Lambda.0x00007aba24039c78.run;java/lang/VirtualThread.runContinuation;jdk/internal/vm/Continuation.run;jdk/internal/vm/Continuation.enterSpecial;jdk/internal/vm/Continuation.enter;jdk/internal/vm/Continuation.enter0;java/lang/VirtualThread$VThreadContinuation$1.run;java/lang/VirtualThread.run;_notify_jvmti_vthread_end;SharedRuntime::notify_jvmti_vthread_end;JvmtiVTMSTransitionDisabler::VTMS_vthread_end;JvmtiExport::cleanup_thread;Mutex::lock;pthread_mutex_lock;/usr/lib/x86_64-linux-gnu/libc.so.6;entry_SYSCALL_64_after_hwframe_[k];do_syscall_64_[k];x64_sys_call_[k];__x64_sys_futex_[k];do_futex_[k];futex_wait_[k];__futex_wait_[k];futex_wait_setup_[k];__futex_queue_[k];plist_add_[k] 30
java/util/concurrent/ForkJoinWorkerThread.run;java/util/concurrent/ForkJoinPool.runWorker;java/util/concurrent/ForkJoinPool.scan;java/util/concurrent/ForkJoinPool$WorkQueue.topLevelExec;java/util/concurrent/ForkJoinTask.doExec;java/util/concurrent/ForkJoinTask$RunnableExecuteAction.exec;java/lang/VirtualThread$$Lambda.0x00007aba24039c78.run;java/lang/VirtualThread.runContinuation;jdk/internal/vm/Continuation.run;jdk/internal/vm/Continuation.enterSpecial;jdk/internal/vm/Continuation.enter;jdk/internal/vm/Continuation.enter0;java/lang/VirtualThread$VThreadContinuation$1.run;java/lang/VirtualThread.run;_notify_jvmti_vthread_start;SharedRuntime::notify_jvmti_vthread_start;JvmtiVTMSTransitionDisabler::VTMS_vthread_start;JvmtiEventController::thread_started;Mutex::lock;pthread_mutex_lock;/usr/lib/x86_64-linux-gnu/libc.so.6 1
[unknown];java/util/concurrent/ForkJoinPool.runWorker;I2C/C2I adapters 3
java/util/concurrent/ForkJoinWorkerThread.run;java/util/concurrent/ForkJoinPool.runWorker;java/util/concurrent/ForkJoinPool.scan;java/util/concurrent/ForkJoinPool$WorkQueue.topLevelExec;java/util/concurrent/ForkJoinTask.doExec;java/util/concurrent/ForkJoinTask$RunnableExecuteAction.exec;java/lang/VirtualThread$$Lambda.0x00007aba24039c78.run;java/lang/VirtualThread.runContinuation;jdk/internal/vm/Continuation.run;jdk/internal/vm/Continuation.enterSpecial;jdk/internal/vm/Continuation.enter;jdk/internal/vm/Continuation.enter0;java/lang/VirtualThread$VThreadContinuation$1.run;java/lang/VirtualThread.run;_notify_jvmti_vthread_start;SharedRuntime::notify_jvmti_vthread_start;JvmtiVTMSTransitionDisabler::VTMS_vthread_start;JvmtiVTMSTransitionDisabler::VTMS_mount_end;__pthread_mutex_unlock;/usr/lib/x86_64-linux-gnu/libc.so.6;entry_SYSCALL_64_after_hwframe_[k];do_syscall_64_[k];x64_sys_call_[k];__x64_sys_futex_[k];do_futex_[k];futex_wake_[k] 1
java/util/concurrent/ForkJoinWorkerThread.run;java/util/concurrent/ForkJoinPool.runWorker;java/util/concurrent/ForkJoinPool.scan;java/util/concurrent/ForkJoinPool$WorkQueue.topLevelExec;java/util/concurrent/ForkJoinTask.doExec;java/util/concurrent/ForkJoinTask$RunnableExecuteAction.exec;java/lang/VirtualThread$$Lambda.0x00007aba24039c78.run;java/lang/VirtualThread.runContinuation;jdk/internal/vm/Continuation.run;jdk/internal/vm/Continuation.enterSpecial;jdk/internal/vm/Continuation.enter;jdk/internal/vm/Continuation.enter0;java/lang/VirtualThread$VThreadContinuation$1.run;java/lang/VirtualThread.run;_notify_jvmti_vthread_end;SharedRuntime::notify_jvmti_vthread_end;JavaThread::rebind_to_jvmti_thread_state_of 4
java/util/concurrent/ForkJoinWorkerThread.run;java/util/concurrent/ForkJoinPool.runWorker;java/util/concurrent/ForkJoinPool.scan;java/util/concurrent/ForkJoinPool$WorkQueue.topLevelExec;java/util/concurrent/ForkJoinTask.doExec;java/util/concurrent/ForkJoinTask$RunnableExecuteAction.exec;java/lang/VirtualThread$$Lambda.0x00007aba24039c78.run;java/lang/VirtualThread.runContinuation;jdk/internal/vm/Continuation.run;jdk/internal/vm/Continuation.enterSpecial;jdk/internal/vm/Continuation.enter;jdk/internal/vm/Continuation.enter0;java/lang/VirtualThread$VThreadContinuation$1.run;java/lang/VirtualThread.run;_notify_jvmti_vthread_start;SharedRuntime::notify_jvmti_vthread_start;JvmtiVTMSTransitionDisabler::VTMS_vthread_start;JvmtiVTMSTransitionDisabler::VTMS_mount_end;Mutex::lock;pthread_mutex_lock;/usr/lib/x86_64-linux-gnu/libc.so.6;entry_SYSCALL_64_after_hwframe_[k];do_syscall_64_[k];x64_sys_call_[k];__x64_sys_futex_[k];do_futex_[k];futex_wait_[k];__futex_wait_[k];futex_wait_setup_[k];futex_q_unlock_[k] 26
java/util/concurrent/ForkJoinWorkerThread.run;java/util/concurrent/ForkJoinPool.runWorker;java/util/concurrent/ForkJoinPool.scan;java/util/concurrent/ForkJoinPool$WorkQueue.topLevelExec;java/util/concurrent/ForkJoinTask.doExec;java/util/concurrent/ForkJoinTask$RunnableExecuteAction.exec;java/lang/VirtualThread$$Lambda.0x00007aba24039c78.run;java/lang/VirtualThread.runContinuation;jdk/internal/vm/Continuation.run;jdk/internal/vm/Continuation.enterSpecial;jdk/internal/vm/Continuation.enter;jdk/internal/vm/Continuation.enter0;java/lang/VirtualThread$VThreadContinuation$1.run;java/lang/VirtualThread.run;_notify_jvmti_vthread_end;SharedRuntime::notify_jvmti_vthread_end;JvmtiVTMSTransitionDisabler::VTMS_vthread_end;JvmtiExport::cleanup_thread;Mutex::lock;pthread_mutex_lock;/usr/lib/x86_64-linux-gnu/libc.so.6;entry_SYSCALL_64_after_hwframe_[k];do_syscall_64_[k];x64_sys_call_[k];__x64_sys_futex_[k];do_futex_[k];futex_wait_[k];__futex_wait_[k] 6
java/util/concurrent/ForkJoinWorkerThread.run;java/util/concurrent/ForkJoinPool.runWorker;java/util/concurrent/ForkJoinPool.scan;java/util/concurrent/ForkJoinPool$WorkQueue.topLevelExec;java/util/concurrent/ForkJoinTask.doExec;java/util/concurrent/ForkJoinTask$RunnableExecuteAction.exec;java/lang/VirtualThread$$Lambda.0x00007aba24039c78.run;java/lang/VirtualThread.runContinuation;jdk/internal/vm/Continuation.run;jdk/internal/vm/Continuation.enterSpecial;jdk/internal/vm/Continuation.enter;jdk/internal/vm/Continuation.enter0;java/lang/VirtualThread$VThreadContinuation$1.run;java/lang/VirtualThread.run;_notify_jvmti_vthread_start;SharedRuntime::notify_jvmti_vthread_start;JvmtiVTMSTransitionDisabler::VTMS_vthread_start;JvmtiVTMSTransitionDisabler::VTMS_mount_end;__pthread_mutex_unlock;/usr/lib/x86_64-linux-gnu/libc.so.6;entry_SYSCALL_64_after_hwframe_[k];do_syscall_64_[k];x64_sys_call_[k];__x64_sys_futex_[k];do_futex_[k];futex_wake_[k];futex_hash_[k] 7
java/util/concurrent/ForkJoinWorkerThread.run;java/util/concurrent/ForkJoinPool.runWorker;java/util/concurrent/ForkJoinPool.scan;java/util/concurrent/ForkJoinPool$WorkQueue.topLevelExec;java/util/concurrent/ForkJoinTask.doExec;java/util/concurrent/ForkJoinTask$RunnableExecuteAction.exec;java/lang/VirtualThread$$Lambda.0x00007aba24039c78.run;java/lang/VirtualThread.runContinuation;java/lang/VirtualThread.afterDone;java/lang/VirtualThread.afterDone;jdk/internal/vm/ThreadContainers$RootContainer$TrackingRootContainer.onExit;java/util/concurrent/ConcurrentHashMap$KeySetView.remove;java/util/concurrent/ConcurrentHashMap.remove;java/util/concurrent/ConcurrentHashMap.replaceNode 1
java/util/concurrent/ForkJoinWorkerThread.run;java/util/concurrent/ForkJoinPool.runWorker;java/util/concurrent/ForkJoinPool.scan;java/util/concurrent/ForkJoinPool$WorkQueue.topLevelExec;java/util/concurrent/ForkJoinTask.doExec;java/util/concurrent/ForkJoinTask$RunnableExecuteAction.exec;java/lang/VirtualThread$$Lambda.0x00007aba24039c78.run;java/lang/VirtualThread.runContinuation;jdk/internal/vm/Continuation.run;jdk/internal/vm/Continuation.enterSpecial;jdk/internal/vm/Continuation.enter;jdk/internal/vm/Continuation.enter0;java/lang/VirtualThread$VThreadContinuation$1.run;java/lang/VirtualThread.run;_notify_jvmti_vthread_start;SharedRuntime::notify_jvmti_vthread_start;JvmtiVTMSTransitionDisabler::VTMS_vthread_start;JvmtiVTMSTransitionDisabler::VTMS_mount_end;__pthread_mutex_unlock;/usr/lib/x86_64-linux-gnu/libc.so.6;entry_SYSCALL_64_after_hwframe_[k];do_syscall_64_[k];x64_sys_call_[k];__x64_sys_futex_[k];do_futex_[k];futex_wake_[k];wake_up_q_[k] 1
java/lang/Thread.run;java/lang/Thread.runWith;java/util/concurrent/ThreadPoolExecutor$Worker.run;java/util/concurrent/ThreadPoolExecutor.runWorker;java/util/concurrent/FutureTask.run;java/util/concurrent/Executors$RunnableAdapter.call;java/util/concurrent/FutureTask.run;org/openjdk/jmh/runner/BenchmarkHandler$BenchmarkTask.call;org/openjdk/jmh/runner/BenchmarkHandler$BenchmarkTask.call;java/lang/reflect/Method.invoke;jdk/internal/reflect/DirectMethodHandleAccessor.invoke;jdk/internal/reflect/DirectMethodHandleAccessor.invokeImpl;java/lang/invoke/LambdaForm$MH.0x00007aba2402e800.invokeExact_MT;java/lang/invoke/LambdaForm$MH.0x00007aba2402e400.invoke;java/lang/invoke/DirectMethodHandle$Holder.invokeSpecial;uk/ac/ncl/jensen/benchmark/jmh_generated/VThreadChurnBenchmark_churn_jmhTest.churn_AverageTime;uk/ac/ncl/jensen/benchmark/jmh_generated/VThreadChurnBenchmark_churn_jmhTest.churn_avgt_jmhStub;uk/ac/ncl/jensen/benchmark/VThreadChurnBenchmark.churn;java/lang/Thread.join;java/lang/Thread.join;java/lang/VirtualThread.joinNanos;java/util/concurrent/CountDownLatch.await;java/util/concurrent/locks/AbstractQueuedSynchronizer.acquireSharedInterruptibly;java/util/concurrent/locks/AbstractQueuedSynchronizer.acquire;java/util/concurrent/locks/LockSupport.park;jdk/internal/misc/Unsafe.park;Unsafe_Park;Parker::park;__pthread_mutex_unlock;/usr/lib/x86_64-linux-gnu/libc.so.6;entry_SYSCALL_64_after_hwframe_[k];do_syscall_64_[k] 1
java/util/concurrent/ForkJoinWorkerThread.run;java/util/concurrent/ForkJoinPool.runWorker;java/util/concurrent/ForkJoinPool.scan;java/util/concurrent/ForkJoinPool$WorkQueue.topLevelExec;java/util/concurrent/ForkJoinTask.doExec;java/util/concurrent/ForkJoinTask$RunnableExecuteAction.exec;java/lang/VirtualThread$$Lambda.0x00007aba24039c78.run;java/lang/VirtualThread.runContinuation;jdk/internal/vm/Continuation.run;jdk/internal/vm/Continuation.enterSpecial;jdk/internal/vm/Continuation.enter;jdk/internal/vm/Continuation.enter0;java/lang/VirtualThread$VThreadContinuation$1.run;java/lang/VirtualThread.run;_notify_jvmti_vthread_start;SharedRuntime::notify_jvmti_vthread_start;JvmtiVTMSTransitionDisabler::VTMS_vthread_start;JvmtiEventController::thread_started;JvmtiEventControllerPrivate::recompute_thread_enabled 20
java/util/concurrent/ForkJoinWorkerThread.run;java/util/concurrent/ForkJoinPool.runWorker;java/util/concurrent/ForkJoinPool.scan;java/util/concurrent/ForkJoinPool$WorkQueue.topLevelExec;java/util/concurrent/ForkJoinTask.doExec;java/util/concurrent/ForkJoinTask$RunnableExecuteAction.exec;java/lang/VirtualThread$$Lambda.0x00007aba24039c78.run;java/lang/VirtualThread.runContinuation;jdk/internal/vm/Continuation.run;jdk/internal/vm/Continuation.enterSpecial;jdk/internal/vm/Continuation.enter;jdk/internal/vm/Continuation.enter0;java/lang/VirtualThread$VThreadContinuation$1.run;java/lang/VirtualThread.run;_notify_jvmti_vthread_end;SharedRuntime::notify_jvmti_vthread_end;JavaThread::rebind_to_jvmti_thread_state_of;Continuation::set_cont_fastpath_thread_state 3
java/util/concurrent/ForkJoinWorkerThread.run;java/util/concurrent/ForkJoinPool.runWorker;java/util/concurrent/ForkJoinPool.scan;java/util/concurrent/ForkJoinPool$WorkQueue.topLevelExec;java/util/concurrent/ForkJoinTask.doExec;java/util/concurrent/ForkJoinTask$RunnableExecuteAction.exec;java/lang/VirtualThread$$Lambda.0x00007aba24039c78.run;java/lang/VirtualThread.runContinuation;jdk/internal/vm/Continuation.run;jdk/internal/vm/Continuation.enterSpecial;jdk/internal/vm/Continuation.enter;jdk/internal/vm/Continuation.enter0;java/lang/VirtualThread$VThreadContinuation$1.run;java/lang/VirtualThread.run;_notify_jvmti_vthread_end;SharedRuntime::notify_jvmti_vthread_end;JvmtiVTMSTransitionDisabler::VTMS_vthread_end;__pthread_mutex_unlock;/usr/lib/x86_64-linux-gnu/libc.so.6;entry_SYSCALL_64_after_hwframe_[k];do_syscall_64_[k];x64_sys_call_[k];do_futex_[k] 1
java/util/concurrent/ForkJoinWorkerThread.run;java/util/concurrent/ForkJoinPool.runWorker;java/util/concurrent/ForkJoinPool.scan;java/util/concurrent/ForkJoinPool$WorkQueue.topLevelExec;java/util/concurrent/ForkJoinTask.doExec;java/util/concurrent/ForkJoinTask$RunnableExecuteAction.exec;java/lang/VirtualThread$$Lambda.0x00007aba24039c78.run;java/lang/VirtualThread.runContinuation;jdk/internal/vm/Continuation.run;jdk/internal/vm/Continuation.enterSpecial;jdk/internal/vm/Continuation.enter;jdk/internal/vm/Continuation.enter0;java/lang/VirtualThread$VThreadContinuation$1.run;java/lang/VirtualThread.run;_notify_jvmti_vthread_end;SharedRuntime::notify_jvmti_vthread_end;JvmtiVTMSTransitionDisabler::VTMS_vthread_end;__pthread_mutex_unlock;/usr/lib/x86_64-linux-gnu/libc.so.6;entry_SYSCALL_64_after_hwframe_[k];do_syscall_64_[k];x64_sys_call_[k];__x64_sys_futex_[k];do_futex_[k];_raw_spin_lock_[k] 46
java/util/concurrent/ForkJoinWorkerThread.run;java/util/concurrent/ForkJoinPool.runWorker;java/util/concurrent/ForkJoinPool.scan;java/util/concurrent/ForkJoinPool$WorkQueue.topLevelExec;java/util/concurrent/ForkJoinTask.doExec;java/util/concurrent/ForkJoinTask$RunnableExecuteAction.exec;java/lang/VirtualThread$$Lambda.0x00007aba24039c78.run;java/lang/VirtualThread.runContinuation;jdk/internal/vm/Continuation.run;jdk/internal/vm/Continuation.enterSpecial;jdk/internal/vm/Continuation.enter;jdk/internal/vm/Continuation.enter0;java/lang/VirtualThread$VThreadContinuation$1.run;java/lang/VirtualThread.run;_notify_jvmti_vthread_start;SharedRuntime::notify_jvmti_vthread_start;JvmtiVTMSTransitionDisabler::VTMS_vthread_start;JvmtiVTMSTransitionDisabler::VTMS_mount_end;Mutex::lock;pthread_mutex_lock;/usr/lib/x86_64-linux-gnu/libc.so.6;entry_SYSCALL_64_after_hwframe_[k];do_syscall_64_[k];x64_sys_call_[k];__x64_sys_futex_[k];do_futex_[k];futex_wait_[k];__futex_wait_[k];futex_wait_setup_[k];futex_hash_[k];__futex_hash_[k] 4
java/util/concurrent/ForkJoinWorkerThread.run;java/util/concurrent/ForkJoinPool.runWorker;java/util/concurrent/ForkJoinPool.scan;java/util/concurrent/ForkJoinPool$WorkQueue.topLevelExec;java/util/concurrent/ForkJoinTask.doExec;java/util/concurrent/ForkJoinTask$RunnableExecuteAction.exec;java/lang/VirtualThread$$Lambda.0x00007aba24039c78.run;java/lang/VirtualThread.runContinuation;jdk/internal/vm/Continuation.run;jdk/internal/vm/Continuation.enterSpecial;jdk/internal/vm/Continuation.enter;jdk/internal/vm/Continuation.enter0;java/lang/VirtualThread$VThreadContinuation$1.run;java/lang/VirtualThread.run;_notify_jvmti_vthread_end;SharedRuntime::notify_jvmti_vthread_end;JvmtiVTMSTransitionDisabler::VTMS_vthread_end;__pthread_mutex_unlock;/usr/lib/x86_64-linux-gnu/libc.so.6;entry_SYSCALL_64_after_hwframe_[k];do_syscall_64_[k];x64_sys_call_[k];__x64_sys_futex_[k];do_futex_[k];futex_wake_[k];futex_wake_mark_[k];__futex_unqueue_[k] 18
java/util/concurrent/ForkJoinWorkerThread.run;java/util/concurrent/ForkJoinPool.runWorker;java/util/concurrent/ForkJoinPool.scan;java/util/concurrent/ForkJoinPool$WorkQueue.topLevelExec;java/util/concurrent/ForkJoinTask.doExec;java/util/concurrent/ForkJoinTask$RunnableExecuteAction.exec;java/lang/VirtualThread$$Lambda.0x00007aba24039c78.run;java/lang/VirtualThread.runContinuation;jdk/internal/vm/Continuation.run;jdk/internal/vm/Continuation.enterSpecial;jdk/internal/vm/Continuation.enter;jdk/internal/vm/Continuation.enter0;java/lang/VirtualThread$VThreadContinuation$1.run;java/lang/VirtualThread.run;_notify_jvmti_vthread_end;SharedRuntime::notify_jvmti_vthread_end;JvmtiVTMSTransitionDisabler::VTMS_vthread_end;JvmtiExport::cleanup_thread;JvmtiEventController::thread_ended;JvmtiThreadState::~JvmtiThreadState;AccessInternal::PostRuntimeDispatch<G1BarrierSet::AccessBarrier<548964ul, G1BarrierSet>, (AccessInternal::BarrierType)0, 548964ul>::oop_access_barrier 1
java/util/concurrent/ForkJoinWorkerThread.run;java/util/concurrent/ForkJoinPool.runWorker;java/util/concurrent/ForkJoinPool.scan 3
java/util/concurrent/ForkJoinWorkerThread.run;java/util/concurrent/ForkJoinPool.runWorker;java/util/concurrent/ForkJoinPool.scan;java/util/concurrent/ForkJoinPool$WorkQueue.topLevelExec;java/util/concurrent/ForkJoinTask.doExec;java/util/concurrent/ForkJoinTask$RunnableExecuteAction.exec;java/lang/VirtualThread$$Lambda.0x00007aba24039c78.run;java/lang/VirtualThread.runContinuation;jdk/internal/vm/Continuation.run;jdk/internal/vm/Continuation.enterSpecial;jdk/internal/vm/Continuation.enter;jdk/internal/vm/Continuation.enter0;java/lang/VirtualThread$VThreadContinuation$1.run;java/lang/VirtualThread.run;_notify_jvmti_vthread_start;SharedRuntime::notify_jvmti_vthread_start;JvmtiVTMSTransitionDisabler::VTMS_vthread_start;JvmtiVTMSTransitionDisabler::VTMS_mount_end;Mutex::lock;pthread_mutex_lock;/usr/lib/x86_64-linux-gnu/libc.so.6;entry_SYSCALL_64_after_hwframe_[k];do_syscall_64_[k];x64_sys_call_[k];__x64_sys_futex_[k];do_futex_[k];futex_wait_[k];__futex_wait_[k];futex_wait_setup_[k];futex_q_lock_[k];_raw_spin_lock_[k];native_queued_spin_lock_slowpath_[k] 193
java/util/concurrent/ForkJoinWorkerThread.run;java/util/concurrent/ForkJoinPool.runWorker;java/util/concurrent/ForkJoinPool.scan;java/util/concurrent/ForkJoinPool$WorkQueue.topLevelExec;java/util/concurrent/ForkJoinTask.doExec;java/util/concurrent/ForkJoinTask$RunnableExecuteAction.exec;java/lang/VirtualThread$$Lambda.0x00007aba24039c78.run;java/lang/VirtualThread.runContinuation;jdk/internal/vm/Continuation.run;jdk/internal/vm/Continuation.enterSpecial;jdk/internal/vm/Continuation.enter;jdk/internal/vm/Continuation.enter0;java/lang/VirtualThread$VThreadContinuation$1.run;java/lang/VirtualThread.run;_notify_jvmti_vthread_start;SharedRuntime::notify_jvmti_vthread_start;JvmtiVTMSTransitionDisabler::VTMS_vthread_start;__pthread_mutex_unlock;/usr/lib/x86_64-linux-gnu/libc.so.6;entry_SYSCALL_64_after_hwframe_[k];do_syscall_64_[k];x64_sys_call_[k];__x64_sys_futex_[k];do_futex_[k];futex_wake_[k];wake_up_q_[k];try_to_wake_up_[k] 12
java/util/concurrent/ForkJoinWorkerThread.run;java/util/concurrent/ForkJoinPool.runWorker;java/util/concurrent/ForkJoinPool.scan;java/util/concurrent/ForkJoinPool$WorkQueue.topLevelExec;java/util/concurrent/ForkJoinTask.doExec;java/util/concurrent/ForkJoinTask$RunnableExecuteAction.exec;java/lang/VirtualThread$$Lambda.0x00007aba24039c78.run;java/lang/VirtualThread.runContinuation;java/lang/VirtualThread.unmount 2
java/util/concurrent/ForkJoinWorkerThread.run;java/util/concurrent/ForkJoinPool.runWorker;java/util/concurrent/ForkJoinPool.scan;java/util/concurrent/ForkJoinPool$WorkQueue.topLevelExec;java/util/concurrent/ForkJoinTask.doExec;java/util/concurrent/ForkJoinTask$RunnableExecuteAction.exec;java/lang/VirtualThread$$Lambda.0x00007aba24039c78.run;java/lang/VirtualThread.runContinuation;jdk/internal/vm/Continuation.run;jdk/internal/vm/Continuation.enterSpecial;jdk/internal/vm/Continuation.enter;jdk/internal/vm/Continuation.enter0;java/lang/VirtualThread$VThreadContinuation$1.run;java/lang/VirtualThread.run;_notify_jvmti_vthread_end;SharedRuntime::notify_jvmti_vthread_end;JNIHandleBlock::allocate_handle 3
java/util/concurrent/ForkJoinWorkerThread.run;java/util/concurrent/ForkJoinPool.runWorker;java/util/concurrent/ForkJoinPool.scan;java/util/concurrent/ForkJoinPool$WorkQueue.topLevelExec;java/util/concurrent/ForkJoinTask.doExec;java/util/concurrent/ForkJoinTask$RunnableExecuteAction.exec;java/lang/VirtualThread$$Lambda.0x00007aba24039c78.run;java/lang/VirtualThread.runContinuation;jdk/internal/vm/Continuation.run;jdk/internal/vm/Continuation.enterSpecial;jdk/internal/vm/Continuation.enter;jdk/internal/vm/Continuation.enter0;java/lang/VirtualThread$VThreadContinuation$1.run;java/lang/VirtualThread.run;_notify_jvmti_vthread_end;SharedRuntime::notify_jvmti_vthread_end;JvmtiVTMSTransitionDisabler::VTMS_vthread_end;JvmtiExport::cleanup_thread;Mutex::lock;pthread_mutex_trylock 33
java/util/concurrent/ForkJoinWorkerThread.run;java/util/concurrent/ForkJoinPool.runWorker;java/util/concurrent/ForkJoinPool.scan;java/util/concurrent/ForkJoinPool$WorkQueue.topLevelExec;java/util/concurrent/ForkJoinTask.doExec;java/util/concurrent/ForkJoinTask$RunnableExecuteAction.exec;java/lang/VirtualThread$$Lambda.0x00007aba24039c78.run;java/lang/VirtualThread.runContinuation;jdk/internal/vm/Continuation.run;jdk/internal/vm/Continuation.enterSpecial;jdk/internal/vm/Continuation.enter;jdk/internal/vm/Continuation.enter0;java/lang/VirtualThread$VThreadContinuation$1.run;java/lang/VirtualThread.run;_notify_jvmti_vthread_end;SharedRuntime::notify_jvmti_vthread_end;JvmtiVTMSTransitionDisabler::VTMS_vthread_end;__pthread_mutex_unlock;/usr/lib/x86_64-linux-gnu/libc.so.6;entry_SYSCALL_64_after_hwframe_[k];do_syscall_64_[k];x64_sys_call_[k];__x64_sys_futex_[k];do_futex_[k];futex_wake_[k] 3
java/util/concurrent/ForkJoinWorkerThread.run;java/util/concurrent/ForkJoinPool.runWorker;java/util/concurrent/ForkJoinPool.scan;java/util/concurrent/ForkJoinPool$WorkQueue.topLevelExec;java/util/concurrent/ForkJoinTask.doExec;java/util/concurrent/ForkJoinTask$RunnableExecuteAction.exec;java/lang/VirtualThread$$Lambda.0x00007aba24039c78.run;java/lang/VirtualThread.runContinuation;jdk/internal/vm/Continuation.run;jdk/internal/vm/Continuation.enterSpecial;jdk/internal/vm/Continuation.enter;jdk/internal/vm/Continuation.enter0;java/lang/VirtualThread$VThreadContinuation$1.run;java/lang/VirtualThread.run;_notify_jvmti_vthread_start;SharedRuntime::notify_jvmti_vthread_start;JvmtiVTMSTransitionDisabler::VTMS_vthread_start;JvmtiVTMSTransitionDisabler::VTMS_mount_end;Mutex::lock;pthread_mutex_lock;/usr/lib/x86_64-linux-gnu/libc.so.6;entry_SYSCALL_64_after_hwframe_[k];do_syscall_64_[k];x64_sys_call_[k];__x64_sys_futex_[k];do_futex_[k];futex_wait_[k];__futex_wait_[k];futex_hash_put_[k] 2
java/util/concurrent/ForkJoinWorkerThread.run;java/util/concurrent/ForkJoinPool.runWorker;java/util/concurrent/ForkJoinPool.scan;java/util/concurrent/ForkJoinPool$WorkQueue.topLevelExec;java/util/concurrent/ForkJoinTask.doExec;java/util/concurrent/ForkJoinTask$RunnableExecuteAction.exec;java/lang/VirtualThread$$Lambda.0x00007aba24039c78.run;java/lang/VirtualThread.runContinuation;jdk/internal/vm/Continuation.run;jdk/internal/vm/Continuation.enterSpecial;jdk/internal/vm/Continuation.enter;jdk/internal/vm/Continuation.enter0;java/lang/VirtualThread$VThreadContinuation$1.run;java/lang/VirtualThread.run;_notify_jvmti_vthread_start;SharedRuntime::notify_jvmti_vthread_start;JvmtiVTMSTransitionDisabler::VTMS_vthread_start;JvmtiEventController::thread_started;Mutex::lock;pthread_mutex_lock;/usr/lib/x86_64-linux-gnu/libc.so.6;entry_SYSCALL_64_after_hwframe_[k];do_syscall_64_[k];x64_sys_call_[k];__x64_sys_futex_[k];do_futex_[k];futex_wait_[k];__futex_wait_[k];futex_wait_setup_[k];futex_q_lock_[k];_raw_spin_lock_[k];native_queued_spin_lock_slowpath_[k];asm_sysvec_apic_timer_interrupt_[k];sysvec_apic_timer_interrupt_[k];irq_exit_rcu_[k];__irq_exit_rcu_[k];handle_softirqs_[k];rcu_core_si_[k];rcu_core_[k];rcu_report_qs_rdp_[k];rcu_report_qs_rnp_[k];_raw_spin_unlock_irqrestore_[k] 1
java/util/concurrent/ForkJoinWorkerThread.run;java/util/concurrent/ForkJoinPool.runWorker;java/util/concurrent/ForkJoinPool.scan;java/util/concurrent/ForkJoinPool$WorkQueue.topLevelExec;java/util/concurrent/ForkJoinTask.doExec;java/util/concurrent/ForkJoinTask$RunnableExecuteAction.exec;java/lang/VirtualThread$$Lambda.0x00007aba24039c78.run;java/lang/VirtualThread.runContinuation;jdk/internal/vm/Continuation.run;jdk/internal/vm/Continuation.enterSpecial;jdk/internal/vm/Continuation.enter;jdk/internal/vm/Continuation.enter0;java/lang/VirtualThread$VThreadContinuation$1.run;java/lang/VirtualThread.run;_notify_jvmti_vthread_end;SharedRuntime::notify_jvmti_vthread_end;JvmtiVTMSTransitionDisabler::VTMS_vthread_end;JvmtiExport::cleanup_thread;Mutex::lock;pthread_mutex_lock;/usr/lib/x86_64-linux-gnu/libc.so.6;entry_SYSCALL_64_after_hwframe_[k];do_syscall_64_[k];x64_sys_call_[k];do_futex_[k] 1
java/util/concurrent/ForkJoinWorkerThread.run;java/util/concurrent/ForkJoinPool.runWorker;java/util/concurrent/ForkJoinPool.scan;java/util/concurrent/ForkJoinPool$WorkQueue.topLevelExec;java/util/concurrent/ForkJoinTask.doExec;java/util/concurrent/ForkJoinTask$RunnableExecuteAction.exec;java/lang/VirtualThread$$Lambda.0x00007aba24039c78.run;java/lang/VirtualThread.runContinuation;jdk/internal/vm/Continuation.run;java/lang/System$2.setScopedValueCache 31
java/lang/Thread.run;java/lang/Thread.runWith;java/util/concurrent/ThreadPoolExecutor$Worker.run;java/util/concurrent/ThreadPoolExecutor.runWorker;java/util/concurrent/FutureTask.run;java/util/concurrent/Executors$RunnableAdapter.call;java/util/concurrent/FutureTask.run;org/openjdk/jmh/runner/BenchmarkHandler$BenchmarkTask.call;org/openjdk/jmh/runner/BenchmarkHandler$BenchmarkTask.call;java/lang/reflect/Method.invoke;jdk/internal/reflect/DirectMethodHandleAccessor.invoke;jdk/internal/reflect/DirectMethodHandleAccessor.invokeImpl;java/lang/invoke/LambdaForm$MH.0x00007aba2402e800.invokeExact_MT;java/lang/invoke/LambdaForm$MH.0x00007aba2402e400.invoke;java/lang/invoke/DirectMethodHandle$Holder.invokeSpecial;uk/ac/ncl/jensen/benchmark/jmh_generated/VThreadChurnBenchmark_churn_jmhTest.churn_AverageTime;uk/ac/ncl/jensen/benchmark/jmh_generated/VThreadChurnBenchmark_churn_jmhTest.churn_avgt_jmhStub;uk/ac/ncl/jensen/benchmark/VThreadChurnBenchmark.churn;java/lang/ThreadBuilders$VirtualThreadBuilder.start;java/lang/VirtualThread.start;java/lang/VirtualThread.start;jdk/internal/vm/ThreadContainers$RootContainer$TrackingRootContainer.onStart;java/util/concurrent/ConcurrentHashMap$KeySetView.add;java/util/concurrent/ConcurrentHashMap.putVal 1
java/util/concurrent/ForkJoinWorkerThread.run;java/util/concurrent/ForkJoinPool.runWorker;java/util/concurrent/ForkJoinPool.scan;java/util/concurrent/ForkJoinPool$WorkQueue.topLevelExec;java/util/concurrent/ForkJoinTask.doExec;java/util/concurrent/ForkJoinTask$RunnableExecuteAction.exec;java/lang/VirtualThread$$Lambda.0x00007aba24039c78.run;java/lang/VirtualThread.runContinuation;java/lang/VirtualThread.afterDone;java/lang/VirtualThread.afterDone;java/util/concurrent/CountDownLatch.countDown;java/util/concurrent/locks/AbstractQueuedSynchronizer.releaseShared;java/util/concurrent/locks/AbstractQueuedSynchronizer.signalNext;java/util/concurrent/locks/LockSupport.unpark;jdk/internal/misc/Unsafe.unpark;Unsafe_Unpark;pthread_cond_signal;entry_SYSCALL_64_after_hwframe_[k];do_syscall_64_[k];x64_sys_call_[k];__x64_sys_futex_[k];do_futex_[k];futex_wake_[k] 1
java/util/concurrent/ForkJoinWorkerThread.run;java/util/concurrent/ForkJoinPool.runWorker;java/util/concurrent/ForkJoinPool.scan;java/util/concurrent/ForkJoinPool$WorkQueue.topLevelExec;java/util/concurrent/ForkJoinTask.doExec;java/util/concurrent/ForkJoinTask$RunnableExecuteAction.exec;java/lang/VirtualThread$$Lambda.0x00007aba24039c78.run;java/lang/VirtualThread.runContinuation;jdk/internal/vm/Continuation.run;jdk/internal/vm/Continuation.enterSpecial;jdk/internal/vm/Continuation.enter;jdk/internal/vm/Continuation.enter0;java/lang/VirtualThread$VThreadContinuation$1.run;java/lang/VirtualThread.run;_notify_jvmti_vthread_start;SharedRuntime::notify_jvmti_vthread_start;JvmtiVTMSTransitionDisabler::VTMS_vthread_start;JvmtiVTMSTransitionDisabler::VTMS_mount_end;__pthread_mutex_unlock;/usr/lib/x86_64-linux-gnu/libc.so.6;entry_SYSCALL_64_after_hwframe_[k];do_syscall_64_[k];x64_sys_call_[k];__x64_sys_futex_[k];do_futex_[k];futex_wake_[k];futex_wake_mark_[k];__futex_unqueue_[k] 1
java/util/concurrent/ForkJoinWorkerThread.run;java/util/concurrent/ForkJoinPool.runWorker;java/util/concurrent/ForkJoinPool.scan;java/util/concurrent/ForkJoinPool$WorkQueue.topLevelExec;java/util/concurrent/ForkJoinTask.doExec;java/util/concurrent/ForkJoinTask$RunnableExecuteAction.exec;java/lang/VirtualThread$$Lambda.0x00007aba24039c78.run;java/lang/VirtualThread.runContinuation;jdk/internal/vm/Continuation.run;jdk/internal/vm/Continuation.enterSpecial;jdk/internal/vm/Continuation.enter;jdk/internal/vm/Continuation.enter0;java/lang/VirtualThread$VThreadContinuation$1.run;java/lang/VirtualThread.run;_notify_jvmti_vthread_end;SharedRuntime::notify_jvmti_vthread_end;JvmtiVTMSTransitionDisabler::VTMS_vthread_end;__pthread_mutex_unlock 1
java/util/concurrent/ForkJoinWorkerThread.run;java/util/concurrent/ForkJoinPool.runWorker;java/util/concurrent/ForkJoinPool.scan;java/util/concurrent/ForkJoinPool$WorkQueue.topLevelExec;java/util/concurrent/ForkJoinTask.doExec;java/util/concurrent/ForkJoinTask$RunnableExecuteAction.exec;java/lang/VirtualThread$$Lambda.0x00007aba24039c78.run;java/lang/VirtualThread.runContinuation;jdk/internal/vm/Continuation.run;jdk/internal/vm/Continuation.enterSpecial;jdk/internal/vm/Continuation.enter;jdk/internal/vm/Continuation.enter0;java/lang/VirtualThread$VThreadContinuation$1.run;java/lang/VirtualThread.run;_notify_jvmti_vthread_end;SharedRuntime::notify_jvmti_vthread_end;JvmtiVTMSTransitionDisabler::VTMS_vthread_end;JvmtiExport::cleanup_thread;Mutex::lock;pthread_mutex_lock;/usr/lib/x86_64-linux-gnu/libc.so.6 2
java/util/concurrent/ForkJoinWorkerThread.run;java/util/concurrent/ForkJoinPool.runWorker;java/util/concurrent/ForkJoinPool.scan;java/util/concurrent/ForkJoinPool$WorkQueue.topLevelExec;java/util/concurrent/ForkJoinTask.doExec;java/util/concurrent/ForkJoinTask$RunnableExecuteAction.exec;java/lang/VirtualThread$$Lambda.0x00007aba24039c78.run;java/lang/VirtualThread.runContinuation;jdk/internal/vm/Continuation.run;jdk/internal/vm/Continuation.enterSpecial;jdk/internal/vm/Continuation.enter;jdk/internal/vm/Continuation.enter0;java/lang/VirtualThread$VThreadContinuation$1.run;java/lang/VirtualThread.run;_notify_jvmti_vthread_start;SharedRuntime::notify_jvmti_vthread_start;JvmtiVTMSTransitionDisabler::VTMS_vthread_start;JvmtiEventController::thread_started;JvmtiEventControllerPrivate::recompute_thread_enabled 4
java/util/concurrent/ForkJoinWorkerThread.run;java/util/concurrent/ForkJoinPool.runWorker;java/util/concurrent/ForkJoinPool.scan;java/util/concurrent/ForkJoinPool$WorkQueue.topLevelExec;java/util/concurrent/ForkJoinTask.doExec;java/util/concurrent/ForkJoinTask$RunnableExecuteAction.exec;java/lang/VirtualThread$$Lambda.0x00007aba24039c78.run;java/lang/VirtualThread.runContinuation;jdk/internal/vm/Continuation.run;jdk/internal/vm/Continuation.enterSpecial;jdk/internal/vm/Continuation.enter;jdk/internal/vm/Continuation.enter0;java/lang/VirtualThread$VThreadContinuation$1.run;java/lang/VirtualThread.run;_notify_jvmti_vthread_start;SharedRuntime::notify_jvmti_vthread_start;JvmtiVTMSTransitionDisabler::VTMS_vthread_start;JvmtiVTMSTransitionDisabler::VTMS_mount_end;Mutex::lock;pthread_mutex_lock;/usr/lib/x86_64-linux-gnu/libc.so.6;entry_SYSCALL_64_after_hwframe_[k];do_syscall_64_[k];x64_sys_call_[k] 2
java/util/concurrent/ForkJoinWorkerThread.run;java/util/concurrent/ForkJoinPool.runWorker;java/util/concurrent/ForkJoinPool.scan;java/util/concurrent/ForkJoinPool$WorkQueue.topLevelExec;java/util/concurrent/ForkJoinTask.doExec;java/util/concurrent/ForkJoinTask$RunnableExecuteAction.exec;java/lang/VirtualThread$$Lambda.0x00007aba24039c78.run;java/lang/VirtualThread.runContinuation;jdk/internal/vm/Continuation.run;jdk/internal/vm/Continuation.enterSpecial;jdk/internal/vm/Continuation.enter;jdk/internal/vm/Continuation.enter0;java/lang/VirtualThread$VThreadContinuation$1.run;java/lang/VirtualThread.run;_notify_jvmti_vthread_start;SharedRuntime::notify_jvmti_vthread_start;JvmtiVTMSTransitionDisabler::VTMS_vthread_start;JvmtiEventController::thread_started;Mutex::lock;pthread_mutex_lock;/usr/lib/x86_64-linux-gnu/libc.so.6;entry_SYSCALL_64_after_hwframe_[k];do_syscall_64_[k];x64_sys_call_[k];__x64_sys_futex_[k];do_futex_[k] 1
java/util/concurrent/ForkJoinWorkerThread.run;java/util/concurrent/ForkJoinPool.runWorker;java/util/concurrent/ForkJoinPool.scan;java/util/concurrent/ForkJoinPool$WorkQueue.topLevelExec;java/util/concurrent/ForkJoinTask.doExec;java/util/concurrent/ForkJoinTask$RunnableExecuteAction.exec;java/lang/VirtualThread$$Lambda.0x00007aba24039c78.run;java/lang/VirtualThread.runContinuation;jdk/internal/vm/Continuation.run;jdk/internal/vm/Continuation.enterSpecial;jdk/internal/vm/Continuation.enter;jdk/internal/vm/Continuation.enter0;java/lang/VirtualThread$VThreadContinuation$1.run;java/lang/VirtualThread.run;_notify_jvmti_vthread_start;SharedRuntime::notify_jvmti_vthread_start;JvmtiVTMSTransitionDisabler::VTMS_vthread_start;__pthread_mutex_unlock;/usr/lib/x86_64-linux-gnu/libc.so.6;entry_SYSCALL_64_after_hwframe_[k];do_syscall_64_[k];x64_sys_call_[k];__x64_sys_futex_[k];do_futex_[k];futex_wake_[k];_raw_spin_lock_[k];native_queued_spin_lock_slowpath_[k] 1176
java/util/concurrent/ForkJoinWorkerThread.run;java/util/concurrent/ForkJoinPool.runWorker;java/util/concurrent/ForkJoinPool.scan;java/util/concurrent/ForkJoinPool$WorkQueue.topLevelExec;java/util/concurrent/ForkJoinTask.doExec;java/util/concurrent/ForkJoinTask$RunnableExecuteAction.exec;java/lang/VirtualThread$$Lambda.0x00007aba24039c78.run;java/lang/VirtualThread.runContinuation;jdk/internal/vm/Continuation.run;jdk/internal/vm/Continuation.enterSpecial;jdk/internal/vm/Continuation.enter;jdk/internal/vm/Continuation.enter0;java/lang/VirtualThread$VThreadContinuation$1.run;java/lang/VirtualThread.run;_notify_jvmti_vthread_end;SharedRuntime::notify_jvmti_vthread_end;JvmtiVTMSTransitionDisabler::VTMS_vthread_end;JvmtiExport::cleanup_thread;Mutex::lock;pthread_mutex_lock;/usr/lib/x86_64-linux-gnu/libc.so.6;entry_SYSCALL_64_after_hwframe_[k];do_syscall_64_[k];x64_sys_call_[k];__x64_sys_futex_[k];do_futex_[k];futex_wait_[k];__futex_wait_[k];futex_wait_setup_[k];get_futex_key_[k] 4
java/util/concurrent/ForkJoinWorkerThread.run;java/util/concurrent/ForkJoinPool.runWorker;java/util/concurrent/ForkJoinPool.scan;java/util/concurrent/ForkJoinPool$WorkQueue.topLevelExec;java/util/concurrent/ForkJoinTask.doExec;java/util/concurrent/ForkJoinTask$RunnableExecuteAction.exec;java/lang/VirtualThread$$Lambda.0x00007aba24039c78.run;java/lang/VirtualThread.runContinuation;jdk/internal/vm/Continuation.run;jdk/internal/vm/Continuation.enterSpecial;jdk/internal/vm/Continuation.enter;jdk/internal/vm/Continuation.enter0;java/lang/VirtualThread$VThreadContinuation$1.run;java/lang/VirtualThread.run;_notify_jvmti_vthread_start;SharedRuntime::notify_jvmti_vthread_start;JvmtiVTMSTransitionDisabler::VTMS_vthread_start;__pthread_mutex_unlock 67
java/util/concurrent/ForkJoinWorkerThread.run;java/util/concurrent/ForkJoinPool.runWorker;java/util/concurrent/ForkJoinPool.scan;java/util/concurrent/ForkJoinPool$WorkQueue.topLevelExec;java/util/concurrent/ForkJoinTask.doExec;java/util/concurrent/ForkJoinTask$RunnableExecuteAction.exec;java/lang/VirtualThread$$Lambda.0x00007aba24039c78.run;java/lang/VirtualThread.runContinuation;java/lang/VirtualThread.afterDone;java/lang/VirtualThread.afterDone;jdk/internal/vm/ThreadContainers$RootContainer$TrackingRootContainer.onExit;java/util/concurrent/ConcurrentHashMap$KeySetView.remove;java/util/concurrent/ConcurrentHashMap.remove;java/util/concurrent/ConcurrentHashMap.replaceNode;java/util/concurrent/ConcurrentHashMap.addCount 1
java/util/concurrent/ForkJoinWorkerThread.run;java/util/concurrent/ForkJoinPool.runWorker;java/util/concurrent/ForkJoinPool.awaitWork;java/util/concurrent/locks/LockSupport.park;jdk/internal/misc/Unsafe.park;Unsafe_Park;Parker::park;pthread_cond_wait;/usr/lib/x86_64-linux-gnu/libc.so.6;entry_SYSCALL_64_after_hwframe_[k];do_syscall_64_[k];x64_sys_call_[k];__x64_sys_futex_[k];do_futex_[k];futex_wait_[k];__futex_wait_[k];futex_do_wait_[k];schedule_[k] 2
java/lang/Thread.run;java/lang/Thread.runWith;java/util/concurrent/ThreadPoolExecutor$Worker.run;java/util/concurrent/ThreadPoolExecutor.runWorker;java/util/concurrent/FutureTask.run;java/util/concurrent/Executors$RunnableAdapter.call;java/util/concurrent/FutureTask.run;org/openjdk/jmh/runner/BenchmarkHandler$BenchmarkTask.call;org/openjdk/jmh/runner/BenchmarkHandler$BenchmarkTask.call;java/lang/reflect/Method.invoke;jdk/internal/reflect/DirectMethodHandleAccessor.invoke;jdk/internal/reflect/DirectMethodHandleAccessor.invokeImpl;java/lang/invoke/LambdaForm$MH.0x00007aba2402e800.invokeExact_MT;java/lang/invoke/LambdaForm$MH.0x00007aba2402e400.invoke;java/lang/invoke/DirectMethodHandle$Holder.invokeSpecial;uk/ac/ncl/jensen/benchmark/jmh_generated/VThreadChurnBenchmark_churn_jmhTest.churn_AverageTime;uk/ac/ncl/jensen/benchmark/jmh_generated/VThreadChurnBenchmark_churn_jmhTest.churn_avgt_jmhStub;uk/ac/ncl/jensen/benchmark/VThreadChurnBenchmark.churn;java/lang/Thread.join;java/lang/Thread.join;java/lang/VirtualThread.joinNanos;java/util/concurrent/CountDownLatch.await;java/util/concurrent/locks/AbstractQueuedSynchronizer.acquireSharedInterruptibly;java/util/concurrent/locks/AbstractQueuedSynchronizer.acquire;java/util/concurrent/locks/LockSupport.park;jdk/internal/misc/Unsafe.park;Unsafe_Park;JavaFrameAnchor::make_walkable 2
java/util/concurrent/ForkJoinWorkerThread.run;java/util/concurrent/ForkJoinPool.runWorker;java/util/concurrent/ForkJoinPool.awaitWork 2
java/util/concurrent/ForkJoinWorkerThread.run;java/util/concurrent/ForkJoinPool.runWorker;java/util/concurrent/ForkJoinPool.scan;java/util/concurrent/ForkJoinPool$WorkQueue.topLevelExec;java/util/concurrent/ForkJoinTask.doExec;java/util/concurrent/ForkJoinTask$RunnableExecuteAction.exec;java/lang/VirtualThread$$Lambda.0x00007aba24039c78.run;java/lang/VirtualThread.runContinuation;jdk/internal/vm/Continuation.run;jdk/internal/vm/Continuation.enterSpecial;jdk/internal/vm/Continuation.enter;jdk/internal/vm/Continuation.enter0;java/lang/VirtualThread$VThreadContinuation$1.run;java/lang/VirtualThread.run;_notify_jvmti_vthread_start;SharedRuntime::notify_jvmti_vthread_start;JvmtiVTMSTransitionDisabler::VTMS_vthread_start;JvmtiVTMSTransitionDisabler::VTMS_mount_end;__pthread_mutex_unlock;/usr/lib/x86_64-linux-gnu/libc.so.6;entry_SYSCALL_64_after_hwframe_[k];do_syscall_64_[k];x64_sys_call_[k];__x64_sys_futex_[k];futex_wake_[k] 2
java/util/concurrent/ForkJoinWorkerThread.run;java/util/concurrent/ForkJoinPool.runWorker;java/util/concurrent/ForkJoinPool.scan;java/util/concurrent/ForkJoinPool$WorkQueue.topLevelExec;java/util/concurrent/ForkJoinTask.doExec;java/util/concurrent/ForkJoinTask$RunnableExecuteAction.exec;java/lang/VirtualThread$$Lambda.0x00007aba24039c78.run;java/lang/VirtualThread.runContinuation;jdk/internal/vm/Continuation.run;jdk/internal/vm/Continuation.enterSpecial;jdk/internal/vm/Continuation.enter;jdk/internal/vm/Continuation.enter0;java/lang/VirtualThread$VThreadContinuation$1.run;java/lang/VirtualThread.run;_notify_jvmti_vthread_end;SharedRuntime::notify_jvmti_vthread_end;JvmtiVTMSTransitionDisabler::VTMS_vthread_end;JvmtiExport::cleanup_thread;JvmtiEventController::thread_ended;JvmtiThreadState::~JvmtiThreadState;OopStorage::release 14
java/util/concurrent/ForkJoinWorkerThread.run;java/util/concurrent/ForkJoinPool.runWorker;java/util/concurrent/ForkJoinPool.scan;java/util/concurrent/ForkJoinPool$WorkQueue.topLevelExec;java/util/concurrent/ForkJoinTask.doExec;java/util/concurrent/ForkJoinTask$RunnableExecuteAction.exec;java/lang/VirtualThread$$Lambda.0x00007aba24039c78.run;java/lang/VirtualThread.runContinuation;jdk/internal/vm/Continuation.run;jdk/internal/vm/Continuation.enterSpecial;jdk/internal/vm/Continuation.enter;jdk/internal/vm/Continuation.enter0;java/lang/VirtualThread$VThreadContinuation$1.run;java/lang/VirtualThread.run;_notify_jvmti_vthread_start;SharedRuntime::notify_jvmti_vthread_start;JvmtiVTMSTransitionDisabler::VTMS_vthread_start;JvmtiEventController::thread_started;JvmtiThreadState::JvmtiThreadState;OopStorage::allocate 28
java/util/concurrent/ForkJoinWorkerThread.run;java/util/concurrent/ForkJoinPool.runWorker;java/util/concurrent/ForkJoinPool.scan;java/util/concurrent/ForkJoinPool$WorkQueue.topLevelExec;java/util/concurrent/ForkJoinPool$WorkQueue.tryPoll 17
java/util/concurrent/ForkJoinWorkerThread.run;java/util/concurrent/ForkJoinPool.runWorker;java/util/concurrent/ForkJoinPool.scan;java/util/concurrent/ForkJoinPool$WorkQueue.topLevelExec;java/util/concurrent/ForkJoinTask.doExec;java/util/concurrent/ForkJoinTask$RunnableExecuteAction.exec;java/lang/VirtualThread$$Lambda.0x00007aba24039c78.run;java/lang/VirtualThread.runContinuation;jdk/internal/vm/Continuation.run;jdk/internal/vm/Continuation.enterSpecial;jdk/internal/vm/Continuation.enter;jdk/internal/vm/Continuation.enter0;java/lang/VirtualThread$VThreadContinuation$1.run;java/lang/VirtualThread.run;_notify_jvmti_vthread_start;SharedRuntime::notify_jvmti_vthread_start;JvmtiVTMSTransitionDisabler::VTMS_vthread_start;JvmtiEventController::thread_started;Mutex::lock;pthread_mutex_lock;/usr/lib/x86_64-linux-gnu/libc.so.6;entry_SYSCALL_64_after_hwframe_[k];do_syscall_64_[k];x64_sys_call_[k];__x64_sys_futex_[k];do_futex_[k];futex_wait_[k];__futex_wait_[k];futex_wait_setup_[k];get_futex_key_[k] 4
java/lang/Thread.run;java/lang/Thread.runWith;java/util/concurrent/ThreadPoolExecutor$Worker.run;java/util/concurrent/ThreadPoolExecutor.runWorker;java/util/concurrent/FutureTask.run;java/util/concurrent/Executors$RunnableAdapter.call;java/util/concurrent/FutureTask.run;org/openjdk/jmh/runner/BenchmarkHandler$BenchmarkTask.call;org/openjdk/jmh/runner/BenchmarkHandler$BenchmarkTask.call;java/lang/reflect/Method.invoke;jdk/internal/reflect/DirectMethodHandleAccessor.invoke;jdk/internal/reflect/DirectMethodHandleAccessor.invokeImpl;java/lang/invoke/LambdaForm$MH.0x00007aba2402e800.invokeExact_MT;java/lang/invoke/LambdaForm$MH.0x00007aba2402e400.invoke;java/lang/invoke/DirectMethodHandle$Holder.invokeSpecial;uk/ac/ncl/jensen/benchmark/jmh_generated/VThreadChurnBenchmark_churn_jmhTest.churn_AverageTime;uk/ac/ncl/jensen/benchmark/jmh_generated/VThreadChurnBenchmark_churn_jmhTest.churn_avgt_jmhStub;uk/ac/ncl/jensen/benchmark/VThreadChurnBenchmark.churn;java/lang/ThreadBuilders$VirtualThreadBuilder.start;java/lang/ThreadBuilders$VirtualThreadBuilder.unstarted;java/lang/ThreadBuilders.newVirtualThread;java/lang/VirtualThread.<init>;java/lang/BaseVirtualThread.<init>;java/lang/Thread.<init>;java/lang/Thread$ThreadIdentifiers.next 11
java/util/concurrent/ForkJoinWorkerThread.run;java/util/concurrent/ForkJoinPool.runWorker;java/util/concurrent/ForkJoinPool.scan;java/util/concurrent/ForkJoinPool$WorkQueue.topLevelExec;java/util/concurrent/ForkJoinTask.doExec;java/util/concurrent/ForkJoinTask$RunnableExecuteAction.exec;java/lang/VirtualThread$$Lambda.0x00007aba24039c78.run;java/lang/VirtualThread.runContinuation;jdk/internal/vm/Continuation.run;jdk/internal/vm/Continuation.enterSpecial;jdk/internal/vm/Continuation.enter;jdk/internal/vm/Continuation.enter0;java/lang/VirtualThread$VThreadContinuation$1.run;java/lang/VirtualThread.run;_notify_jvmti_vthread_start;SharedRuntime::notify_jvmti_vthread_start;JvmtiVTMSTransitionDisabler::VTMS_vthread_start;JvmtiVTMSTransitionDisabler::VTMS_mount_end;__pthread_mutex_unlock;/usr/lib/x86_64-linux-gnu/libc.so.6;entry_SYSCALL_64_after_hwframe_[k];do_syscall_64_[k];x64_sys_call_[k] 1
java/util/concurrent/ForkJoinWorkerThread.run;java/util/concurrent/ForkJoinPool.runWorker;java/util/concurrent/ForkJoinPool.scan;java/util/concurrent/ForkJoinPool$WorkQueue.topLevelExec;java/util/concurrent/ForkJoinTask.doExec;java/util/concurrent/ForkJoinTask$RunnableExecuteAction.exec;java/lang/VirtualThread$$Lambda.0x00007aba24039c78.run;java/lang/VirtualThread.runContinuation;jdk/internal/vm/Continuation.run;jdk/internal/vm/Continuation.enterSpecial;jdk/internal/vm/Continuation.enter;jdk/internal/vm/Continuation.enter0;java/lang/VirtualThread$VThreadContinuation$1.run;java/lang/VirtualThread.run;_notify_jvmti_vthread_start;SharedRuntime::notify_jvmti_vthread_start;JvmtiVTMSTransitionDisabler::VTMS_vthread_start;JvmtiEventController::thread_started;AllocateHeap;os::malloc 2
java/util/concurrent/ForkJoinWorkerThread.run;java/util/concurrent/ForkJoinPool.runWorker;java/util/concurrent/ForkJoinPool.scan;java/util/concurrent/ForkJoinPool$WorkQueue.topLevelExec;java/util/concurrent/ForkJoinTask.doExec;java/util/concurrent/ForkJoinTask$RunnableExecuteAction.exec;java/lang/VirtualThread$$Lambda.0x00007aba24039c78.run;java/lang/VirtualThread.runContinuation;jdk/internal/vm/Continuation.run;jdk/internal/vm/Continuation.enterSpecial;jdk/internal/vm/Continuation.enter;jdk/internal/vm/Continuation.enter0;java/lang/VirtualThread$VThreadContinuation$1.run;java/lang/VirtualThread.run;_notify_jvmti_vthread_start;SharedRuntime::notify_jvmti_vthread_start;JvmtiVTMSTransitionDisabler::VTMS_vthread_start;JvmtiVTMSTransitionDisabler::VTMS_mount_end;JavaThread::rebind_to_jvmti_thread_state_of 3
java/util/concurrent/ForkJoinWorkerThread.run;java/util/concurrent/ForkJoinPool.runWorker;java/util/concurrent/ForkJoinPool.scan;java/util/concurrent/ForkJoinPool$WorkQueue.topLevelExec;java/util/concurrent/ForkJoinTask.doExec;java/util/concurrent/ForkJoinTask$RunnableExecuteAction.exec;java/lang/VirtualThread$$Lambda.0x00007aba24039c78.run;java/lang/VirtualThread.runContinuation;jdk/internal/vm/Continuation.run;jdk/internal/vm/Continuation.enterSpecial;jdk/internal/vm/Continuation.enter;jdk/internal/vm/Continuation.enter0;java/lang/VirtualThread$VThreadContinuation$1.run;java/lang/VirtualThread.run;_notify_jvmti_vthread_start;SharedRuntime::notify_jvmti_vthread_start;JvmtiVTMSTransitionDisabler::VTMS_vthread_start;__pthread_mutex_unlock 6
java/util/concurrent/ForkJoinWorkerThread.run;java/util/concurrent/ForkJoinPool.runWorker;java/util/concurrent/ForkJoinPool.scan;java/util/concurrent/ForkJoinPool$WorkQueue.topLevelExec;java/util/concurrent/ForkJoinTask.doExec;java/util/concurrent/ForkJoinTask$RunnableExecuteAction.exec;java/lang/VirtualThread$$Lambda.0x00007aba24039c78.run;java/lang/VirtualThread.runContinuation;jdk/internal/vm/Continuation.run;jdk/internal/vm/Continuation.enterSpecial;jdk/internal/vm/Continuation.enter;jdk/internal/vm/Continuation.enter0;java/lang/VirtualThread$VThreadContinuation$1.run;java/lang/VirtualThread.run;_notify_jvmti_vthread_start;SharedRuntime::notify_jvmti_vthread_start;JvmtiVTMSTransitionDisabler::VTMS_vthread_start;__pthread_mutex_unlock;/usr/lib/x86_64-linux-gnu/libc.so.6;entry_SYSCALL_64_after_hwframe_[k];do_syscall_64_[k];x64_sys_call_[k];__x64_sys_futex_[k];do_futex_[k];futex_wake_[k];wake_q_add_safe_[k] 3
java/util/concurrent/ForkJoinWorkerThread.run;java/util/concurrent/ForkJoinPool.runWorker;java/util/concurrent/ForkJoinPool.scan 3
java/util/concurrent/ForkJoinWorkerThread.run;java/util/concurrent/ForkJoinPool.runWorker;java/util/concurrent/ForkJoinPool.scan;java/util/concurrent/ForkJoinPool$WorkQueue.topLevelExec;java/util/concurrent/ForkJoinTask.doExec;java/util/concurrent/ForkJoinTask$RunnableExecuteAction.exec;java/lang/VirtualThread$$Lambda.0x00007aba24039c78.run;java/lang/VirtualThread.runContinuation;java/lang/VirtualThread.unmount 1
java/util/concurrent/ForkJoinWorkerThread.run;java/util/concurrent/ForkJoinPool.runWorker;java/util/concurrent/ForkJoinPool.scan;java/util/concurrent/ForkJoinPool$WorkQueue.topLevelExec;java/util/concurrent/ForkJoinTask.doExec;java/util/concurrent/ForkJoinTask$RunnableExecuteAction.exec;java/lang/VirtualThread$$Lambda.0x00007aba24039c78.run;java/lang/VirtualThread.runContinuation;jdk/internal/vm/Continuation.run;jdk/internal/vm/Continuation.enterSpecial;jdk/internal/vm/Continuation.enter;jdk/internal/vm/Continuation.enter0;java/lang/VirtualThread$VThreadContinuation$1.run;java/lang/VirtualThread.run;_notify_jvmti_vthread_start;SharedRuntime::notify_jvmti_vthread_start;JvmtiVTMSTransitionDisabler::VTMS_vthread_start;JvmtiVTMSTransitionDisabler::finish_VTMS_transition 1
java/util/concurrent/ForkJoinWorkerThread.run;java/util/concurrent/ForkJoinPool.runWorker;java/util/concurrent/ForkJoinPool.scan;java/util/concurrent/ForkJoinPool$WorkQueue.topLevelExec;java/util/concurrent/ForkJoinTask.doExec;java/util/concurrent/ForkJoinTask$RunnableExecuteAction.exec;java/lang/VirtualThread$$Lambda.0x00007aba24039c78.run;java/lang/VirtualThread.runContinuation;jdk/internal/vm/Continuation.run;jdk/internal/vm/Continuation.enterSpecial;jdk/internal/vm/Continuation.enter;jdk/internal/vm/Continuation.enter0;java/lang/VirtualThread$VThreadContinuation$1.run;java/lang/VirtualThread.run;_notify_jvmti_vthread_end;SharedRuntime::notify_jvmti_vthread_end;JvmtiVTMSTransitionDisabler::VTMS_vthread_end;JvmtiExport::cleanup_thread;Mutex::lock;pthread_mutex_lock;/usr/lib/x86_64-linux-gnu/libc.so.6;entry_SYSCALL_64_after_hwframe_[k];do_syscall_64_[k];x64_sys_call_[k];__x64_sys_futex_[k];do_futex_[k];futex_wait_[k];__futex_wait_[k];futex_do_wait_[k];schedule_[k];__schedule_[k] 3
java/util/concurrent/ForkJoinWorkerThread.run;java/util/concurrent/ForkJoinPool.runWorker;java/util/concurrent/ForkJoinPool.awaitWork;java/util/concurrent/locks/LockSupport.park;jdk/internal/misc/Unsafe.park;Unsafe_Park;Parker::park;pthread_cond_wait;/usr/lib/x86_64-linux-gnu/libc.so.6;entry_SYSCALL_64_after_hwframe_[k];do_syscall_64_[k];x64_sys_call_[k];__x64_sys_futex_[k];do_futex_[k];futex_wait_[k];__futex_wait_[k];futex_wait_setup_[k];futex_hash_[k] 7
java/util/concurrent/ForkJoinWorkerThread.run;java/util/concurrent/ForkJoinPool.runWorker;java/util/concurrent/ForkJoinPool.scan;java/util/concurrent/ForkJoinPool$WorkQueue.topLevelExec;java/util/concurrent/ForkJoinTask.doExec;java/util/concurrent/ForkJoinTask$RunnableExecuteAction.exec;java/lang/VirtualThread$$Lambda.0x00007aba24039c78.run;java/lang/VirtualThread.runContinuation;java/lang/VirtualThread.unmount;_notify_jvmti_vthread_unmount 1
java/util/concurrent/ForkJoinWorkerThread.run;java/util/concurrent/ForkJoinPool.runWorker;java/util/concurrent/ForkJoinPool.scan;java/util/concurrent/ForkJoinPool$WorkQueue.topLevelExec;java/util/concurrent/ForkJoinTask.doExec;java/util/concurrent/ForkJoinTask$RunnableExecuteAction.exec;java/lang/VirtualThread$$Lambda.0x00007aba24039c78.run;java/lang/VirtualThread.runContinuation;jdk/internal/vm/Continuation.run;jdk/internal/vm/Continuation.enterSpecial;jdk/internal/vm/Continuation.enter;jdk/internal/vm/Continuation.enter0;java/lang/VirtualThread$VThreadContinuation$1.run;java/lang/VirtualThread.run;_notify_jvmti_vthread_end;SharedRuntime::notify_jvmti_vthread_end;JvmtiVTMSTransitionDisabler::VTMS_vthread_end;JvmtiExport::cleanup_thread;Mutex::lock;pthread_mutex_lock;/usr/lib/x86_64-linux-gnu/libc.so.6;entry_SYSCALL_64_after_hwframe_[k];do_syscall_64_[k];x64_sys_call_[k];__x64_sys_futex_[k];do_futex_[k];futex_wait_[k];__futex_wait_[k];futex_wait_setup_[k];_raw_spin_lock_[k] 1
java/util/concurrent/ForkJoinWorkerThread.run;java/util/concurrent/ForkJoinPool.runWorker;java/util/concurrent/ForkJoinPool.scan;java/util/concurrent/ForkJoinPool$WorkQueue.topLevelExec;java/util/concurrent/ForkJoinTask.doExec;java/util/concurrent/ForkJoinTask$RunnableExecuteAction.exec;java/lang/VirtualThread$$Lambda.0x00007aba24039c78.run;java/lang/VirtualThread.runContinuation;jdk/internal/vm/Continuation.run;jdk/internal/vm/Continuation.enterSpecial;jdk/internal/vm/Continuation.enter;jdk/internal/vm/Continuation.enter0;java/lang/VirtualThread$VThreadContinuation$1.run;java/lang/VirtualThread.run;_notify_jvmti_vthread_start;SharedRuntime::notify_jvmti_vthread_start;JvmtiVTMSTransitionDisabler::VTMS_vthread_start;__pthread_mutex_unlock;/usr/lib/x86_64-linux-gnu/libc.so.6;entry_SYSCALL_64_after_hwframe_[k];do_syscall_64_[k];x64_sys_call_[k];__x64_sys_futex_[k];do_futex_[k];_raw_spin_lock_[k] 2
java/util/concurrent/ForkJoinWorkerThread.run;java/util/concurrent/ForkJoinPool.runWorker;java/util/concurrent/ForkJoinPool.scan;java/util/concurrent/ForkJoinPool$WorkQueue.topLevelExec;java/util/concurrent/ForkJoinTask.doExec;java/util/concurrent/ForkJoinTask$RunnableExecuteAction.exec;java/lang/VirtualThread$$Lambda.0x00007aba24039c78.run;java/lang/VirtualThread.runContinuation;jdk/internal/vm/Continuation.run;jdk/internal/vm/Continuation.enterSpecial 1
java/util/concurrent/ForkJoinWorkerThread.run;java/util/concurrent/ForkJoinPool.runWorker;java/util/concurrent/ForkJoinPool.scan;java/util/concurrent/ForkJoinPool$WorkQueue.topLevelExec;java/util/concurrent/ForkJoinTask.doExec;java/util/concurrent/ForkJoinTask$RunnableExecuteAction.exec;java/lang/VirtualThread$$Lambda.0x00007aba24039c78.run;java/lang/VirtualThread.runContinuation;jdk/internal/vm/Continuation.run;jdk/internal/vm/Continuation.enterSpecial;jdk/internal/vm/Continuation.enter;jdk/internal/vm/Continuation.enter0;java/lang/VirtualThread$VThreadContinuation$1.run;java/lang/VirtualThread.run;_notify_jvmti_vthread_end;SharedRuntime::notify_jvmti_vthread_end;JvmtiVTMSTransitionDisabler::VTMS_vthread_end;__pthread_mutex_unlock;/usr/lib/x86_64-linux-gnu/libc.so.6;entry_SYSCALL_64_after_hwframe_[k];do_syscall_64_[k];x64_sys_call_[k];__x64_sys_futex_[k];do_futex_[k];futex_wake_[k];get_futex_key_[k] 2
java/util/concurrent/ForkJoinWorkerThread.run;java/util/concurrent/ForkJoinPool.runWorker;java/util/concurrent/ForkJoinPool.scan;java/util/concurrent/ForkJoinPool$WorkQueue.topLevelExec;java/util/concurrent/ForkJoinTask.doExec;java/util/concurrent/ForkJoinTask$RunnableExecuteAction.exec;java/lang/VirtualThread$$Lambda.0x00007aba24039c78.run;java/lang/VirtualThread.runContinuation;jdk/internal/vm/Continuation.run;jdk/internal/vm/Continuation.enterSpecial;jdk/internal/vm/Continuation.enter;jdk/internal/vm/Continuation.enter0;java/lang/VirtualThread$VThreadContinuation$1.run;java/lang/VirtualThread.run;_notify_jvmti_vthread_start;SharedRuntime::notify_jvmti_vthread_start;JvmtiVTMSTransitionDisabler::VTMS_vthread_start;JvmtiVTMSTransitionDisabler::VTMS_mount_end;__pthread_mutex_unlock 25
java/util/concurrent/ForkJoinWorkerThread.run;java/util/concurrent/ForkJoinPool.runWorker;java/util/concurrent/ForkJoinPool.scan;java/util/concurrent/ForkJoinPool$WorkQueue.topLevelExec;java/util/concurrent/ForkJoinTask.doExec;java/util/concurrent/ForkJoinTask$RunnableExecuteAction.exec;java/lang/VirtualThread$$Lambda.0x00007aba24039c78.run;java/lang/VirtualThread.runContinuation;jdk/internal/vm/Continuation.run;jdk/internal/vm/Continuation.enterSpecial;jdk/internal/vm/Continuation.enter;jdk/internal/vm/Continuation.enter0;java/lang/VirtualThread$VThreadContinuation$1.run;java/lang/VirtualThread.run;_notify_jvmti_vthread_start;SharedRuntime::notify_jvmti_vthread_start;JvmtiVTMSTransitionDisabler::VTMS_vthread_start;__pthread_mutex_unlock;/usr/lib/x86_64-linux-gnu/libc.so.6;entry_SYSCALL_64_after_hwframe_[k];do_syscall_64_[k];x64_sys_call_[k];__x64_sys_futex_[k];do_futex_[k];futex_wake_[k];futex_hash_[k] 6
java/util/concurrent/ForkJoinWorkerThread.run;java/util/concurrent/ForkJoinPool.runWorker;java/util/concurrent/ForkJoinPool.scan;java/util/concurrent/ForkJoinPool$WorkQueue.topLevelExec;java/util/concurrent/ForkJoinTask.doExec;java/util/concurrent/ForkJoinTask$RunnableExecuteAction.exec;java/lang/VirtualThread$$Lambda.0x00007aba24039c78.run;java/lang/VirtualThread.runContinuation;jdk/internal/vm/Continuation.run;jdk/internal/vm/Continuation.enterSpecial;jdk/internal/vm/Continuation.enter;jdk/internal/vm/Continuation.enter0;java/lang/VirtualThread$VThreadContinuation$1.run;java/lang/VirtualThread.run;java/lang/Thread.runWith 1
java/util/concurrent/ForkJoinWorkerThread.run;java/util/concurrent/ForkJoinPool.runWorker;java/util/concurrent/ForkJoinPool.scan;java/util/concurrent/ForkJoinPool$WorkQueue.topLevelExec 1
java/lang/Thread.run;java/lang/Thread.runWith;java/util/concurrent/ThreadPoolExecutor$Worker.run;java/util/concurrent/ThreadPoolExecutor.runWorker;java/util/concurrent/FutureTask.run;java/util/concurrent/Executors$RunnableAdapter.call;java/util/concurrent/FutureTask.run;org/openjdk/jmh/runner/BenchmarkHandler$BenchmarkTask.call;org/openjdk/jmh/runner/BenchmarkHandler$BenchmarkTask.call;java/lang/reflect/Method.invoke;jdk/internal/reflect/DirectMethodHandleAccessor.invoke;jdk/internal/reflect/DirectMethodHandleAccessor.invokeImpl;java/lang/invoke/LambdaForm$MH.0x00007aba2402e800.invokeExact_MT;java/lang/invoke/LambdaForm$MH.0x00007aba2402e400.invoke;java/lang/invoke/DirectMethodHandle$Holder.invokeSpecial;uk/ac/ncl/jensen/benchmark/jmh_generated/VThreadChurnBenchmark_churn_jmhTest.churn_AverageTime;uk/ac/ncl/jensen/benchmark/jmh_generated/VThreadChurnBenchmark_churn_jmhTest.churn_avgt_jmhStub;uk/ac/ncl/jensen/benchmark/VThreadChurnBenchmark.churn;java/lang/ThreadBuilders$VirtualThreadBuilder.start;java/lang/ThreadBuilders$VirtualThreadBuilder.unstarted;java/lang/ThreadBuilders.newVirtualThread;asm_exc_page_fault_[k];exc_page_fault_[k];do_user_addr_fault_[k];handle_mm_fault_[k];__handle_mm_fault_[k] 1
java/util/concurrent/ForkJoinWorkerThread.run;java/util/concurrent/ForkJoinPool.runWorker;java/util/concurrent/ForkJoinPool.scan;java/util/concurrent/ForkJoinPool$WorkQueue.topLevelExec;java/util/concurrent/ForkJoinTask.doExec;java/util/concurrent/ForkJoinTask$RunnableExecuteAction.exec;java/lang/VirtualThread$$Lambda.0x00007aba24039c78.run;java/lang/VirtualThread.runContinuation;jdk/internal/vm/Continuation.run;jdk/internal/vm/Continuation.enterSpecial;jdk/internal/vm/Continuation.enter;jdk/internal/vm/Continuation.enter0;java/lang/VirtualThread$VThreadContinuation$1.run;java/lang/VirtualThread.run;_notify_jvmti_vthread_start;SharedRuntime::notify_jvmti_vthread_start;JvmtiVTMSTransitionDisabler::VTMS_vthread_start;JvmtiVTMSTransitionDisabler::VTMS_mount_end;__pthread_mutex_unlock;/usr/lib/x86_64-linux-gnu/libc.so.6;entry_SYSCALL_64_after_hwframe_[k];do_syscall_64_[k] 2
java/lang/Thread.run;java/lang/Thread.runWith;java/util/concurrent/ThreadPoolExecutor$Worker.run;java/util/concurrent/ThreadPoolExecutor.runWorker;java/util/concurrent/FutureTask.run;java/util/concurrent/Executors$RunnableAdapter.call;java/util/concurrent/FutureTask.run;org/openjdk/jmh/runner/BenchmarkHandler$BenchmarkTask.call;org/openjdk/jmh/runner/BenchmarkHandler$BenchmarkTask.call;java/lang/reflect/Method.invoke;jdk/internal/reflect/DirectMethodHandleAccessor.invoke;jdk/internal/reflect/DirectMethodHandleAccessor.invokeImpl;java/lang/invoke/LambdaForm$MH.0x00007aba2402e800.invokeExact_MT;java/lang/invoke/LambdaForm$MH.0x00007aba2402e400.invoke;java/lang/invoke/DirectMethodHandle$Holder.invokeSpecial;uk/ac/ncl/jensen/benchmark/jmh_generated/VThreadChurnBenchmark_churn_jmhTest.churn_AverageTime;uk/ac/ncl/jensen/benchmark/jmh_generated/VThreadChurnBenchmark_churn_jmhTest.churn_avgt_jmhStub;uk/ac/ncl/jensen/benchmark/VThreadChurnBenchmark.churn;java/lang/ThreadBuilders$VirtualThreadBuilder.start;java/lang/VirtualThread.start;java/lang/VirtualThread.start;jdk/internal/vm/ThreadContainers$RootContainer$TrackingRootContainer.onStart;java/util/concurrent/ConcurrentHashMap$KeySetView.add;java/util/concurrent/ConcurrentHashMap.putVal 1
java/util/concurrent/ForkJoinWorkerThread.run;java/util/concurrent/ForkJoinPool.runWorker;java/util/concurrent/ForkJoinPool.scan 3
java/util/concurrent/ForkJoinWorkerThread.run;java/util/concurrent/ForkJoinPool.runWorker;java/util/concurrent/ForkJoinPool.scan;java/util/concurrent/ForkJoinPool$WorkQueue.topLevelExec;java/util/concurrent/ForkJoinTask.doExec;java/util/concurrent/ForkJoinTask$RunnableExecuteAction.exec;java/lang/VirtualThread$$Lambda.0x00007aba24039c78.run;java/lang/VirtualThread.runContinuation;java/lang/VirtualThread.afterDone;java/lang/VirtualThread.afterDone;jdk/internal/vm/ThreadContainers$RootContainer$TrackingRootContainer.onExit;java/util/concurrent/ConcurrentHashMap$KeySetView.remove;java/util/concurrent/ConcurrentHashMap.remove;java/util/concurrent/ConcurrentHashMap.replaceNode;java/util/concurrent/ConcurrentHashMap.tabAt 4
java/lang/Thread.run;java/lang/Thread.runWith;java/util/concurrent/ThreadPoolExecutor$Worker.run;java/util/concurrent/ThreadPoolExecutor.runWorker;java/util/concurrent/FutureTask.run;java/util/concurrent/Executors$RunnableAdapter.call;java/util/concurrent/FutureTask.run;org/openjdk/jmh/runner/BenchmarkHandler$BenchmarkTask.call;org/openjdk/jmh/runner/BenchmarkHandler$BenchmarkTask.call;java/lang/reflect/Method.invoke;jdk/internal/reflect/DirectMethodHandleAccessor.invoke;jdk/internal/reflect/DirectMethodHandleAccessor.invokeImpl;java/lang/invoke/LambdaForm$MH.0x00007aba2402e800.invokeExact_MT;java/lang/invoke/LambdaForm$MH.0x00007aba2402e400.invoke;java/lang/invoke/DirectMethodHandle$Holder.invokeSpecial;uk/ac/ncl/jensen/benchmark/jmh_generated/VThreadChurnBenchmark_churn_jmhTest.churn_AverageTime;uk/ac/ncl/jensen/benchmark/jmh_generated/VThreadChurnBenchmark_churn_jmhTest.churn_avgt_jmhStub;uk/ac/ncl/jensen/benchmark/VThreadChurnBenchmark.churn;java/lang/ThreadBuilders$VirtualThreadBuilder.start;java/lang/ThreadBuilders$VirtualThreadBuilder.unstarted;java/lang/ThreadBuilders.newVirtualThread;java/lang/VirtualThread.<init>;java/lang/BaseVirtualThread.<init>;java/lang/Thread.<init> 15
java/util/concurrent/ForkJoinWorkerThread.run;java/util/concurrent/ForkJoinPool.runWorker;java/util/concurrent/ForkJoinPool.scan;java/util/concurrent/ForkJoinPool$WorkQueue.topLevelExec;java/util/concurrent/ForkJoinTask.doExec;java/util/concurrent/ForkJoinTask$RunnableExecuteAction.exec;java/lang/VirtualThread$$Lambda.0x00007aba24039c78.run;java/lang/VirtualThread.runContinuation;jdk/internal/vm/Continuation.run;jdk/internal/vm/Continuation.enterSpecial;jdk/internal/vm/Continuation.enter;jdk/internal/vm/Continuation.enter0;java/lang/VirtualThread$VThreadContinuation$1.run;java/lang/VirtualThread.run;_notify_jvmti_vthread_end;SharedRuntime::notify_jvmti_vthread_end 3
java/util/concurrent/ForkJoinWorkerThread.run;java/util/concurrent/ForkJoinPool.runWorker;java/util/concurrent/ForkJoinPool.scan;java/util/concurrent/ForkJoinPool$WorkQueue.topLevelExec;java/util/concurrent/ForkJoinTask.doExec;java/util/concurrent/ForkJoinTask$RunnableExecuteAction.exec;java/lang/VirtualThread$$Lambda.0x00007aba24039c78.run;java/lang/VirtualThread.runContinuation;jdk/internal/vm/Continuation.run;jdk/internal/vm/Continuation.enterSpecial;jdk/internal/vm/Continuation.enter;jdk/internal/vm/Continuation.enter0;java/lang/VirtualThread$VThreadContinuation$1.run;java/lang/VirtualThread.run;_notify_jvmti_vthread_start;SharedRuntime::notify_jvmti_vthread_start;JvmtiVTMSTransitionDisabler::VTMS_vthread_start;JvmtiVTMSTransitionDisabler::VTMS_mount_end;Mutex::lock;pthread_mutex_lock;/usr/lib/x86_64-linux-gnu/libc.so.6;entry_SYSCALL_64_after_hwframe_[k];do_syscall_64_[k];x64_sys_call_[k];__x64_sys_futex_[k];do_futex_[k];futex_wait_[k];__futex_wait_[k];futex_wait_setup_[k];__futex_queue_[k];plist_add_[k] 19
java/util/concurrent/ForkJoinWorkerThread.run;java/util/concurrent/ForkJoinPool.runWorker;java/util/concurrent/ForkJoinPool.scan;java/util/concurrent/ForkJoinPool$WorkQueue.topLevelExec;java/util/concurrent/ForkJoinTask.doExec;java/util/concurrent/ForkJoinTask$RunnableExecuteAction.exec;java/lang/VirtualThread$$Lambda.0x00007aba24039c78.run;java/lang/VirtualThread.runContinuation;jdk/internal/vm/Continuation.run;jdk/internal/vm/Continuation.enterSpecial;jdk/internal/vm/Continuation.enter;jdk/internal/vm/Continuation.enter0;java/lang/VirtualThread$VThreadContinuation$1.run;java/lang/VirtualThread.run;_notify_jvmti_vthread_end;SharedRuntime::notify_jvmti_vthread_end;JNIHandles::make_local 2
java/util/concurrent/ForkJoinWorkerThread.run;java/util/concurrent/ForkJoinPool.runWorker;java/util/concurrent/ForkJoinPool.scan;java/util/concurrent/ForkJoinPool$WorkQueue.topLevelExec;java/util/concurrent/ForkJoinTask.doExec;java/util/concurrent/ForkJoinTask$RunnableExecuteAction.exec;java/lang/VirtualThread$$Lambda.0x00007aba24039c78.run;java/lang/VirtualThread.runContinuation;jdk/internal/vm/Continuation.run;jdk/internal/vm/Continuation.enterSpecial;jdk/internal/vm/Continuation.enter;jdk/internal/vm/Continuation.enter0;java/lang/VirtualThread$VThreadContinuation$1.run;java/lang/VirtualThread.run;_notify_jvmti_vthread_start;SharedRuntime::notify_jvmti_vthread_start;JvmtiVTMSTransitionDisabler::VTMS_vthread_start;JvmtiVTMSTransitionDisabler::VTMS_mount_end;__pthread_mutex_unlock;/usr/lib/x86_64-linux-gnu/libc.so.6;entry_SYSCALL_64_after_hwframe_[k];do_syscall_64_[k];x64_sys_call_[k];__x64_sys_futex_[k];do_futex_[k];_raw_spin_lock_[k] 1
java/util/concurrent/ForkJoinWorkerThread.run;java/util/concurrent/ForkJoinPool.runWorker;java/util/concurrent/ForkJoinPool.scan;java/util/concurrent/ForkJoinPool$WorkQueue.topLevelExec;java/util/concurrent/ForkJoinTask.doExec;java/util/concurrent/ForkJoinTask$RunnableExecuteAction.exec;java/lang/VirtualThread$$Lambda.0x00007aba24039c78.run;java/lang/VirtualThread.runContinuation;jdk/internal/vm/Continuation.run;jdk/internal/vm/Continuation.enterSpecial;jdk/internal/vm/Continuation.enter;jdk/internal/vm/Continuation.enter0;java/lang/VirtualThread$VThreadContinuation$1.run;java/lang/VirtualThread.run;_notify_jvmti_vthread_start;SharedRuntime::notify_jvmti_vthread_start;JvmtiVTMSTransitionDisabler::VTMS_vthread_start;JvmtiEventController::thread_started;Mutex::lock;pthread_mutex_lock;/usr/lib/x86_64-linux-gnu/libc.so.6;entry_SYSCALL_64_after_hwframe_[k];do_syscall_64_[k];x64_sys_call_[k];__x64_sys_futex_[k];do_futex_[k];futex_wait_[k];__futex_wait_[k];futex_wait_setup_[k];futex_q_lock_[k];_raw_spin_lock_[k];native_queued_spin_lock_slowpath_[k] 153
java/util/concurrent/ForkJoinWorkerThread.run;java/util/concurrent/ForkJoinPool.runWorker;java/util/concurrent/ForkJoinPool.scan;java/util/concurrent/ForkJoinPool$WorkQueue.topLevelExec;java/util/concurrent/ForkJoinTask.doExec;java/util/concurrent/ForkJoinTask$RunnableExecuteAction.exec;java/lang/VirtualThread$$Lambda.0x00007aba24039c78.run;java/lang/VirtualThread.runContinuation;jdk/internal/vm/Continuation.run;jdk/internal/vm/Continuation.enterSpecial;jdk/internal/vm/Continuation.enter;jdk/internal/vm/Continuation.enter0;java/lang/VirtualThread$VThreadContinuation$1.run;java/lang/VirtualThread.run;_notify_jvmti_vthread_start;SharedRuntime::notify_jvmti_vthread_start;JvmtiVTMSTransitionDisabler::VTMS_vthread_start;JvmtiVTMSTransitionDisabler::VTMS_mount_end;JavaThread::rebind_to_jvmti_thread_state_of;AccessInternal::PostRuntimeDispatch<G1BarrierSet::AccessBarrier<548964ul, G1BarrierSet>, (AccessInternal::BarrierType)0, 548964ul>::oop_access_barrier 1
java/util/concurrent/ForkJoinWorkerThread.run;java/util/concurrent/ForkJoinPool.runWorker;java/util/concurrent/ForkJoinPool.scan;java/util/concurrent/ForkJoinPool$WorkQueue.topLevelExec;java/util/concurrent/ForkJoinTask.doExec;java/util/concurrent/ForkJoinTask$RunnableExecuteAction.exec;java/lang/VirtualThread$$Lambda.0x00007aba24039c78.run;java/lang/VirtualThread.runContinuation;jdk/internal/vm/Continuation.run;jdk/internal/vm/Continuation.enterSpecial;jdk/internal/vm/Continuation.enter;jdk/internal/vm/Continuation.enter0;java/lang/VirtualThread$VThreadContinuation$1.run;java/lang/VirtualThread.run;_notify_jvmti_vthread_start;SharedRuntime::notify_jvmti_vthread_start;JvmtiVTMSTransitionDisabler::VTMS_vthread_start;JvmtiVTMSTransitionDisabler::VTMS_mount_end;__pthread_mutex_unlock;/usr/lib/x86_64-linux-gnu/libc.so.6;entry_SYSCALL_64_after_hwframe_[k];do_syscall_64_[k];x64_sys_call_[k];__x64_sys_futex_[k];do_futex_[k];futex_wake_[k] 1
java/util/concurrent/ForkJoinWorkerThread.run;java/util/concurrent/ForkJoinPool.runWorker;java/util/concurrent/ForkJoinPool.scan;java/util/concurrent/ForkJoinPool$WorkQueue.topLevelExec;java/util/concurrent/ForkJoinTask.doExec;java/util/concurrent/ForkJoinTask$RunnableExecuteAction.exec;java/lang/VirtualThread$$Lambda.0x00007aba24039c78.run;java/lang/VirtualThread.runContinuation;jdk/internal/vm/Continuation.run;jdk/internal/vm/Continuation.enterSpecial;jdk/internal/vm/Continuation.enter;jdk/internal/vm/Continuation.enter0;java/lang/VirtualThread$VThreadContinuation$1.run;java/lang/VirtualThread.run;_notify_jvmti_vthread_start;SharedRuntime::notify_jvmti_vthread_start;JvmtiVTMSTransitionDisabler::VTMS_vthread_start;__pthread_mutex_unlock;/usr/lib/x86_64-linux-gnu/libc.so.6;entry_SYSCALL_64_after_hwframe_[k];do_syscall_64_[k];x64_sys_call_[k];__x64_sys_futex_[k];do_futex_[k];futex_wake_[k];futex_hash_[k] 59
java/lang/Thread.run;java/lang/Thread.runWith;java/util/concurrent/ThreadPoolExecutor$Worker.run;java/util/concurrent/ThreadPoolExecutor.runWorker;java/util/concurrent/FutureTask.run;java/util/concurrent/Executors$RunnableAdapter.call;java/util/concurrent/FutureTask.run;org/openjdk/jmh/runner/BenchmarkHandler$BenchmarkTask.call;org/openjdk/jmh/runner/BenchmarkHandler$BenchmarkTask.call;java/lang/reflect/Method.invoke;jdk/internal/reflect/DirectMethodHandleAccessor.invoke;jdk/internal/reflect/DirectMethodHandleAccessor.invokeImpl;java/lang/invoke/LambdaForm$MH.0x00007aba2402e800.invokeExact_MT;java/lang/invoke/LambdaForm$MH.0x00007aba2402e400.invoke;java/lang/invoke/DirectMethodHandle$Holder.invokeSpecial;uk/ac/ncl/jensen/benchmark/jmh_generated/VThreadChurnBenchmark_churn_jmhTest.churn_AverageTime;uk/ac/ncl/jensen/benchmark/jmh_generated/VThreadChurnBenchmark_churn_jmhTest.churn_avgt_jmhStub;uk/ac/ncl/jensen/benchmark/VThreadChurnBenchmark.churn;java/lang/ThreadBuilders$VirtualThreadBuilder.start;java/lang/ThreadBuilders$VirtualThreadBuilder.unstarted;java/util/Objects.requireNonNull 1
java/util/concurrent/ForkJoinWorkerThread.run;java/util/concurrent/ForkJoinPool.runWorker;java/util/concurrent/ForkJoinPool.scan;java/util/concurrent/ForkJoinPool$WorkQueue.topLevelExec;java/util/concurrent/ForkJoinTask.doExec;java/util/concurrent/ForkJoinTask$RunnableExecuteAction.exec;java/lang/VirtualThread$$Lambda.0x00007aba24039c78.run;java/lang/VirtualThread.runContinuation;jdk/internal/vm/Continuation.run;jdk/internal/vm/Continuation.enterSpecial;jdk/internal/vm/Continuation.enter;jdk/internal/vm/Continuation.enter0;java/lang/VirtualThread$VThreadContinuation$1.run;java/lang/VirtualThread.run;_notify_jvmti_vthread_start;SharedRuntime::notify_jvmti_vthread_start;JvmtiVTMSTransitionDisabler::VTMS_vthread_start;JvmtiVTMSTransitionDisabler::VTMS_mount_end;__pthread_mutex_unlock;/usr/lib/x86_64-linux-gnu/libc.so.6;entry_SYSCALL_64_after_hwframe_[k];do_syscall_64_[k];x64_sys_call_[k];__x64_sys_futex_[k];do_futex_[k];futex_wake_[k];wake_up_q_[k];try_to_wake_up_[k] 3
java/util/concurrent/ForkJoinWorkerThread.run;java/util/concurrent/ForkJoinPool.runWorker;java/util/concurrent/ForkJoinPool.scan;java/util/concurrent/ForkJoinPool$WorkQueue.topLevelExec;java/util/concurrent/ForkJoinTask.doExec;java/util/concurrent/ForkJoinTask$RunnableExecuteAction.exec;java/lang/VirtualThread$$Lambda.0x00007aba24039c78.run;java/lang/VirtualThread.runContinuation;jdk/internal/vm/Continuation.run;jdk/internal/vm/Continuation.enterSpecial;jdk/internal/vm/Continuation.enter;jdk/internal/vm/Continuation.enter0;java/lang/VirtualThread$VThreadContinuation$1.run;java/lang/VirtualThread.run;_notify_jvmti_vthread_end;SharedRuntime::notify_jvmti_vthread_end;JvmtiVTMSTransitionDisabler::VTMS_vthread_end;AccessInternal::PostRuntimeDispatch<G1BarrierSet::AccessBarrier<548964ul, G1BarrierSet>, (AccessInternal::BarrierType)2, 548964ul>::oop_access_barrier 24
java/util/concurrent/ForkJoinWorkerThread.run;java/util/concurrent/ForkJoinPool.runWorker;java/util/concurrent/ForkJoinPool.scan;java/util/concurrent/ForkJoinPool$WorkQueue.topLevelExec;java/util/concurrent/ForkJoinTask.doExec;java/util/concurrent/ForkJoinTask$RunnableExecuteAction.exec;java/lang/VirtualThread$$Lambda.0x00007aba24039c78.run;java/lang/VirtualThread.runContinuation;jdk/internal/vm/Continuation.run;jdk/internal/vm/Continuation.enterSpecial;jdk/internal/vm/Continuation.enter;jdk/internal/vm/Continuation.enter0;java/lang/VirtualThread$VThreadContinuation$1.run;java/lang/VirtualThread.run;_notify_jvmti_vthread_end;SharedRuntime::notify_jvmti_vthread_end;JvmtiVTMSTransitionDisabler::VTMS_vthread_end;__pthread_mutex_unlock;/usr/lib/x86_64-linux-gnu/libc.so.6;entry_SYSCALL_64_after_hwframe_[k];do_syscall_64_[k];x64_sys_call_[k];__x64_sys_futex_[k];do_futex_[k];futex_wake_[k];wake_up_q_[k];_raw_spin_lock_irqsave_[k] 1
java/util/concurrent/ForkJoinWorkerThread.run;java/util/concurrent/ForkJoinPool.runWorker;java/util/concurrent/ForkJoinPool.scan;java/util/concurrent/ForkJoinPool$WorkQueue.topLevelExec;java/util/concurrent/ForkJoinTask.doExec 4
java/util/concurrent/ForkJoinWorkerThread.run;java/util/concurrent/ForkJoinPool.runWorker;java/util/concurrent/ForkJoinPool.scan;java/util/concurrent/ForkJoinPool.signalWork;java/util/concurrent/locks/LockSupport.unpark;jdk/internal/misc/Unsafe.unpark;Unsafe_Unpark;pthread_cond_signal;entry_SYSCALL_64_after_hwframe_[k];do_syscall_64_[k] 1
java/util/concurrent/ForkJoinWorkerThread.run;java/util/concurrent/ForkJoinPool.runWorker;java/util/concurrent/ForkJoinPool.scan;java/util/concurrent/ForkJoinPool$WorkQueue.topLevelExec;java/util/concurrent/ForkJoinTask.doExec;java/util/concurrent/ForkJoinTask$RunnableExecuteAction.exec;java/lang/VirtualThread$$Lambda.0x00007aba24039c78.run;java/lang/VirtualThread.runContinuation;jdk/internal/vm/Continuation.run;jdk/internal/vm/Continuation.enterSpecial;jdk/internal/vm/Continuation.enter;jdk/internal/vm/Continuation.enter0;java/lang/VirtualThread$VThreadContinuation$1.run;java/lang/VirtualThread.run;_notify_jvmti_vthread_start;SharedRuntime::notify_jvmti_vthread_start;JvmtiVTMSTransitionDisabler::VTMS_vthread_start;JvmtiVTMSTransitionDisabler::VTMS_mount_end;__pthread_mutex_unlock;/usr/lib/x86_64-linux-gnu/libc.so.6;entry_SYSCALL_64_after_hwframe_[k];do_syscall_64_[k];x64_sys_call_[k];__x64_sys_futex_[k];do_futex_[k];futex_wake_[k];_raw_spin_lock_[k];native_queued_spin_lock_slowpath_[k] 8410
java/util/concurrent/ForkJoinWorkerThread.run;java/util/concurrent/ForkJoinPool.runWorker;java/util/concurrent/ForkJoinPool.scan;java/util/concurrent/ForkJoinPool$WorkQueue.topLevelExec;java/util/concurrent/ForkJoinTask.doExec;java/util/concurrent/ForkJoinTask$RunnableExecuteAction.exec;java/lang/VirtualThread$$Lambda.0x00007aba24039c78.run;java/lang/VirtualThread.runContinuation;jdk/internal/vm/Continuation.run;jdk/internal/vm/Continuation.enterSpecial;jdk/internal/vm/Continuation.enter;jdk/internal/vm/Continuation.enter0;java/lang/VirtualThread$VThreadContinuation$1.run;java/lang/VirtualThread.run;_notify_jvmti_vthread_start;SharedRuntime::notify_jvmti_vthread_start;JvmtiVTMSTransitionDisabler::VTMS_vthread_start;JvmtiEventController::thread_started;JvmtiThreadState::JvmtiThreadState;OopStorage::allocate;Mutex::lock_without_safepoint_check;pthread_mutex_lock 41
java/util/concurrent/ForkJoinWorkerThread.run;java/util/concurrent/ForkJoinPool.runWorker;java/util/concurrent/ForkJoinPool.scan;java/util/concurrent/ForkJoinPool$WorkQueue.topLevelExec;java/util/concurrent/ForkJoinTask.doExec;java/util/concurrent/ForkJoinTask$RunnableExecuteAction.exec;java/lang/VirtualThread$$Lambda.0x00007aba24039c78.run;java/lang/VirtualThread.runContinuation;jdk/internal/vm/Continuation.run;jdk/internal/vm/Continuation.enterSpecial;jdk/internal/vm/Continuation.enter;jdk/internal/vm/Continuation.enter0;java/lang/VirtualThread$VThreadContinuation$1.run;java/lang/VirtualThread.run;_notify_jvmti_vthread_start;SharedRuntime::notify_jvmti_vthread_start;JvmtiVTMSTransitionDisabler::VTMS_vthread_start;JvmtiEventController::thread_started;JvmtiThreadState::JvmtiThreadState;OopStorage::allocate;__pthread_mutex_unlock 2
java/util/concurrent/ForkJoinWorkerThread.run;java/util/concurrent/ForkJoinPool.runWorker;java/util/concurrent/ForkJoinPool.scan;java/util/concurrent/ForkJoinPool$WorkQueue.topLevelExec;java/util/concurrent/ForkJoinTask.doExec;java/util/concurrent/ForkJoinTask$RunnableExecuteAction.exec;java/lang/VirtualThread$$Lambda.0x00007aba24039c78.run;java/lang/VirtualThread.runContinuation;jdk/internal/vm/Continuation.run;jdk/internal/vm/Continuation.enterSpecial;jdk/internal/vm/Continuation.enter;jdk/internal/vm/Continuation.enter0;java/lang/VirtualThread$VThreadContinuation$1.run;java/lang/VirtualThread.run;_notify_jvmti_vthread_start;SharedRuntime::notify_jvmti_vthread_start;JvmtiVTMSTransitionDisabler::VTMS_vthread_start;JvmtiEventController::thread_started;Mutex::lock;pthread_mutex_trylock 45
java/lang/Thread.run;java/lang/Thread.runWith;java/util/concurrent/ThreadPoolExecutor$Worker.run;java/util/concurrent/ThreadPoolExecutor.runWorker;java/util/concurrent/FutureTask.run;java/util/concurrent/Executors$RunnableAdapter.call;java/util/concurrent/FutureTask.run;org/openjdk/jmh/runner/BenchmarkHandler$BenchmarkTask.call;org/openjdk/jmh/runner/BenchmarkHandler$BenchmarkTask.call;java/lang/reflect/Method.invoke;jdk/internal/reflect/DirectMethodHandleAccessor.invoke;jdk/internal/reflect/DirectMethodHandleAccessor.invokeImpl;java/lang/invoke/LambdaForm$MH.0x00007aba2402e800.invokeExact_MT;java/lang/invoke/LambdaForm$MH.0x00007aba2402e400.invoke;java/lang/invoke/DirectMethodHandle$Holder.invokeSpecial;uk/ac/ncl/jensen/benchmark/jmh_generated/VThreadChurnBenchmark_churn_jmhTest.churn_AverageTime;uk/ac/ncl/jensen/benchmark/jmh_generated/VThreadChurnBenchmark_churn_jmhTest.churn_avgt_jmhStub;uk/ac/ncl/jensen/benchmark/VThreadChurnBenchmark.churn;java/lang/Thread.join;java/lang/Thread.join;java/lang/VirtualThread.joinNanos;java/lang/VirtualThread.getTermination;asm_exc_page_fault_[k];exc_page_fault_[k];do_user_addr_fault_[k];handle_mm_fault_[k];__handle_mm_fault_[k];handle_pte_fault_[k];do_anonymous_page_[k];_raw_spin_lock_[k] 1
java/util/concurrent/ForkJoinWorkerThread.run;java/util/concurrent/ForkJoinPool.runWorker;java/util/concurrent/ForkJoinPool.scan;java/util/concurrent/ForkJoinPool$WorkQueue.topLevelExec;java/util/concurrent/ForkJoinTask.doExec;java/util/concurrent/ForkJoinTask$RunnableExecuteAction.exec;java/lang/VirtualThread$$Lambda.0x00007aba24039c78.run;java/lang/VirtualThread.runContinuation;java/lang/VirtualThread.mount;_notify_jvmti_vthread_mount;SharedRuntime::notify_jvmti_vthread_mount;JvmtiVTMSTransitionDisabler::start_VTMS_transition;java_lang_Thread::set_is_in_VTMS_transition 10
java/util/concurrent/ForkJoinWorkerThread.run;java/util/concurrent/ForkJoinPool.runWorker;java/util/concurrent/ForkJoinPool.scan;java/util/concurrent/ForkJoinPool$WorkQueue.topLevelExec;java/util/concurrent/ForkJoinTask.doExec;java/util/concurrent/ForkJoinTask$RunnableExecuteAction.exec;java/lang/VirtualThread$$Lambda.0x00007aba24039c78.run;java/lang/VirtualThread.runContinuation;jdk/internal/vm/Continuation.run;jdk/internal/vm/Continuation.enterSpecial;jdk/internal/vm/Continuation.enter;jdk/internal/vm/Continuation.enter0;java/lang/VirtualThread$VThreadContinuation$1.run;java/lang/VirtualThread.run;_notify_jvmti_vthread_start;SharedRuntime::notify_jvmti_vthread_start;JvmtiVTMSTransitionDisabler::VTMS_vthread_start;JvmtiEventController::thread_started;Mutex::lock;pthread_mutex_lock;/usr/lib/x86_64-linux-gnu/libc.so.6;entry_SYSCALL_64_after_hwframe_[k];do_syscall_64_[k];x64_sys_call_[k];__x64_sys_futex_[k];do_futex_[k];futex_wait_[k];__futex_wait_[k];futex_wait_setup_[k];__futex_hash_[k] 2
java/util/concurrent/ForkJoinWorkerThread.run;java/util/concurrent/ForkJoinPool.runWorker;java/util/concurrent/ForkJoinPool.scan;java/util/concurrent/ForkJoinPool$WorkQueue.topLevelExec;java/util/concurrent/ForkJoinTask.doExec;java/util/concurrent/ForkJoinTask$RunnableExecuteAction.exec;java/lang/VirtualThread$$Lambda.0x00007aba24039c78.run;java/lang/VirtualThread.runContinuation;jdk/internal/vm/Continuation.run;jdk/internal/vm/Continuation.enterSpecial;jdk/internal/vm/Continuation.enter;jdk/internal/vm/Continuation.enter0;java/lang/VirtualThread$VThreadContinuation$1.run;java/lang/VirtualThread.run;_notify_jvmti_vthread_start;SharedRuntime::notify_jvmti_vthread_start;JvmtiVTMSTransitionDisabler::VTMS_vthread_start;JvmtiEventController::thread_started;JvmtiThreadState::JvmtiThreadState;OopStorage::allocate;Mutex::unlock 1
java/util/concurrent/ForkJoinWorkerThread.run;java/util/concurrent/ForkJoinPool.runWorker;java/util/concurrent/ForkJoinPool.scan;java/util/concurrent/ForkJoinPool$WorkQueue.topLevelExec;java/util/concurrent/ForkJoinTask.doExec;java/util/concurrent/ForkJoinTask$RunnableExecuteAction.exec;java/lang/VirtualThread$$Lambda.0x00007aba24039c78.run;java/lang/VirtualThread.runContinuation;jdk/internal/vm/Continuation.run;java/lang/System$2.setScopedValueCache 3
java/util/concurrent/ForkJoinWorkerThread.run;java/util/concurrent/ForkJoinPool.runWorker;java/util/concurrent/ForkJoinPool.scan;java/util/concurrent/ForkJoinPool$WorkQueue.topLevelExec;java/util/concurrent/ForkJoinTask.doExec;java/util/concurrent/ForkJoinTask$RunnableExecuteAction.exec;java/lang/VirtualThread$$Lambda.0x00007aba24039c78.run;java/lang/VirtualThread.runContinuation;jdk/internal/vm/Continuation.run;jdk/internal/vm/Continuation.enterSpecial;jdk/internal/vm/Continuation.enter;jdk/internal/vm/Continuation.enter0;java/lang/VirtualThread$VThreadContinuation$1.run;java/lang/VirtualThread.run;_notify_jvmti_vthread_end;SharedRuntime::notify_jvmti_vthread_end;JvmtiVTMSTransitionDisabler::VTMS_vthread_end;JvmtiExport::cleanup_thread;Mutex::lock;JavaThread::is_active_Java_thread 4
java/util/concurrent/ForkJoinWorkerThread.run;java/util/concurrent/ForkJoinPool.runWorker;java/util/concurrent/ForkJoinPool.scan;java/util/concurrent/ForkJoinPool$WorkQueue.topLevelExec;java/util/concurrent/ForkJoinTask.doExec;java/util/concurrent/ForkJoinTask.setDone;java/util/concurrent/ForkJoinTask.getAndBitwiseOrStatus;jdk/internal/misc/Unsafe.getAndBitwiseOrInt 6
java/util/concurrent/ForkJoinWorkerThread.run;java/util/concurrent/ForkJoinPool.runWorker;java/util/concurrent/ForkJoinPool.scan;java/util/concurrent/ForkJoinPool$WorkQueue.topLevelExec;java/util/concurrent/ForkJoinTask.doExec;java/util/concurrent/ForkJoinTask$RunnableExecuteAction.exec;java/lang/VirtualThread$$Lambda.0x00007aba24039c78.run;java/lang/VirtualThread.runContinuation;jdk/internal/vm/Continuation.run;jdk/internal/vm/Continuation.enterSpecial;jdk/internal/vm/Continuation.enter;jdk/internal/vm/Continuation.enter0;java/lang/VirtualThread$VThreadContinuation$1.run;java/lang/VirtualThread.run;_notify_jvmti_vthread_end;SharedRuntime::notify_jvmti_vthread_end;JvmtiVTMSTransitionDisabler::VTMS_vthread_end;__pthread_mutex_unlock;/usr/lib/x86_64-linux-gnu/libc.so.6;entry_SYSCALL_64_after_hwframe_[k];do_syscall_64_[k];x64_sys_call_[k];__x64_sys_futex_[k];do_futex_[k];futex_wake_[k];_raw_spin_lock_[k];native_queued_spin_lock_slowpath_[k] 12103
java/lang/Thread.run;java/lang/Thread.runWith;java/util/concurrent/ThreadPoolExecutor$Worker.run;java/util/concurrent/ThreadPoolExecutor.runWorker;java/util/concurrent/FutureTask.run;java/util/concurrent/Executors$RunnableAdapter.call;java/util/concurrent/FutureTask.run;org/openjdk/jmh/runner/BenchmarkHandler$BenchmarkTask.call;org/openjdk/jmh/runner/BenchmarkHandler$BenchmarkTask.call;java/lang/reflect/Method.invoke;jdk/internal/reflect/DirectMethodHandleAccessor.invoke;jdk/internal/reflect/DirectMethodHandleAccessor.invokeImpl;java/lang/invoke/LambdaForm$MH.0x00007aba2402e800.invokeExact_MT;java/lang/invoke/LambdaForm$MH.0x00007aba2402e400.invoke;java/lang/invoke/DirectMethodHandle$Holder.invokeSpecial;uk/ac/ncl/jensen/benchmark/jmh_generated/VThreadChurnBenchmark_churn_jmhTest.churn_AverageTime;uk/ac/ncl/jensen/benchmark/jmh_generated/VThreadChurnBenchmark_churn_jmhTest.churn_avgt_jmhStub;uk/ac/ncl/jensen/benchmark/VThreadChurnBenchmark.churn;java/lang/ThreadBuilders$VirtualThreadBuilder.start;java/lang/ThreadBuilders$VirtualThreadBuilder.unstarted;java/lang/ThreadBuilders.newVirtualThread;asm_exc_page_fault_[k];exc_page_fault_[k];do_user_addr_fault_[k];handle_mm_fault_[k];__handle_mm_fault_[k];handle_pte_fault_[k];do_anonymous_page_[k];alloc_anon_folio_[k];vma_alloc_folio_noprof_[k];alloc_pages_mpol_[k];__alloc_frozen_pages_noprof_[k];get_page_from_freelist_[k];clear_page_erms_[k] 1
java/util/concurrent/ForkJoinWorkerThread.run;java/util/concurrent/ForkJoinPool.runWorker;java/util/concurrent/ForkJoinPool.scan;java/util/concurrent/ForkJoinPool$WorkQueue.topLevelExec;java/util/concurrent/ForkJoinTask.doExec;java/util/concurrent/ForkJoinTask$RunnableExecuteAction.exec;java/lang/VirtualThread$$Lambda.0x00007aba24039c78.run;java/lang/VirtualThread.runContinuation;jdk/internal/vm/Continuation.run;jdk/internal/vm/Continuation.enterSpecial;jdk/internal/vm/Continuation.enter;jdk/internal/vm/Continuation.enter0;java/lang/VirtualThread$VThreadContinuation$1.run;java/lang/VirtualThread.run;_notify_jvmti_vthread_end;SharedRuntime::notify_jvmti_vthread_end;JvmtiVTMSTransitionDisabler::VTMS_vthread_end;JvmtiExport::cleanup_thread;Mutex::lock;pthread_mutex_lock;/usr/lib/x86_64-linux-gnu/libc.so.6;entry_SYSCALL_64_after_hwframe_[k];do_syscall_64_[k];x64_sys_call_[k];__x64_sys_futex_[k];do_futex_[k];futex_wait_[k];__futex_wait_[k];futex_wait_setup_[k];futex_hash_[k] 5
java/util/concurrent/ForkJoinWorkerThread.run;java/util/concurrent/ForkJoinPool.runWorker;java/util/concurrent/ForkJoinPool.scan;java/util/concurrent/ForkJoinPool$WorkQueue.topLevelExec;java/util/concurrent/ForkJoinTask.doExec;java/util/concurrent/ForkJoinTask$RunnableExecuteAction.exec;java/lang/VirtualThread$$Lambda.0x00007aba24039c78.run;java/lang/VirtualThread.runContinuation;java/lang/VirtualThread.afterDone;java/lang/VirtualThread.afterDone;jdk/internal/vm/ThreadContainers$RootContainer$TrackingRootContainer.onExit;java/util/concurrent/ConcurrentHashMap$KeySetView.remove;java/util/concurrent/ConcurrentHashMap.remove;java/util/concurrent/ConcurrentHashMap.replaceNode;java/util/concurrent/ConcurrentHashMap.addCount 2
java/util/concurrent/ForkJoinWorkerThread.run;java/util/concurrent/ForkJoinPool.runWorker;java/util/concurrent/ForkJoinPool.scan;java/util/concurrent/ForkJoinPool$WorkQueue.topLevelExec;java/util/concurrent/ForkJoinTask.doExec;java/util/concurrent/ForkJoinTask$RunnableExecuteAction.exec;java/lang/VirtualThread$$Lambda.0x00007aba24039c78.run;java/lang/VirtualThread.runContinuation;jdk/internal/vm/Continuation.run;jdk/internal/vm/Continuation.enterSpecial;jdk/internal/vm/Continuation.enter;jdk/internal/vm/Continuation.enter0;java/lang/VirtualThread$VThreadContinuation$1.run;java/lang/VirtualThread.run;_notify_jvmti_vthread_end;SharedRuntime::notify_jvmti_vthread_end;JvmtiVTMSTransitionDisabler::VTMS_vthread_end;JvmtiExport::cleanup_thread;Mutex::lock;pthread_mutex_lock;/usr/lib/x86_64-linux-gnu/libc.so.6;entry_SYSCALL_64_after_hwframe_[k];do_syscall_64_[k];x64_sys_call_[k];__x64_sys_futex_[k];do_futex_[k];futex_wait_[k];__futex_wait_[k];futex_wait_setup_[k];futex_q_lock_[k] 4
java/lang/Thread.run;java/lang/Thread.runWith;java/util/concurrent/ThreadPoolExecutor$Worker.run;java/util/concurrent/ThreadPoolExecutor.runWorker;java/util/concurrent/FutureTask.run;java/util/concurrent/Executors$RunnableAdapter.call;java/util/concurrent/FutureTask.run;org/openjdk/jmh/runner/BenchmarkHandler$BenchmarkTask.call;org/openjdk/jmh/runner/BenchmarkHandler$BenchmarkTask.call;java/lang/reflect/Method.invoke;jdk/internal/reflect/DirectMethodHandleAccessor.invoke;jdk/internal/reflect/DirectMethodHandleAccessor.invokeImpl;java/lang/invoke/LambdaForm$MH.0x00007aba2402e800.invokeExact_MT;java/lang/invoke/LambdaForm$MH.0x00007aba2402e400.invoke;java/lang/invoke/DirectMethodHandle$Holder.invokeSpecial;uk/ac/ncl/jensen/benchmark/jmh_generated/VThreadChurnBenchmark_churn_jmhTest.churn_AverageTime;uk/ac/ncl/jensen/benchmark/jmh_generated/VThreadChurnBenchmark_churn_jmhTest.churn_avgt_jmhStub;uk/ac/ncl/jensen/benchmark/VThreadChurnBenchmark.churn;java/lang/ThreadBuilders$VirtualThreadBuilder.start;java/lang/VirtualThread.start;java/lang/VirtualThread.start;java/lang/VirtualThread.submitRunContinuation;java/util/concurrent/ForkJoinPool.execute;java/util/concurrent/ForkJoinPool.poolSubmit;java/util/concurrent/ForkJoinPool.submissionQueue;java/util/concurrent/ForkJoinPool$WorkQueue.getAndSetAccess 4
java/util/concurrent/ForkJoinWorkerThread.run;java/util/concurrent/ForkJoinPool.runWorker;java/util/concurrent/ForkJoinPool.scan;java/util/concurrent/ForkJoinPool$WorkQueue.topLevelExec;java/util/concurrent/ForkJoinTask.doExec;java/util/concurrent/ForkJoinTask$RunnableExecuteAction.exec;java/lang/VirtualThread$$Lambda.0x00007aba24039c78.run;java/lang/VirtualThread.runContinuation;jdk/internal/vm/Continuation.run;java/lang/System$2.setContinuation;java/lang/Thread.setContinuation 1
java/util/concurrent/ForkJoinWorkerThread.run;java/util/concurrent/ForkJoinPool.runWorker;java/util/concurrent/ForkJoinPool.scan;java/util/concurrent/ForkJoinPool$WorkQueue.topLevelExec;java/util/concurrent/ForkJoinTask.doExec;java/util/concurrent/ForkJoinTask$RunnableExecuteAction.exec;java/lang/VirtualThread$$Lambda.0x00007aba24039c78.run;java/lang/VirtualThread.runContinuation;jdk/internal/vm/Continuation.run;jdk/internal/vm/Continuation.enterSpecial;jdk/internal/vm/Continuation.enter;jdk/internal/vm/Continuation.enter0;java/lang/VirtualThread$VThreadContinuation$1.run;java/lang/VirtualThread.run;_notify_jvmti_vthread_start;SharedRuntime::notify_jvmti_vthread_start;JvmtiVTMSTransitionDisabler::VTMS_vthread_start;JvmtiEventController::thread_started;JvmtiThreadState::JvmtiThreadState;JvmtiEnvThreadState::JvmtiEnvThreadState;JvmtiEnvThreadEventEnable::JvmtiEnvThreadEventEnable 1
java/util/concurrent/ForkJoinWorkerThread.run;java/util/concurrent/ForkJoinPool.runWorker;java/util/concurrent/ForkJoinPool.scan;java/util/concurrent/ForkJoinPool$WorkQueue.topLevelExec;java/util/concurrent/ForkJoinTask.doExec;java/util/concurrent/ForkJoinTask$RunnableExecuteAction.exec;java/lang/VirtualThread$$Lambda.0x00007aba24039c78.run;java/lang/VirtualThread.runContinuation;jdk/internal/vm/Continuation.run;jdk/internal/vm/Continuation.enterSpecial;jdk/internal/vm/Continuation.enter;jdk/internal/vm/Continuation.enter0;java/lang/VirtualThread$VThreadContinuation$1.run;java/lang/VirtualThread.run;_notify_jvmti_vthread_start;SharedRuntime::notify_jvmti_vthread_start;JvmtiVTMSTransitionDisabler::VTMS_vthread_start;__pthread_mutex_unlock;/usr/lib/x86_64-linux-gnu/libc.so.6;entry_SYSCALL_64_after_hwframe_[k];do_syscall_64_[k];x64_sys_call_[k];__x64_sys_futex_[k];do_futex_[k];futex_wake_[k];wake_up_q_[k] 1
java/util/concurrent/ForkJoinWorkerThread.run;java/util/concurrent/ForkJoinPool.runWorker;java/util/concurrent/ForkJoinPool.scan;java/util/concurrent/ForkJoinPool$WorkQueue.topLevelExec;java/util/concurrent/ForkJoinTask.doExec;java/util/concurrent/ForkJoinTask$RunnableExecuteAction.exec;java/lang/VirtualThread$$Lambda.0x00007aba24039c78.run;java/lang/VirtualThread.runContinuation;jdk/internal/vm/Continuation.run;jdk/internal/vm/Continuation.enterSpecial;jdk/internal/vm/Continuation.enter;jdk/internal/vm/Continuation.enter0;java/lang/VirtualThread$VThreadContinuation$1.run;java/lang/VirtualThread.run;_notify_jvmti_vthread_start;SharedRuntime::notify_jvmti_vthread_start;JvmtiVTMSTransitionDisabler::VTMS_vthread_start;JvmtiVTMSTransitionDisabler::VTMS_mount_end;__pthread_mutex_unlock;/usr/lib/x86_64-linux-gnu/libc.so.6;entry_SYSCALL_64_after_hwframe_[k];do_syscall_64_[k];x64_sys_call_[k];__x64_sys_futex_[k];do_futex_[k];futex_wake_[k];futex_hash_[k] 2
java/util/concurrent/ForkJoinWorkerThread.run;java/util/concurrent/ForkJoinPool.runWorker;java/util/concurrent/ForkJoinPool.scan;java/util/concurrent/ForkJoinPool$WorkQueue.topLevelExec;java/util/concurrent/ForkJoinTask.doExec;java/util/concurrent/ForkJoinTask$RunnableExecuteAction.exec;java/lang/VirtualThread$$Lambda.0x00007aba24039c78.run;java/lang/VirtualThread.runContinuation;jdk/internal/vm/Continuation.run;jdk/internal/vm/Continuation.enterSpecial;jdk/internal/vm/Continuation.enter;jdk/internal/vm/Continuation.enter0;java/lang/VirtualThread$VThreadContinuation$1.run;java/lang/VirtualThread.run;_notify_jvmti_vthread_start;SharedRuntime::notify_jvmti_vthread_start;JvmtiVTMSTransitionDisabler::VTMS_vthread_start;JvmtiEventController::thread_started;Mutex::lock;pthread_mutex_lock;/usr/lib/x86_64-linux-gnu/libc.so.6;entry_SYSCALL_64_after_hwframe_[k];do_syscall_64_[k];x64_sys_call_[k];__x64_sys_futex_[k];do_futex_[k];futex_wait_[k];__futex_wait_[k];futex_wait_setup_[k];futex_hash_[k] 9
java/util/concurrent/ForkJoinWorkerThread.run;java/util/concurrent/ForkJoinPool.runWorker;java/util/concurrent/ForkJoinPool.scan;java/util/concurrent/ForkJoinPool$WorkQueue.topLevelExec;java/util/concurrent/ForkJoinTask.doExec;java/util/concurrent/ForkJoinTask$RunnableExecuteAction.exec;java/lang/VirtualThread$$Lambda.0x00007aba24039c78.run;java/lang/VirtualThread.runContinuation;jdk/internal/vm/Continuation.run;jdk/internal/vm/Continuation.enterSpecial;jdk/internal/vm/Continuation.enter;jdk/internal/vm/Continuation.enter0;java/lang/VirtualThread$VThreadContinuation$1.run;java/lang/VirtualThread.run;_notify_jvmti_vthread_start;SharedRuntime::notify_jvmti_vthread_start;JvmtiVTMSTransitionDisabler::VTMS_vthread_start;JvmtiVTMSTransitionDisabler::VTMS_mount_end;Mutex::lock;pthread_mutex_lock;/usr/lib/x86_64-linux-gnu/libc.so.6;entry_SYSCALL_64_after_hwframe_[k];do_syscall_64_[k];x64_sys_call_[k];__x64_sys_futex_[k];futex_wait_[k] 1
java/util/concurrent/ForkJoinWorkerThread.run;java/util/concurrent/ForkJoinPool.runWorker;java/util/concurrent/ForkJoinPool.scan;java/util/concurrent/ForkJoinPool$WorkQueue.topLevelExec;java/util/concurrent/ForkJoinTask.doExec;java/util/concurrent/ForkJoinTask$RunnableExecuteAction.exec;java/lang/VirtualThread$$Lambda.0x00007aba24039c78.run;java/lang/VirtualThread.runContinuation;jdk/internal/vm/Continuation.run;jdk/internal/vm/Continuation.enterSpecial;jdk/internal/vm/Continuation.enter;jdk/internal/vm/Continuation.enter0;java/lang/VirtualThread$VThreadContinuation$1.run;java/lang/VirtualThread.run;_notify_jvmti_vthread_end;SharedRuntime::notify_jvmti_vthread_end;JvmtiVTMSTransitionDisabler::VTMS_vthread_end;JvmtiExport::cleanup_thread;Mutex::lock;pthread_mutex_lock;/usr/lib/x86_64-linux-gnu/libc.so.6;entry_SYSCALL_64_after_hwframe_[k];do_syscall_64_[k];x64_sys_call_[k];__x64_sys_futex_[k];do_futex_[k];futex_wait_[k];__futex_wait_[k];futex_wait_setup_[k] 1
java/util/concurrent/ForkJoinWorkerThread.run;java/util/concurrent/ForkJoinPool.runWorker;java/util/concurrent/ForkJoinPool.scan;java/util/concurrent/ForkJoinPool$WorkQueue.topLevelExec;java/util/concurrent/ForkJoinTask.doExec;java/util/concurrent/ForkJoinTask$RunnableExecuteAction.exec;java/lang/VirtualThread$$Lambda.0x00007aba24039c78.run;java/lang/VirtualThread.runContinuation;jdk/internal/vm/Continuation.run;jdk/internal/vm/Continuation.enterSpecial;jdk/internal/vm/Continuation.enter;jdk/internal/vm/Continuation.enter0;java/lang/VirtualThread$VThreadContinuation$1.run;java/lang/VirtualThread.run;_notify_jvmti_vthread_end;SharedRuntime::notify_jvmti_vthread_end;JvmtiVTMSTransitionDisabler::VTMS_vthread_end;__pthread_mutex_unlock 7
java/util/concurrent/ForkJoinWorkerThread.run;java/util/concurrent/ForkJoinPool.runWorker;java/util/concurrent/ForkJoinPool.scan;java/util/concurrent/ForkJoinPool$WorkQueue.topLevelExec;java/util/concurrent/ForkJoinTask.doExec;java/util/concurrent/ForkJoinTask$RunnableExecuteAction.exec;java/lang/VirtualThread$$Lambda.0x00007aba24039c78.run;java/lang/VirtualThread.runContinuation;java/lang/VirtualThread.afterDone;java/lang/VirtualThread.afterDone;jdk/internal/misc/Unsafe.freeMemory;jdk/internal/misc/Unsafe.freeMemory0;Unsafe_FreeMemory0;__libc_free;/usr/lib/x86_64-linux-gnu/libc.so.6 71
java/util/concurrent/ForkJoinWorkerThread.run;java/util/concurrent/ForkJoinPool.runWorker;java/util/concurrent/ForkJoinPool.scan 2
java/util/concurrent/ForkJoinWorkerThread.run;java/util/concurrent/ForkJoinPool.runWorker;java/util/concurrent/ForkJoinPool.scan;java/util/concurrent/ForkJoinPool$WorkQueue.topLevelExec;java/util/concurrent/ForkJoinTask.doExec;java/util/concurrent/ForkJoinTask$RunnableExecuteAction.exec;java/lang/VirtualThread$$Lambda.0x00007aba24039c78.run;java/lang/VirtualThread.runContinuation;jdk/internal/vm/Continuation.run;jdk/internal/vm/Continuation.enterSpecial;jdk/internal/vm/Continuation.enter;jdk/internal/vm/Continuation.enter0;java/lang/VirtualThread$VThreadContinuation$1.run;java/lang/VirtualThread.run;_notify_jvmti_vthread_start;SharedRuntime::notify_jvmti_vthread_start;JvmtiVTMSTransitionDisabler::VTMS_vthread_start;JvmtiVTMSTransitionDisabler::VTMS_mount_end;__tls_get_addr@plt 1
java/util/concurrent/ForkJoinWorkerThread.run;java/util/concurrent/ForkJoinPool.runWorker;java/util/concurrent/ForkJoinPool.scan;java/util/concurrent/ForkJoinPool$WorkQueue.topLevelExec;java/util/concurrent/ForkJoinTask.doExec;java/util/concurrent/ForkJoinTask$RunnableExecuteAction.exec;java/lang/VirtualThread$$Lambda.0x00007aba24039c78.run;java/lang/VirtualThread.runContinuation;java/lang/VirtualThread.mount;_notify_jvmti_vthread_mount;SharedRuntime::notify_jvmti_vthread_mount;JvmtiVTMSTransitionDisabler::start_VTMS_transition;__tls_get_addr 1
java/util/concurrent/ForkJoinWorkerThread.run;java/util/concurrent/ForkJoinPool.runWorker;java/util/concurrent/ForkJoinPool.scan;java/util/concurrent/ForkJoinPool$WorkQueue.topLevelExec;java/util/concurrent/ForkJoinTask.doExec;java/util/concurrent/ForkJoinTask$RunnableExecuteAction.exec;java/lang/VirtualThread$$Lambda.0x00007aba24039c78.run;java/lang/VirtualThread.runContinuation;jdk/internal/vm/Continuation.run;jdk/internal/vm/Continuation.enterSpecial;jdk/internal/vm/Continuation.enter;jdk/internal/vm/Continuation.enter0;java/lang/VirtualThread$VThreadContinuation$1.run;java/lang/VirtualThread.run;_notify_jvmti_vthread_end;SharedRuntime::notify_jvmti_vthread_end;JvmtiVTMSTransitionDisabler::VTMS_vthread_end;__pthread_mutex_unlock;/usr/lib/x86_64-linux-gnu/libc.so.6;entry_SYSCALL_64_after_hwframe_[k];do_syscall_64_[k];x64_sys_call_[k];__x64_sys_futex_[k];do_futex_[k];futex_wake_[k];futex_wake_mark_[k] 21
java/util/concurrent/ForkJoinWorkerThread.run;java/util/concurrent/ForkJoinPool.runWorker;java/util/concurrent/ForkJoinPool.scan;java/util/concurrent/ForkJoinPool$WorkQueue.topLevelExec;java/util/concurrent/ForkJoinTask.doExec;java/util/concurrent/ForkJoinTask$RunnableExecuteAction.exec;java/lang/VirtualThread$$Lambda.0x00007aba24039c78.run;java/lang/VirtualThread.runContinuation;jdk/internal/vm/Continuation.run;jdk/internal/vm/Continuation.enterSpecial;jdk/internal/vm/Continuation.enter;jdk/internal/vm/Continuation.enter0;java/lang/VirtualThread$VThreadContinuation$1.run;java/lang/VirtualThread.run;_notify_jvmti_vthread_start;SharedRuntime::notify_jvmti_vthread_start;JvmtiVTMSTransitionDisabler::VTMS_vthread_start;JvmtiVTMSTransitionDisabler::VTMS_mount_end;__pthread_mutex_unlock;/usr/lib/x86_64-linux-gnu/libc.so.6;entry_SYSCALL_64_after_hwframe_[k];do_syscall_64_[k] 11
java/lang/Thread.run;java/lang/Thread.runWith;java/util/concurrent/ThreadPoolExecutor$Worker.run;java/util/concurrent/ThreadPoolExecutor.runWorker;java/util/concurrent/FutureTask.run;java/util/concurrent/Executors$RunnableAdapter.call;java/util/concurrent/FutureTask.run;org/openjdk/jmh/runner/BenchmarkHandler$BenchmarkTask.call;org/openjdk/jmh/runner/BenchmarkHandler$BenchmarkTask.call;java/lang/reflect/Method.invoke;jdk/internal/reflect/DirectMethodHandleAccessor.invoke;jdk/internal/reflect/DirectMethodHandleAccessor.invokeImpl;java/lang/invoke/LambdaForm$MH.0x00007aba2402e800.invokeExact_MT;java/lang/invoke/LambdaForm$MH.0x00007aba2402e400.invoke;java/lang/invoke/DirectMethodHandle$Holder.invokeSpecial;uk/ac/ncl/jensen/benchmark/jmh_generated/VThreadChurnBenchmark_churn_jmhTest.churn_AverageTime;uk/ac/ncl/jensen/benchmark/jmh_generated/VThreadChurnBenchmark_churn_jmhTest.churn_avgt_jmhStub;uk/ac/ncl/jensen/benchmark/VThreadChurnBenchmark.churn;java/lang/Thread.join;java/lang/Thread.join;java/lang/VirtualThread.joinNanos;java/util/concurrent/CountDownLatch.await;java/util/concurrent/locks/AbstractQueuedSynchronizer.acquireSharedInterruptibly;java/util/concurrent/locks/AbstractQueuedSynchronizer.acquire;java/util/concurrent/locks/LockSupport.park;jdk/internal/misc/Unsafe.park;Unsafe_Park;Parker::park 1
java/util/concurrent/ForkJoinWorkerThread.run;java/util/concurrent/ForkJoinPool.runWorker;java/util/concurrent/ForkJoinPool.scan;java/util/concurrent/ForkJoinPool$WorkQueue.topLevelExec;java/util/concurrent/ForkJoinTask.doExec;java/util/concurrent/ForkJoinTask$RunnableExecuteAction.exec;java/lang/VirtualThread$$Lambda.0x00007aba24039c78.run;java/lang/VirtualThread.runContinuation;jdk/internal/vm/Continuation.run;jdk/internal/vm/Continuation.enterSpecial;jdk/internal/vm/Continuation.enter;jdk/internal/vm/Continuation.enter0;java/lang/VirtualThread$VThreadContinuation$1.run;java/lang/VirtualThread.run;_notify_jvmti_vthread_start;SharedRuntime::notify_jvmti_vthread_start;JvmtiVTMSTransitionDisabler::VTMS_vthread_start;JvmtiEventController::thread_started;JvmtiThreadState::JvmtiThreadState;AllocateHeap;os::malloc;malloc@plt 1
java/util/concurrent/ForkJoinWorkerThread.run;java/util/concurrent/ForkJoinPool.runWorker;java/util/concurrent/ForkJoinPool.scan;java/util/concurrent/ForkJoinPool$WorkQueue.topLevelExec;java/util/concurrent/ForkJoinTask.doExec;java/util/concurrent/ForkJoinTask$RunnableExecuteAction.exec;java/lang/VirtualThread$$Lambda.0x00007aba24039c78.run;java/lang/VirtualThread.runContinuation;jdk/internal/vm/Continuation.run;jdk/internal/vm/Continuation.enterSpecial;jdk/internal/vm/Continuation.enter;jdk/internal/vm/Continuation.enter0;java/lang/VirtualThread$VThreadContinuation$1.run;java/lang/VirtualThread.run;_notify_jvmti_vthread_end;SharedRuntime::notify_jvmti_vthread_end;JvmtiVTMSTransitionDisabler::VTMS_vthread_end;JvmtiExport::cleanup_thread;Mutex::lock;pthread_mutex_lock;/usr/lib/x86_64-linux-gnu/libc.so.6;entry_SYSCALL_64_after_hwframe_[k];do_syscall_64_[k];x64_sys_call_[k];__x64_sys_futex_[k];do_futex_[k];futex_wait_[k];__futex_wait_[k];futex_wait_setup_[k];futex_hash_[k];futex_ref_get_[k] 2
java/util/concurrent/ForkJoinWorkerThread.run;java/util/concurrent/ForkJoinPool.runWorker;java/util/concurrent/ForkJoinPool.scan;java/util/concurrent/ForkJoinPool$WorkQueue.topLevelExec;java/util/concurrent/ForkJoinTask.doExec;java/util/concurrent/ForkJoinTask.setDone;java/util/concurrent/ForkJoinTask.getAndBitwiseOrStatus;jdk/internal/misc/Unsafe.getAndBitwiseOrInt 1
java/util/concurrent/ForkJoinWorkerThread.run;java/util/concurrent/ForkJoinPool.runWorker;java/util/concurrent/ForkJoinPool.scan;java/util/concurrent/ForkJoinPool$WorkQueue.topLevelExec;java/util/concurrent/ForkJoinTask.doExec;java/util/concurrent/ForkJoinTask$RunnableExecuteAction.exec;java/lang/VirtualThread$$Lambda.0x00007aba24039c78.run;java/lang/VirtualThread.runContinuation;jdk/internal/vm/Continuation.run;jdk/internal/vm/Continuation.enterSpecial;jdk/internal/vm/Continuation.enter;jdk/internal/vm/Continuation.enter0;java/lang/VirtualThread$VThreadContinuation$1.run;java/lang/VirtualThread.run;_notify_jvmti_vthread_start;SharedRuntime::notify_jvmti_vthread_start;JvmtiVTMSTransitionDisabler::VTMS_vthread_start;JvmtiEventController::thread_started;JvmtiThreadState::JvmtiThreadState;OopStorage::allocate;Mutex::lock_without_safepoint_check;pthread_mutex_lock 1
java/util/concurrent/ForkJoinWorkerThread.run;java/util/concurrent/ForkJoinPool.runWorker;java/util/concurrent/ForkJoinPool.scan;java/util/concurrent/ForkJoinPool$WorkQueue.topLevelExec;java/util/concurrent/ForkJoinTask.doExec;java/util/concurrent/ForkJoinTask$RunnableExecuteAction.exec;java/lang/VirtualThread$$Lambda.0x00007aba24039c78.run;java/lang/VirtualThread.runContinuation;jdk/internal/vm/Continuation.run;jdk/internal/vm/Continuation.enterSpecial;jdk/internal/vm/Continuation.enter;jdk/internal/vm/Continuation.enter0;java/lang/VirtualThread$VThreadContinuation$1.run;java/lang/VirtualThread.run;_notify_jvmti_vthread_end;SharedRuntime::notify_jvmti_vthread_end;JvmtiVTMSTransitionDisabler::VTMS_vthread_end;JvmtiExport::cleanup_thread;JvmtiEventController::thread_ended;JvmtiThreadState::~JvmtiThreadState;_SafeFetchN_fault 34
java/util/concurrent/ForkJoinWorkerThread.run;java/util/concurrent/ForkJoinPool.runWorker;java/util/concurrent/ForkJoinPool.scan;java/util/concurrent/ForkJoinPool$WorkQueue.topLevelExec;java/util/concurrent/ForkJoinTask.doExec;java/util/concurrent/ForkJoinTask$RunnableExecuteAction.exec;java/lang/VirtualThread$$Lambda.0x00007aba24039c78.run;java/lang/VirtualThread.runContinuation;jdk/internal/vm/Continuation.run;jdk/internal/vm/Continuation.enterSpecial;jdk/internal/vm/Continuation.enter;jdk/internal/vm/Continuation.enter0;java/lang/VirtualThread$VThreadContinuation$1.run;java/lang/VirtualThread.run;_notify_jvmti_vthread_start;SharedRuntime::notify_jvmti_vthread_start;JvmtiVTMSTransitionDisabler::VTMS_vthread_start;__pthread_mutex_unlock;/usr/lib/x86_64-linux-gnu/libc.so.6;entry_SYSCALL_64_after_hwframe_[k];do_syscall_64_[k];x64_sys_call_[k];__x64_sys_futex_[k];do_futex_[k];futex_wake_[k];wake_up_q_[k];try_to_wake_up_[k];_raw_spin_unlock_irqrestore_[k] 4
java/util/concurrent/ForkJoinWorkerThread.run;java/util/concurrent/ForkJoinPool.runWorker;java/util/concurrent/ForkJoinPool.awaitWork 3
java/util/concurrent/ForkJoinWorkerThread.run;java/util/concurrent/ForkJoinPool.runWorker;java/util/concurrent/ForkJoinPool.scan;java/util/concurrent/ForkJoinPool$WorkQueue.topLevelExec;java/util/concurrent/ForkJoinTask.doExec;java/util/concurrent/ForkJoinTask$RunnableExecuteAction.exec;java/lang/VirtualThread$$Lambda.0x00007aba24039c78.run;java/lang/VirtualThread.runContinuation;jdk/internal/vm/Continuation.run 1
java/util/concurrent/ForkJoinWorkerThread.run;java/util/concurrent/ForkJoinPool.runWorker;java/util/concurrent/ForkJoinPool.awaitWork;java/util/concurrent/locks/LockSupport.park;jdk/internal/misc/Unsafe.park;Unsafe_Park;Parker::park;__pthread_mutex_unlock;/usr/lib/x86_64-linux-gnu/libc.so.6;entry_SYSCALL_64_after_hwframe_[k];do_syscall_64_[k];x64_sys_call_[k];__x64_sys_futex_[k];do_futex_[k];futex_wake_[k];futex_hash_[k] 2
java/util/concurrent/ForkJoinWorkerThread.run;java/util/concurrent/ForkJoinPool.runWorker;java/util/concurrent/ForkJoinPool.scan;java/util/concurrent/ForkJoinPool$WorkQueue.topLevelExec;java/util/concurrent/ForkJoinTask.doExec;java/util/concurrent/ForkJoinTask$RunnableExecuteAction.exec;java/lang/VirtualThread$$Lambda.0x00007aba24039c78.run;java/lang/VirtualThread.runContinuation;jdk/internal/vm/Continuation.run;jdk/internal/vm/Continuation.enterSpecial;jdk/internal/vm/Continuation.enter;jdk/internal/vm/Continuation.enter0;java/lang/VirtualThread$VThreadContinuation$1.run;java/lang/VirtualThread.run;_notify_jvmti_vthread_end;SharedRuntime::notify_jvmti_vthread_end;JvmtiVTMSTransitionDisabler::VTMS_vthread_end;JvmtiExport::cleanup_thread;Mutex::lock;pthread_mutex_lock 3
java/util/concurrent/ForkJoinWorkerThread.run;java/util/concurrent/ForkJoinPool.runWorker;java/util/concurrent/ForkJoinPool.scan 9
java/util/concurrent/ForkJoinWorkerThread.run;java/util/concurrent/ForkJoinPool.runWorker;java/util/concurrent/ForkJoinPool.scan;java/util/concurrent/ForkJoinPool$WorkQueue.topLevelExec;java/util/concurrent/ForkJoinTask.doExec;java/util/concurrent/ForkJoinTask$RunnableExecuteAction.exec;java/lang/VirtualThread$$Lambda.0x00007aba24039c78.run;java/lang/VirtualThread.runContinuation;jdk/internal/vm/Continuation.run;jdk/internal/vm/Continuation.enterSpecial;jdk/internal/vm/Continuation.enter;jdk/internal/vm/Continuation.enter0;java/lang/VirtualThread$VThreadContinuation$1.run;java/lang/VirtualThread.run;_notify_jvmti_vthread_end;SharedRuntime::notify_jvmti_vthread_end;JvmtiVTMSTransitionDisabler::VTMS_vthread_end;JvmtiExport::cleanup_thread;JvmtiEventController::thread_ended;JvmtiThreadState::~JvmtiThreadState;AccessInternal::PostRuntimeDispatch<G1BarrierSet::AccessBarrier<548964ul, G1BarrierSet>, (AccessInternal::BarrierType)2, 548964ul>::oop_access_barrier 1
java/util/concurrent/ForkJoinWorkerThread.run;java/util/concurrent/ForkJoinPool.runWorker;java/util/concurrent/ForkJoinPool.scan;java/util/concurrent/ForkJoinPool$WorkQueue.topLevelExec;java/util/concurrent/ForkJoinTask.doExec;java/util/concurrent/ForkJoinTask$RunnableExecuteAction.exec;java/lang/VirtualThread$$Lambda.0x00007aba24039c78.run;java/lang/VirtualThread.runContinuation;jdk/internal/vm/Continuation.run;jdk/internal/vm/Continuation.enterSpecial;jdk/internal/vm/Continuation.enter;jdk/internal/vm/Continuation.enter0;java/lang/VirtualThread$VThreadContinuation$1.run;java/lang/VirtualThread.run;_notify_jvmti_vthread_start;SharedRuntime::notify_jvmti_vthread_start;JvmtiVTMSTransitionDisabler::VTMS_vthread_start;JvmtiVTMSTransitionDisabler::VTMS_mount_end;Mutex::lock;pthread_mutex_lock 33
java/util/concurrent/ForkJoinWorkerThread.run;java/util/concurrent/ForkJoinPool.runWorker;java/util/concurrent/ForkJoinPool.awaitWork;java/util/concurrent/locks/LockSupport.park;jdk/internal/misc/Unsafe.park 9
java/util/concurrent/ForkJoinWorkerThread.run;java/util/concurrent/ForkJoinPool.runWorker;java/util/concurrent/ForkJoinPool.scan;java/util/concurrent/ForkJoinPool$WorkQueue.topLevelExec;java/util/concurrent/ForkJoinTask.doExec;java/util/concurrent/ForkJoinTask$RunnableExecuteAction.exec;java/lang/VirtualThread$$Lambda.0x00007aba24039c78.run;java/lang/VirtualThread.runContinuation;java/lang/VirtualThread.afterDone;java/lang/VirtualThread.afterDone;jdk/internal/vm/ThreadContainers$RootContainer$TrackingRootContainer.onExit;java/util/concurrent/ConcurrentHashMap$KeySetView.remove;java/util/concurrent/ConcurrentHashMap.remove;java/util/concurrent/ConcurrentHashMap.replaceNode;java/util/concurrent/ConcurrentHashMap.addCount 20
java/util/concurrent/ForkJoinWorkerThread.run;java/util/concurrent/ForkJoinPool.runWorker;java/util/concurrent/ForkJoinPool.scan;java/util/concurrent/ForkJoinPool$WorkQueue.topLevelExec;java/util/concurrent/ForkJoinTask.doExec;java/util/concurrent/ForkJoinTask$RunnableExecuteAction.exec;java/lang/VirtualThread$$Lambda.0x00007aba24039c78.run;java/lang/VirtualThread.runContinuation;jdk/internal/vm/Continuation.run;jdk/internal/vm/Continuation.enterSpecial;jdk/internal/vm/Continuation.enter;jdk/internal/vm/Continuation.enter0;java/lang/VirtualThread$VThreadContinuation$1.run;java/lang/VirtualThread.run;_notify_jvmti_vthread_start;SharedRuntime::notify_jvmti_vthread_start;JvmtiVTMSTransitionDisabler::VTMS_vthread_start;JvmtiEventController::thread_started;Mutex::lock;pthread_mutex_lock 31
java/util/concurrent/ForkJoinWorkerThread.run;java/util/concurrent/ForkJoinPool.runWorker;java/util/concurrent/ForkJoinPool.awaitWork;java/util/concurrent/locks/LockSupport.park;jdk/internal/misc/Unsafe.park;Unsafe_Park;Parker::park;pthread_mutex_trylock 1
java/util/concurrent/ForkJoinWorkerThread.run;java/util/concurrent/ForkJoinPool.runWorker;java/util/concurrent/ForkJoinPool.scan;java/util/concurrent/ForkJoinPool$WorkQueue.topLevelExec;java/util/concurrent/ForkJoinTask.doExec;java/util/concurrent/ForkJoinTask$RunnableExecuteAction.exec;java/lang/VirtualThread$$Lambda.0x00007aba24039c78.run;java/lang/VirtualThread.runContinuation;jdk/internal/vm/Continuation.run;jdk/internal/vm/Continuation.enterSpecial;jdk/internal/vm/Continuation.enter;jdk/internal/vm/Continuation.enter0;java/lang/VirtualThread$VThreadContinuation$1.run;java/lang/VirtualThread.run;_notify_jvmti_vthread_end;SharedRuntime::notify_jvmti_vthread_end;JvmtiVTMSTransitionDisabler::VTMS_vthread_end;__pthread_mutex_unlock;/usr/lib/x86_64-linux-gnu/libc.so.6;entry_SYSCALL_64_after_hwframe_[k];do_syscall_64_[k];x64_sys_call_[k];__x64_sys_futex_[k];do_futex_[k];futex_wake_[k];wake_up_q_[k] 7
java/util/concurrent/ForkJoinWorkerThread.run;java/util/concurrent/ForkJoinPool.runWorker;java/util/concurrent/ForkJoinPool.scan;java/util/concurrent/ForkJoinPool$WorkQueue.topLevelExec;java/util/concurrent/ForkJoinTask.doExec;java/util/concurrent/ForkJoinTask$RunnableExecuteAction.exec;java/lang/VirtualThread$$Lambda.0x00007aba24039c78.run;java/lang/VirtualThread.runContinuation;jdk/internal/vm/Continuation.run;jdk/internal/vm/Continuation.enterSpecial;jdk/internal/vm/Continuation.enter;jdk/internal/vm/Continuation.enter0;java/lang/VirtualThread$VThreadContinuation$1.run;java/lang/VirtualThread.run;_notify_jvmti_vthread_start;SharedRuntime::notify_jvmti_vthread_start;JvmtiVTMSTransitionDisabler::VTMS_vthread_start;JvmtiVTMSTransitionDisabler::VTMS_mount_end;Mutex::lock;JavaFrameAnchor::make_walkable 1
java/util/concurrent/ForkJoinWorkerThread.run;java/util/concurrent/ForkJoinPool.runWorker;java/util/concurrent/ForkJoinPool.scan;java/util/concurrent/ForkJoinPool$WorkQueue.topLevelExec;java/util/concurrent/ForkJoinTask.doExec;java/util/concurrent/ForkJoinTask$RunnableExecuteAction.exec 2
java/util/concurrent/ForkJoinWorkerThread.run;java/util/concurrent/ForkJoinPool.runWorker;java/util/concurrent/ForkJoinPool.scan;java/util/concurrent/ForkJoinPool$WorkQueue.topLevelExec;java/util/concurrent/ForkJoinTask.doExec;java/util/concurrent/ForkJoinTask$RunnableExecuteAction.exec;java/lang/VirtualThread$$Lambda.0x00007aba24039c78.run;java/lang/VirtualThread.runContinuation;jdk/internal/vm/Continuation.run;jdk/internal/vm/Continuation.enterSpecial;jdk/internal/vm/Continuation.enter;jdk/internal/vm/Continuation.enter0;java/lang/VirtualThread$VThreadContinuation$1.run;java/lang/VirtualThread.run;_notify_jvmti_vthread_end;SharedRuntime::notify_jvmti_vthread_end;JvmtiVTMSTransitionDisabler::VTMS_vthread_end;JvmtiExport::cleanup_thread;Mutex::lock;pthread_mutex_lock;/usr/lib/x86_64-linux-gnu/libc.so.6 5
java/util/concurrent/ForkJoinWorkerThread.run;java/util/concurrent/ForkJoinPool.runWorker;java/util/concurrent/ForkJoinPool.awaitWork 267
java/util/concurrent/ForkJoinWorkerThread.run;java/util/concurrent/ForkJoinPool.runWorker;java/util/concurrent/ForkJoinPool.scan;java/util/concurrent/ForkJoinPool$WorkQueue.topLevelExec;java/util/concurrent/ForkJoinTask.doExec;java/util/concurrent/ForkJoinTask$RunnableExecuteAction.exec;java/lang/VirtualThread$$Lambda.0x00007aba24039c78.run;java/lang/VirtualThread.runContinuation;java/lang/VirtualThread.mount;_notify_jvmti_vthread_mount;SharedRuntime::notify_jvmti_vthread_mount;JvmtiVTMSTransitionDisabler::start_VTMS_transition 1
java/lang/Thread.run;java/lang/Thread.runWith;java/util/concurrent/ThreadPoolExecutor$Worker.run;java/util/concurrent/ThreadPoolExecutor.runWorker;java/util/concurrent/FutureTask.run;java/util/concurrent/Executors$RunnableAdapter.call;java/util/concurrent/FutureTask.run;org/openjdk/jmh/runner/BenchmarkHandler$BenchmarkTask.call;org/openjdk/jmh/runner/BenchmarkHandler$BenchmarkTask.call;java/lang/reflect/Method.invoke;jdk/internal/reflect/DirectMethodHandleAccessor.invoke;jdk/internal/reflect/DirectMethodHandleAccessor.invokeImpl;java/lang/invoke/LambdaForm$MH.0x00007aba2402e800.invokeExact_MT;java/lang/invoke/LambdaForm$MH.0x00007aba2402e400.invoke;java/lang/invoke/DirectMethodHandle$Holder.invokeSpecial;uk/ac/ncl/jensen/benchmark/jmh_generated/VThreadChurnBenchmark_churn_jmhTest.churn_AverageTime;uk/ac/ncl/jensen/benchmark/jmh_generated/VThreadChurnBenchmark_churn_jmhTest.churn_avgt_jmhStub;uk/ac/ncl/jensen/benchmark/VThreadChurnBenchmark.churn;java/lang/ThreadBuilders$VirtualThreadBuilder.start;java/lang/VirtualThread.start;java/lang/VirtualThread.start;jdk/internal/vm/ThreadContainers$RootContainer$TrackingRootContainer.onStart;java/util/concurrent/ConcurrentHashMap$KeySetView.add;java/util/concurrent/ConcurrentHashMap.putVal;java/util/concurrent/ConcurrentHashMap.tabAt 1
java/util/concurrent/ForkJoinWorkerThread.run;java/util/concurrent/ForkJoinPool.runWorker;java/util/concurrent/ForkJoinPool.awaitWork;java/util/concurrent/locks/LockSupport.park;jdk/internal/misc/Unsafe.park;Unsafe_Park;Parker::park;pthread_cond_wait;/usr/lib/x86_64-linux-gnu/libc.so.6;entry_SYSCALL_64_after_hwframe_[k];do_syscall_64_[k];x64_sys_call_[k];__x64_sys_futex_[k];do_futex_[k];futex_wait_[k];__futex_wait_[k];futex_wait_setup_[k];futex_hash_[k];futex_ref_get_[k] 1
java/util/concurrent/ForkJoinWorkerThread.run;java/util/concurrent/ForkJoinPool.runWorker;java/util/concurrent/ForkJoinPool.awaitWork;java/util/concurrent/locks/LockSupport.park;jdk/internal/misc/Unsafe.park;Unsafe_Park;Parker::park;pthread_cond_wait;/usr/lib/x86_64-linux-gnu/libc.so.6;entry_SYSCALL_64_after_hwframe_[k];do_syscall_64_[k];x64_sys_call_[k];__x64_sys_futex_[k];do_futex_[k];futex_wait_[k];__futex_wait_[k];futex_wait_setup_[k];futex_q_lock_[k] 1
java/util/concurrent/ForkJoinWorkerThread.run;java/util/concurrent/ForkJoinPool.runWorker;java/util/concurrent/ForkJoinPool.scan;java/util/concurrent/ForkJoinPool$WorkQueue.topLevelExec;java/util/concurrent/ForkJoinTask.doExec;java/util/concurrent/ForkJoinTask$RunnableExecuteAction.exec;java/lang/VirtualThread$$Lambda.0x00007aba24039c78.run;java/lang/VirtualThread.runContinuation;jdk/internal/vm/Continuation.run;jdk/internal/vm/Continuation.enterSpecial;jdk/internal/vm/Continuation.enter;jdk/internal/vm/Continuation.enter0;java/lang/VirtualThread$VThreadContinuation$1.run;java/lang/VirtualThread.run;_notify_jvmti_vthread_start;SharedRuntime::notify_jvmti_vthread_start;JvmtiVTMSTransitionDisabler::VTMS_vthread_start;JvmtiVTMSTransitionDisabler::VTMS_mount_end;Mutex::lock;pthread_mutex_lock;/usr/lib/x86_64-linux-gnu/libc.so.6;entry_SYSCALL_64_after_hwframe_[k];do_syscall_64_[k];x64_sys_call_[k];__x64_sys_futex_[k];do_futex_[k];futex_wait_[k];__futex_wait_[k];futex_wait_setup_[k];futex_hash_[k] 78
java/util/concurrent/ForkJoinWorkerThread.run;java/util/concurrent/ForkJoinPool.runWorker;java/util/concurrent/ForkJoinPool.awaitWork;java/util/concurrent/ForkJoinPool.compareAndExchangeCtl 3
java/util/concurrent/ForkJoinWorkerThread.run;java/util/concurrent/ForkJoinPool.runWorker;java/util/concurrent/ForkJoinPool.scan;java/util/concurrent/ForkJoinPool$WorkQueue.topLevelExec;java/util/concurrent/ForkJoinTask.doExec;java/util/concurrent/ForkJoinTask$RunnableExecuteAction.exec;java/lang/VirtualThread$$Lambda.0x00007aba24039c78.run;java/lang/VirtualThread.runContinuation;jdk/internal/vm/Continuation.run;jdk/internal/vm/Continuation.enterSpecial;jdk/internal/vm/Continuation.enter;jdk/internal/vm/Continuation.enter0;java/lang/VirtualThread$VThreadContinuation$1.run;java/lang/VirtualThread.run;_notify_jvmti_vthread_end;SharedRuntime::notify_jvmti_vthread_end;JvmtiVTMSTransitionDisabler::VTMS_vthread_end;JvmtiExport::cleanup_thread;Mutex::lock;pthread_mutex_lock;/usr/lib/x86_64-linux-gnu/libc.so.6;entry_SYSCALL_64_after_hwframe_[k];do_syscall_64_[k];x64_sys_call_[k];__x64_sys_futex_[k] 1
java/util/concurrent/ForkJoinWorkerThread.run;java/util/concurrent/ForkJoinPool.runWorker;java/util/concurrent/ForkJoinPool.scan;java/util/concurrent/ForkJoinPool$WorkQueue.topLevelExec;java/util/concurrent/ForkJoinTask.doExec;java/util/concurrent/ForkJoinTask$RunnableExecuteAction.exec;java/lang/VirtualThread$$Lambda.0x00007aba24039c78.run;java/lang/VirtualThread.runContinuation;jdk/internal/vm/Continuation.run;jdk/internal/vm/Continuation.enterSpecial;jdk/internal/vm/Continuation.enter;jdk/internal/vm/Continuation.enter0;java/lang/VirtualThread$VThreadContinuation$1.run;java/lang/VirtualThread.run;java/lang/Thread.runWith 6
java/util/concurrent/ForkJoinWorkerThread.run;java/util/concurrent/ForkJoinPool.runWorker;java/util/concurrent/ForkJoinPool.scan;java/util/concurrent/ForkJoinPool.signalWork;java/util/concurrent/locks/LockSupport.unpark;jdk/internal/misc/Unsafe.unpark;Unsafe_Unpark;pthread_cond_signal;entry_SYSCALL_64_after_hwframe_[k];do_syscall_64_[k];x64_sys_call_[k];__x64_sys_futex_[k];do_futex_[k];futex_wake_[k];_raw_spin_lock_[k];native_queued_spin_lock_slowpath_[k] 4
java/util/concurrent/ForkJoinWorkerThread.run;java/util/concurrent/ForkJoinPool.runWorker;java/util/concurrent/ForkJoinPool.awaitWork 11
java/util/concurrent/ForkJoinWorkerThread.run;java/util/concurrent/ForkJoinPool.runWorker;java/util/concurrent/ForkJoinPool.scan;java/util/concurrent/ForkJoinPool$WorkQueue.topLevelExec;java/util/concurrent/ForkJoinTask.doExec;java/util/concurrent/ForkJoinTask$RunnableExecuteAction.exec;java/lang/VirtualThread$$Lambda.0x00007aba24039c78.run;java/lang/VirtualThread.runContinuation;jdk/internal/vm/Continuation.run;jdk/internal/vm/Continuation.enterSpecial;jdk/internal/vm/Continuation.enter;jdk/internal/vm/Continuation.enter0;java/lang/VirtualThread$VThreadContinuation$1.run;java/lang/VirtualThread.run;_notify_jvmti_vthread_end;SharedRuntime::notify_jvmti_vthread_end;JvmtiVTMSTransitionDisabler::VTMS_vthread_end;JvmtiExport::cleanup_thread;Mutex::lock;pthread_mutex_lock;/usr/lib/x86_64-linux-gnu/libc.so.6;entry_SYSCALL_64_after_hwframe_[k];do_syscall_64_[k];x64_sys_call_[k];__x64_sys_futex_[k];do_futex_[k];futex_wait_[k];__futex_wait_[k];futex_wait_setup_[k];__futex_hash_[k] 1
java/util/concurrent/ForkJoinWorkerThread.run;java/util/concurrent/ForkJoinPool.runWorker;java/util/concurrent/ForkJoinPool.scan;java/util/concurrent/ForkJoinPool$WorkQueue.topLevelExec;java/util/concurrent/ForkJoinTask.doExec;java/util/concurrent/ForkJoinTask$RunnableExecuteAction.exec;java/lang/VirtualThread$$Lambda.0x00007aba24039c78.run;java/lang/VirtualThread.runContinuation;java/lang/VirtualThread.compareAndSetState 1
java/util/concurrent/ForkJoinWorkerThread.run;java/util/concurrent/ForkJoinPool.runWorker;java/util/concurrent/ForkJoinPool.scan;java/util/concurrent/ForkJoinPool$WorkQueue.topLevelExec;java/util/concurrent/ForkJoinTask.doExec;java/util/concurrent/ForkJoinTask$RunnableExecuteAction.exec;java/lang/VirtualThread$$Lambda.0x00007aba24039c78.run;java/lang/VirtualThread.runContinuation;jdk/internal/vm/Continuation.run;jdk/internal/vm/Continuation.enterSpecial;jdk/internal/vm/Continuation.enter;jdk/internal/vm/Continuation.enter0;java/lang/VirtualThread$VThreadContinuation$1.run;java/lang/VirtualThread.run;_notify_jvmti_vthread_start;SharedRuntime::notify_jvmti_vthread_start;JvmtiVTMSTransitionDisabler::VTMS_vthread_start;JvmtiVTMSTransitionDisabler::VTMS_mount_end;Mutex::lock;pthread_mutex_lock;/usr/lib/x86_64-linux-gnu/libc.so.6 1
java/util/concurrent/ForkJoinWorkerThread.run;java/util/concurrent/ForkJoinPool.runWorker;java/util/concurrent/ForkJoinPool.scan;java/util/concurrent/ForkJoinPool$WorkQueue.topLevelExec;java/util/concurrent/ForkJoinTask.doExec;java/util/concurrent/ForkJoinTask$RunnableExecuteAction.exec;java/lang/VirtualThread$$Lambda.0x00007aba24039c78.run;java/lang/VirtualThread.runContinuation;jdk/internal/vm/Continuation.run;jdk/internal/vm/Continuation.enterSpecial;jdk/internal/vm/Continuation.enter;jdk/internal/vm/Continuation.enter0;java/lang/VirtualThread$VThreadContinuation$1.run;java/lang/VirtualThread.run;_notify_jvmti_vthread_end;SharedRuntime::notify_jvmti_vthread_end;JvmtiVTMSTransitionDisabler::VTMS_vthread_end;JvmtiExport::cleanup_thread;Mutex::lock;pthread_mutex_lock;/usr/lib/x86_64-linux-gnu/libc.so.6;entry_SYSCALL_64_after_hwframe_[k];do_syscall_64_[k];x64_sys_call_[k];__x64_sys_futex_[k];do_futex_[k];futex_wait_[k];__futex_wait_[k];futex_wait_setup_[k];futex_hash_[k] 65
java/util/concurrent/ForkJoinWorkerThread.run;java/util/concurrent/ForkJoinPool.runWorker;java/util/concurrent/ForkJoinPool.scan;java/util/concurrent/ForkJoinPool$WorkQueue.topLevelExec;java/util/concurrent/ForkJoinTask.doExec;java/util/concurrent/ForkJoinTask$RunnableExecuteAction.exec;java/lang/VirtualThread$$Lambda.0x00007aba24039c78.run;java/lang/VirtualThread.runContinuation;jdk/internal/vm/Continuation.run;jdk/internal/vm/Continuation.enterSpecial;jdk/internal/vm/Continuation.enter;jdk/internal/vm/Continuation.enter0;java/lang/VirtualThread$VThreadContinuation$1.run;java/lang/VirtualThread.run;_notify_jvmti_vthread_end;SharedRuntime::notify_jvmti_vthread_end;JvmtiVTMSTransitionDisabler::VTMS_vthread_end;__pthread_mutex_unlock;/usr/lib/x86_64-linux-gnu/libc.so.6;entry_SYSCALL_64_after_hwframe_[k];do_syscall_64_[k];x64_sys_call_[k];__x64_sys_futex_[k];do_futex_[k];futex_wake_[k];futex_hash_[k] 2
java/lang/Thread.run;java/lang/Thread.runWith;java/util/concurrent/ThreadPoolExecutor$Worker.run;java/util/concurrent/ThreadPoolExecutor.runWorker;java/util/concurrent/FutureTask.run;java/util/concurrent/Executors$RunnableAdapter.call;java/util/concurrent/FutureTask.run;org/openjdk/jmh/runner/BenchmarkHandler$BenchmarkTask.call;org/openjdk/jmh/runner/BenchmarkHandler$BenchmarkTask.call;java/lang/reflect/Method.invoke;jdk/internal/reflect/DirectMethodHandleAccessor.invoke;jdk/internal/reflect/DirectMethodHandleAccessor.invokeImpl;java/lang/invoke/LambdaForm$MH.0x00007aba2402e800.invokeExact_MT;java/lang/invoke/LambdaForm$MH.0x00007aba2402e400.invoke;java/lang/invoke/DirectMethodHandle$Holder.invokeSpecial;uk/ac/ncl/jensen/benchmark/jmh_generated/VThreadChurnBenchmark_churn_jmhTest.churn_AverageTime;uk/ac/ncl/jensen/benchmark/jmh_generated/VThreadChurnBenchmark_churn_jmhTest.churn_avgt_jmhStub;uk/ac/ncl/jensen/benchmark/VThreadChurnBenchmark.churn;java/lang/Thread.join;java/lang/Thread.join;java/lang/VirtualThread.joinNanos;java/util/concurrent/CountDownLatch.await;java/util/concurrent/locks/AbstractQueuedSynchronizer.acquireSharedInterruptibly;java/util/concurrent/locks/AbstractQueuedSynchronizer.acquire;java/util/concurrent/locks/LockSupport.park;jdk/internal/misc/Unsafe.park;Unsafe_Park;Parker::park;pthread_cond_wait;/usr/lib/x86_64-linux-gnu/libc.so.6 5
java/util/concurrent/ForkJoinWorkerThread.run;java/util/concurrent/ForkJoinPool.runWorker;java/util/concurrent/ForkJoinPool.scan 4
java/util/concurrent/ForkJoinWorkerThread.run;java/util/concurrent/ForkJoinPool.runWorker;java/util/concurrent/ForkJoinPool.scan;java/util/concurrent/ForkJoinPool$WorkQueue.topLevelExec;java/util/concurrent/ForkJoinTask.doExec;java/util/concurrent/ForkJoinTask$RunnableExecuteAction.exec;java/lang/VirtualThread$$Lambda.0x00007aba24039c78.run;java/lang/VirtualThread.runContinuation;jdk/internal/vm/Continuation.run;jdk/internal/vm/Continuation.enterSpecial;jdk/internal/vm/Continuation.enter;jdk/internal/vm/Continuation.enter0;java/lang/VirtualThread$VThreadContinuation$1.run;java/lang/VirtualThread.run;_notify_jvmti_vthread_start;SharedRuntime::notify_jvmti_vthread_start;JvmtiVTMSTransitionDisabler::VTMS_vthread_start;JvmtiVTMSTransitionDisabler::VTMS_mount_end;__pthread_mutex_unlock;/usr/lib/x86_64-linux-gnu/libc.so.6;entry_SYSCALL_64_after_hwframe_[k];do_syscall_64_[k];x64_sys_call_[k];__x64_sys_futex_[k];do_futex_[k];futex_wake_[k];_raw_spin_lock_[k];native_queued_spin_lock_slowpath_[k] 812
java/util/concurrent/ForkJoinWorkerThread.run;java/util/concurrent/ForkJoinPool.runWorker;java/util/concurrent/ForkJoinPool.scan;java/util/concurrent/ForkJoinPool$WorkQueue.topLevelExec;java/util/concurrent/ForkJoinTask.doExec;java/util/concurrent/ForkJoinTask$RunnableExecuteAction.exec;java/lang/VirtualThread$$Lambda.0x00007aba24039c78.run;java/lang/VirtualThread.runContinuation;java/lang/VirtualThread.afterDone;java/lang/VirtualThread.afterDone;jdk/internal/misc/Unsafe.freeMemory;jdk/internal/misc/Unsafe.freeMemory0 2
java/util/concurrent/ForkJoinWorkerThread.run;java/util/concurrent/ForkJoinPool.runWorker;java/util/concurrent/ForkJoinPool.scan;java/util/concurrent/ForkJoinPool$WorkQueue.topLevelExec;java/util/concurrent/ForkJoinTask.doExec;java/util/concurrent/ForkJoinTask$RunnableExecuteAction.exec;java/lang/VirtualThread$$Lambda.0x00007aba24039c78.run;java/lang/VirtualThread.runContinuation;jdk/internal/vm/Continuation.run;jdk/internal/vm/Continuation.enterSpecial;jdk/internal/vm/Continuation.enter;jdk/internal/vm/Continuation.enter0;java/lang/VirtualThread$VThreadContinuation$1.run;java/lang/VirtualThread.run;_notify_jvmti_vthread_start;SharedRuntime::notify_jvmti_vthread_start;JvmtiVTMSTransitionDisabler::VTMS_vthread_start;JvmtiEventController::thread_started;Mutex::lock;pthread_mutex_lock;/usr/lib/x86_64-linux-gnu/libc.so.6;entry_SYSCALL_64_after_hwframe_[k];do_syscall_64_[k];x64_sys_call_[k];__x64_sys_futex_[k];do_futex_[k];futex_wait_[k];__futex_wait_[k] 5
java/util/concurrent/ForkJoinWorkerThread.run;java/util/concurrent/ForkJoinPool.runWorker;java/util/concurrent/ForkJoinPool.scan;java/util/concurrent/ForkJoinPool$WorkQueue.topLevelExec;java/util/concurrent/ForkJoinTask.doExec;java/util/concurrent/ForkJoinTask$RunnableExecuteAction.exec;java/lang/VirtualThread$$Lambda.0x00007aba24039c78.run;java/lang/VirtualThread.runContinuation;jdk/internal/vm/Continuation.run;jdk/internal/vm/Continuation.enterSpecial;jdk/internal/vm/Continuation.enter;jdk/internal/vm/Continuation.enter0;java/lang/VirtualThread$VThreadContinuation$1.run;java/lang/VirtualThread.run;_notify_jvmti_vthread_end;SharedRuntime::notify_jvmti_vthread_end;JvmtiVTMSTransitionDisabler::VTMS_vthread_end;JvmtiExport::cleanup_thread;Mutex::lock;pthread_mutex_lock;/usr/lib/x86_64-linux-gnu/libc.so.6;entry_SYSCALL_64_after_hwframe_[k];do_syscall_64_[k];x64_sys_call_[k];__x64_sys_futex_[k];do_futex_[k];futex_wait_[k];__futex_wait_[k];futex_wait_setup_[k];futex_q_unlock_[k] 29
java/util/concurrent/ForkJoinWorkerThread.run;java/util/concurrent/ForkJoinPool.runWorker;java/util/concurrent/ForkJoinPool.scan;java/util/concurrent/ForkJoinPool$WorkQueue.topLevelExec;java/util/concurrent/ForkJoinTask.doExec;java/util/concurrent/ForkJoinTask$RunnableExecuteAction.exec;java/lang/VirtualThread$$Lambda.0x00007aba24039c78.run;java/lang/VirtualThread.runContinuation;java/lang/VirtualThread.afterDone;java/lang/VirtualThread.afterDone;java/util/concurrent/CountDownLatch.countDown;java/util/concurrent/locks/AbstractQueuedSynchronizer.releaseShared;java/util/concurrent/locks/AbstractQueuedSynchronizer.signalNext 1
java/util/concurrent/ForkJoinWorkerThread.run;java/util/concurrent/ForkJoinPool.runWorker;java/util/concurrent/ForkJoinPool.scan;java/util/concurrent/ForkJoinPool$WorkQueue.topLevelExec;java/util/concurrent/ForkJoinTask.doExec;java/util/concurrent/ForkJoinTask$RunnableExecuteAction.exec;java/lang/VirtualThread$$Lambda.0x00007aba24039c78.run;java/lang/VirtualThread.runContinuation;jdk/internal/vm/Continuation.run;jdk/internal/vm/Continuation.enterSpecial;jdk/internal/vm/Continuation.enter;jdk/internal/vm/Continuation.enter0;java/lang/VirtualThread$VThreadContinuation$1.run;java/lang/VirtualThread.run;_notify_jvmti_vthread_start;SharedRuntime::notify_jvmti_vthread_start;JvmtiVTMSTransitionDisabler::VTMS_vthread_start;JvmtiVTMSTransitionDisabler::VTMS_mount_end;Mutex::lock;pthread_mutex_lock;/usr/lib/x86_64-linux-gnu/libc.so.6;entry_SYSCALL_64_after_hwframe_[k];do_syscall_64_[k];x64_sys_call_[k];__x64_sys_futex_[k];do_futex_[k];futex_wait_[k];__futex_wait_[k];futex_wait_setup_[k];futex_q_lock_[k];_raw_spin_lock_[k];native_queued_spin_lock_slowpath_[k] 13118
java/util/concurrent/ForkJoinWorkerThread.run;java/util/concurrent/ForkJoinPool.runWorker;java/util/concurrent/ForkJoinPool.scan;java/util/concurrent/ForkJoinPool$WorkQueue.topLevelExec;java/util/concurrent/ForkJoinTask.doExec;java/util/concurrent/ForkJoinTask$RunnableExecuteAction.exec;java/lang/VirtualThread$$Lambda.0x00007aba24039c78.run;java/lang/VirtualThread.runContinuation;jdk/internal/vm/Continuation.run;jdk/internal/vm/Continuation.enterSpecial;jdk/internal/vm/Continuation.enter;jdk/internal/vm/Continuation.enter0;java/lang/VirtualThread$VThreadContinuation$1.run;java/lang/VirtualThread.run;_notify_jvmti_vthread_end;SharedRuntime::notify_jvmti_vthread_end;JvmtiVTMSTransitionDisabler::VTMS_vthread_end;__pthread_mutex_unlock 53
java/util/concurrent/ForkJoinWorkerThread.run;java/util/concurrent/ForkJoinPool.runWorker;java/util/concurrent/ForkJoinPool.scan;java/util/concurrent/ForkJoinPool$WorkQueue.topLevelExec;java/util/concurrent/ForkJoinTask.doExec;java/util/concurrent/ForkJoinTask$RunnableExecuteAction.exec;java/lang/VirtualThread$$Lambda.0x00007aba24039c78.run;java/lang/VirtualThread.runContinuation;jdk/internal/vm/Continuation.run;jdk/internal/vm/Continuation.enterSpecial;jdk/internal/vm/Continuation.enter;jdk/internal/vm/Continuation.enter0;java/lang/VirtualThread$VThreadContinuation$1.run;java/lang/VirtualThread.run;_notify_jvmti_vthread_start;SharedRuntime::notify_jvmti_vthread_start;JvmtiVTMSTransitionDisabler::VTMS_vthread_start;JvmtiEventController::thread_started;Mutex::lock;JavaFrameAnchor::make_walkable 1
java/util/concurrent/ForkJoinWorkerThread.run;java/util/concurrent/ForkJoinPool.runWorker;java/util/concurrent/ForkJoinPool.scan;java/util/concurrent/ForkJoinPool$WorkQueue.topLevelExec;java/util/concurrent/ForkJoinTask.doExec;java/util/concurrent/ForkJoinTask$RunnableExecuteAction.exec;java/lang/VirtualThread$$Lambda.0x00007aba24039c78.run;java/lang/VirtualThread.runContinuation;jdk/internal/vm/Continuation.run;jdk/internal/vm/Continuation.enterSpecial;jdk/internal/vm/Continuation.enter;jdk/internal/vm/Continuation.enter0;java/lang/VirtualThread$VThreadContinuation$1.run;java/lang/VirtualThread.run;_notify_jvmti_vthread_start;SharedRuntime::notify_jvmti_vthread_start;JvmtiVTMSTransitionDisabler::VTMS_vthread_start;JvmtiVTMSTransitionDisabler::VTMS_mount_end;Mutex::lock;ThreadBlockInVMPreprocess<InFlightMutexRelease>::~ThreadBlockInVMPreprocess 4
java/util/concurrent/ForkJoinWorkerThread.run;java/util/concurrent/ForkJoinPool.runWorker;java/util/concurrent/ForkJoinPool.scan;java/util/concurrent/ForkJoinPool$WorkQueue.topLevelExec;java/util/concurrent/ForkJoinTask.doExec;java/util/concurrent/ForkJoinTask$RunnableExecuteAction.exec;java/lang/VirtualThread$$Lambda.0x00007aba24039c78.run;java/lang/VirtualThread.runContinuation;jdk/internal/vm/Continuation.run;jdk/internal/vm/Continuation.enterSpecial;jdk/internal/vm/Continuation.enter;jdk/internal/vm/Continuation.enter0;java/lang/VirtualThread$VThreadContinuation$1.run;java/lang/VirtualThread.run;_notify_jvmti_vthread_start;SharedRuntime::notify_jvmti_vthread_start;JvmtiVTMSTransitionDisabler::VTMS_vthread_start;JvmtiVTMSTransitionDisabler::VTMS_mount_end;Mutex::lock;pthread_mutex_lock;/usr/lib/x86_64-linux-gnu/libc.so.6;entry_SYSCALL_64_after_hwframe_[k];do_syscall_64_[k];x64_sys_call_[k];do_futex_[k] 2
java/util/concurrent/ForkJoinWorkerThread.run;java/util/concurrent/ForkJoinPool.runWorker;java/util/concurrent/ForkJoinPool.scan;java/util/concurrent/ForkJoinPool$WorkQueue.topLevelExec;java/util/concurrent/ForkJoinTask.doExec;java/util/concurrent/ForkJoinTask$RunnableExecuteAction.exec;java/lang/VirtualThread$$Lambda.0x00007aba24039c78.run;java/lang/VirtualThread.runContinuation;java/lang/VirtualThread.afterDone;java/lang/VirtualThread.afterDone;jdk/internal/misc/Unsafe.freeMemory;jdk/internal/misc/Unsafe.freeMemory0;Unsafe_FreeMemory0;__libc_free 13
java/util/concurrent/ForkJoinWorkerThread.run;java/util/concurrent/ForkJoinPool.runWorker;java/util/concurrent/ForkJoinPool.scan;java/util/concurrent/ForkJoinPool$WorkQueue.topLevelExec;java/util/concurrent/ForkJoinTask.doExec;java/util/concurrent/ForkJoinTask$RunnableExecuteAction.exec;java/lang/VirtualThread$$Lambda.0x00007aba24039c78.run;java/lang/VirtualThread.runContinuation;jdk/internal/vm/Continuation.run;jdk/internal/vm/Continuation.enterSpecial;jdk/internal/vm/Continuation.enter;jdk/internal/vm/Continuation.enter0;java/lang/VirtualThread$VThreadContinuation$1.run;java/lang/VirtualThread.run;_notify_jvmti_vthread_end;SharedRuntime::notify_jvmti_vthread_end;JvmtiVTMSTransitionDisabler::VTMS_vthread_end;JvmtiVTMSTransitionDisabler::start_VTMS_transition 44
java/util/concurrent/ForkJoinWorkerThread.run;java/util/concurrent/ForkJoinPool.runWorker;java/util/concurrent/ForkJoinPool.scan;java/util/concurrent/ForkJoinPool$WorkQueue.topLevelExec;java/util/concurrent/ForkJoinTask.doExec;java/util/concurrent/ForkJoinTask$RunnableExecuteAction.exec;java/lang/VirtualThread$$Lambda.0x00007aba24039c78.run;java/lang/VirtualThread.runContinuation;jdk/internal/vm/Continuation.run;jdk/internal/vm/Continuation.enterSpecial;jdk/internal/vm/Continuation.enter;jdk/internal/vm/Continuation.enter0;java/lang/VirtualThread$VThreadContinuation$1.run;java/lang/VirtualThread.run;_notify_jvmti_vthread_end;SharedRuntime::notify_jvmti_vthread_end;JvmtiVTMSTransitionDisabler::VTMS_vthread_end;JvmtiExport::cleanup_thread;Mutex::lock;pthread_mutex_lock;/usr/lib/x86_64-linux-gnu/libc.so.6;entry_SYSCALL_64_after_hwframe_[k];do_syscall_64_[k];x64_sys_call_[k];__x64_sys_futex_[k];do_futex_[k];futex_wait_[k];__futex_wait_[k];futex_wait_setup_[k];futex_q_lock_[k] 38
java/util/concurrent/ForkJoinWorkerThread.run;java/util/concurrent/ForkJoinPool.runWorker;java/util/concurrent/ForkJoinPool.scan;java/util/concurrent/ForkJoinPool$WorkQueue.topLevelExec;java/util/concurrent/ForkJoinTask.doExec;java/util/concurrent/ForkJoinTask$RunnableExecuteAction.exec;java/lang/VirtualThread$$Lambda.0x00007aba24039c78.run;java/lang/VirtualThread.runContinuation;jdk/internal/vm/Continuation.run;jdk/internal/vm/Continuation.enterSpecial;jdk/internal/vm/Continuation.enter;jdk/internal/vm/Continuation.enter0;java/lang/VirtualThread$VThreadContinuation$1.run;java/lang/VirtualThread.run;_notify_jvmti_vthread_end;SharedRuntime::notify_jvmti_vthread_end;JvmtiVTMSTransitionDisabler::VTMS_vthread_end;JvmtiExport::cleanup_thread;Mutex::lock;pthread_mutex_lock;/usr/lib/x86_64-linux-gnu/libc.so.6;entry_SYSCALL_64_after_hwframe_[k];do_syscall_64_[k];x64_sys_call_[k];__x64_sys_futex_[k];do_futex_[k];futex_wait_[k];__futex_wait_[k];futex_hash_put_[k] 7
java/util/concurrent/ForkJoinWorkerThread.run;java/util/concurrent/ForkJoinPool.runWorker;java/util/concurrent/ForkJoinPool.scan;java/util/concurrent/ForkJoinPool$WorkQueue.topLevelExec;java/util/concurrent/ForkJoinTask.doExec;java/util/concurrent/ForkJoinTask$RunnableExecuteAction.exec;java/lang/VirtualThread$$Lambda.0x00007aba24039c78.run;java/lang/VirtualThread.runContinuation;jdk/internal/vm/Continuation.run;jdk/internal/vm/Continuation.enterSpecial;jdk/internal/vm/Continuation.enter;jdk/internal/vm/Continuation.enter0;java/lang/VirtualThread$VThreadContinuation$1.run;java/lang/VirtualThread.run;_notify_jvmti_vthread_start;SharedRuntime::notify_jvmti_vthread_start;JvmtiVTMSTransitionDisabler::VTMS_vthread_start;JvmtiVTMSTransitionDisabler::VTMS_mount_end;Mutex::lock;pthread_mutex_lock;/usr/lib/x86_64-linux-gnu/libc.so.6;entry_SYSCALL_64_after_hwframe_[k];do_syscall_64_[k];x64_sys_call_[k];__x64_sys_futex_[k];do_futex_[k];futex_wait_[k];__futex_wait_[k];futex_wait_setup_[k];get_futex_key_[k] 6
java/util/concurrent/ForkJoinWorkerThread.run;java/util/concurrent/ForkJoinPool.runWorker;java/util/concurrent/ForkJoinPool.scan;java/util/concurrent/ForkJoinPool$WorkQueue.topLevelExec;java/util/concurrent/ForkJoinTask.doExec;java/util/concurrent/ForkJoinTask$RunnableExecuteAction.exec;java/lang/VirtualThread$$Lambda.0x00007aba24039c78.run;java/lang/VirtualThread.runContinuation;jdk/internal/vm/Continuation.run;jdk/internal/vm/Continuation.mount;jdk/internal/vm/Continuation.compareAndSetMounted;jdk/internal/misc/Unsafe.compareAndSetBoolean 12
java/util/concurrent/ForkJoinWorkerThread.run;java/util/concurrent/ForkJoinPool.runWorker;java/util/concurrent/ForkJoinPool.scan;java/util/concurrent/ForkJoinPool$WorkQueue.topLevelExec;java/util/concurrent/ForkJoinTask.doExec;java/util/concurrent/ForkJoinTask$RunnableExecuteAction.exec;java/lang/VirtualThread$$Lambda.0x00007aba24039c78.run;java/lang/VirtualThread.runContinuation;jdk/internal/vm/Continuation.run;jdk/internal/vm/Continuation.enterSpecial;jdk/internal/vm/Continuation.enter;jdk/internal/vm/Continuation.enter0;java/lang/VirtualThread$VThreadContinuation$1.run;java/lang/VirtualThread.run;_notify_jvmti_vthread_start;SharedRuntime::notify_jvmti_vthread_start;JvmtiVTMSTransitionDisabler::VTMS_vthread_start;JvmtiVTMSTransitionDisabler::VTMS_mount_end;Mutex::lock;pthread_mutex_lock;/usr/lib/x86_64-linux-gnu/libc.so.6;entry_SYSCALL_64_after_hwframe_[k];do_syscall_64_[k];x64_sys_call_[k];__x64_sys_futex_[k];do_futex_[k];futex_wait_[k];__futex_wait_[k];futex_wait_setup_[k];futex_hash_[k] 9
java/util/concurrent/ForkJoinWorkerThread.run;java/util/concurrent/ForkJoinPool.runWorker;java/util/concurrent/ForkJoinPool.scan;java/util/concurrent/ForkJoinPool$WorkQueue.topLevelExec;java/util/concurrent/ForkJoinTask.doExec;java/util/concurrent/ForkJoinTask$RunnableExecuteAction.exec;java/lang/VirtualThread$$Lambda.0x00007aba24039c78.run;java/lang/VirtualThread.runContinuation;jdk/internal/vm/Continuation.run;jdk/internal/vm/Continuation.enterSpecial;jdk/internal/vm/Continuation.enter;jdk/internal/vm/Continuation.enter0;java/lang/VirtualThread$VThreadContinuation$1.run;java/lang/VirtualThread.run;_notify_jvmti_vthread_start;SharedRuntime::notify_jvmti_vthread_start;JvmtiVTMSTransitionDisabler::VTMS_vthread_start;JvmtiEventController::thread_started;Mutex::lock;pthread_mutex_lock;/usr/lib/x86_64-linux-gnu/libc.so.6;entry_SYSCALL_64_after_hwframe_[k];do_syscall_64_[k];x64_sys_call_[k];__x64_sys_futex_[k];do_futex_[k];futex_wait_[k];__futex_wait_[k];futex_wait_setup_[k];futex_hash_[k];__futex_hash_[k] 4
java/util/concurrent/ForkJoinWorkerThread.run;java/util/concurrent/ForkJoinPool.runWorker;java/util/concurrent/ForkJoinPool.awaitWork;java/util/concurrent/locks/LockSupport.park;jdk/internal/misc/Unsafe.park;Unsafe_Park;Parker::park;__pthread_mutex_unlock;/usr/lib/x86_64-linux-gnu/libc.so.6;entry_SYSCALL_64_after_hwframe_[k];do_syscall_64_[k];x64_sys_call_[k];__x64_sys_futex_[k];do_futex_[k];futex_wake_[k];_raw_spin_lock_[k];native_queued_spin_lock_slowpath_[k] 13
java/util/concurrent/ForkJoinWorkerThread.run;java/util/concurrent/ForkJoinPool.runWorker;java/util/concurrent/ForkJoinPool.scan;java/util/concurrent/ForkJoinPool$WorkQueue.topLevelExec;java/util/concurrent/ForkJoinTask.doExec;java/util/concurrent/ForkJoinTask$RunnableExecuteAction.exec;java/lang/VirtualThread$$Lambda.0x00007aba24039c78.run;java/lang/VirtualThread.runContinuation;jdk/internal/vm/Continuation.run;jdk/internal/vm/Continuation.enterSpecial;jdk/internal/vm/Continuation.enter;jdk/internal/vm/Continuation.enter0;java/lang/VirtualThread$VThreadContinuation$1.run;java/lang/VirtualThread.run;_notify_jvmti_vthread_start;SharedRuntime::notify_jvmti_vthread_start;JvmtiVTMSTransitionDisabler::VTMS_vthread_start;JvmtiVTMSTransitionDisabler::VTMS_mount_end;Mutex::lock;JavaFrameAnchor::make_walkable 2
java/util/concurrent/ForkJoinWorkerThread.run;java/util/concurrent/ForkJoinPool.runWorker;java/util/concurrent/ForkJoinPool.scan;java/util/concurrent/ForkJoinPool$WorkQueue.topLevelExec;java/util/concurrent/ForkJoinTask.doExec;java/util/concurrent/ForkJoinTask$RunnableExecuteAction.exec;java/lang/VirtualThread$$Lambda.0x00007aba24039c78.run;java/lang/VirtualThread.runContinuation;jdk/internal/vm/Continuation.run;jdk/internal/vm/Continuation.enterSpecial;jdk/internal/vm/Continuation.enter;jdk/internal/vm/Continuation.enter0;java/lang/VirtualThread$VThreadContinuation$1.run;java/lang/VirtualThread.run;_notify_jvmti_vthread_start;SharedRuntime::notify_jvmti_vthread_start;JvmtiVTMSTransitionDisabler::VTMS_vthread_start;JvmtiVTMSTransitionDisabler::VTMS_mount_end;__pthread_mutex_unlock 2
java/util/concurrent/ForkJoinWorkerThread.run;java/util/concurrent/ForkJoinPool.runWorker;java/util/concurrent/ForkJoinPool.scan;java/util/concurrent/ForkJoinPool$WorkQueue.topLevelExec;java/util/concurrent/ForkJoinTask.doExec;java/util/concurrent/ForkJoinTask$RunnableExecuteAction.exec;java/lang/VirtualThread$$Lambda.0x00007aba24039c78.run;java/lang/VirtualThread.runContinuation;jdk/internal/vm/Continuation.run;jdk/internal/vm/Continuation.enterSpecial;jdk/internal/vm/Continuation.enter;jdk/internal/vm/Continuation.enter0;java/lang/VirtualThread$VThreadContinuation$1.run;java/lang/VirtualThread.run;_notify_jvmti_vthread_end;SharedRuntime::notify_jvmti_vthread_end;JvmtiVTMSTransitionDisabler::VTMS_vthread_end;JvmtiExport::cleanup_thread 1
java/util/concurrent/ForkJoinWorkerThread.run;java/util/concurrent/ForkJoinPool.runWorker;java/util/concurrent/ForkJoinPool.scan 4
java/util/concurrent/ForkJoinWorkerThread.run;java/util/concurrent/ForkJoinPool.runWorker;java/util/concurrent/ForkJoinPool.scan;java/util/concurrent/ForkJoinPool$WorkQueue.topLevelExec;java/util/concurrent/ForkJoinTask.doExec;java/util/concurrent/ForkJoinTask$RunnableExecuteAction.exec;java/lang/VirtualThread$$Lambda.0x00007aba24039c78.run;java/lang/VirtualThread.runContinuation;jdk/internal/vm/Continuation.run;jdk/internal/vm/Continuation.enterSpecial;jdk/internal/vm/Continuation.enter;jdk/internal/vm/Continuation.enter0;java/lang/VirtualThread$VThreadContinuation$1.run;java/lang/VirtualThread.run;_notify_jvmti_vthread_start;SharedRuntime::notify_jvmti_vthread_start;JvmtiVTMSTransitionDisabler::VTMS_vthread_start;JvmtiVTMSTransitionDisabler::VTMS_mount_end;Mutex::lock;pthread_mutex_lock;/usr/lib/x86_64-linux-gnu/libc.so.6;entry_SYSCALL_64_after_hwframe_[k];do_syscall_64_[k];x64_sys_call_[k];__x64_sys_futex_[k];do_futex_[k];futex_wait_[k];__futex_wait_[k];futex_wait_setup_[k];futex_q_lock_[k] 43
java/util/concurrent/ForkJoinWorkerThread.run;java/util/concurrent/ForkJoinPool.runWorker;java/util/concurrent/ForkJoinPool.awaitWork;java/util/concurrent/locks/LockSupport.park;jdk/internal/misc/Unsafe.park;Unsafe_Park;Parker::park;__pthread_mutex_unlock;/usr/lib/x86_64-linux-gnu/libc.so.6;entry_SYSCALL_64_after_hwframe_[k];do_syscall_64_[k];x64_sys_call_[k];__x64_sys_futex_[k];do_futex_[k];futex_wake_[k] 3
java/util/concurrent/ForkJoinWorkerThread.run;java/util/concurrent/ForkJoinPool.runWorker;java/util/concurrent/ForkJoinPool.scan;java/util/concurrent/ForkJoinPool$WorkQueue.topLevelExec;java/util/concurrent/ForkJoinTask.doExec;java/util/concurrent/ForkJoinTask$RunnableExecuteAction.exec;java/lang/VirtualThread$$Lambda.0x00007aba24039c78.run;java/lang/VirtualThread.runContinuation;jdk/internal/vm/Continuation.run;jdk/internal/vm/Continuation.enterSpecial;jdk/internal/vm/Continuation.enter;jdk/internal/vm/Continuation.enter0;java/lang/VirtualThread$VThreadContinuation$1.run;java/lang/VirtualThread.run;_notify_jvmti_vthread_start;SharedRuntime::notify_jvmti_vthread_start;JvmtiVTMSTransitionDisabler::VTMS_vthread_start;JvmtiEventController::thread_started;AccessInternal::PostRuntimeDispatch<G1BarrierSet::AccessBarrier<548964ul, G1BarrierSet>, (AccessInternal::BarrierType)2, 548964ul>::oop_access_barrier 12
java/util/concurrent/ForkJoinWorkerThread.run;java/util/concurrent/ForkJoinPool.runWorker;java/util/concurrent/ForkJoinPool.scan 4
java/util/concurrent/ForkJoinWorkerThread.run;java/util/concurrent/ForkJoinPool.runWorker;java/util/concurrent/ForkJoinPool.scan;java/util/concurrent/ForkJoinPool$WorkQueue.topLevelExec;java/util/concurrent/ForkJoinTask.doExec;java/util/concurrent/ForkJoinTask$RunnableExecuteAction.exec;java/lang/VirtualThread$$Lambda.0x00007aba24039c78.run;java/lang/VirtualThread.runContinuation;jdk/internal/vm/Continuation.run;jdk/internal/vm/Continuation.enterSpecial;jdk/internal/vm/Continuation.enter;jdk/internal/vm/Continuation.enter0;java/lang/VirtualThread$VThreadContinuation$1.run;java/lang/VirtualThread.run;_notify_jvmti_vthread_start;SharedRuntime::notify_jvmti_vthread_start;JvmtiVTMSTransitionDisabler::VTMS_vthread_start;JvmtiVTMSTransitionDisabler::VTMS_mount_end;Mutex::lock;pthread_mutex_lock;/usr/lib/x86_64-linux-gnu/libc.so.6 56
java/util/concurrent/ForkJoinWorkerThread.run;java/util/concurrent/ForkJoinPool.runWorker;java/util/concurrent/ForkJoinPool.scan;java/util/concurrent/ForkJoinPool$WorkQueue.topLevelExec;java/util/concurrent/ForkJoinTask.doExec;java/util/concurrent/ForkJoinTask$RunnableExecuteAction.exec;java/lang/VirtualThread$$Lambda.0x00007aba24039c78.run;java/lang/VirtualThread.runContinuation;jdk/internal/vm/Continuation.run;jdk/internal/vm/Continuation.enterSpecial;jdk/internal/vm/Continuation.enter;jdk/internal/vm/Continuation.enter0;java/lang/VirtualThread$VThreadContinuation$1.run;java/lang/VirtualThread.run;_notify_jvmti_vthread_end;SharedRuntime::notify_jvmti_vthread_end;JvmtiVTMSTransitionDisabler::VTMS_vthread_end;__pthread_mutex_unlock;/usr/lib/x86_64-linux-gnu/libc.so.6;entry_SYSCALL_64_after_hwframe_[k];do_syscall_64_[k];x64_sys_call_[k];__x64_sys_futex_[k];do_futex_[k];_raw_spin_lock_[k] 1
java/util/concurrent/ForkJoinWorkerThread.run;java/util/concurrent/ForkJoinPool.runWorker;java/util/concurrent/ForkJoinPool.scan;java/util/concurrent/ForkJoinPool$WorkQueue.topLevelExec;java/util/concurrent/ForkJoinTask.doExec;java/util/concurrent/ForkJoinTask$RunnableExecuteAction.exec;java/lang/VirtualThread$$Lambda.0x00007aba24039c78.run;java/lang/VirtualThread.runContinuation;jdk/internal/vm/Continuation.run;jdk/internal/vm/Continuation.enterSpecial;jdk/internal/vm/Continuation.enter;jdk/internal/vm/Continuation.enter0;java/lang/VirtualThread$VThreadContinuation$1.run;java/lang/VirtualThread.run;_notify_jvmti_vthread_start;SharedRuntime::notify_jvmti_vthread_start;JvmtiVTMSTransitionDisabler::VTMS_vthread_start;JvmtiVTMSTransitionDisabler::VTMS_mount_end;JavaThread::rebind_to_jvmti_thread_state_of;AccessInternal::PostRuntimeDispatch<G1BarrierSet::AccessBarrier<548964ul, G1BarrierSet>, (AccessInternal::BarrierType)0, 548964ul>::oop_access_barrier 1
java/util/concurrent/ForkJoinWorkerThread.run;java/util/concurrent/ForkJoinPool.runWorker;java/util/concurrent/ForkJoinPool.scan;java/util/concurrent/ForkJoinPool$WorkQueue.topLevelExec;java/util/concurrent/ForkJoinTask.doExec;java/util/concurrent/ForkJoinTask$RunnableExecuteAction.exec;java/lang/VirtualThread$$Lambda.0x00007aba24039c78.run;java/lang/VirtualThread.runContinuation;jdk/internal/vm/Continuation.run;jdk/internal/vm/Continuation.enterSpecial;jdk/internal/vm/Continuation.enter;jdk/internal/vm/Continuation.enter0;java/lang/VirtualThread$VThreadContinuation$1.run;java/lang/VirtualThread.run;_notify_jvmti_vthread_start;SharedRuntime::notify_jvmti_vthread_start;JvmtiVTMSTransitionDisabler::VTMS_vthread_start;JvmtiEventController::thread_started;Mutex::lock;pthread_mutex_lock;/usr/lib/x86_64-linux-gnu/libc.so.6;entry_SYSCALL_64_after_hwframe_[k];do_syscall_64_[k] 2
java/util/concurrent/ForkJoinWorkerThread.run;java/util/concurrent/ForkJoinPool.runWorker;java/util/concurrent/ForkJoinPool.scan;java/util/concurrent/ForkJoinPool$WorkQueue.topLevelExec;java/util/concurrent/ForkJoinTask.doExec;java/util/concurrent/ForkJoinTask$RunnableExecuteAction.exec;java/lang/VirtualThread$$Lambda.0x00007aba24039c78.run;java/lang/VirtualThread.runContinuation;java/lang/VirtualThread.mount;_notify_jvmti_vthread_mount;SharedRuntime::notify_jvmti_vthread_mount;JNIHandleBlock::allocate_handle 1
java/util/concurrent/ForkJoinWorkerThread.run;java/util/concurrent/ForkJoinPool.runWorker;java/util/concurrent/ForkJoinPool.scan;java/util/concurrent/ForkJoinPool$WorkQueue.topLevelExec;java/util/concurrent/ForkJoinTask.doExec;java/util/concurrent/ForkJoinTask$RunnableExecuteAction.exec;java/lang/VirtualThread$$Lambda.0x00007aba24039c78.run;java/lang/VirtualThread.runContinuation;jdk/internal/vm/Continuation.run;jdk/internal/vm/Continuation.enterSpecial;jdk/internal/vm/Continuation.enter;jdk/internal/vm/Continuation.enter0;java/lang/VirtualThread$VThreadContinuation$1.run;java/lang/VirtualThread.run;_notify_jvmti_vthread_end;SharedRuntime::notify_jvmti_vthread_end;JvmtiVTMSTransitionDisabler::VTMS_vthread_end;JvmtiExport::cleanup_thread;JvmtiEventController::thread_ended;JvmtiThreadState::~JvmtiThreadState;OopStorage::release;OopStorage::Block::release_entries 4
java/util/concurrent/ForkJoinWorkerThread.run;java/util/concurrent/ForkJoinPool.runWorker;java/util/concurrent/ForkJoinPool.scan;java/util/concurrent/ForkJoinPool$WorkQueue.topLevelExec;java/util/concurrent/ForkJoinTask.doExec;java/util/concurrent/ForkJoinTask$RunnableExecuteAction.exec;java/lang/VirtualThread$$Lambda.0x00007aba24039c78.run;java/lang/VirtualThread.runContinuation;java/lang/VirtualThread.afterDone;java/lang/VirtualThread.afterDone;java/util/concurrent/CountDownLatch.countDown;java/util/concurrent/locks/AbstractQueuedSynchronizer.releaseShared;java/util/concurrent/locks/AbstractQueuedSynchronizer.signalNext;java/util/concurrent/locks/LockSupport.unpark;jdk/internal/misc/Unsafe.unpark;Unsafe_Unpark;Parker::unpark 1
java/util/concurrent/ForkJoinWorkerThread.run;java/util/concurrent/ForkJoinPool.runWorker;java/util/concurrent/ForkJoinPool.scan;java/util/concurrent/ForkJoinPool$WorkQueue.topLevelExec;java/util/concurrent/ForkJoinTask.doExec;java/util/concurrent/ForkJoinTask$RunnableExecuteAction.exec;java/lang/VirtualThread$$Lambda.0x00007aba24039c78.run;java/lang/VirtualThread.runContinuation;jdk/internal/vm/Continuation.run;jdk/internal/vm/Continuation.enterSpecial;jdk/internal/vm/Continuation.enter;jdk/internal/vm/Continuation.enter0;java/lang/VirtualThread$VThreadContinuation$1.run;java/lang/VirtualThread.run;jdk/internal/vm/StackableScope.popAll;jdk/internal/vm/StackableScope.head;java/lang/System$2.headStackableScope;java/lang/Thread.headStackableScopes 3
java/util/concurrent/ForkJoinWorkerThread.run;java/util/concurrent/ForkJoinPool.runWorker;java/util/concurrent/ForkJoinPool.scan;java/util/concurrent/ForkJoinPool$WorkQueue.topLevelExec;java/util/concurrent/ForkJoinTask.doExec;java/util/concurrent/ForkJoinTask$RunnableExecuteAction.exec;java/lang/VirtualThread$$Lambda.0x00007aba24039c78.run;java/lang/VirtualThread.runContinuation;jdk/internal/vm/Continuation.run;jdk/internal/vm/Continuation.enterSpecial;jdk/internal/vm/Continuation.enter;jdk/internal/vm/Continuation.enter0;java/lang/VirtualThread$VThreadContinuation$1.run;java/lang/VirtualThread.run;_notify_jvmti_vthread_end;SharedRuntime::notify_jvmti_vthread_end;JvmtiVTMSTransitionDisabler::VTMS_vthread_end;__pthread_mutex_unlock;/usr/lib/x86_64-linux-gnu/libc.so.6;entry_SYSCALL_64_after_hwframe_[k];do_syscall_64_[k];x64_sys_call_[k];__x64_sys_futex_[k];do_futex_[k];futex_wake_[k];_raw_spin_lock_[k];native_queued_spin_lock_slowpath_[k] 1148
java/util/concurrent/ForkJoinWorkerThread.run;java/util/concurrent/ForkJoinPool.runWorker;java/util/concurrent/ForkJoinPool.scan;java/util/concurrent/ForkJoinPool$WorkQueue.topLevelExec;java/util/concurrent/ForkJoinTask.doExec;java/util/concurrent/ForkJoinTask$RunnableExecuteAction.exec;java/lang/VirtualThread$$Lambda.0x00007aba24039c78.run;java/lang/VirtualThread.runContinuation;jdk/internal/vm/Continuation.run;jdk/internal/vm/Continuation.enterSpecial;jdk/internal/vm/Continuation.enter;jdk/internal/vm/Continuation.enter0;java/lang/VirtualThread$VThreadContinuation$1.run;java/lang/VirtualThread.run;_notify_jvmti_vthread_start;SharedRuntime::notify_jvmti_vthread_start;JvmtiVTMSTransitionDisabler::VTMS_vthread_start;JvmtiEventController::thread_started;Mutex::lock;pthread_mutex_lock;/usr/lib/x86_64-linux-gnu/libc.so.6;entry_SYSCALL_64_after_hwframe_[k];do_syscall_64_[k];x64_sys_call_[k];__x64_sys_futex_[k];do_futex_[k];futex_wait_[k];__futex_wait_[k];futex_wait_setup_[k];futex_q_lock_[k];_raw_spin_lock_[k];native_queued_spin_lock_slowpath_[k] 10675
java/util/concurrent/ForkJoinWorkerThread.run;java/util/concurrent/ForkJoinPool.runWorker;java/util/concurrent/ForkJoinPool.scan;java/util/concurrent/ForkJoinPool$WorkQueue.topLevelExec;java/util/concurrent/ForkJoinTask.doExec;java/util/concurrent/ForkJoinTask$RunnableExecuteAction.exec;java/lang/VirtualThread$$Lambda.0x00007aba24039c78.run;java/lang/VirtualThread.runContinuation;jdk/internal/vm/Continuation.run;jdk/internal/vm/Continuation.enterSpecial;jdk/internal/vm/Continuation.enter;jdk/internal/vm/Continuation.enter0;java/lang/VirtualThread$VThreadContinuation$1.run;java/lang/VirtualThread.run;_notify_jvmti_vthread_start;SharedRuntime::notify_jvmti_vthread_start;JvmtiVTMSTransitionDisabler::VTMS_vthread_start;JvmtiEventController::thread_started;JvmtiEventControllerPrivate::recompute_thread_enabled;JvmtiEnvThreadState::has_frame_pops 1
java/util/concurrent/ForkJoinWorkerThread.run;java/util/concurrent/ForkJoinPool.runWorker;java/util/concurrent/ForkJoinPool.scan;java/util/concurrent/ForkJoinPool$WorkQueue.topLevelExec;java/util/concurrent/ForkJoinTask.doExec;java/util/concurrent/ForkJoinTask$RunnableExecuteAction.exec;java/lang/VirtualThread$$Lambda.0x00007aba24039c78.run;java/lang/VirtualThread.runContinuation;jdk/internal/vm/Continuation.run;jdk/internal/vm/Continuation.enterSpecial;jdk/internal/vm/Continuation.enter;jdk/internal/vm/Continuation.enter0;java/lang/VirtualThread$VThreadContinuation$1.run;java/lang/VirtualThread.run;_notify_jvmti_vthread_start;SharedRuntime::notify_jvmti_vthread_start;JvmtiVTMSTransitionDisabler::VTMS_vthread_start;JvmtiEventController::thread_started;oopDesc::address_field 3
java/util/concurrent/ForkJoinWorkerThread.run;java/util/concurrent/ForkJoinPool.runWorker;java/util/concurrent/ForkJoinPool.scan;java/util/concurrent/ForkJoinPool$WorkQueue.topLevelExec;java/util/concurrent/ForkJoinTask.doExec;java/util/concurrent/ForkJoinTask$RunnableExecuteAction.exec;java/lang/VirtualThread$$Lambda.0x00007aba24039c78.run;java/lang/VirtualThread.runContinuation;jdk/internal/vm/Continuation.run;jdk/internal/vm/Continuation.enterSpecial;jdk/internal/vm/Continuation.enter;jdk/internal/vm/Continuation.enter0;java/lang/VirtualThread$VThreadContinuation$1.run;java/lang/VirtualThread.run;_notify_jvmti_vthread_end;SharedRuntime::notify_jvmti_vthread_end;JvmtiVTMSTransitionDisabler::VTMS_vthread_end;__pthread_mutex_unlock;/usr/lib/x86_64-linux-gnu/libc.so.6;entry_SYSCALL_64_after_hwframe_[k];do_syscall_64_[k];x64_sys_call_[k];__x64_sys_futex_[k];do_futex_[k];futex_wake_[k];wake_up_q_[k];try_to_wake_up_[k] 1
java/util/concurrent/ForkJoinWorkerThread.run;java/util/concurrent/ForkJoinPool.runWorker;java/util/concurrent/ForkJoinPool.scan;java/util/concurrent/ForkJoinPool$WorkQueue.topLevelExec;java/util/concurrent/ForkJoinTask.doExec;java/util/concurrent/ForkJoinTask$RunnableExecuteAction.exec;java/lang/VirtualThread$$Lambda.0x00007aba24039c78.run;java/lang/VirtualThread.runContinuation;jdk/internal/vm/Continuation.run;jdk/internal/vm/Continuation.enterSpecial;jdk/internal/vm/Continuation.enter;jdk/internal/vm/Continuation.enter0;java/lang/VirtualThread$VThreadContinuation$1.run;java/lang/VirtualThread.run;_notify_jvmti_vthread_end;SharedRuntime::notify_jvmti_vthread_end;JvmtiVTMSTransitionDisabler::VTMS_vthread_end;__pthread_mutex_unlock;/usr/lib/x86_64-linux-gnu/libc.so.6;entry_SYSCALL_64_after_hwframe_[k];do_syscall_64_[k];x64_sys_call_[k];__x64_sys_futex_[k];do_futex_[k];_raw_spin_lock_[k] 1
java/util/concurrent/ForkJoinWorkerThread.run;java/util/concurrent/ForkJoinPool.runWorker;java/util/concurrent/ForkJoinPool.scan;java/util/concurrent/ForkJoinPool$WorkQueue.topLevelExec;java/util/concurrent/ForkJoinTask.doExec;java/util/concurrent/ForkJoinTask$RunnableExecuteAction.exec;java/lang/VirtualThread$$Lambda.0x00007aba24039c78.run;java/lang/VirtualThread.runContinuation;jdk/internal/vm/Continuation.run;jdk/internal/vm/Continuation.enterSpecial;jdk/internal/vm/Continuation.enter;jdk/internal/vm/Continuation.enter0;java/lang/VirtualThread$VThreadContinuation$1.run;java/lang/VirtualThread.run;_notify_jvmti_vthread_end;SharedRuntime::notify_jvmti_vthread_end;JvmtiVTMSTransitionDisabler::VTMS_vthread_end;JvmtiVTMSTransitionDisabler::start_VTMS_transition 2
java/util/concurrent/ForkJoinWorkerThread.run;java/util/concurrent/ForkJoinPool.runWorker;java/util/concurrent/ForkJoinPool.scan 2
java/util/concurrent/ForkJoinWorkerThread.run;java/util/concurrent/ForkJoinPool.runWorker;java/util/concurrent/ForkJoinPool.scan;java/util/concurrent/ForkJoinPool$WorkQueue.topLevelExec;java/util/concurrent/ForkJoinTask.doExec;java/util/concurrent/ForkJoinTask$RunnableExecuteAction.exec;java/lang/VirtualThread$$Lambda.0x00007aba24039c78.run;java/lang/VirtualThread.runContinuation;jdk/internal/vm/Continuation.run;jdk/internal/vm/Continuation.enterSpecial;jdk/internal/vm/Continuation.enter;jdk/internal/vm/Continuation.enter0;java/lang/VirtualThread$VThreadContinuation$1.run;java/lang/VirtualThread.run;_notify_jvmti_vthread_end;SharedRuntime::notify_jvmti_vthread_end;JvmtiVTMSTransitionDisabler::VTMS_vthread_end;JvmtiExport::cleanup_thread;Mutex::lock;pthread_mutex_trylock 3
java/util/concurrent/ForkJoinWorkerThread.run;java/util/concurrent/ForkJoinPool.runWorker;java/util/concurrent/ForkJoinPool.awaitWork;java/util/concurrent/locks/LockSupport.park;jdk/internal/misc/Unsafe.park;Unsafe_Park;Parker::park;pthread_cond_wait;/usr/lib/x86_64-linux-gnu/libc.so.6;entry_SYSCALL_64_after_hwframe_[k];do_syscall_64_[k];x64_sys_call_[k];__x64_sys_futex_[k];do_futex_[k];futex_wait_[k];__futex_wait_[k] 2
java/util/concurrent/ForkJoinWorkerThread.run;java/util/concurrent/ForkJoinPool.runWorker;java/util/concurrent/ForkJoinPool.scan;java/util/concurrent/ForkJoinPool$WorkQueue.topLevelExec;java/util/concurrent/ForkJoinTask.doExec;java/util/concurrent/ForkJoinTask$RunnableExecuteAction.exec;java/lang/VirtualThread$$Lambda.0x00007aba24039c78.run;java/lang/VirtualThread.runContinuation;jdk/internal/vm/Continuation.run;jdk/internal/vm/Continuation.enterSpecial;jdk/internal/vm/Continuation.enter;jdk/internal/vm/Continuation.enter0;java/lang/VirtualThread$VThreadContinuation$1.run;java/lang/VirtualThread.run;_notify_jvmti_vthread_start;SharedRuntime::notify_jvmti_vthread_start;JvmtiVTMSTransitionDisabler::VTMS_vthread_start;JvmtiEventController::thread_started;AccessInternal::PostRuntimeDispatch<G1BarrierSet::AccessBarrier<548964ul, G1BarrierSet>, (AccessInternal::BarrierType)2, 548964ul>::oop_access_barrier 1
java/util/concurrent/ForkJoinWorkerThread.run;java/util/concurrent/ForkJoinPool.runWorker;java/util/concurrent/ForkJoinPool.scan;java/util/concurrent/ForkJoinPool$WorkQueue.topLevelExec;java/util/concurrent/ForkJoinTask.doExec;java/util/concurrent/ForkJoinTask$RunnableExecuteAction.exec;java/lang/VirtualThread$$Lambda.0x00007aba24039c78.run;java/lang/VirtualThread.runContinuation;jdk/internal/vm/Continuation.run;jdk/internal/vm/Continuation.enterSpecial;jdk/internal/vm/Continuation.enter;jdk/internal/vm/Continuation.enter0;java/lang/VirtualThread$VThreadContinuation$1.run;java/lang/VirtualThread.run;_notify_jvmti_vthread_end;SharedRuntime::notify_jvmti_vthread_end;JvmtiVTMSTransitionDisabler::VTMS_vthread_end;JvmtiExport::cleanup_thread;Mutex::lock;pthread_mutex_lock;/usr/lib/x86_64-linux-gnu/libc.so.6;entry_SYSCALL_64_after_hwframe_[k];do_syscall_64_[k];x64_sys_call_[k];__x64_sys_futex_[k];do_futex_[k];futex_wait_[k];__futex_wait_[k];futex_wait_setup_[k];futex_q_lock_[k];_raw_spin_lock_[k];native_queued_spin_lock_slowpath_[k] 206
java/util/concurrent/ForkJoinWorkerThread.run;java/util/concurrent/ForkJoinPool.runWorker;java/util/concurrent/ForkJoinPool.scan;java/util/concurrent/ForkJoinPool$WorkQueue.topLevelExec;java/util/concurrent/ForkJoinTask.doExec;java/util/concurrent/ForkJoinTask$RunnableExecuteAction.exec;java/lang/VirtualThread$$Lambda.0x00007aba24039c78.run;java/lang/VirtualThread.runContinuation;jdk/internal/vm/Continuation.run;jdk/internal/vm/Continuation.enterSpecial;jdk/internal/vm/Continuation.enter;jdk/internal/vm/Continuation.enter0;java/lang/VirtualThread$VThreadContinuation$1.run;java/lang/VirtualThread.run;_notify_jvmti_vthread_end;SharedRuntime::notify_jvmti_vthread_end;JvmtiVTMSTransitionDisabler::VTMS_vthread_end;JvmtiExport::cleanup_thread;JvmtiEventController::thread_ended;JvmtiThreadState::~JvmtiThreadState;__libc_free 3
java/util/concurrent/ForkJoinWorkerThread.run;java/util/concurrent/ForkJoinPool.runWorker;java/util/concurrent/ForkJoinPool.awaitWork;java/util/concurrent/locks/LockSupport.park;jdk/internal/misc/Unsafe.park;Unsafe_Park;Parker::park;JavaThread::is_interrupted 1
java/lang/Thread.run;java/lang/Thread.runWith;java/util/concurrent/ThreadPoolExecutor$Worker.run;java/util/concurrent/ThreadPoolExecutor.runWorker;java/util/concurrent/FutureTask.run;java/util/concurrent/Executors$RunnableAdapter.call;java/util/concurrent/FutureTask.run;org/openjdk/jmh/runner/BenchmarkHandler$BenchmarkTask.call;org/openjdk/jmh/runner/BenchmarkHandler$BenchmarkTask.call;java/lang/reflect/Method.invoke;jdk/internal/reflect/DirectMethodHandleAccessor.invoke;jdk/internal/reflect/DirectMethodHandleAccessor.invokeImpl;java/lang/invoke/LambdaForm$MH.0x00007aba2402e800.invokeExact_MT;java/lang/invoke/LambdaForm$MH.0x00007aba2402e400.invoke;java/lang/invoke/DirectMethodHandle$Holder.invokeSpecial;uk/ac/ncl/jensen/benchmark/jmh_generated/VThreadChurnBenchmark_churn_jmhTest.churn_AverageTime;uk/ac/ncl/jensen/benchmark/jmh_generated/VThreadChurnBenchmark_churn_jmhTest.churn_avgt_jmhStub;uk/ac/ncl/jensen/benchmark/VThreadChurnBenchmark.churn;java/lang/Thread.join;java/lang/Thread.join;java/lang/VirtualThread.joinNanos;java/util/concurrent/CountDownLatch.await;java/util/concurrent/locks/AbstractQueuedSynchronizer.acquireSharedInterruptibly;java/util/concurrent/locks/AbstractQueuedSynchronizer.acquire 1
java/lang/Thread.run;java/lang/Thread.runWith;java/util/concurrent/ThreadPoolExecutor$Worker.run;java/util/concurrent/ThreadPoolExecutor.runWorker;java/util/concurrent/FutureTask.run;java/util/concurrent/Executors$RunnableAdapter.call;java/util/concurrent/FutureTask.run;org/openjdk/jmh/runner/BenchmarkHandler$BenchmarkTask.call;org/openjdk/jmh/runner/BenchmarkHandler$BenchmarkTask.call;java/lang/reflect/Method.invoke;jdk/internal/reflect/DirectMethodHandleAccessor.invoke;jdk/internal/reflect/DirectMethodHandleAccessor.invokeImpl;java/lang/invoke/LambdaForm$MH.0x00007aba2402e800.invokeExact_MT;java/lang/invoke/LambdaForm$MH.0x00007aba2402e400.invoke;java/lang/invoke/DirectMethodHandle$Holder.invokeSpecial;uk/ac/ncl/jensen/benchmark/jmh_generated/VThreadChurnBenchmark_churn_jmhTest.churn_AverageTime;uk/ac/ncl/jensen/benchmark/jmh_generated/VThreadChurnBenchmark_churn_jmhTest.churn_avgt_jmhStub;uk/ac/ncl/jensen/benchmark/VThreadChurnBenchmark.churn;java/lang/ThreadBuilders$VirtualThreadBuilder.start;java/lang/VirtualThread.start;java/lang/VirtualThread.start;jdk/internal/vm/ThreadContainers$RootContainer$TrackingRootContainer.onStart;java/util/concurrent/ConcurrentHashMap$KeySetView.add;java/util/concurrent/ConcurrentHashMap.putVal;java/util/concurrent/ConcurrentHashMap.casTabAt 7
java/lang/Thread.run;java/lang/Thread.runWith;java/util/concurrent/ThreadPoolExecutor$Worker.run;java/util/concurrent/ThreadPoolExecutor.runWorker;java/util/concurrent/FutureTask.run;java/util/concurrent/Executors$RunnableAdapter.call;java/util/concurrent/FutureTask.run;org/openjdk/jmh/runner/BenchmarkHandler$BenchmarkTask.call;org/openjdk/jmh/runner/BenchmarkHandler$BenchmarkTask.call;java/lang/reflect/Method.invoke;jdk/internal/reflect/DirectMethodHandleAccessor.invoke;jdk/internal/reflect/DirectMethodHandleAccessor.invokeImpl;java/lang/invoke/LambdaForm$MH.0x00007aba2402e800.invokeExact_MT;java/lang/invoke/LambdaForm$MH.0x00007aba2402e400.invoke;java/lang/invoke/DirectMethodHandle$Holder.invokeSpecial;uk/ac/ncl/jensen/benchmark/jmh_generated/VThreadChurnBenchmark_churn_jmhTest.churn_AverageTime;uk/ac/ncl/jensen/benchmark/jmh_generated/VThreadChurnBenchmark_churn_jmhTest.churn_avgt_jmhStub;uk/ac/ncl/jensen/benchmark/VThreadChurnBenchmark.churn;java/lang/Thread.join;java/lang/Thread.join;java/lang/VirtualThread.joinNanos;java/util/concurrent/CountDownLatch.await;java/util/concurrent/locks/AbstractQueuedSynchronizer.acquireSharedInterruptibly;java/util/concurrent/locks/AbstractQueuedSynchronizer.acquire;java/util/concurrent/locks/LockSupport.park;jdk/internal/misc/Unsafe.park;Unsafe_Park;java_lang_Thread::set_thread_status;AccessInternal::PostRuntimeDispatch<G1BarrierSet::AccessBarrier<286822ul, G1BarrierSet>, (AccessInternal::BarrierType)3, 286822ul>::oop_access_barrier 1
java/util/concurrent/ForkJoinWorkerThread.run;java/util/concurrent/ForkJoinPool.runWorker;java/util/concurrent/ForkJoinPool.scan;java/util/concurrent/ForkJoinPool$WorkQueue.topLevelExec;java/util/concurrent/ForkJoinTask.doExec;java/util/concurrent/ForkJoinTask$RunnableExecuteAction.exec;java/lang/VirtualThread$$Lambda.0x00007aba24039c78.run;java/lang/VirtualThread.runContinuation;jdk/internal/vm/Continuation.run;jdk/internal/vm/Continuation.enterSpecial;jdk/internal/vm/Continuation.enter;jdk/internal/vm/Continuation.enter0;java/lang/VirtualThread$VThreadContinuation$1.run;java/lang/VirtualThread.run;_notify_jvmti_vthread_start;SharedRuntime::notify_jvmti_vthread_start;JvmtiVTMSTransitionDisabler::VTMS_vthread_start;__pthread_mutex_unlock;/usr/lib/x86_64-linux-gnu/libc.so.6;entry_SYSCALL_64_after_hwframe_[k];do_syscall_64_[k];x64_sys_call_[k];__x64_sys_futex_[k];do_futex_[k];futex_wake_[k] 34
java/util/concurrent/ForkJoinWorkerThread.run;java/util/concurrent/ForkJoinPool.runWorker;java/util/concurrent/ForkJoinPool.scan;java/util/concurrent/ForkJoinPool$WorkQueue.topLevelExec;java/util/concurrent/ForkJoinPool$WorkQueue.tryPoll 3
java/util/concurrent/ForkJoinWorkerThread.run;java/util/concurrent/ForkJoinPool.runWorker;java/util/concurrent/ForkJoinPool.scan;java/util/concurrent/ForkJoinPool$WorkQueue.topLevelExec;java/util/concurrent/ForkJoinTask.doExec;java/util/concurrent/ForkJoinTask$RunnableExecuteAction.exec;java/lang/VirtualThread$$Lambda.0x00007aba24039c78.run;java/lang/VirtualThread.runContinuation;jdk/internal/vm/Continuation.run;jdk/internal/vm/Continuation.enterSpecial;jdk/internal/vm/Continuation.enter;jdk/internal/vm/Continuation.enter0;java/lang/VirtualThread$VThreadContinuation$1.run;java/lang/VirtualThread.run;_notify_jvmti_vthread_start;SharedRuntime::notify_jvmti_vthread_start;JvmtiVTMSTransitionDisabler::VTMS_vthread_start;JvmtiVTMSTransitionDisabler::VTMS_mount_end;Mutex::lock;pthread_mutex_lock;/usr/lib/x86_64-linux-gnu/libc.so.6;entry_SYSCALL_64_after_hwframe_[k];do_syscall_64_[k];x64_sys_call_[k];__x64_sys_futex_[k];do_futex_[k];futex_wait_[k];__futex_wait_[k];futex_wait_setup_[k];futex_hash_[k] 3
java/util/concurrent/ForkJoinWorkerThread.run;java/util/concurrent/ForkJoinPool.runWorker;java/util/concurrent/ForkJoinPool.scan;java/util/concurrent/ForkJoinPool$WorkQueue.topLevelExec;java/util/concurrent/ForkJoinTask.doExec;java/util/concurrent/ForkJoinTask$RunnableExecuteAction.exec;java/lang/VirtualThread$$Lambda.0x00007aba24039c78.run;java/lang/VirtualThread.runContinuation;jdk/internal/vm/Continuation.run;jdk/internal/vm/Continuation.enterSpecial;jdk/internal/vm/Continuation.enter;jdk/internal/vm/Continuation.enter0;java/lang/VirtualThread$VThreadContinuation$1.run;java/lang/VirtualThread.run;_notify_jvmti_vthread_start;SharedRuntime::notify_jvmti_vthread_start;JvmtiVTMSTransitionDisabler::VTMS_vthread_start;JvmtiEventController::thread_started;AllocateHeap;os::malloc 1
java/util/concurrent/ForkJoinWorkerThread.run;java/util/concurrent/ForkJoinPool.runWorker;java/util/concurrent/ForkJoinPool.scan;java/util/concurrent/ForkJoinPool$WorkQueue.topLevelExec;java/util/concurrent/ForkJoinTask.doExec;java/util/concurrent/ForkJoinTask$RunnableExecuteAction.exec;java/lang/VirtualThread$$Lambda.0x00007aba24039c78.run;java/lang/VirtualThread.runContinuation;jdk/internal/vm/Continuation.run;jdk/internal/vm/Continuation.enterSpecial;jdk/internal/vm/Continuation.enter;jdk/internal/vm/Continuation.enter0;java/lang/VirtualThread$VThreadContinuation$1.run;java/lang/VirtualThread.run;_notify_jvmti_vthread_start;SharedRuntime::notify_jvmti_vthread_start;JvmtiVTMSTransitionDisabler::VTMS_vthread_start;JvmtiVTMSTransitionDisabler::VTMS_mount_end;Mutex::lock;pthread_mutex_lock;/usr/lib/x86_64-linux-gnu/libc.so.6;entry_SYSCALL_64_after_hwframe_[k];do_syscall_64_[k] 2
java/util/concurrent/ForkJoinWorkerThread.run;java/util/concurrent/ForkJoinPool.runWorker;java/util/concurrent/ForkJoinPool.scan;java/util/concurrent/ForkJoinPool$WorkQueue.topLevelExec;java/util/concurrent/ForkJoinTask.doExec;java/util/concurrent/ForkJoinTask$RunnableExecuteAction.exec;java/lang/VirtualThread$$Lambda.0x00007aba24039c78.run;java/lang/VirtualThread.runContinuation;jdk/internal/vm/Continuation.run;jdk/internal/vm/Continuation.enterSpecial;jdk/internal/vm/Continuation.enter;jdk/internal/vm/Continuation.enter0;java/lang/VirtualThread$VThreadContinuation$1.run;java/lang/VirtualThread.run;_notify_jvmti_vthread_start;SharedRuntime::notify_jvmti_vthread_start;JvmtiVTMSTransitionDisabler::VTMS_vthread_start;JvmtiVTMSTransitionDisabler::VTMS_mount_end;Mutex::lock;__tls_get_addr 2
java/util/concurrent/ForkJoinWorkerThread.run;java/util/concurrent/ForkJoinPool.runWorker;java/util/concurrent/ForkJoinPool.scan;java/util/concurrent/ForkJoinPool$WorkQueue.topLevelExec;java/util/concurrent/ForkJoinTask.doExec;java/util/concurrent/ForkJoinTask$RunnableExecuteAction.exec;java/lang/VirtualThread$$Lambda.0x00007aba24039c78.run;java/lang/VirtualThread.runContinuation;jdk/internal/vm/Continuation.run;jdk/internal/vm/Continuation.enterSpecial;jdk/internal/vm/Continuation.enter;jdk/internal/vm/Continuation.enter0;java/lang/VirtualThread$VThreadContinuation$1.run;java/lang/VirtualThread.run;_notify_jvmti_vthread_start;SharedRuntime::notify_jvmti_vthread_start;JvmtiVTMSTransitionDisabler::VTMS_vthread_start;JvmtiEventController::thread_started;oopDesc::address_field 1
java/lang/Thread.run;java/lang/Thread.runWith;java/util/concurrent/ThreadPoolExecutor$Worker.run;java/util/concurrent/ThreadPoolExecutor.runWorker;java/util/concurrent/FutureTask.run;java/util/concurrent/Executors$RunnableAdapter.call;java/util/concurrent/FutureTask.run;org/openjdk/jmh/runner/BenchmarkHandler$BenchmarkTask.call;org/openjdk/jmh/runner/BenchmarkHandler$BenchmarkTask.call;java/lang/reflect/Method.invoke;jdk/internal/reflect/DirectMethodHandleAccessor.invoke;jdk/internal/reflect/DirectMethodHandleAccessor.invokeImpl;java/lang/invoke/LambdaForm$MH.0x00007aba2402e800.invokeExact_MT;java/lang/invoke/LambdaForm$MH.0x00007aba2402e400.invoke;java/lang/invoke/DirectMethodHandle$Holder.invokeSpecial;uk/ac/ncl/jensen/benchmark/jmh_generated/VThreadChurnBenchmark_churn_jmhTest.churn_AverageTime;uk/ac/ncl/jensen/benchmark/jmh_generated/VThreadChurnBenchmark_churn_jmhTest.churn_avgt_jmhStub;uk/ac/ncl/jensen/benchmark/VThreadChurnBenchmark.churn;java/lang/Thread.join;java/lang/Thread.join;java/lang/VirtualThread.joinNanos;java/util/concurrent/CountDownLatch.await;java/util/concurrent/locks/AbstractQueuedSynchronizer.acquireSharedInterruptibly;java/util/concurrent/locks/AbstractQueuedSynchronizer.acquire;java/util/concurrent/locks/LockSupport.park;jdk/internal/misc/Unsafe.park;Unsafe_Park;Parker::park;pthread_cond_wait;/usr/lib/x86_64-linux-gnu/libc.so.6;entry_SYSCALL_64_after_hwframe_[k];do_syscall_64_[k];x64_sys_call_[k];__x64_sys_futex_[k];do_futex_[k];futex_wait_[k];__futex_wait_[k];futex_wait_setup_[k];futex_hash_[k] 1
java/lang/Thread.run;java/lang/Thread.runWith;java/util/concurrent/ThreadPoolExecutor$Worker.run;java/util/concurrent/ThreadPoolExecutor.runWorker;java/util/concurrent/FutureTask.run;java/util/concurrent/Executors$RunnableAdapter.call;java/util/concurrent/FutureTask.run;org/openjdk/jmh/runner/BenchmarkHandler$BenchmarkTask.call;org/openjdk/jmh/runner/BenchmarkHandler$BenchmarkTask.call;java/lang/reflect/Method.invoke;jdk/internal/reflect/DirectMethodHandleAccessor.invoke;jdk/internal/reflect/DirectMethodHandleAccessor.invokeImpl;java/lang/invoke/LambdaForm$MH.0x00007aba2402e800.invokeExact_MT;java/lang/invoke/LambdaForm$MH.0x00007aba2402e400.invoke;java/lang/invoke/DirectMethodHandle$Holder.invokeSpecial;uk/ac/ncl/jensen/benchmark/jmh_generated/VThreadChurnBenchmark_churn_jmhTest.churn_AverageTime;uk/ac/ncl/jensen/benchmark/jmh_generated/VThreadChurnBenchmark_churn_jmhTest.churn_avgt_jmhStub;uk/ac/ncl/jensen/benchmark/VThreadChurnBenchmark.churn;java/lang/ThreadBuilders$VirtualThreadBuilder.start;java/lang/ThreadBuilders$VirtualThreadBuilder.unstarted;java/lang/ThreadBuilders.newVirtualThread;asm_exc_page_fault_[k];exc_page_fault_[k];do_user_addr_fault_[k] 2
java/util/concurrent/ForkJoinWorkerThread.run;java/util/concurrent/ForkJoinPool.runWorker;java/util/concurrent/ForkJoinPool.scan;java/util/concurrent/ForkJoinPool$WorkQueue.topLevelExec;java/util/concurrent/ForkJoinTask.doExec;java/util/concurrent/ForkJoinTask$RunnableExecuteAction.exec;java/lang/VirtualThread$$Lambda.0x00007aba24039c78.run;java/lang/VirtualThread.runContinuation;jdk/internal/vm/Continuation.run;jdk/internal/vm/Continuation.enterSpecial;jdk/internal/vm/Continuation.enter;jdk/internal/vm/Continuation.enter0;java/lang/VirtualThread$VThreadContinuation$1.run;java/lang/VirtualThread.run;_notify_jvmti_vthread_end;SharedRuntime::notify_jvmti_vthread_end;JvmtiVTMSTransitionDisabler::VTMS_vthread_end;JvmtiExport::cleanup_thread;Mutex::lock;pthread_mutex_lock 4
java/util/concurrent/ForkJoinWorkerThread.run;java/util/concurrent/ForkJoinPool.runWorker;java/util/concurrent/ForkJoinPool.scan;java/util/concurrent/ForkJoinPool$WorkQueue.topLevelExec;java/util/concurrent/ForkJoinTask.doExec;java/util/concurrent/ForkJoinTask$RunnableExecuteAction.exec;java/lang/VirtualThread$$Lambda.0x00007aba24039c78.run;java/lang/VirtualThread.runContinuation;jdk/internal/vm/Continuation.run;jdk/internal/vm/Continuation.enterSpecial;jdk/internal/vm/Continuation.enter;jdk/internal/vm/Continuation.enter0;java/lang/VirtualThread$VThreadContinuation$1.run;java/lang/VirtualThread.run;_notify_jvmti_vthread_end;SharedRuntime::notify_jvmti_vthread_end;JvmtiVTMSTransitionDisabler::VTMS_vthread_end;__pthread_mutex_unlock;/usr/lib/x86_64-linux-gnu/libc.so.6;entry_SYSCALL_64_after_hwframe_[k];do_syscall_64_[k];x64_sys_call_[k];__x64_sys_futex_[k];do_futex_[k];futex_hash_put_[k] 21
java/lang/Thread.run;java/lang/Thread.runWith;java/util/concurrent/ThreadPoolExecutor$Worker.run;java/util/concurrent/ThreadPoolExecutor.runWorker;java/util/concurrent/FutureTask.run;java/util/concurrent/Executors$RunnableAdapter.call;java/util/concurrent/FutureTask.run;org/openjdk/jmh/runner/BenchmarkHandler$BenchmarkTask.call;org/openjdk/jmh/runner/BenchmarkHandler$BenchmarkTask.call;java/lang/reflect/Method.invoke;jdk/internal/reflect/DirectMethodHandleAccessor.invoke;jdk/internal/reflect/DirectMethodHandleAccessor.invokeImpl;java/lang/invoke/LambdaForm$MH.0x00007aba2402e800.invokeExact_MT;java/lang/invoke/LambdaForm$MH.0x00007aba2402e400.invoke;java/lang/invoke/DirectMethodHandle$Holder.invokeSpecial;uk/ac/ncl/jensen/benchmark/jmh_generated/VThreadChurnBenchmark_churn_jmhTest.churn_AverageTime;uk/ac/ncl/jensen/benchmark/jmh_generated/VThreadChurnBenchmark_churn_jmhTest.churn_avgt_jmhStub;uk/ac/ncl/jensen/benchmark/VThreadChurnBenchmark.churn;java/lang/ThreadBuilders$VirtualThreadBuilder.start;java/lang/VirtualThread.start;java/lang/VirtualThread.start;jdk/internal/misc/Unsafe.allocateMemory;jdk/internal/misc/Unsafe.allocateMemory0;Unsafe_AllocateMemory0;JavaFrameAnchor::make_walkable 1
java/util/concurrent/ForkJoinWorkerThread.run;java/util/concurrent/ForkJoinPool.runWorker;java/util/concurrent/ForkJoinPool.scan;java/util/concurrent/ForkJoinPool$WorkQueue.topLevelExec;java/util/concurrent/ForkJoinTask.doExec;java/util/concurrent/ForkJoinTask$RunnableExecuteAction.exec;java/lang/VirtualThread$$Lambda.0x00007aba24039c78.run;java/lang/VirtualThread.runContinuation;jdk/internal/vm/Continuation.run;jdk/internal/vm/Continuation.enterSpecial;jdk/internal/vm/Continuation.enter;jdk/internal/vm/Continuation.enter0;java/lang/VirtualThread$VThreadContinuation$1.run;java/lang/VirtualThread.run;_notify_jvmti_vthread_end;SharedRuntime::notify_jvmti_vthread_end;JvmtiVTMSTransitionDisabler::VTMS_vthread_end;JvmtiExport::cleanup_thread;Mutex::lock;pthread_mutex_lock;/usr/lib/x86_64-linux-gnu/libc.so.6;entry_SYSCALL_64_after_hwframe_[k];do_syscall_64_[k];x64_sys_call_[k];__x64_sys_futex_[k];do_futex_[k];futex_wait_[k];__futex_wait_[k];futex_do_wait_[k];schedule_[k] 1
java/util/concurrent/ForkJoinWorkerThread.run;java/util/concurrent/ForkJoinPool.runWorker 1
java/util/concurrent/ForkJoinWorkerThread.run;java/util/concurrent/ForkJoinPool.runWorker;java/util/concurrent/ForkJoinPool.scan;java/util/concurrent/ForkJoinPool$WorkQueue.topLevelExec;java/util/concurrent/ForkJoinTask.doExec;java/util/concurrent/ForkJoinTask$RunnableExecuteAction.exec;java/lang/VirtualThread$$Lambda.0x00007aba24039c78.run;java/lang/VirtualThread.runContinuation;jdk/internal/vm/Continuation.run;jdk/internal/vm/Continuation.enterSpecial;jdk/internal/vm/Continuation.enter;jdk/internal/vm/Continuation.enter0;java/lang/VirtualThread$VThreadContinuation$1.run;java/lang/VirtualThread.run;_notify_jvmti_vthread_end;SharedRuntime::notify_jvmti_vthread_end;JvmtiVTMSTransitionDisabler::VTMS_vthread_end;JvmtiExport::cleanup_thread;Mutex::lock;pthread_mutex_lock;/usr/lib/x86_64-linux-gnu/libc.so.6;entry_SYSCALL_64_after_hwframe_[k];do_syscall_64_[k];x64_sys_call_[k];__x64_sys_futex_[k];do_futex_[k];futex_wait_[k];__futex_wait_[k];futex_wait_setup_[k] 44
java/util/concurrent/ForkJoinWorkerThread.run;java/util/concurrent/ForkJoinPool.runWorker;java/util/concurrent/ForkJoinPool.scan;java/util/concurrent/ForkJoinPool$WorkQueue.topLevelExec;java/util/concurrent/ForkJoinTask.doExec;java/util/concurrent/ForkJoinTask$RunnableExecuteAction.exec;java/lang/VirtualThread$$Lambda.0x00007aba24039c78.run;java/lang/VirtualThread.runContinuation;jdk/internal/vm/Continuation.run;jdk/internal/vm/Continuation.enterSpecial;jdk/internal/vm/Continuation.enter;jdk/internal/vm/Continuation.enter0;java/lang/VirtualThread$VThreadContinuation$1.run;java/lang/VirtualThread.run;_notify_jvmti_vthread_start;SharedRuntime::notify_jvmti_vthread_start;JvmtiVTMSTransitionDisabler::VTMS_vthread_start;JvmtiVTMSTransitionDisabler::VTMS_mount_end;Mutex::lock;pthread_mutex_lock;/usr/lib/x86_64-linux-gnu/libc.so.6;entry_SYSCALL_64_after_hwframe_[k];do_syscall_64_[k];x64_sys_call_[k];__x64_sys_futex_[k];do_futex_[k];futex_wait_[k];__futex_wait_[k];futex_wait_setup_[k];_raw_spin_lock_[k] 1
java/util/concurrent/ForkJoinWorkerThread.run;java/util/concurrent/ForkJoinPool.runWorker;java/util/concurrent/ForkJoinPool.scan;java/util/concurrent/ForkJoinPool$WorkQueue.topLevelExec;java/util/concurrent/ForkJoinTask.doExec;java/util/concurrent/ForkJoinTask$RunnableExecuteAction.exec;java/lang/VirtualThread$$Lambda.0x00007aba24039c78.run;java/lang/VirtualThread.runContinuation;jdk/internal/vm/Continuation.run;jdk/internal/vm/Continuation.enterSpecial;jdk/internal/vm/Continuation.enter;jdk/internal/vm/Continuation.enter0;java/lang/VirtualThread$VThreadContinuation$1.run;java/lang/VirtualThread.run;_notify_jvmti_vthread_start;SharedRuntime::notify_jvmti_vthread_start;JvmtiVTMSTransitionDisabler::VTMS_vthread_start;JvmtiEventController::thread_started;Mutex::lock;pthread_mutex_lock;/usr/lib/x86_64-linux-gnu/libc.so.6;entry_SYSCALL_64_after_hwframe_[k];do_syscall_64_[k];x64_sys_call_[k];__x64_sys_futex_[k];do_futex_[k];futex_wait_[k];__futex_wait_[k];futex_wait_setup_[k];futex_q_lock_[k] 8
java/util/concurrent/ForkJoinWorkerThread.run;java/util/concurrent/ForkJoinPool.runWorker;java/util/concurrent/ForkJoinPool.scan;java/util/concurrent/ForkJoinPool.signalWork;java/util/concurrent/locks/LockSupport.unpark;jdk/internal/misc/Unsafe.unpark;Unsafe_Unpark;pthread_cond_signal;entry_SYSCALL_64_after_hwframe_[k];do_syscall_64_[k];x64_sys_call_[k];__x64_sys_futex_[k];do_futex_[k];futex_wake_[k];futex_wake_mark_[k] 4
java/util/concurrent/ForkJoinWorkerThread.run;java/util/concurrent/ForkJoinPool.runWorker;java/util/concurrent/ForkJoinPool.scan;java/util/concurrent/ForkJoinPool$WorkQueue.topLevelExec;java/util/concurrent/ForkJoinTask.doExec;java/util/concurrent/ForkJoinTask$RunnableExecuteAction.exec;java/lang/VirtualThread$$Lambda.0x00007aba24039c78.run;java/lang/VirtualThread.runContinuation;jdk/internal/vm/Continuation.run;jdk/internal/vm/Continuation.enterSpecial;jdk/internal/vm/Continuation.enter;jdk/internal/vm/Continuation.enter0;java/lang/VirtualThread$VThreadContinuation$1.run;java/lang/VirtualThread.run;_notify_jvmti_vthread_end;SharedRuntime::notify_jvmti_vthread_end;JvmtiVTMSTransitionDisabler::VTMS_vthread_end;JvmtiVTMSTransitionDisabler::start_VTMS_transition;java_lang_Thread::set_is_in_VTMS_transition 3
java/util/concurrent/ForkJoinWorkerThread.run;java/util/concurrent/ForkJoinPool.runWorker;java/util/concurrent/ForkJoinPool.scan;java/util/concurrent/ForkJoinPool$WorkQueue.topLevelExec;java/util/concurrent/ForkJoinTask.doExec;java/util/concurrent/ForkJoinTask$RunnableExecuteAction.exec;java/lang/VirtualThread$$Lambda.0x00007aba24039c78.run;java/lang/VirtualThread.runContinuation;jdk/internal/vm/Continuation.run;jdk/internal/vm/Continuation.enterSpecial;jdk/internal/vm/Continuation.enter;jdk/internal/vm/Continuation.enter0;java/lang/VirtualThread$VThreadContinuation$1.run;java/lang/VirtualThread.run;_notify_jvmti_vthread_end 1
java/util/concurrent/ForkJoinWorkerThread.run;java/util/concurrent/ForkJoinPool.runWorker;java/util/concurrent/ForkJoinPool.scan;java/util/concurrent/ForkJoinPool$WorkQueue.topLevelExec;java/util/concurrent/ForkJoinTask.doExec;java/util/concurrent/ForkJoinTask$RunnableExecuteAction.exec;java/lang/VirtualThread$$Lambda.0x00007aba24039c78.run;java/lang/VirtualThread.runContinuation;java/lang/VirtualThread.unmount;_notify_jvmti_vthread_unmount;SharedRuntime::notify_jvmti_vthread_unmount;JNIHandles::make_local 4
java/util/concurrent/ForkJoinWorkerThread.run;java/util/concurrent/ForkJoinPool.runWorker;java/util/concurrent/ForkJoinPool.scan;java/util/concurrent/ForkJoinPool$WorkQueue.topLevelExec;java/util/concurrent/ForkJoinTask.doExec;java/util/concurrent/ForkJoinTask$RunnableExecuteAction.exec;java/lang/VirtualThread$$Lambda.0x00007aba24039c78.run;java/lang/VirtualThread.runContinuation;jdk/internal/vm/Continuation.run;jdk/internal/vm/Continuation.enterSpecial;jdk/internal/vm/Continuation.enter;jdk/internal/vm/Continuation.enter0;java/lang/VirtualThread$VThreadContinuation$1.run;java/lang/VirtualThread.run;_notify_jvmti_vthread_end;SharedRuntime::notify_jvmti_vthread_end;JvmtiVTMSTransitionDisabler::VTMS_vthread_end;__pthread_mutex_unlock;/usr/lib/x86_64-linux-gnu/libc.so.6;entry_SYSCALL_64_after_hwframe_[k];do_syscall_64_[k];x64_sys_call_[k];__x64_sys_futex_[k];do_futex_[k];futex_hash_put_[k] 1
java/util/concurrent/ForkJoinWorkerThread.run;java/util/concurrent/ForkJoinPool.runWorker;java/util/concurrent/ForkJoinPool.scan;java/util/concurrent/ForkJoinPool$WorkQueue.topLevelExec;java/util/concurrent/ForkJoinTask.doExec;java/util/concurrent/ForkJoinTask$RunnableExecuteAction.exec;java/lang/VirtualThread$$Lambda.0x00007aba24039c78.run;java/lang/VirtualThread.runContinuation;jdk/internal/vm/Continuation.run;jdk/internal/vm/Continuation.enterSpecial;jdk/internal/vm/Continuation.enter;jdk/internal/vm/Continuation.enter0;java/lang/VirtualThread$VThreadContinuation$1.run;java/lang/VirtualThread.run;_notify_jvmti_vthread_end;SharedRuntime::notify_jvmti_vthread_end;JvmtiVTMSTransitionDisabler::VTMS_vthread_end;__pthread_mutex_unlock;/usr/lib/x86_64-linux-gnu/libc.so.6;entry_SYSCALL_64_after_hwframe_[k];do_syscall_64_[k];x64_sys_call_[k];__x64_sys_futex_[k];do_futex_[k];futex_hash_put_[k] 5
java/util/concurrent/ForkJoinWorkerThread.run;java/util/concurrent/ForkJoinPool.runWorker;java/util/concurrent/ForkJoinPool.scan;java/util/concurrent/ForkJoinPool$WorkQueue.topLevelExec;java/util/concurrent/ForkJoinTask.doExec;java/util/concurrent/ForkJoinTask$RunnableExecuteAction.exec;java/lang/VirtualThread$$Lambda.0x00007aba24039c78.run;java/lang/VirtualThread.runContinuation;jdk/internal/vm/Continuation.run;jdk/internal/vm/Continuation.enterSpecial;jdk/internal/vm/Continuation.enter;jdk/internal/vm/Continuation.enter0;java/lang/VirtualThread$VThreadContinuation$1.run;java/lang/VirtualThread.run;_notify_jvmti_vthread_end;SharedRuntime::notify_jvmti_vthread_end;JvmtiVTMSTransitionDisabler::VTMS_vthread_end;JvmtiExport::cleanup_thread;JvmtiEventController::thread_ended;JvmtiThreadState::~JvmtiThreadState;_SafeFetchN_fault 5
java/util/concurrent/ForkJoinWorkerThread.run;java/util/concurrent/ForkJoinPool.runWorker;java/util/concurrent/ForkJoinPool.scan;java/util/concurrent/ForkJoinPool$WorkQueue.topLevelExec;java/util/concurrent/ForkJoinTask.doExec;java/util/concurrent/ForkJoinTask$RunnableExecuteAction.exec;java/lang/VirtualThread$$Lambda.0x00007aba24039c78.run;java/lang/VirtualThread.runContinuation;jdk/internal/vm/Continuation.run;jdk/internal/vm/Continuation.enterSpecial;jdk/internal/vm/Continuation.enter;jdk/internal/vm/Continuation.enter0;java/lang/VirtualThread$VThreadContinuation$1.run;java/lang/VirtualThread.run;_notify_jvmti_vthread_start;SharedRuntime::notify_jvmti_vthread_start;JvmtiVTMSTransitionDisabler::VTMS_vthread_start;JvmtiEventController::thread_started;Mutex::lock;pthread_mutex_lock;/usr/lib/x86_64-linux-gnu/libc.so.6;entry_SYSCALL_64_after_hwframe_[k];do_syscall_64_[k];x64_sys_call_[k];__x64_sys_futex_[k];do_futex_[k];futex_wait_[k];__futex_wait_[k];futex_wait_setup_[k];futex_q_lock_[k] 41
java/util/concurrent/ForkJoinWorkerThread.run;java/util/concurrent/ForkJoinPool.runWorker;java/util/concurrent/ForkJoinPool.scan;java/util/concurrent/ForkJoinPool$WorkQueue.topLevelExec;java/util/concurrent/ForkJoinTask.doExec;java/util/concurrent/ForkJoinTask$RunnableExecuteAction.exec;java/lang/VirtualThread$$Lambda.0x00007aba24039c78.run;java/lang/VirtualThread.runContinuation;jdk/internal/vm/Continuation.run;jdk/internal/vm/Continuation.enterSpecial;jdk/internal/vm/Continuation.enter;jdk/internal/vm/Continuation.enter0;java/lang/VirtualThread$VThreadContinuation$1.run;java/lang/VirtualThread.run;_notify_jvmti_vthread_start;SharedRuntime::notify_jvmti_vthread_start;JvmtiVTMSTransitionDisabler::VTMS_vthread_start;__pthread_mutex_unlock;/usr/lib/x86_64-linux-gnu/libc.so.6;entry_SYSCALL_64_after_hwframe_[k];do_syscall_64_[k];x64_sys_call_[k];__x64_sys_futex_[k];do_futex_[k];get_futex_key_[k] 1
java/util/concurrent/ForkJoinWorkerThread.run;java/util/concurrent/ForkJoinPool.runWorker;java/util/concurrent/ForkJoinPool.scan;java/util/concurrent/ForkJoinPool$WorkQueue.topLevelExec;java/util/concurrent/ForkJoinPool$WorkQueue.tryPoll;java/util/concurrent/ForkJoinPool$WorkQueue.casSlotToNull 8
java/util/concurrent/ForkJoinWorkerThread.run;java/util/concurrent/ForkJoinPool.runWorker;java/util/concurrent/ForkJoinPool.scan;java/util/concurrent/ForkJoinPool.signalWork;java/util/concurrent/locks/LockSupport.unpark;jdk/internal/misc/Unsafe.unpark;Unsafe_Unpark;pthread_cond_signal;entry_SYSCALL_64_after_hwframe_[k];do_syscall_64_[k];x64_sys_call_[k];__x64_sys_futex_[k];do_futex_[k];futex_wake_[k];__futex_unqueue_[k] 1
java/util/concurrent/ForkJoinWorkerThread.run;java/util/concurrent/ForkJoinPool.runWorker;java/util/concurrent/ForkJoinPool.scan;jdk/internal/misc/Unsafe.loadFence 278
java/util/concurrent/ForkJoinWorkerThread.run;java/util/concurrent/ForkJoinPool.runWorker;java/util/concurrent/ForkJoinPool.scan;java/util/concurrent/ForkJoinPool$WorkQueue.topLevelExec;java/util/concurrent/ForkJoinTask.doExec;java/util/concurrent/ForkJoinTask$RunnableExecuteAction.exec;java/lang/VirtualThread$$Lambda.0x00007aba24039c78.run;java/lang/VirtualThread.runContinuation;jdk/internal/vm/Continuation.run;jdk/internal/vm/Continuation.enterSpecial;jdk/internal/vm/Continuation.enter;jdk/internal/vm/Continuation.enter0;java/lang/VirtualThread$VThreadContinuation$1.run;java/lang/VirtualThread.run;_notify_jvmti_vthread_start;SharedRuntime::notify_jvmti_vthread_start;JvmtiVTMSTransitionDisabler::VTMS_vthread_start;JvmtiVTMSTransitionDisabler::finish_VTMS_transition;__tls_get_addr 1
java/util/concurrent/ForkJoinWorkerThread.run;java/util/concurrent/ForkJoinPool.runWorker;java/util/concurrent/ForkJoinPool.awaitWork;java/util/concurrent/locks/LockSupport.park;jdk/internal/misc/Unsafe.park;Unsafe_Park;Parker::park;pthread_cond_wait;/usr/lib/x86_64-linux-gnu/libc.so.6;entry_SYSCALL_64_after_hwframe_[k];do_syscall_64_[k];x64_sys_call_[k];__x64_sys_futex_[k];do_futex_[k];futex_wait_[k];__futex_wait_[k];futex_do_wait_[k];schedule_[k];__schedule_[k] 1
java/util/concurrent/ForkJoinWorkerThread.run;java/util/concurrent/ForkJoinPool.runWorker;java/util/concurrent/ForkJoinPool.scan;java/util/concurrent/ForkJoinPool$WorkQueue.topLevelExec;java/util/concurrent/ForkJoinTask.doExec;java/util/concurrent/ForkJoinTask$RunnableExecuteAction.exec;java/lang/VirtualThread$$Lambda.0x00007aba24039c78.run;java/lang/VirtualThread.runContinuation;java/lang/VirtualThread.unmount;_notify_jvmti_vthread_unmount;SharedRuntime::notify_jvmti_vthread_unmount;JvmtiVTMSTransitionDisabler::VTMS_vthread_unmount 1
java/util/concurrent/ForkJoinWorkerThread.run;java/util/concurrent/ForkJoinPool.runWorker;java/util/concurrent/ForkJoinPool.scan;java/util/concurrent/ForkJoinPool$WorkQueue.topLevelExec;java/util/concurrent/ForkJoinTask.doExec;java/util/concurrent/ForkJoinTask$RunnableExecuteAction.exec;java/lang/VirtualThread$$Lambda.0x00007aba24039c78.run;java/lang/VirtualThread.runContinuation;jdk/internal/vm/Continuation.run;jdk/internal/vm/Continuation.enterSpecial;jdk/internal/vm/Continuation.enter;jdk/internal/vm/Continuation.enter0;java/lang/VirtualThread$VThreadContinuation$1.run;java/lang/VirtualThread.run;_notify_jvmti_vthread_start;SharedRuntime::notify_jvmti_vthread_start;JvmtiVTMSTransitionDisabler::VTMS_vthread_start 4
java/util/concurrent/ForkJoinWorkerThread.run;java/util/concurrent/ForkJoinPool.runWorker;java/util/concurrent/ForkJoinPool.scan;java/util/concurrent/ForkJoinPool$WorkQueue.topLevelExec;java/util/concurrent/ForkJoinTask.doExec;java/util/concurrent/ForkJoinTask$RunnableExecuteAction.exec;java/lang/VirtualThread$$Lambda.0x00007aba24039c78.run;java/lang/VirtualThread.runContinuation;jdk/internal/vm/Continuation.run;jdk/internal/vm/Continuation.enterSpecial;jdk/internal/vm/Continuation.enter;jdk/internal/vm/Continuation.enter0;java/lang/VirtualThread$VThreadContinuation$1.run;java/lang/VirtualThread.run;_notify_jvmti_vthread_start;SharedRuntime::notify_jvmti_vthread_start;JvmtiVTMSTransitionDisabler::VTMS_vthread_start;JvmtiEventController::thread_started;Mutex::lock;pthread_mutex_lock;/usr/lib/x86_64-linux-gnu/libc.so.6;entry_SYSCALL_64_after_hwframe_[k];do_syscall_64_[k];x64_sys_call_[k];__x64_sys_futex_[k];do_futex_[k];futex_wait_[k];__futex_wait_[k];futex_wait_setup_[k];__futex_queue_[k] 1
java/util/concurrent/ForkJoinWorkerThread.run;java/util/concurrent/ForkJoinPool.runWorker;java/util/concurrent/ForkJoinPool.awaitWork 3
java/util/concurrent/ForkJoinWorkerThread.run;java/util/concurrent/ForkJoinPool.runWorker;java/util/concurrent/ForkJoinPool.scan;java/util/concurrent/ForkJoinPool$WorkQueue.topLevelExec;java/util/concurrent/ForkJoinTask.doExec;java/util/concurrent/ForkJoinTask$RunnableExecuteAction.exec;java/lang/VirtualThread$$Lambda.0x00007aba24039c78.run;java/lang/VirtualThread.runContinuation;jdk/internal/vm/Continuation.run;jdk/internal/vm/Continuation.enterSpecial;jdk/internal/vm/Continuation.enter;jdk/internal/vm/Continuation.enter0;java/lang/VirtualThread$VThreadContinuation$1.run;java/lang/VirtualThread.run;_notify_jvmti_vthread_start;SharedRuntime::notify_jvmti_vthread_start;JvmtiVTMSTransitionDisabler::VTMS_vthread_start;JvmtiEventController::thread_started;Mutex::lock;pthread_mutex_lock;/usr/lib/x86_64-linux-gnu/libc.so.6;entry_SYSCALL_64_after_hwframe_[k];do_syscall_64_[k];x64_sys_call_[k];__x64_sys_futex_[k];do_futex_[k];futex_wait_[k];__futex_wait_[k];futex_hash_put_[k] 1
java/lang/Thread.run;java/lang/Thread.runWith;java/util/concurrent/ThreadPoolExecutor$Worker.run;java/util/concurrent/ThreadPoolExecutor.runWorker;java/util/concurrent/FutureTask.run;java/util/concurrent/Executors$RunnableAdapter.call;java/util/concurrent/FutureTask.run;org/openjdk/jmh/runner/BenchmarkHandler$BenchmarkTask.call;org/openjdk/jmh/runner/BenchmarkHandler$BenchmarkTask.call;java/lang/reflect/Method.invoke;jdk/internal/reflect/DirectMethodHandleAccessor.invoke;jdk/internal/reflect/DirectMethodHandleAccessor.invokeImpl;java/lang/invoke/LambdaForm$MH.0x00007aba2402e800.invokeExact_MT;java/lang/invoke/LambdaForm$MH.0x00007aba2402e400.invoke;java/lang/invoke/DirectMethodHandle$Holder.invokeSpecial;uk/ac/ncl/jensen/benchmark/jmh_generated/VThreadChurnBenchmark_churn_jmhTest.churn_AverageTime;uk/ac/ncl/jensen/benchmark/jmh_generated/VThreadChurnBenchmark_churn_jmhTest.churn_avgt_jmhStub;uk/ac/ncl/jensen/benchmark/VThreadChurnBenchmark.churn;java/lang/ThreadBuilders$VirtualThreadBuilder.start;java/lang/VirtualThread.start;java/lang/VirtualThread.start;java/lang/VirtualThread.submitRunContinuation;java/util/concurrent/ForkJoinPool.execute;java/util/concurrent/ForkJoinPool.poolSubmit;java/util/concurrent/ForkJoinPool$WorkQueue.push;java/util/concurrent/ForkJoinPool.signalWork;java/util/concurrent/locks/LockSupport.unpark;jdk/internal/misc/Unsafe.unpark;Unsafe_Unpark;pthread_cond_signal;entry_SYSCALL_64_after_hwframe_[k];do_syscall_64_[k];x64_sys_call_[k];__x64_sys_futex_[k];do_futex_[k];futex_wake_[k];wake_up_q_[k];try_to_wake_up_[k];_raw_spin_unlock_irqrestore_[k] 1
java/lang/Thread.run;java/lang/Thread.runWith;java/util/concurrent/ThreadPoolExecutor$Worker.run;java/util/concurrent/ThreadPoolExecutor.runWorker;java/util/concurrent/FutureTask.run;java/util/concurrent/Executors$RunnableAdapter.call;java/util/concurrent/FutureTask.run;org/openjdk/jmh/runner/BenchmarkHandler$BenchmarkTask.call;org/openjdk/jmh/runner/BenchmarkHandler$BenchmarkTask.call;java/lang/reflect/Method.invoke;jdk/internal/reflect/DirectMethodHandleAccessor.invoke;jdk/internal/reflect/DirectMethodHandleAccessor.invokeImpl;java/lang/invoke/LambdaForm$MH.0x00007aba2402e800.invokeExact_MT;java/lang/invoke/LambdaForm$MH.0x00007aba2402e400.invoke;java/lang/invoke/DirectMethodHandle$Holder.invokeSpecial;uk/ac/ncl/jensen/benchmark/jmh_generated/VThreadChurnBenchmark_churn_jmhTest.churn_AverageTime;uk/ac/ncl/jensen/benchmark/jmh_generated/VThreadChurnBenchmark_churn_jmhTest.churn_avgt_jmhStub;uk/ac/ncl/jensen/benchmark/VThreadChurnBenchmark.churn;java/lang/ThreadBuilders$VirtualThreadBuilder.start;java/lang/VirtualThread.start;java/lang/VirtualThread.start;jdk/internal/misc/Unsafe.setMemory;jdk/internal/misc/Unsafe.setMemory;jdk/internal/misc/Unsafe.setMemory0 18
java/lang/Thread.run;java/lang/Thread.runWith;java/util/concurrent/ThreadPoolExecutor$Worker.run;java/util/concurrent/ThreadPoolExecutor.runWorker;java/util/concurrent/FutureTask.run;java/util/concurrent/Executors$RunnableAdapter.call;java/util/concurrent/FutureTask.run;org/openjdk/jmh/runner/BenchmarkHandler$BenchmarkTask.call;org/openjdk/jmh/runner/BenchmarkHandler$BenchmarkTask.call;java/lang/reflect/Method.invoke;jdk/internal/reflect/DirectMethodHandleAccessor.invoke;jdk/internal/reflect/DirectMethodHandleAccessor.invokeImpl;java/lang/invoke/LambdaForm$MH.0x00007aba2402e800.invokeExact_MT;java/lang/invoke/LambdaForm$MH.0x00007aba2402e400.invoke;java/lang/invoke/DirectMethodHandle$Holder.invokeSpecial;uk/ac/ncl/jensen/benchmark/jmh_generated/VThreadChurnBenchmark_churn_jmhTest.churn_AverageTime;uk/ac/ncl/jensen/benchmark/jmh_generated/VThreadChurnBenchmark_churn_jmhTest.churn_avgt_jmhStub;uk/ac/ncl/jensen/benchmark/VThreadChurnBenchmark.churn 1
java/lang/Thread.run;java/lang/Thread.runWith;java/util/concurrent/ThreadPoolExecutor$Worker.run;java/util/concurrent/ThreadPoolExecutor.runWorker;java/util/concurrent/FutureTask.run;java/util/concurrent/Executors$RunnableAdapter.call;java/util/concurrent/FutureTask.run;org/openjdk/jmh/runner/BenchmarkHandler$BenchmarkTask.call;org/openjdk/jmh/runner/BenchmarkHandler$BenchmarkTask.call;java/lang/reflect/Method.invoke;jdk/internal/reflect/DirectMethodHandleAccessor.invoke;jdk/internal/reflect/DirectMethodHandleAccessor.invokeImpl;java/lang/invoke/LambdaForm$MH.0x00007aba2402e800.invokeExact_MT;java/lang/invoke/LambdaForm$MH.0x00007aba2402e400.invoke;java/lang/invoke/DirectMethodHandle$Holder.invokeSpecial;uk/ac/ncl/jensen/benchmark/jmh_generated/VThreadChurnBenchmark_churn_jmhTest.churn_AverageTime;uk/ac/ncl/jensen/benchmark/jmh_generated/VThreadChurnBenchmark_churn_jmhTest.churn_avgt_jmhStub;uk/ac/ncl/jensen/benchmark/VThreadChurnBenchmark.churn;java/lang/ThreadBuilders$VirtualThreadBuilder.start;java/lang/VirtualThread.start;java/lang/VirtualThread.start;jdk/internal/vm/ThreadContainers$RootContainer$TrackingRootContainer.onStart;java/util/concurrent/ConcurrentHashMap$KeySetView.add;java/util/concurrent/ConcurrentHashMap.putVal;asm_exc_page_fault_[k];exc_page_fault_[k];do_user_addr_fault_[k] 1
java/util/concurrent/ForkJoinWorkerThread.run;java/util/concurrent/ForkJoinPool.runWorker;java/util/concurrent/ForkJoinPool.scan;java/util/concurrent/ForkJoinPool$WorkQueue.topLevelExec;java/util/concurrent/ForkJoinTask.doExec;java/util/concurrent/ForkJoinTask$RunnableExecuteAction.exec;java/lang/VirtualThread$$Lambda.0x00007aba24039c78.run;java/lang/VirtualThread.runContinuation;jdk/internal/vm/Continuation.run;jdk/internal/vm/Continuation.enterSpecial;jdk/internal/vm/Continuation.enter;jdk/internal/vm/Continuation.enter0;java/lang/VirtualThread$VThreadContinuation$1.run;java/lang/VirtualThread.run;_notify_jvmti_vthread_start;SharedRuntime::notify_jvmti_vthread_start;JvmtiVTMSTransitionDisabler::VTMS_vthread_start;__pthread_mutex_unlock 2
java/util/concurrent/ForkJoinWorkerThread.run;java/util/concurrent/ForkJoinPool.runWorker;java/util/concurrent/ForkJoinPool.scan;java/util/concurrent/ForkJoinPool$WorkQueue.topLevelExec;java/util/concurrent/ForkJoinTask.doExec;java/util/concurrent/ForkJoinTask$RunnableExecuteAction.exec;java/lang/VirtualThread$$Lambda.0x00007aba24039c78.run;java/lang/VirtualThread.runContinuation;java/lang/VirtualThread.afterDone;java/lang/VirtualThread.afterDone;jdk/internal/vm/ThreadContainers$RootContainer$TrackingRootContainer.onExit;java/util/concurrent/ConcurrentHashMap$KeySetView.remove;java/util/concurrent/ConcurrentHashMap.remove;java/util/concurrent/ConcurrentHashMap.replaceNode;java/util/concurrent/ConcurrentHashMap.tabAt 3
java/lang/Thread.run;java/lang/Thread.runWith;java/util/concurrent/ThreadPoolExecutor$Worker.run;java/util/concurrent/ThreadPoolExecutor.runWorker;java/util/concurrent/FutureTask.run;java/util/concurrent/Executors$RunnableAdapter.call;java/util/concurrent/FutureTask.run;org/openjdk/jmh/runner/BenchmarkHandler$BenchmarkTask.call;org/openjdk/jmh/runner/BenchmarkHandler$BenchmarkTask.call;java/lang/reflect/Method.invoke;jdk/internal/reflect/DirectMethodHandleAccessor.invoke;jdk/internal/reflect/DirectMethodHandleAccessor.invokeImpl;java/lang/invoke/LambdaForm$MH.0x00007aba2402e800.invokeExact_MT;java/lang/invoke/LambdaForm$MH.0x00007aba2402e400.invoke;java/lang/invoke/DirectMethodHandle$Holder.invokeSpecial;uk/ac/ncl/jensen/benchmark/jmh_generated/VThreadChurnBenchmark_churn_jmhTest.churn_AverageTime;uk/ac/ncl/jensen/benchmark/jmh_generated/VThreadChurnBenchmark_churn_jmhTest.churn_avgt_jmhStub;uk/ac/ncl/jensen/benchmark/VThreadChurnBenchmark.churn;java/lang/ThreadBuilders$VirtualThreadBuilder.start;java/lang/VirtualThread.start;java/lang/VirtualThread.start;java/lang/VirtualThread.compareAndSetState 4
java/util/concurrent/ForkJoinWorkerThread.run;java/util/concurrent/ForkJoinPool.runWorker;java/util/concurrent/ForkJoinPool.scan;java/util/concurrent/ForkJoinPool$WorkQueue.topLevelExec;java/util/concurrent/ForkJoinTask.doExec;java/util/concurrent/ForkJoinTask$RunnableExecuteAction.exec;java/lang/VirtualThread$$Lambda.0x00007aba24039c78.run;java/lang/VirtualThread.runContinuation;jdk/internal/vm/Continuation.run;jdk/internal/vm/Continuation.enterSpecial;jdk/internal/vm/Continuation.enter;jdk/internal/vm/Continuation.enter0;java/lang/VirtualThread$VThreadContinuation$1.run;java/lang/VirtualThread.run;_notify_jvmti_vthread_start;SharedRuntime::notify_jvmti_vthread_start;JvmtiVTMSTransitionDisabler::VTMS_vthread_start;JvmtiVTMSTransitionDisabler::VTMS_mount_end;Mutex::lock;pthread_mutex_lock;/usr/lib/x86_64-linux-gnu/libc.so.6;entry_SYSCALL_64_after_hwframe_[k];do_syscall_64_[k];x64_sys_call_[k];__x64_sys_futex_[k];do_futex_[k];futex_wait_[k];__futex_wait_[k];futex_wait_setup_[k];futex_hash_[k];__futex_hash_[k] 5
java/util/concurrent/ForkJoinWorkerThread.run;java/util/concurrent/ForkJoinPool.runWorker;java/util/concurrent/ForkJoinPool.scan;java/util/concurrent/ForkJoinPool$WorkQueue.topLevelExec;java/util/concurrent/ForkJoinTask.doExec;java/util/concurrent/ForkJoinTask$RunnableExecuteAction.exec;java/lang/VirtualThread$$Lambda.0x00007aba24039c78.run;java/lang/VirtualThread.runContinuation;java/lang/VirtualThread.afterDone;java/lang/VirtualThread.afterDone;jdk/internal/vm/ThreadContainers$RootContainer$TrackingRootContainer.onExit;java/util/concurrent/ConcurrentHashMap$KeySetView.remove;java/util/concurrent/ConcurrentHashMap.remove;java/util/concurrent/ConcurrentHashMap.replaceNode;resolve_opt_virtual_call;SharedRuntime::resolve_opt_virtual_call_C;SharedRuntime::resolve_helper;SharedRuntime::resolve_sub_helper;SharedRuntime::find_callee_info;SharedRuntime::find_callee_info_helper;__pthread_mutex_unlock;/usr/lib/x86_64-linux-gnu/libc.so.6;entry_SYSCALL_64_after_hwframe_[k];do_syscall_64_[k];x64_sys_call_[k];__x64_sys_futex_[k];do_futex_[k];futex_wake_[k];_raw_spin_lock_[k];native_queued_spin_lock_slowpath_[k] 1
java/util/concurrent/ForkJoinWorkerThread.run;java/util/concurrent/ForkJoinPool.runWorker;java/util/concurrent/ForkJoinPool.scan;java/util/concurrent/ForkJoinPool$WorkQueue.topLevelExec;java/util/concurrent/ForkJoinTask.doExec;java/util/concurrent/ForkJoinTask$RunnableExecuteAction.exec;java/lang/VirtualThread$$Lambda.0x00007aba24039c78.run;java/lang/VirtualThread.runContinuation;jdk/internal/vm/Continuation.run;jdk/internal/vm/Continuation.enterSpecial;jdk/internal/vm/Continuation.enter;jdk/internal/vm/Continuation.enter0;java/lang/VirtualThread$VThreadContinuation$1.run;java/lang/VirtualThread.run;_notify_jvmti_vthread_start;SharedRuntime::notify_jvmti_vthread_start;JvmtiVTMSTransitionDisabler::VTMS_vthread_start;JvmtiEventController::thread_started;Mutex::lock;pthread_mutex_lock;/usr/lib/x86_64-linux-gnu/libc.so.6;entry_SYSCALL_64_after_hwframe_[k];do_syscall_64_[k];x64_sys_call_[k];__x64_sys_futex_[k];do_futex_[k];futex_wait_[k] 2
java/util/concurrent/ForkJoinWorkerThread.run;java/util/concurrent/ForkJoinPool.runWorker;java/util/concurrent/ForkJoinPool.awaitWork;java/util/concurrent/locks/LockSupport.park;jdk/internal/misc/Unsafe.park;Unsafe_Park;Parker::park;__pthread_mutex_unlock;/usr/lib/x86_64-linux-gnu/libc.so.6;entry_SYSCALL_64_after_hwframe_[k];do_syscall_64_[k];x64_sys_call_[k];__x64_sys_futex_[k];do_futex_[k];futex_wake_[k];futex_hash_[k];futex_ref_get_[k] 2
java/util/concurrent/ForkJoinWorkerThread.run;java/util/concurrent/ForkJoinPool.runWorker;java/util/concurrent/ForkJoinPool.scan;java/util/concurrent/ForkJoinPool$WorkQueue.topLevelExec;java/util/concurrent/ForkJoinTask.doExec;java/util/concurrent/ForkJoinTask$RunnableExecuteAction.exec;java/lang/VirtualThread$$Lambda.0x00007aba24039c78.run;java/lang/VirtualThread.runContinuation;jdk/internal/vm/Continuation.run;jdk/internal/vm/Continuation.enterSpecial;jdk/internal/vm/Continuation.enter;jdk/internal/vm/Continuation.enter0;java/lang/VirtualThread$VThreadContinuation$1.run;java/lang/VirtualThread.run;_notify_jvmti_vthread_start;SharedRuntime::notify_jvmti_vthread_start;JvmtiVTMSTransitionDisabler::VTMS_vthread_start;JvmtiEventController::thread_started;Mutex::lock;pthread_mutex_lock;/usr/lib/x86_64-linux-gnu/libc.so.6;entry_SYSCALL_64_after_hwframe_[k];do_syscall_64_[k];x64_sys_call_[k];__x64_sys_futex_[k];do_futex_[k];futex_wait_[k];__futex_wait_[k];futex_do_wait_[k];schedule_[k];__schedule_[k] 1
java/util/concurrent/ForkJoinWorkerThread.run;java/util/concurrent/ForkJoinPool.runWorker;java/util/concurrent/ForkJoinPool.scan;java/util/concurrent/ForkJoinPool.signalWork;java/util/concurrent/locks/LockSupport.unpark;jdk/internal/misc/Unsafe.unpark;Unsafe_Unpark;pthread_cond_signal 6
java/util/concurrent/ForkJoinWorkerThread.run;java/util/concurrent/ForkJoinPool.runWorker;java/util/concurrent/ForkJoinPool.scan;java/util/concurrent/ForkJoinPool$WorkQueue.topLevelExec;java/util/concurrent/ForkJoinTask.doExec;java/util/concurrent/ForkJoinTask$RunnableExecuteAction.exec;java/lang/VirtualThread$$Lambda.0x00007aba24039c78.run;java/lang/VirtualThread.runContinuation;jdk/internal/vm/Continuation.run;jdk/internal/vm/Continuation.enterSpecial;jdk/internal/vm/Continuation.enter;jdk/internal/vm/Continuation.enter0;java/lang/VirtualThread$VThreadContinuation$1.run;java/lang/VirtualThread.run;_notify_jvmti_vthread_start;SharedRuntime::notify_jvmti_vthread_start;JvmtiVTMSTransitionDisabler::VTMS_vthread_start;JvmtiEventController::thread_started;Mutex::lock;pthread_mutex_lock;/usr/lib/x86_64-linux-gnu/libc.so.6;entry_SYSCALL_64_after_hwframe_[k];do_syscall_64_[k];x64_sys_call_[k];__x64_sys_futex_[k] 1
java/util/concurrent/ForkJoinWorkerThread.run;java/util/concurrent/ForkJoinPool.runWorker;java/util/concurrent/ForkJoinPool.scan;java/util/concurrent/ForkJoinPool$WorkQueue.topLevelExec;java/util/concurrent/ForkJoinTask.doExec;java/util/concurrent/ForkJoinTask$RunnableExecuteAction.exec;java/lang/VirtualThread$$Lambda.0x00007aba24039c78.run;java/lang/VirtualThread.runContinuation;jdk/internal/vm/Continuation.run;jdk/internal/vm/Continuation.mount;jdk/internal/vm/Continuation.compareAndSetMounted;jdk/internal/misc/Unsafe.compareAndSetBoolean 6
java/util/concurrent/ForkJoinWorkerThread.run;java/util/concurrent/ForkJoinPool.runWorker;java/util/concurrent/ForkJoinPool.scan;java/util/concurrent/ForkJoinPool$WorkQueue.topLevelExec;java/util/concurrent/ForkJoinTask.doExec;java/util/concurrent/ForkJoinTask$RunnableExecuteAction.exec;java/lang/VirtualThread$$Lambda.0x00007aba24039c78.run;java/lang/VirtualThread.runContinuation;jdk/internal/vm/Continuation.run;jdk/internal/vm/Continuation.enterSpecial;jdk/internal/vm/Continuation.enter;jdk/internal/vm/Continuation.enter0;java/lang/VirtualThread$VThreadContinuation$1.run;java/lang/VirtualThread.run;_notify_jvmti_vthread_start;SharedRuntime::notify_jvmti_vthread_start;JvmtiVTMSTransitionDisabler::VTMS_vthread_start;JvmtiEventController::thread_started;JvmtiThreadState::JvmtiThreadState;OopStorage::allocate;Mutex::lock_without_safepoint_check;pthread_mutex_lock 8
java/util/concurrent/ForkJoinWorkerThread.run;java/util/concurrent/ForkJoinPool.runWorker;java/util/concurrent/ForkJoinPool.scan;java/util/concurrent/ForkJoinPool$WorkQueue.topLevelExec;java/util/concurrent/ForkJoinTask.doExec;java/util/concurrent/ForkJoinTask$RunnableExecuteAction.exec;java/lang/VirtualThread$$Lambda.0x00007aba24039c78.run;java/lang/VirtualThread.runContinuation;jdk/internal/vm/Continuation.run;jdk/internal/vm/Continuation.enterSpecial;jdk/internal/vm/Continuation.enter;jdk/internal/vm/Continuation.enter0;java/lang/VirtualThread$VThreadContinuation$1.run;java/lang/VirtualThread.run;_notify_jvmti_vthread_start;SharedRuntime::notify_jvmti_vthread_start;JvmtiVTMSTransitionDisabler::VTMS_vthread_start;JvmtiVTMSTransitionDisabler::VTMS_mount_end;Mutex::lock;pthread_mutex_lock;/usr/lib/x86_64-linux-gnu/libc.so.6 8
java/util/concurrent/ForkJoinWorkerThread.run;java/util/concurrent/ForkJoinPool.runWorker;java/util/concurrent/ForkJoinPool.scan;java/util/concurrent/ForkJoinPool$WorkQueue.topLevelExec;java/util/concurrent/ForkJoinTask.doExec;java/util/concurrent/ForkJoinTask$RunnableExecuteAction.exec;java/lang/VirtualThread$$Lambda.0x00007aba24039c78.run;java/lang/VirtualThread.runContinuation;jdk/internal/vm/Continuation.run;jdk/internal/vm/Continuation.enterSpecial;jdk/internal/vm/Continuation.enter;jdk/internal/vm/Continuation.enter0;java/lang/VirtualThread$VThreadContinuation$1.run;java/lang/VirtualThread.run;_notify_jvmti_vthread_end;SharedRuntime::notify_jvmti_vthread_end;JvmtiVTMSTransitionDisabler::VTMS_vthread_end;JvmtiExport::cleanup_thread;Mutex::lock;pthread_mutex_lock;/usr/lib/x86_64-linux-gnu/libc.so.6 35
java/util/concurrent/ForkJoinWorkerThread.run;java/util/concurrent/ForkJoinPool.runWorker;java/util/concurrent/ForkJoinPool.scan 1
java/util/concurrent/ForkJoinWorkerThread.run;java/util/concurrent/ForkJoinPool.runWorker;java/util/concurrent/ForkJoinPool.scan;java/util/concurrent/ForkJoinPool$WorkQueue.topLevelExec;java/util/concurrent/ForkJoinTask.doExec;java/util/concurrent/ForkJoinTask$RunnableExecuteAction.exec;java/lang/VirtualThread$$Lambda.0x00007aba24039c78.run;java/lang/VirtualThread.runContinuation;jdk/internal/vm/Continuation.run;jdk/internal/vm/Continuation.enterSpecial;jdk/internal/vm/Continuation.enter;jdk/internal/vm/Continuation.enter0;java/lang/VirtualThread$VThreadContinuation$1.run;java/lang/VirtualThread.run;_notify_jvmti_vthread_end;SharedRuntime::notify_jvmti_vthread_end;JvmtiVTMSTransitionDisabler::VTMS_vthread_end;JvmtiExport::cleanup_thread;Mutex::lock;JavaFrameAnchor::make_walkable 1
java/util/concurrent/ForkJoinWorkerThread.run;java/util/concurrent/ForkJoinPool.runWorker;java/util/concurrent/ForkJoinPool.scan;java/util/concurrent/ForkJoinPool$WorkQueue.topLevelExec;java/util/concurrent/ForkJoinTask.doExec;java/util/concurrent/ForkJoinTask$RunnableExecuteAction.exec;java/lang/VirtualThread$$Lambda.0x00007aba24039c78.run;java/lang/VirtualThread.runContinuation;jdk/internal/vm/Continuation.run;jdk/internal/vm/Continuation.enterSpecial;jdk/internal/vm/Continuation.enter;jdk/internal/vm/Continuation.enter0;java/lang/VirtualThread$VThreadContinuation$1.run;java/lang/VirtualThread.run;_notify_jvmti_vthread_start;SharedRuntime::notify_jvmti_vthread_start;JvmtiVTMSTransitionDisabler::VTMS_vthread_start;__pthread_mutex_unlock;/usr/lib/x86_64-linux-gnu/libc.so.6;entry_SYSCALL_64_after_hwframe_[k];do_syscall_64_[k];x64_sys_call_[k];__x64_sys_futex_[k];do_futex_[k];futex_wake_[k];wake_up_q_[k];try_to_wake_up_[k];_raw_spin_unlock_irqrestore_[k] 118
java/util/concurrent/ForkJoinWorkerThread.run;java/util/concurrent/ForkJoinPool.runWorker;java/util/concurrent/ForkJoinPool.scan;java/util/concurrent/ForkJoinPool$WorkQueue.topLevelExec;java/util/concurrent/ForkJoinTask.doExec;java/util/concurrent/ForkJoinTask$RunnableExecuteAction.exec;java/lang/VirtualThread$$Lambda.0x00007aba24039c78.run;java/lang/VirtualThread.runContinuation;jdk/internal/vm/Continuation.run 4
java/util/concurrent/ForkJoinWorkerThread.run;java/util/concurrent/ForkJoinPool.runWorker;java/util/concurrent/ForkJoinPool.scan;java/util/concurrent/ForkJoinPool$WorkQueue.topLevelExec;java/util/concurrent/ForkJoinTask.doExec;java/util/concurrent/ForkJoinTask$RunnableExecuteAction.exec;java/lang/VirtualThread$$Lambda.0x00007aba24039c78.run;java/lang/VirtualThread.runContinuation;jdk/internal/vm/Continuation.run;jdk/internal/vm/Continuation.enterSpecial;jdk/internal/vm/Continuation.enter;jdk/internal/vm/Continuation.enter0;java/lang/VirtualThread$VThreadContinuation$1.run;java/lang/VirtualThread.run;_notify_jvmti_vthread_start;SharedRuntime::notify_jvmti_vthread_start;JvmtiVTMSTransitionDisabler::VTMS_vthread_start;JvmtiVTMSTransitionDisabler::VTMS_mount_end 1
java/util/concurrent/ForkJoinWorkerThread.run;java/util/concurrent/ForkJoinPool.runWorker;java/util/concurrent/ForkJoinPool.scan 71
java/util/concurrent/ForkJoinWorkerThread.run;java/util/concurrent/ForkJoinPool.runWorker;java/util/concurrent/ForkJoinPool.scan;java/util/concurrent/ForkJoinPool$WorkQueue.topLevelExec;java/util/concurrent/ForkJoinTask.doExec;java/util/concurrent/ForkJoinTask$RunnableExecuteAction.exec;java/lang/VirtualThread$$Lambda.0x00007aba24039c78.run;java/lang/VirtualThread.runContinuation;java/lang/VirtualThread.afterDone;java/lang/VirtualThread.afterDone;java/util/concurrent/CountDownLatch.countDown;java/util/concurrent/locks/AbstractQueuedSynchronizer.releaseShared;java/util/concurrent/locks/AbstractQueuedSynchronizer.signalNext 2
