java/util/concurrent/ForkJoinWorkerThread.run;java/util/concurrent/ForkJoinPool.runWorker;java/util/concurrent/ForkJoinPool.scan;java/util/concurrent/ForkJoinPool$WorkQueue.topLevelExec;java/util/concurrent/ForkJoinPool$WorkQueue.tryPoll 100
_notify_jvmti_vthread_mount 1
java/util/concurrent/ForkJoinWorkerThread.run;java/util/concurrent/ForkJoinPool.runWorker;java/util/concurrent/ForkJoinPool.awaitWork 1
java/lang/Thread.run;java/lang/Thread.runWith;java/util/concurrent/ThreadPoolExecutor$Worker.run;java/util/concurrent/ThreadPoolExecutor.runWorker;java/util/concurrent/FutureTask.run;java/util/concurrent/Executors$RunnableAdapter.call;java/util/concurrent/FutureTask.run;org/openjdk/jmh/runner/BenchmarkHandler$BenchmarkTask.call;org/openjdk/jmh/runner/BenchmarkHandler$BenchmarkTask.call;java/lang/reflect/Method.invoke;jdk/internal/reflect/DirectMethodHandleAccessor.invoke;jdk/internal/reflect/DirectMethodHandleAccessor.invokeImpl;java/lang/invoke/LambdaForm$MH.0x00007d902c02e800.invokeExact_MT;java/lang/invoke/LambdaForm$MH.0x00007d902c02e400.invoke;java/lang/invoke/DirectMethodHandle$Holder.invokeSpecial;uk/ac/ncl/jensen/benchmark/jmh_generated/VThreadChurnBenchmark_churn_jmhTest.churn_AverageTime;uk/ac/ncl/jensen/benchmark/jmh_generated/VThreadChurnBenchmark_churn_jmhTest.churn_avgt_jmhStub;uk/ac/ncl/jensen/benchmark/VThreadChurnBenchmark.churn;java/lang/Thread.join;java/lang/Thread.join;java/lang/Thread.isAlive;java/lang/VirtualThread.alive 3
java/util/concurrent/ForkJoinWorkerThread.run;java/util/concurrent/ForkJoinPool.runWorker;java/util/concurrent/ForkJoinPool.scan;java/util/concurrent/ForkJoinPool$WorkQueue.topLevelExec;java/util/concurrent/ForkJoinTask.doExec;java/util/concurrent/ForkJoinTask$RunnableExecuteAction.exec;java/lang/VirtualThread$$Lambda.0x00007d902c039c78.run;java/lang/VirtualThread.runContinuation;jdk/internal/vm/Continuation.run;jdk/internal/vm/Continuation.enterSpecial;jdk/internal/vm/Continuation.enter;jdk/internal/vm/Continuation.enter0;java/lang/VirtualThread$VThreadContinuation$1.run;java/lang/VirtualThread.run;_notify_jvmti_vthread_start;SharedRuntime::notify_jvmti_vthread_start;JvmtiVTMSTransitionDisabler::VTMS_vthread_start;JvmtiVTMSTransitionDisabler::VTMS_mount_end;Mutex::lock;__tls_get_addr@plt 1
java/util/concurrent/ForkJoinWorkerThread.run;java/util/concurrent/ForkJoinPool.runWorker;java/util/concurrent/ForkJoinPool.scan 1
java/util/concurrent/ForkJoinWorkerThread.run;java/util/concurrent/ForkJoinPool.runWorker;java/util/concurrent/ForkJoinPool.scan;java/util/concurrent/ForkJoinPool$WorkQueue.topLevelExec;java/util/concurrent/ForkJoinTask.doExec;java/util/concurrent/ForkJoinTask$RunnableExecuteAction.exec;java/lang/VirtualThread$$Lambda.0x00007d902c039c78.run;java/lang/VirtualThread.runContinuation;jdk/internal/vm/Continuation.run;jdk/internal/vm/Continuation.enterSpecial;jdk/internal/vm/Continuation.enter;jdk/internal/vm/Continuation.enter0;java/lang/VirtualThread$VThreadContinuation$1.run;java/lang/VirtualThread.run;_notify_jvmti_vthread_start;SharedRuntime::notify_jvmti_vthread_start;JvmtiVTMSTransitionDisabler::VTMS_vthread_start;JvmtiVTMSTransitionDisabler::finish_VTMS_transition;JavaThread::set_is_in_VTMS_transition 3
java/util/concurrent/ForkJoinWorkerThread.run;java/util/concurrent/ForkJoinPool.runWorker;java/util/concurrent/ForkJoinPool.scan;java/util/concurrent/ForkJoinPool$WorkQueue.topLevelExec;java/util/concurrent/ForkJoinTask.doExec;java/util/concurrent/ForkJoinTask$RunnableExecuteAction.exec;java/lang/VirtualThread$$Lambda.0x00007d902c039c78.run;java/lang/VirtualThread.runContinuation;java/lang/VirtualThread.unmount;_notify_jvmti_vthread_unmount;SharedRuntime::notify_jvmti_vthread_unmount;JvmtiVTMSTransitionDisabler::VTMS_vthread_unmount 2
java/util/concurrent/ForkJoinWorkerThread.run;java/util/concurrent/ForkJoinPool.runWorker;java/util/concurrent/ForkJoinPool.scan;java/util/concurrent/ForkJoinPool$WorkQueue.topLevelExec;java/util/concurrent/ForkJoinTask.doExec;java/util/concurrent/ForkJoinTask$RunnableExecuteAction.exec;java/lang/VirtualThread$$Lambda.0x00007d902c039c78.run;java/lang/VirtualThread.runContinuation;jdk/internal/vm/Continuation.run;jdk/internal/vm/Continuation.enterSpecial;jdk/internal/vm/Continuation.enter;jdk/internal/vm/Continuation.enter0;java/lang/VirtualThread$VThreadContinuation$1.run;java/lang/VirtualThread.run;_notify_jvmti_vthread_start;SharedRuntime::notify_jvmti_vthread_start;JvmtiVTMSTransitionDisabler::VTMS_vthread_start;JvmtiVTMSTransitionDisabler::VTMS_mount_end;__pthread_mutex_unlock;/usr/lib/x86_64-linux-gnu/libc.so.6 400
java/lang/Thread.run;java/lang/Thread.runWith;java/util/concurrent/ThreadPoolExecutor$Worker.run;java/util/concurrent/ThreadPoolExecutor.runWorker;java/util/concurrent/FutureTask.run;java/util/concurrent/Executors$RunnableAdapter.call;java/util/concurrent/FutureTask.run;org/openjdk/jmh/runner/BenchmarkHandler$BenchmarkTask.call;org/openjdk/jmh/runner/BenchmarkHandler$BenchmarkTask.call;java/lang/reflect/Method.invoke;jdk/internal/reflect/DirectMethodHandleAccessor.invoke;jdk/internal/reflect/DirectMethodHandleAccessor.invokeImpl;java/lang/invoke/LambdaForm$MH.0x00007d902c02e800.invokeExact_MT;java/lang/invoke/LambdaForm$MH.0x00007d902c02e400.invoke;java/lang/invoke/DirectMethodHandle$Holder.invokeSpecial;uk/ac/ncl/jensen/benchmark/jmh_generated/VThreadChurnBenchmark_churn_jmhTest.churn_AverageTime;uk/ac/ncl/jensen/benchmark/jmh_generated/VThreadChurnBenchmark_churn_jmhTest.churn_avgt_jmhStub;uk/ac/ncl/jensen/benchmark/VThreadChurnBenchmark.churn;java/lang/Thread.join;java/lang/Thread.join;java/lang/VirtualThread.joinNanos;java/lang/VirtualThread.getTermination 3
java/util/concurrent/ForkJoinWorkerThread.run;java/util/concurrent/ForkJoinPool.runWorker;java/util/concurrent/ForkJoinPool.scan;java/util/concurrent/ForkJoinPool$WorkQueue.topLevelExec;java/util/concurrent/ForkJoinTask.doExec;java/util/concurrent/ForkJoinTask$RunnableExecuteAction.exec;java/lang/VirtualThread$$Lambda.0x00007d902c039c78.run;java/lang/VirtualThread.runContinuation;jdk/internal/vm/Continuation.run;jdk/internal/vm/Continuation.enterSpecial;jdk/internal/vm/Continuation.enter;jdk/internal/vm/Continuation.enter0;java/lang/VirtualThread$VThreadContinuation$1.run;java/lang/VirtualThread.run;_notify_jvmti_vthread_start;SharedRuntime::notify_jvmti_vthread_start;JvmtiVTMSTransitionDisabler::VTMS_vthread_start;JvmtiEventController::thread_started;AccessInternal::PostRuntimeDispatch<G1BarrierSet::AccessBarrier<548964ul, G1BarrierSet>, (AccessInternal::BarrierType)2, 548964ul>::oop_access_barrier 48
java/util/concurrent/ForkJoinWorkerThread.run;java/util/concurrent/ForkJoinPool.runWorker;java/util/concurrent/ForkJoinPool.scan;java/util/concurrent/ForkJoinPool.signalWork;java/util/concurrent/locks/LockSupport.unpark;jdk/internal/misc/Unsafe.unpark;Unsafe_Unpark;Parker::unpark;pthread_mutex_lock 4
java/util/concurrent/ForkJoinWorkerThread.run;java/util/concurrent/ForkJoinPool.runWorker;java/util/concurrent/ForkJoinPool.scan;java/util/concurrent/ForkJoinPool$WorkQueue.topLevelExec;java/util/concurrent/ForkJoinTask.doExec;java/util/concurrent/ForkJoinTask$RunnableExecuteAction.exec;java/lang/VirtualThread$$Lambda.0x00007d902c039c78.run;java/lang/VirtualThread.runContinuation;java/lang/VirtualThread.unmount 10
java/util/concurrent/ForkJoinWorkerThread.run;java/util/concurrent/ForkJoinPool.runWorker;java/util/concurrent/ForkJoinPool.scan;java/util/concurrent/ForkJoinPool$WorkQueue.topLevelExec;java/util/concurrent/ForkJoinTask.doExec;java/util/concurrent/ForkJoinTask$RunnableExecuteAction.exec;java/lang/VirtualThread$$Lambda.0x00007d902c039c78.run;java/lang/VirtualThread.runContinuation;jdk/internal/vm/Continuation.run;jdk/internal/vm/Continuation.enterSpecial;jdk/internal/vm/Continuation.enter;jdk/internal/vm/Continuation.enter0;java/lang/VirtualThread$VThreadContinuation$1.run;java/lang/VirtualThread.run;_notify_jvmti_vthread_end;SharedRuntime::notify_jvmti_vthread_end;JvmtiVTMSTransitionDisabler::VTMS_vthread_end;__pthread_mutex_unlock 32
java/util/concurrent/ForkJoinWorkerThread.run;java/util/concurrent/ForkJoinPool.runWorker;java/util/concurrent/ForkJoinPool.scan;java/util/concurrent/ForkJoinPool$WorkQueue.topLevelExec;java/util/concurrent/ForkJoinTask.doExec;java/util/concurrent/ForkJoinTask$RunnableExecuteAction.exec;java/lang/VirtualThread$$Lambda.0x00007d902c039c78.run;java/lang/VirtualThread.runContinuation;java/lang/VirtualThread.afterDone;java/lang/VirtualThread.afterDone;java/util/concurrent/CountDownLatch.countDown;java/util/concurrent/locks/AbstractQueuedSynchronizer.releaseShared;java/util/concurrent/locks/AbstractQueuedSynchronizer.signalNext 1
java/util/concurrent/ForkJoinWorkerThread.run;java/util/concurrent/ForkJoinPool.runWorker;java/util/concurrent/ForkJoinPool.scan;java/util/concurrent/ForkJoinPool$WorkQueue.topLevelExec;java/util/concurrent/ForkJoinPool$WorkQueue.tryPoll 1
java/util/concurrent/ForkJoinWorkerThread.run;java/util/concurrent/ForkJoinPool.runWorker;java/util/concurrent/ForkJoinPool.scan;java/util/concurrent/ForkJoinPool$WorkQueue.topLevelExec;java/util/concurrent/ForkJoinTask.doExec;java/util/concurrent/ForkJoinTask$RunnableExecuteAction.exec;java/lang/VirtualThread$$Lambda.0x00007d902c039c78.run;java/lang/VirtualThread.runContinuation;jdk/internal/vm/Continuation.run;jdk/internal/vm/Continuation.enterSpecial;jdk/internal/vm/Continuation.enter;jdk/internal/vm/Continuation.enter0;java/lang/VirtualThread$VThreadContinuation$1.run;java/lang/VirtualThread.run;_notify_jvmti_vthread_start;SharedRuntime::notify_jvmti_vthread_start;JvmtiVTMSTransitionDisabler::VTMS_vthread_start;JvmtiEventController::thread_started;JvmtiThreadState::JvmtiThreadState;JvmtiEnvThreadState::JvmtiEnvThreadState;JvmtiEnvThreadEventEnable::JvmtiEnvThreadEventEnable 1
java/util/concurrent/ForkJoinWorkerThread.run;java/util/concurrent/ForkJoinPool.runWorker;java/util/concurrent/ForkJoinPool.scan;java/util/concurrent/ForkJoinPool$WorkQueue.topLevelExec;java/util/concurrent/ForkJoinTask.doExec;java/util/concurrent/ForkJoinTask$RunnableExecuteAction.exec;java/lang/VirtualThread$$Lambda.0x00007d902c039c78.run;java/lang/VirtualThread.runContinuation;java/lang/VirtualThread.mount;_notify_jvmti_vthread_mount;SharedRuntime::notify_jvmti_vthread_mount;JNIHandles::make_local;__tls_get_addr 1
java/util/concurrent/ForkJoinWorkerThread.run;java/util/concurrent/ForkJoinPool.runWorker;java/util/concurrent/ForkJoinPool.scan;java/util/concurrent/ForkJoinPool$WorkQueue.topLevelExec;java/util/concurrent/ForkJoinTask.doExec;java/util/concurrent/ForkJoinTask$RunnableExecuteAction.exec;java/lang/VirtualThread$$Lambda.0x00007d902c039c78.run;java/lang/VirtualThread.runContinuation;jdk/internal/vm/Continuation.run;jdk/internal/vm/Continuation.mount;jdk/internal/vm/Continuation.compareAndSetMounted;jdk/internal/misc/Unsafe.compareAndSetBoolean 1
java/util/concurrent/ForkJoinWorkerThread.run;java/util/concurrent/ForkJoinPool.runWorker;java/util/concurrent/ForkJoinPool.scan;java/util/concurrent/ForkJoinPool$WorkQueue.topLevelExec;java/util/concurrent/ForkJoinTask.doExec;java/util/concurrent/ForkJoinTask$RunnableExecuteAction.exec;java/lang/VirtualThread$$Lambda.0x00007d902c039c78.run;java/lang/VirtualThread.runContinuation;jdk/internal/vm/Continuation.run;jdk/internal/vm/Continuation.enterSpecial;jdk/internal/vm/Continuation.enter;jdk/internal/vm/Continuation.enter0;java/lang/VirtualThread$VThreadContinuation$1.run;java/lang/VirtualThread.run;_notify_jvmti_vthread_start;SharedRuntime::notify_jvmti_vthread_start;JvmtiVTMSTransitionDisabler::VTMS_vthread_start;JvmtiVTMSTransitionDisabler::VTMS_mount_end;__pthread_mutex_unlock 16
_notify_jvmti_vthread_unmount 1
java/util/concurrent/ForkJoinWorkerThread.run;java/util/concurrent/ForkJoinPool.runWorker;java/util/concurrent/ForkJoinPool.scan;java/util/concurrent/ForkJoinPool$WorkQueue.topLevelExec;java/util/concurrent/ForkJoinTask.doExec;java/util/concurrent/ForkJoinTask$RunnableExecuteAction.exec;java/lang/VirtualThread$$Lambda.0x00007d902c039c78.run;java/lang/VirtualThread.runContinuation;jdk/internal/vm/Continuation.run;jdk/internal/vm/Continuation.enterSpecial;jdk/internal/vm/Continuation.enter;jdk/internal/vm/Continuation.enter0;java/lang/VirtualThread$VThreadContinuation$1.run;java/lang/VirtualThread.run;_notify_jvmti_vthread_end;SharedRuntime::notify_jvmti_vthread_end;JvmtiVTMSTransitionDisabler::VTMS_vthread_end;JvmtiExport::cleanup_thread 4
java/util/concurrent/ForkJoinWorkerThread.run;java/util/concurrent/ForkJoinPool.runWorker;java/util/concurrent/ForkJoinPool.awaitWork 1
java/util/concurrent/ForkJoinWorkerThread.run;java/util/concurrent/ForkJoinPool.runWorker;java/util/concurrent/ForkJoinPool.awaitWork 15
java/lang/Thread.run;java/lang/Thread.runWith;java/util/concurrent/ThreadPoolExecutor$Worker.run;java/util/concurrent/ThreadPoolExecutor.runWorker;java/util/concurrent/FutureTask.run;java/util/concurrent/Executors$RunnableAdapter.call;java/util/concurrent/FutureTask.run;org/openjdk/jmh/runner/BenchmarkHandler$BenchmarkTask.call;org/openjdk/jmh/runner/BenchmarkHandler$BenchmarkTask.call;java/lang/reflect/Method.invoke;jdk/internal/reflect/DirectMethodHandleAccessor.invoke;jdk/internal/reflect/DirectMethodHandleAccessor.invokeImpl;java/lang/invoke/LambdaForm$MH.0x00007d902c02e800.invokeExact_MT;java/lang/invoke/LambdaForm$MH.0x00007d902c02e400.invoke;java/lang/invoke/DirectMethodHandle$Holder.invokeSpecial;uk/ac/ncl/jensen/benchmark/jmh_generated/VThreadChurnBenchmark_churn_jmhTest.churn_AverageTime;uk/ac/ncl/jensen/benchmark/jmh_generated/VThreadChurnBenchmark_churn_jmhTest.churn_avgt_jmhStub;uk/ac/ncl/jensen/benchmark/VThreadChurnBenchmark.churn;java/lang/ThreadBuilders$VirtualThreadBuilder.start;java/lang/ThreadBuilders$VirtualThreadBuilder.unstarted;java/lang/ThreadBuilders.newVirtualThread;java/lang/VirtualThread.<init>;java/lang/invoke/Invokers$Holder.linkToTargetMethod;java/lang/invoke/DirectMethodHandle$Holder.newInvokeSpecial;java/lang/invoke/DirectMethodHandle.allocateInstance 4
java/lang/Thread.run;java/lang/Thread.runWith;java/util/concurrent/ThreadPoolExecutor$Worker.run;java/util/concurrent/ThreadPoolExecutor.runWorker;java/util/concurrent/FutureTask.run;java/util/concurrent/Executors$RunnableAdapter.call;java/util/concurrent/FutureTask.run;org/openjdk/jmh/runner/BenchmarkHandler$BenchmarkTask.call;org/openjdk/jmh/runner/BenchmarkHandler$BenchmarkTask.call;java/lang/reflect/Method.invoke;jdk/internal/reflect/DirectMethodHandleAccessor.invoke;jdk/internal/reflect/DirectMethodHandleAccessor.invokeImpl;java/lang/invoke/LambdaForm$MH.0x00007d902c02e800.invokeExact_MT;java/lang/invoke/LambdaForm$MH.0x00007d902c02e400.invoke;java/lang/invoke/DirectMethodHandle$Holder.invokeSpecial;uk/ac/ncl/jensen/benchmark/jmh_generated/VThreadChurnBenchmark_churn_jmhTest.churn_AverageTime;uk/ac/ncl/jensen/benchmark/jmh_generated/VThreadChurnBenchmark_churn_jmhTest.churn_avgt_jmhStub;uk/ac/ncl/jensen/benchmark/VThreadChurnBenchmark.churn;java/lang/ThreadBuilders$VirtualThreadBuilder.start;java/lang/VirtualThread.start;java/lang/VirtualThread.start;java/lang/VirtualThread.submitRunContinuation;java/util/concurrent/ForkJoinPool.execute;java/util/concurrent/ForkJoinPool.poolSubmit;java/util/concurrent/ForkJoinPool$WorkQueue.push 11
java/util/concurrent/ForkJoinWorkerThread.run;java/util/concurrent/ForkJoinPool.runWorker;java/util/concurrent/ForkJoinPool.scan;java/util/concurrent/ForkJoinPool$WorkQueue.topLevelExec;java/util/concurrent/ForkJoinTask.doExec;java/util/concurrent/ForkJoinTask$RunnableExecuteAction.exec;java/lang/VirtualThread$$Lambda.0x00007d902c039c78.run;java/lang/VirtualThread.runContinuation;jdk/internal/vm/Continuation.run;jdk/internal/vm/Continuation.enterSpecial;jdk/internal/vm/Continuation.enter;jdk/internal/vm/Continuation.enter0;java/lang/VirtualThread$VThreadContinuation$1.run;java/lang/VirtualThread.run;_notify_jvmti_vthread_end;SharedRuntime::notify_jvmti_vthread_end;JvmtiVTMSTransitionDisabler::VTMS_vthread_end;JvmtiExport::cleanup_thread;JvmtiEventController::thread_ended;JvmtiThreadEventEnable::~JvmtiThreadEventEnable 3
java/util/concurrent/ForkJoinWorkerThread.run;java/util/concurrent/ForkJoinPool.runWorker;java/util/concurrent/ForkJoinPool.scan;java/util/concurrent/ForkJoinPool$WorkQueue.topLevelExec;java/util/concurrent/ForkJoinTask.doExec;java/util/concurrent/ForkJoinTask$RunnableExecuteAction.exec;java/lang/VirtualThread$$Lambda.0x00007d902c039c78.run;java/lang/VirtualThread.runContinuation;jdk/internal/vm/Continuation.run 3
java/util/concurrent/ForkJoinWorkerThread.run;java/util/concurrent/ForkJoinPool.runWorker;java/util/concurrent/ForkJoinPool.scan;java/util/concurrent/ForkJoinPool$WorkQueue.topLevelExec 1
java/lang/Thread.run;java/lang/Thread.runWith;java/util/concurrent/ThreadPoolExecutor$Worker.run;java/util/concurrent/ThreadPoolExecutor.runWorker;java/util/concurrent/FutureTask.run;java/util/concurrent/Executors$RunnableAdapter.call;java/util/concurrent/FutureTask.run;org/openjdk/jmh/runner/BenchmarkHandler$BenchmarkTask.call;org/openjdk/jmh/runner/BenchmarkHandler$BenchmarkTask.call;java/lang/reflect/Method.invoke;jdk/internal/reflect/DirectMethodHandleAccessor.invoke;jdk/internal/reflect/DirectMethodHandleAccessor.invokeImpl;java/lang/invoke/LambdaForm$MH.0x00007d902c02e800.invokeExact_MT;java/lang/invoke/LambdaForm$MH.0x00007d902c02e400.invoke;java/lang/invoke/DirectMethodHandle$Holder.invokeSpecial;uk/ac/ncl/jensen/benchmark/jmh_generated/VThreadChurnBenchmark_churn_jmhTest.churn_AverageTime;uk/ac/ncl/jensen/benchmark/jmh_generated/VThreadChurnBenchmark_churn_jmhTest.churn_avgt_jmhStub;uk/ac/ncl/jensen/benchmark/VThreadChurnBenchmark.churn;java/lang/ThreadBuilders$VirtualThreadBuilder.start;java/lang/VirtualThread.start;java/lang/VirtualThread.start;jdk/internal/misc/Unsafe.setMemory;jdk/internal/misc/Unsafe.setMemory;jdk/internal/misc/Unsafe.setMemory0;Unsafe_SetMemory0;Copy::fill_to_memory_atomic 4
java/util/concurrent/ForkJoinWorkerThread.run;java/util/concurrent/ForkJoinPool.runWorker;java/util/concurrent/ForkJoinPool.scan;java/util/concurrent/ForkJoinPool$WorkQueue.topLevelExec;java/util/concurrent/ForkJoinTask.doExec;java/util/concurrent/ForkJoinTask$RunnableExecuteAction.exec;java/lang/VirtualThread$$Lambda.0x00007d902c039c78.run;java/lang/VirtualThread.runContinuation;jdk/internal/vm/Continuation.run;jdk/internal/vm/Continuation.enterSpecial;jdk/internal/vm/Continuation.enter;jdk/internal/vm/Continuation.enter0;java/lang/VirtualThread$VThreadContinuation$1.run;java/lang/VirtualThread.run;java/lang/Thread.runWith 3
java/util/concurrent/ForkJoinWorkerThread.run;java/util/concurrent/ForkJoinPool.runWorker;java/util/concurrent/ForkJoinPool.scan;java/util/concurrent/ForkJoinPool$WorkQueue.topLevelExec;java/util/concurrent/ForkJoinTask.doExec;java/util/concurrent/ForkJoinTask$RunnableExecuteAction.exec;java/lang/VirtualThread$$Lambda.0x00007d902c039c78.run;java/lang/VirtualThread.runContinuation;jdk/internal/vm/Continuation.run;jdk/internal/vm/Continuation.enterSpecial;jdk/internal/vm/Continuation.enter;jdk/internal/vm/Continuation.enter0;java/lang/VirtualThread$VThreadContinuation$1.run;java/lang/VirtualThread.run;_notify_jvmti_vthread_start;SharedRuntime::notify_jvmti_vthread_start;JvmtiVTMSTransitionDisabler::VTMS_vthread_start;JvmtiEventController::thread_started 1
java/util/concurrent/ForkJoinWorkerThread.run;java/util/concurrent/ForkJoinPool.runWorker;java/util/concurrent/ForkJoinPool.scan;java/util/concurrent/ForkJoinPool$WorkQueue.topLevelExec;java/util/concurrent/ForkJoinTask.doExec;java/util/concurrent/ForkJoinTask$RunnableExecuteAction.exec;java/lang/VirtualThread$$Lambda.0x00007d902c039c78.run;java/lang/VirtualThread.runContinuation;jdk/internal/vm/Continuation.run;jdk/internal/vm/Continuation.enterSpecial;jdk/internal/vm/Continuation.enter;jdk/internal/vm/Continuation.enter0;java/lang/VirtualThread$VThreadContinuation$1.run;java/lang/VirtualThread.run;_notify_jvmti_vthread_start;SharedRuntime::notify_jvmti_vthread_start;JvmtiVTMSTransitionDisabler::VTMS_vthread_start;__pthread_mutex_unlock;/usr/lib/x86_64-linux-gnu/libc.so.6 110
java/lang/Thread.run;java/lang/Thread.runWith;java/util/concurrent/ThreadPoolExecutor$Worker.run;java/util/concurrent/ThreadPoolExecutor.runWorker;java/util/concurrent/FutureTask.run;java/util/concurrent/Executors$RunnableAdapter.call;java/util/concurrent/FutureTask.run;org/openjdk/jmh/runner/BenchmarkHandler$BenchmarkTask.call;org/openjdk/jmh/runner/BenchmarkHandler$BenchmarkTask.call;java/lang/reflect/Method.invoke;jdk/internal/reflect/DirectMethodHandleAccessor.invoke;jdk/internal/reflect/DirectMethodHandleAccessor.invokeImpl;java/lang/invoke/LambdaForm$MH.0x00007d902c02e800.invokeExact_MT;java/lang/invoke/LambdaForm$MH.0x00007d902c02e400.invoke;java/lang/invoke/DirectMethodHandle$Holder.invokeSpecial;uk/ac/ncl/jensen/benchmark/jmh_generated/VThreadChurnBenchmark_churn_jmhTest.churn_AverageTime;uk/ac/ncl/jensen/benchmark/jmh_generated/VThreadChurnBenchmark_churn_jmhTest.churn_avgt_jmhStub;uk/ac/ncl/jensen/benchmark/VThreadChurnBenchmark.churn;java/lang/ThreadBuilders$VirtualThreadBuilder.start;java/lang/VirtualThread.start;java/lang/VirtualThread.start;jdk/internal/vm/ThreadContainers$RootContainer$TrackingRootContainer.onStart;java/util/concurrent/ConcurrentHashMap$KeySetView.add;java/util/concurrent/ConcurrentHashMap.putVal;java/util/concurrent/ConcurrentHashMap.casTabAt 8
java/util/concurrent/ForkJoinWorkerThread.run;java/util/concurrent/ForkJoinPool.runWorker;java/util/concurrent/ForkJoinPool.scan 1
java/util/concurrent/ForkJoinWorkerThread.run;java/util/concurrent/ForkJoinPool.runWorker;java/util/concurrent/ForkJoinPool.scan;java/util/concurrent/ForkJoinPool$WorkQueue.topLevelExec;java/util/concurrent/ForkJoinTask.doExec;java/util/concurrent/ForkJoinTask$RunnableExecuteAction.exec;java/lang/VirtualThread$$Lambda.0x00007d902c039c78.run;java/lang/VirtualThread.runContinuation;jdk/internal/vm/Continuation.run;jdk/internal/vm/Continuation.enterSpecial;jdk/internal/vm/Continuation.enter;jdk/internal/vm/Continuation.enter0;java/lang/VirtualThread$VThreadContinuation$1.run;java/lang/VirtualThread.run;_notify_jvmti_vthread_end;SharedRuntime::notify_jvmti_vthread_end;JvmtiVTMSTransitionDisabler::VTMS_vthread_end;__pthread_mutex_unlock 4
java/util/concurrent/ForkJoinWorkerThread.run;java/util/concurrent/ForkJoinPool.runWorker;java/util/concurrent/ForkJoinPool.scan;java/util/concurrent/ForkJoinPool$WorkQueue.topLevelExec;java/util/concurrent/ForkJoinTask.doExec;java/util/concurrent/ForkJoinTask$RunnableExecuteAction.exec;java/lang/VirtualThread$$Lambda.0x00007d902c039c78.run;java/lang/VirtualThread.runContinuation;jdk/internal/vm/Continuation.run;jdk/internal/vm/Continuation.enterSpecial;jdk/internal/vm/Continuation.enter;jdk/internal/vm/Continuation.enter0;java/lang/VirtualThread$VThreadContinuation$1.run;java/lang/VirtualThread.run;_notify_jvmti_vthread_start;SharedRuntime::notify_jvmti_vthread_start;JvmtiVTMSTransitionDisabler::VTMS_vthread_start;JvmtiEventController::thread_started;JvmtiThreadState::JvmtiThreadState;__tls_get_addr 2
java/util/concurrent/ForkJoinWorkerThread.run;java/util/concurrent/ForkJoinPool.runWorker;java/util/concurrent/ForkJoinPool.awaitWork;InterpreterRuntime::frequency_counter_overflow;InterpreterRuntime::frequency_counter_overflow_inner;CompilationPolicy::event;CompilationPolicy::method_back_branch_event;CompLevel CompilationPolicy::common<LoopPredicate>;CompLevel CompilationPolicy::common<LoopPredicate>;LoopPredicate::apply 1
java/lang/Thread.run;java/lang/Thread.runWith;java/util/concurrent/ThreadPoolExecutor$Worker.run;java/util/concurrent/ThreadPoolExecutor.runWorker;java/util/concurrent/FutureTask.run;java/util/concurrent/Executors$RunnableAdapter.call;java/util/concurrent/FutureTask.run;org/openjdk/jmh/runner/BenchmarkHandler$BenchmarkTask.call;org/openjdk/jmh/runner/BenchmarkHandler$BenchmarkTask.call;java/lang/reflect/Method.invoke;jdk/internal/reflect/DirectMethodHandleAccessor.invoke;jdk/internal/reflect/DirectMethodHandleAccessor.invokeImpl;java/lang/invoke/LambdaForm$MH.0x00007d902c02e800.invokeExact_MT;java/lang/invoke/LambdaForm$MH.0x00007d902c02e400.invoke;java/lang/invoke/DirectMethodHandle$Holder.invokeSpecial;uk/ac/ncl/jensen/benchmark/jmh_generated/VThreadChurnBenchmark_churn_jmhTest.churn_AverageTime;uk/ac/ncl/jensen/benchmark/jmh_generated/VThreadChurnBenchmark_churn_jmhTest.churn_avgt_jmhStub;uk/ac/ncl/jensen/benchmark/VThreadChurnBenchmark.churn;java/lang/Thread.join;java/lang/Thread.join;java/lang/VirtualThread.joinNanos;java/util/concurrent/CountDownLatch.await;java/util/concurrent/locks/AbstractQueuedSynchronizer.acquireSharedInterruptibly;java/util/concurrent/locks/AbstractQueuedSynchronizer.acquire;java/util/concurrent/locks/LockSupport.park;jdk/internal/misc/Unsafe.park;Unsafe_Park;JavaThreadParkedState::JavaThreadParkedState;java_lang_Thread::set_thread_status 1
java/util/concurrent/ForkJoinWorkerThread.run;java/util/concurrent/ForkJoinPool.runWorker;java/util/concurrent/ForkJoinPool.scan;java/util/concurrent/ForkJoinPool$WorkQueue.topLevelExec;java/util/concurrent/ForkJoinTask.doExec;java/util/concurrent/ForkJoinTask$RunnableExecuteAction.exec;java/lang/VirtualThread$$Lambda.0x00007d902c039c78.run;java/lang/VirtualThread.runContinuation;jdk/internal/vm/Continuation.run;jdk/internal/vm/Continuation.enterSpecial;jdk/internal/vm/Continuation.enter;jdk/internal/vm/Continuation.enter0;java/lang/VirtualThread$VThreadContinuation$1.run;java/lang/VirtualThread.run;_notify_jvmti_vthread_end;SharedRuntime::notify_jvmti_vthread_end;JvmtiVTMSTransitionDisabler::VTMS_vthread_end;__pthread_mutex_unlock;/usr/lib/x86_64-linux-gnu/libc.so.6 650
java/util/concurrent/ForkJoinWorkerThread.run;java/util/concurrent/ForkJoinPool.runWorker;java/util/concurrent/ForkJoinPool.scan;java/util/concurrent/ForkJoinPool$WorkQueue.topLevelExec;java/util/concurrent/ForkJoinTask.doExec;java/util/concurrent/ForkJoinTask$RunnableExecuteAction.exec;java/lang/VirtualThread$$Lambda.0x00007d902c039c78.run;java/lang/VirtualThread.runContinuation 1
java/util/concurrent/ForkJoinWorkerThread.run;java/util/concurrent/ForkJoinPool.runWorker;java/util/concurrent/ForkJoinPool.awaitWork;InterpreterRuntime::frequency_counter_overflow;InterpreterRuntime::frequency_counter_overflow_inner;CompilationPolicy::event;InvocationCounter::set_carry_on_overflow 1
/usr/lib/x86_64-linux-gnu/libc.so.6;/usr/lib/x86_64-linux-gnu/libc.so.6;thread_native_entry;Thread::call_run;VMThread::run;VMThread::wait_for_operation;Monitor::wait_without_safepoint_check;PlatformMonitor::wait;pthread_cond_timedwait;/usr/lib/x86_64-linux-gnu/libc.so.6 1
java/util/concurrent/ForkJoinWorkerThread.run;java/util/concurrent/ForkJoinPool.runWorker;java/util/concurrent/ForkJoinPool.scan;java/util/concurrent/ForkJoinPool$WorkQueue.topLevelExec;java/util/concurrent/ForkJoinTask.doExec;java/util/concurrent/ForkJoinTask$RunnableExecuteAction.exec;java/lang/VirtualThread$$Lambda.0x00007d902c039c78.run;java/lang/VirtualThread.runContinuation;java/lang/VirtualThread.mount;_notify_jvmti_vthread_mount;SharedRuntime::notify_jvmti_vthread_mount;JvmtiVTMSTransitionDisabler::start_VTMS_transition;java_lang_Thread::set_is_in_VTMS_transition 1
java/lang/Thread.run;java/lang/Thread.runWith;java/util/concurrent/ThreadPoolExecutor$Worker.run;java/util/concurrent/ThreadPoolExecutor.runWorker;java/util/concurrent/FutureTask.run;java/util/concurrent/Executors$RunnableAdapter.call;java/util/concurrent/FutureTask.run;org/openjdk/jmh/runner/BenchmarkHandler$BenchmarkTask.call;org/openjdk/jmh/runner/BenchmarkHandler$BenchmarkTask.call;java/lang/reflect/Method.invoke;jdk/internal/reflect/DirectMethodHandleAccessor.invoke;jdk/internal/reflect/DirectMethodHandleAccessor.invokeImpl;java/lang/invoke/LambdaForm$MH.0x00007d902c02e800.invokeExact_MT;java/lang/invoke/LambdaForm$MH.0x00007d902c02e400.invoke;java/lang/invoke/DirectMethodHandle$Holder.invokeSpecial;uk/ac/ncl/jensen/benchmark/jmh_generated/VThreadChurnBenchmark_churn_jmhTest.churn_AverageTime;uk/ac/ncl/jensen/benchmark/jmh_generated/VThreadChurnBenchmark_churn_jmhTest.churn_avgt_jmhStub;uk/ac/ncl/jensen/benchmark/VThreadChurnBenchmark.churn;java/lang/ThreadBuilders$VirtualThreadBuilder.start;java/lang/VirtualThread.start;java/lang/VirtualThread.start;java/lang/VirtualThread.submitRunContinuation;java/util/concurrent/ForkJoinPool.execute;java/util/concurrent/ForkJoinPool.poolSubmit;java/util/concurrent/ForkJoinPool.submissionQueue 2
java/util/concurrent/ForkJoinWorkerThread.run;java/util/concurrent/ForkJoinPool.runWorker;java/util/concurrent/ForkJoinPool.scan;java/util/concurrent/ForkJoinPool$WorkQueue.topLevelExec;java/util/concurrent/ForkJoinTask.doExec;java/util/concurrent/ForkJoinTask$RunnableExecuteAction.exec;java/lang/VirtualThread$$Lambda.0x00007d902c039c78.run;java/lang/VirtualThread.runContinuation;jdk/internal/vm/Continuation.run;jdk/internal/vm/Continuation.enterSpecial;jdk/internal/vm/Continuation.enter;jdk/internal/vm/Continuation.enter0;java/lang/VirtualThread$VThreadContinuation$1.run;java/lang/VirtualThread.run;_notify_jvmti_vthread_end;SharedRuntime::notify_jvmti_vthread_end;JavaThread::rebind_to_jvmti_thread_state_of;java_lang_Thread::jvmti_thread_state 1
java/util/concurrent/ForkJoinWorkerThread.run;java/util/concurrent/ForkJoinPool.runWorker;java/util/concurrent/ForkJoinPool.scan;java/util/concurrent/ForkJoinPool$WorkQueue.topLevelExec;java/util/concurrent/ForkJoinTask.doExec;java/util/concurrent/ForkJoinTask$RunnableExecuteAction.exec;java/lang/VirtualThread$$Lambda.0x00007d902c039c78.run;java/lang/VirtualThread.runContinuation;java/lang/VirtualThread.afterDone;java/lang/VirtualThread.afterDone;java/util/concurrent/CountDownLatch.countDown;java/util/concurrent/locks/AbstractQueuedSynchronizer.releaseShared;java/util/concurrent/locks/AbstractQueuedSynchronizer.signalNext 2
[unknown];jdk/internal/misc/Unsafe.allocateMemory0 2
java/util/concurrent/ForkJoinWorkerThread.run;java/util/concurrent/ForkJoinPool.runWorker;java/util/concurrent/ForkJoinPool.scan 2
java/lang/Thread.run;java/lang/Thread.runWith;java/util/concurrent/ThreadPoolExecutor$Worker.run;java/util/concurrent/ThreadPoolExecutor.runWorker;java/util/concurrent/FutureTask.run;java/util/concurrent/Executors$RunnableAdapter.call;java/util/concurrent/FutureTask.run;org/openjdk/jmh/runner/BenchmarkHandler$BenchmarkTask.call;org/openjdk/jmh/runner/BenchmarkHandler$BenchmarkTask.call;java/lang/reflect/Method.invoke;jdk/internal/reflect/DirectMethodHandleAccessor.invoke;jdk/internal/reflect/DirectMethodHandleAccessor.invokeImpl;java/lang/invoke/LambdaForm$MH.0x00007d902c02e800.invokeExact_MT;java/lang/invoke/LambdaForm$MH.0x00007d902c02e400.invoke;java/lang/invoke/DirectMethodHandle$Holder.invokeSpecial;uk/ac/ncl/jensen/benchmark/jmh_generated/VThreadChurnBenchmark_churn_jmhTest.churn_AverageTime;uk/ac/ncl/jensen/benchmark/jmh_generated/VThreadChurnBenchmark_churn_jmhTest.churn_avgt_jmhStub;uk/ac/ncl/jensen/benchmark/VThreadChurnBenchmark.churn;java/lang/ThreadBuilders$VirtualThreadBuilder.start;java/lang/VirtualThread.start;java/lang/VirtualThread.start;jdk/internal/vm/ThreadContainers$RootContainer$TrackingRootContainer.onStart;java/util/concurrent/ConcurrentHashMap$KeySetView.add;java/util/concurrent/ConcurrentHashMap.putVal 2
java/util/concurrent/ForkJoinWorkerThread.run;java/util/concurrent/ForkJoinPool.runWorker;java/util/concurrent/ForkJoinPool.scan;java/util/concurrent/ForkJoinPool$WorkQueue.topLevelExec;java/util/concurrent/ForkJoinTask.doExec;java/util/concurrent/ForkJoinTask$RunnableExecuteAction.exec;java/lang/VirtualThread$$Lambda.0x00007d902c039c78.run;java/lang/VirtualThread.runContinuation;java/lang/VirtualThread.afterDone;java/lang/VirtualThread.afterDone;jdk/internal/misc/Unsafe.freeMemory;jdk/internal/misc/Unsafe.freeMemory0;Unsafe_FreeMemory0;__libc_free 46
/usr/lib/x86_64-linux-gnu/libc.so.6;/usr/lib/x86_64-linux-gnu/libc.so.6;thread_native_entry;Thread::call_run;JavaThread::thread_main_inner;CompileBroker::compiler_thread_loop;CompileBroker::invoke_compiler_on_method;C2Compiler::compile_method;Compile::Compile;Compile::Optimize;PhaseCCP::analyze;MergeMemNode::bottom_type 1
java/util/concurrent/ForkJoinWorkerThread.run;java/util/concurrent/ForkJoinPool.runWorker;java/util/concurrent/ForkJoinPool.scan;java/util/concurrent/ForkJoinPool$WorkQueue.topLevelExec;java/util/concurrent/ForkJoinTask.doExec;java/util/concurrent/ForkJoinTask$RunnableExecuteAction.exec;java/lang/VirtualThread$$Lambda.0x00007d902c039c78.run;java/lang/VirtualThread.runContinuation;java/lang/VirtualThread.unmount;_notify_jvmti_vthread_unmount 1
java/lang/Thread.run;java/lang/Thread.runWith;java/util/concurrent/ThreadPoolExecutor$Worker.run;java/util/concurrent/ThreadPoolExecutor.runWorker;java/util/concurrent/FutureTask.run;java/util/concurrent/Executors$RunnableAdapter.call;java/util/concurrent/FutureTask.run;org/openjdk/jmh/runner/BenchmarkHandler$BenchmarkTask.call;org/openjdk/jmh/runner/BenchmarkHandler$BenchmarkTask.call;java/lang/reflect/Method.invoke;jdk/internal/reflect/DirectMethodHandleAccessor.invoke;jdk/internal/reflect/DirectMethodHandleAccessor.invokeImpl;java/lang/invoke/LambdaForm$MH.0x00007d902c02e800.invokeExact_MT;java/lang/invoke/LambdaForm$MH.0x00007d902c02e400.invoke;java/lang/invoke/DirectMethodHandle$Holder.invokeSpecial;uk/ac/ncl/jensen/benchmark/jmh_generated/VThreadChurnBenchmark_churn_jmhTest.churn_AverageTime;uk/ac/ncl/jensen/benchmark/jmh_generated/VThreadChurnBenchmark_churn_jmhTest.churn_avgt_jmhStub;uk/ac/ncl/jensen/benchmark/VThreadChurnBenchmark.churn;java/lang/Thread.join;java/lang/Thread.join;java/lang/VirtualThread.joinNanos;java/util/concurrent/CountDownLatch.await;java/util/concurrent/locks/AbstractQueuedSynchronizer.acquireSharedInterruptibly;java/util/concurrent/locks/AbstractQueuedSynchronizer.acquire;java/util/concurrent/locks/LockSupport.park;jdk/internal/misc/Unsafe.park;Unsafe_Park;Parker::park;pthread_cond_wait;/usr/lib/x86_64-linux-gnu/libc.so.6 34
java/util/concurrent/ForkJoinWorkerThread.run;java/util/concurrent/ForkJoinPool.runWorker;java/util/concurrent/ForkJoinPool.scan;java/util/concurrent/ForkJoinPool.signalWork;java/util/concurrent/locks/LockSupport.unpark;jdk/internal/misc/Unsafe.unpark;Unsafe_Unpark;FastThreadsListHandle::FastThreadsListHandle 1
java/lang/Thread.run;java/lang/Thread.runWith;java/util/concurrent/ThreadPoolExecutor$Worker.run;java/util/concurrent/ThreadPoolExecutor.runWorker;java/util/concurrent/FutureTask.run;java/util/concurrent/Executors$RunnableAdapter.call;java/util/concurrent/FutureTask.run;org/openjdk/jmh/runner/BenchmarkHandler$BenchmarkTask.call;org/openjdk/jmh/runner/BenchmarkHandler$BenchmarkTask.call;java/lang/reflect/Method.invoke;jdk/internal/reflect/DirectMethodHandleAccessor.invoke;jdk/internal/reflect/DirectMethodHandleAccessor.invokeImpl;java/lang/invoke/LambdaForm$MH.0x00007d902c02e800.invokeExact_MT;java/lang/invoke/LambdaForm$MH.0x00007d902c02e400.invoke;java/lang/invoke/DirectMethodHandle$Holder.invokeSpecial;uk/ac/ncl/jensen/benchmark/jmh_generated/VThreadChurnBenchmark_churn_jmhTest.churn_AverageTime;uk/ac/ncl/jensen/benchmark/jmh_generated/VThreadChurnBenchmark_churn_jmhTest.churn_avgt_jmhStub;uk/ac/ncl/jensen/benchmark/VThreadChurnBenchmark.churn;java/lang/Thread.join;java/lang/Thread.join;java/lang/VirtualThread.joinNanos;java/util/concurrent/CountDownLatch.await;java/util/concurrent/locks/AbstractQueuedSynchronizer.acquireSharedInterruptibly;java/util/concurrent/locks/AbstractQueuedSynchronizer.acquire;java/util/concurrent/locks/LockSupport.park;jdk/internal/misc/Unsafe.park;Unsafe_Park;Parker::park;pthread_mutex_trylock 2
java/util/concurrent/ForkJoinWorkerThread.run;java/util/concurrent/ForkJoinPool.runWorker;java/util/concurrent/ForkJoinPool.scan;java/util/concurrent/ForkJoinPool$WorkQueue.topLevelExec;java/util/concurrent/ForkJoinTask.doExec;java/util/concurrent/ForkJoinTask$RunnableExecuteAction.exec;java/lang/VirtualThread$$Lambda.0x00007d902c039c78.run;java/lang/VirtualThread.runContinuation;java/lang/VirtualThread.mount;_notify_jvmti_vthread_mount;SharedRuntime::notify_jvmti_vthread_mount;JNIHandleBlock::allocate_handle 5
java/util/concurrent/ForkJoinWorkerThread.run;java/util/concurrent/ForkJoinPool.runWorker;java/util/concurrent/ForkJoinPool.scan;java/util/concurrent/ForkJoinPool$WorkQueue.topLevelExec;java/util/concurrent/ForkJoinTask.doExec;java/util/concurrent/ForkJoinTask$RunnableExecuteAction.exec;java/lang/VirtualThread$$Lambda.0x00007d902c039c78.run;java/lang/VirtualThread.runContinuation;jdk/internal/vm/Continuation.run;jdk/internal/vm/Continuation.enterSpecial;jdk/internal/vm/Continuation.enter;jdk/internal/vm/Continuation.enter0;java/lang/VirtualThread$VThreadContinuation$1.run;java/lang/VirtualThread.run;_notify_jvmti_vthread_start;SharedRuntime::notify_jvmti_vthread_start;JvmtiVTMSTransitionDisabler::VTMS_vthread_start;JvmtiEventController::thread_started;Mutex::lock;pthread_mutex_lock;/usr/lib/x86_64-linux-gnu/libc.so.6 2382
java/util/concurrent/ForkJoinWorkerThread.run;java/util/concurrent/ForkJoinPool.runWorker;java/util/concurrent/ForkJoinPool.scan;java/util/concurrent/ForkJoinPool$WorkQueue.topLevelExec;java/util/concurrent/ForkJoinTask.doExec;java/util/concurrent/ForkJoinTask$RunnableExecuteAction.exec;java/lang/VirtualThread$$Lambda.0x00007d902c039c78.run;java/lang/VirtualThread.runContinuation;jdk/internal/vm/Continuation.run;jdk/internal/vm/Continuation.enterSpecial;jdk/internal/vm/Continuation.enter;jdk/internal/vm/Continuation.enter0;java/lang/VirtualThread$VThreadContinuation$1.run;java/lang/VirtualThread.run;_notify_jvmti_vthread_start;SharedRuntime::notify_jvmti_vthread_start;JvmtiVTMSTransitionDisabler::VTMS_vthread_start;__pthread_mutex_unlock;/usr/lib/x86_64-linux-gnu/libc.so.6 699
java/util/concurrent/ForkJoinWorkerThread.run;java/util/concurrent/ForkJoinPool.runWorker;java/util/concurrent/ForkJoinPool.scan;java/util/concurrent/ForkJoinPool$WorkQueue.topLevelExec;java/util/concurrent/ForkJoinTask.doExec;java/util/concurrent/ForkJoinTask$RunnableExecuteAction.exec;java/lang/VirtualThread$$Lambda.0x00007d902c039c78.run;java/lang/VirtualThread.runContinuation;jdk/internal/vm/Continuation.run;jdk/internal/vm/Continuation.enterSpecial;jdk/internal/vm/Continuation.enter;jdk/internal/vm/Continuation.enter0;java/lang/VirtualThread$VThreadContinuation$1.run;java/lang/VirtualThread.run;_notify_jvmti_vthread_start;SharedRuntime::notify_jvmti_vthread_start;JvmtiVTMSTransitionDisabler::VTMS_vthread_start;JvmtiVTMSTransitionDisabler::VTMS_mount_end;Mutex::lock;pthread_mutex_lock;/usr/lib/x86_64-linux-gnu/libc.so.6 3107
java/util/concurrent/ForkJoinWorkerThread.run;java/util/concurrent/ForkJoinPool.runWorker;java/util/concurrent/ForkJoinPool.scan;java/util/concurrent/ForkJoinPool$WorkQueue.topLevelExec;java/util/concurrent/ForkJoinTask.doExec;java/util/concurrent/ForkJoinTask$RunnableExecuteAction.exec;java/lang/VirtualThread$$Lambda.0x00007d902c039c78.run;java/lang/VirtualThread.runContinuation;jdk/internal/vm/Continuation.run;jdk/internal/vm/Continuation.enterSpecial;jdk/internal/vm/Continuation.enter;jdk/internal/vm/Continuation.enter0;java/lang/VirtualThread$VThreadContinuation$1.run;java/lang/VirtualThread.run 1
java/lang/Thread.run;java/lang/Thread.runWith;java/util/concurrent/ThreadPoolExecutor$Worker.run;java/util/concurrent/ThreadPoolExecutor.runWorker;java/util/concurrent/FutureTask.run;java/util/concurrent/Executors$RunnableAdapter.call;java/util/concurrent/FutureTask.run;org/openjdk/jmh/runner/BenchmarkHandler$BenchmarkTask.call;org/openjdk/jmh/runner/BenchmarkHandler$BenchmarkTask.call;java/lang/reflect/Method.invoke;jdk/internal/reflect/DirectMethodHandleAccessor.invoke;jdk/internal/reflect/DirectMethodHandleAccessor.invokeImpl;java/lang/invoke/LambdaForm$MH.0x00007d902c02e800.invokeExact_MT;java/lang/invoke/LambdaForm$MH.0x00007d902c02e400.invoke;java/lang/invoke/DirectMethodHandle$Holder.invokeSpecial;uk/ac/ncl/jensen/benchmark/jmh_generated/VThreadChurnBenchmark_churn_jmhTest.churn_AverageTime;uk/ac/ncl/jensen/benchmark/jmh_generated/VThreadChurnBenchmark_churn_jmhTest.churn_avgt_jmhStub;uk/ac/ncl/jensen/benchmark/VThreadChurnBenchmark.churn;java/lang/ThreadBuilders$VirtualThreadBuilder.start;java/lang/VirtualThread.start;java/lang/VirtualThread.start;jdk/internal/misc/Unsafe.allocateMemory;jdk/internal/misc/Unsafe.allocateMemory0;Unsafe_AllocateMemory0 8
java/util/concurrent/ForkJoinWorkerThread.run;java/util/concurrent/ForkJoinPool.runWorker;java/util/concurrent/ForkJoinPool.scan;java/util/concurrent/ForkJoinPool$WorkQueue.topLevelExec;java/util/concurrent/ForkJoinTask.doExec;java/util/concurrent/ForkJoinTask$RunnableExecuteAction.exec;java/lang/VirtualThread$$Lambda.0x00007d902c039c78.run;java/lang/VirtualThread.runContinuation;jdk/internal/vm/Continuation.run;jdk/internal/vm/Continuation.enterSpecial;jdk/internal/vm/Continuation.enter;jdk/internal/vm/Continuation.enter0;java/lang/VirtualThread$VThreadContinuation$1.run;java/lang/VirtualThread.run;_notify_jvmti_vthread_start;SharedRuntime::notify_jvmti_vthread_start;JvmtiVTMSTransitionDisabler::VTMS_vthread_start;JvmtiVTMSTransitionDisabler::VTMS_mount_end;Mutex::lock;__tls_get_addr 1
java/util/concurrent/ForkJoinWorkerThread.run;java/util/concurrent/ForkJoinPool.runWorker;java/util/concurrent/ForkJoinPool.awaitWork;java/util/concurrent/locks/LockSupport.park;jdk/internal/misc/Unsafe.park;Unsafe_Park;Parker::park;__pthread_mutex_unlock;/usr/lib/x86_64-linux-gnu/libc.so.6 24
java/util/concurrent/ForkJoinWorkerThread.run;java/util/concurrent/ForkJoinPool.runWorker;java/util/concurrent/ForkJoinPool.scan;java/util/concurrent/ForkJoinPool$WorkQueue.topLevelExec;java/util/concurrent/ForkJoinTask.doExec;java/util/concurrent/ForkJoinTask$RunnableExecuteAction.exec;java/lang/VirtualThread$$Lambda.0x00007d902c039c78.run;java/lang/VirtualThread.runContinuation;jdk/internal/vm/Continuation.run;jdk/internal/vm/Continuation.enterSpecial;jdk/internal/vm/Continuation.enter;jdk/internal/vm/Continuation.enter0;java/lang/VirtualThread$VThreadContinuation$1.run;java/lang/VirtualThread.run;_notify_jvmti_vthread_start;SharedRuntime::notify_jvmti_vthread_start 1
java/util/concurrent/ForkJoinWorkerThread.run;java/util/concurrent/ForkJoinPool.runWorker;java/util/concurrent/ForkJoinPool.scan;java/util/concurrent/ForkJoinPool$WorkQueue.topLevelExec;java/util/concurrent/ForkJoinTask.doExec;java/util/concurrent/ForkJoinTask$RunnableExecuteAction.exec;java/lang/VirtualThread$$Lambda.0x00007d902c039c78.run;java/lang/VirtualThread.runContinuation;jdk/internal/vm/Continuation.run;jdk/internal/vm/Continuation.enterSpecial;jdk/internal/vm/Continuation.enter;jdk/internal/vm/Continuation.enter0;java/lang/VirtualThread$VThreadContinuation$1.run;java/lang/VirtualThread.run;_notify_jvmti_vthread_end;SharedRuntime::notify_jvmti_vthread_end;JvmtiVTMSTransitionDisabler::VTMS_vthread_end;JvmtiExport::cleanup_thread;JvmtiEventController::thread_ended;JvmtiThreadState::~JvmtiThreadState;_SafeFetchN_fault 1
java/util/concurrent/ForkJoinWorkerThread.run;java/util/concurrent/ForkJoinPool.runWorker;java/util/concurrent/ForkJoinPool.scan;java/util/concurrent/ForkJoinPool$WorkQueue.topLevelExec;java/util/concurrent/ForkJoinTask.doExec;java/util/concurrent/ForkJoinTask$RunnableExecuteAction.exec;java/lang/VirtualThread$$Lambda.0x00007d902c039c78.run;java/lang/VirtualThread.runContinuation;jdk/internal/vm/Continuation.run;jdk/internal/vm/Continuation.enterSpecial;jdk/internal/vm/Continuation.enter;jdk/internal/vm/Continuation.enter0;java/lang/VirtualThread$VThreadContinuation$1.run;java/lang/VirtualThread.run;_notify_jvmti_vthread_end;SharedRuntime::notify_jvmti_vthread_end;JavaThread::rebind_to_jvmti_thread_state_of 1
java/util/concurrent/ForkJoinWorkerThread.run;java/util/concurrent/ForkJoinPool.runWorker;java/util/concurrent/ForkJoinPool.scan;java/util/concurrent/ForkJoinPool$WorkQueue.topLevelExec;java/util/concurrent/ForkJoinTask.doExec;java/util/concurrent/ForkJoinTask$RunnableExecuteAction.exec;java/lang/VirtualThread$$Lambda.0x00007d902c039c78.run;java/lang/VirtualThread.runContinuation;jdk/internal/vm/Continuation.run;jdk/internal/vm/Continuation.enterSpecial;jdk/internal/vm/Continuation.enter;jdk/internal/vm/Continuation.enter0;java/lang/VirtualThread$VThreadContinuation$1.run;java/lang/VirtualThread.run;_notify_jvmti_vthread_start;SharedRuntime::notify_jvmti_vthread_start;JvmtiVTMSTransitionDisabler::VTMS_vthread_start;__pthread_mutex_unlock 35
java/util/concurrent/ForkJoinWorkerThread.run;java/util/concurrent/ForkJoinPool.runWorker;java/util/concurrent/ForkJoinPool.scan;java/util/concurrent/ForkJoinPool$WorkQueue.topLevelExec;java/util/concurrent/ForkJoinTask.doExec;java/util/concurrent/ForkJoinTask$RunnableExecuteAction.exec;java/lang/VirtualThread$$Lambda.0x00007d902c039c78.run;java/lang/VirtualThread.runContinuation;jdk/internal/vm/Continuation.run;jdk/internal/vm/Continuation.enterSpecial;jdk/internal/vm/Continuation.enter;jdk/internal/vm/Continuation.enter0;java/lang/VirtualThread$VThreadContinuation$1.run;java/lang/VirtualThread.run;_notify_jvmti_vthread_start;SharedRuntime::notify_jvmti_vthread_start;JvmtiVTMSTransitionDisabler::VTMS_vthread_start;JvmtiVTMSTransitionDisabler::VTMS_mount_end;Mutex::lock;pthread_mutex_trylock 36
java/util/concurrent/ForkJoinWorkerThread.run;java/util/concurrent/ForkJoinPool.runWorker;java/util/concurrent/ForkJoinPool.scan;java/util/concurrent/ForkJoinPool$WorkQueue.topLevelExec;java/util/concurrent/ForkJoinTask.doExec;java/util/concurrent/ForkJoinTask$RunnableExecuteAction.exec;java/lang/VirtualThread$$Lambda.0x00007d902c039c78.run;java/lang/VirtualThread.runContinuation;jdk/internal/vm/Continuation.run;jdk/internal/vm/Continuation.enterSpecial;jdk/internal/vm/Continuation.enter;jdk/internal/vm/Continuation.enter0;java/lang/VirtualThread$VThreadContinuation$1.run;java/lang/VirtualThread.run;_notify_jvmti_vthread_end;SharedRuntime::notify_jvmti_vthread_end;JvmtiVTMSTransitionDisabler::VTMS_vthread_end;JvmtiExport::cleanup_thread;JvmtiEventController::thread_ended;JvmtiThreadState::~JvmtiThreadState;FreeHeap 1
/usr/lib/x86_64-linux-gnu/libc.so.6;/usr/lib/x86_64-linux-gnu/libc.so.6;thread_native_entry;Thread::call_run;JavaThread::thread_main_inner;CompileBroker::compiler_thread_loop;CompileBroker::invoke_compiler_on_method;C2Compiler::compile_method;Compile::Compile;Compile::Code_Gen;PhaseChaitin::Register_Allocate;PhaseChaitin::gather_lrg_masks 1
java/util/concurrent/ForkJoinWorkerThread.run;java/util/concurrent/ForkJoinPool.runWorker;java/util/concurrent/ForkJoinPool.scan;java/util/concurrent/ForkJoinPool.signalWork;java/util/concurrent/ForkJoinPool.compareAndExchangeCtl 1
java/util/concurrent/ForkJoinWorkerThread.run;java/util/concurrent/ForkJoinPool.runWorker;java/util/concurrent/ForkJoinPool.scan;java/util/concurrent/ForkJoinPool$WorkQueue.topLevelExec;java/util/concurrent/ForkJoinTask.doExec;java/util/concurrent/ForkJoinTask$RunnableExecuteAction.exec;java/lang/VirtualThread$$Lambda.0x00007d902c039c78.run;java/lang/VirtualThread.runContinuation;jdk/internal/vm/Continuation.run;jdk/internal/vm/Continuation.enterSpecial;jdk/internal/vm/Continuation.enter;jdk/internal/vm/Continuation.enter0;java/lang/VirtualThread$VThreadContinuation$1.run;java/lang/VirtualThread.run;_notify_jvmti_vthread_end;SharedRuntime::notify_jvmti_vthread_end;JvmtiVTMSTransitionDisabler::VTMS_vthread_end;JvmtiExport::cleanup_thread;JvmtiEventController::thread_ended;JvmtiThreadState::~JvmtiThreadState;_SafeFetchN_fault 110
java/util/concurrent/ForkJoinWorkerThread.run;java/util/concurrent/ForkJoinPool.runWorker;java/util/concurrent/ForkJoinPool.scan;java/util/concurrent/ForkJoinPool$WorkQueue.topLevelExec;java/util/concurrent/ForkJoinTask.doExec;java/util/concurrent/ForkJoinTask$RunnableExecuteAction.exec;java/lang/VirtualThread$$Lambda.0x00007d902c039c78.run;java/lang/VirtualThread.runContinuation;jdk/internal/vm/Continuation.run;jdk/internal/vm/Continuation.enterSpecial;jdk/internal/vm/Continuation.enter;jdk/internal/vm/Continuation.enter0;java/lang/VirtualThread$VThreadContinuation$1.run;java/lang/VirtualThread.run;_notify_jvmti_vthread_start;SharedRuntime::notify_jvmti_vthread_start;JvmtiVTMSTransitionDisabler::VTMS_vthread_start;JvmtiEventController::thread_started;JvmtiThreadState::JvmtiThreadState;JavaThread::jvmti_vthread 1
java/util/concurrent/ForkJoinWorkerThread.run;java/util/concurrent/ForkJoinPool.runWorker;java/util/concurrent/ForkJoinPool.scan;java/util/concurrent/ForkJoinPool$WorkQueue.topLevelExec;java/util/concurrent/ForkJoinTask.doExec;java/util/concurrent/ForkJoinTask$RunnableExecuteAction.exec;java/lang/VirtualThread$$Lambda.0x00007d902c039c78.run;java/lang/VirtualThread.runContinuation;java/lang/VirtualThread.unmount 1
java/util/concurrent/ForkJoinWorkerThread.run;java/util/concurrent/ForkJoinPool.runWorker;java/util/concurrent/ForkJoinPool.scan;java/util/concurrent/ForkJoinPool$WorkQueue.topLevelExec;java/util/concurrent/ForkJoinTask.doExec;java/util/concurrent/ForkJoinTask$RunnableExecuteAction.exec;java/lang/VirtualThread$$Lambda.0x00007d902c039c78.run;java/lang/VirtualThread.runContinuation;jdk/internal/vm/Continuation.run;jdk/internal/vm/Continuation.enterSpecial;jdk/internal/vm/Continuation.enter;jdk/internal/vm/Continuation.enter0;java/lang/VirtualThread$VThreadContinuation$1.run;java/lang/VirtualThread.run;_notify_jvmti_vthread_start;SharedRuntime::notify_jvmti_vthread_start;JvmtiVTMSTransitionDisabler::VTMS_vthread_start;JvmtiEventController::thread_started;JvmtiThreadState::JvmtiThreadState;OopStorage::allocate;Mutex::lock_without_safepoint_check 2
java/util/concurrent/ForkJoinWorkerThread.run;java/util/concurrent/ForkJoinPool.runWorker;java/util/concurrent/ForkJoinPool.scan;java/util/concurrent/ForkJoinPool$WorkQueue.topLevelExec;java/util/concurrent/ForkJoinTask.doExec;java/util/concurrent/ForkJoinTask$RunnableExecuteAction.exec;java/lang/VirtualThread$$Lambda.0x00007d902c039c78.run;java/lang/VirtualThread.runContinuation;jdk/internal/vm/Continuation.run;jdk/internal/vm/Continuation.enterSpecial;jdk/internal/vm/Continuation.enter;jdk/internal/vm/Continuation.enter0;java/lang/VirtualThread$VThreadContinuation$1.run;java/lang/VirtualThread.run;_notify_jvmti_vthread_start;SharedRuntime::notify_jvmti_vthread_start;JvmtiVTMSTransitionDisabler::VTMS_vthread_start;JvmtiVTMSTransitionDisabler::finish_VTMS_transition;__tls_get_addr 7
java/util/concurrent/ForkJoinWorkerThread.run;java/util/concurrent/ForkJoinPool.runWorker;java/util/concurrent/ForkJoinPool.scan;java/util/concurrent/ForkJoinPool$WorkQueue.topLevelExec;java/util/concurrent/ForkJoinTask.doExec;java/util/concurrent/ForkJoinTask$RunnableExecuteAction.exec;java/lang/VirtualThread$$Lambda.0x00007d902c039c78.run;java/lang/VirtualThread.runContinuation;jdk/internal/vm/Continuation.run;jdk/internal/vm/Continuation.enterSpecial;jdk/internal/vm/Continuation.enter;jdk/internal/vm/Continuation.enter0;java/lang/VirtualThread$VThreadContinuation$1.run;java/lang/VirtualThread.run;_notify_jvmti_vthread_start;SharedRuntime::notify_jvmti_vthread_start;JvmtiVTMSTransitionDisabler::VTMS_vthread_start;JvmtiVTMSTransitionDisabler::finish_VTMS_transition;java_lang_Thread::set_is_in_VTMS_transition 10
java/util/concurrent/ForkJoinWorkerThread.run;java/util/concurrent/ForkJoinPool.runWorker;java/util/concurrent/ForkJoinPool.scan;java/util/concurrent/ForkJoinPool$WorkQueue.topLevelExec;java/util/concurrent/ForkJoinTask.doExec;java/util/concurrent/ForkJoinTask$RunnableExecuteAction.exec;java/lang/VirtualThread$$Lambda.0x00007d902c039c78.run;java/lang/VirtualThread.runContinuation;jdk/internal/vm/Continuation.run;jdk/internal/vm/Continuation.enterSpecial;jdk/internal/vm/Continuation.enter;jdk/internal/vm/Continuation.enter0;java/lang/VirtualThread$VThreadContinuation$1.run;java/lang/VirtualThread.run;_notify_jvmti_vthread_end;SharedRuntime::notify_jvmti_vthread_end;JvmtiVTMSTransitionDisabler::VTMS_vthread_end;JvmtiExport::cleanup_thread;Mutex::lock 8
java/util/concurrent/ForkJoinWorkerThread.run;java/util/concurrent/ForkJoinPool.runWorker;java/util/concurrent/ForkJoinPool.scan 1
java/util/concurrent/ForkJoinWorkerThread.run;java/util/concurrent/ForkJoinPool.runWorker;java/util/concurrent/ForkJoinPool.scan;java/util/concurrent/ForkJoinPool$WorkQueue.topLevelExec;java/util/concurrent/ForkJoinTask.doExec;java/util/concurrent/ForkJoinTask$RunnableExecuteAction.exec;java/lang/VirtualThread$$Lambda.0x00007d902c039c78.run;java/lang/VirtualThread.runContinuation;jdk/internal/vm/Continuation.run;jdk/internal/vm/Continuation.enterSpecial;jdk/internal/vm/Continuation.enter;jdk/internal/vm/Continuation.enter0;java/lang/VirtualThread$VThreadContinuation$1.run;java/lang/VirtualThread.run;_notify_jvmti_vthread_start;SharedRuntime::notify_jvmti_vthread_start;JvmtiVTMSTransitionDisabler::VTMS_vthread_start;JvmtiEventController::thread_started;Mutex::lock;pthread_mutex_trylock 21
java/util/concurrent/ForkJoinWorkerThread.run;java/util/concurrent/ForkJoinPool.runWorker;java/util/concurrent/ForkJoinPool.scan;java/util/concurrent/ForkJoinPool$WorkQueue.topLevelExec;java/util/concurrent/ForkJoinTask.doExec;java/util/concurrent/ForkJoinTask$RunnableExecuteAction.exec;java/lang/VirtualThread$$Lambda.0x00007d902c039c78.run;java/lang/VirtualThread.runContinuation;jdk/internal/vm/Continuation.run;jdk/internal/vm/Continuation.enterSpecial;jdk/internal/vm/Continuation.enter;jdk/internal/vm/Continuation.enter0;java/lang/VirtualThread$VThreadContinuation$1.run;java/lang/VirtualThread.run;_notify_jvmti_vthread_start;SharedRuntime::notify_jvmti_vthread_start;JvmtiVTMSTransitionDisabler::VTMS_vthread_start;JvmtiEventController::thread_started;AllocateHeap 1
java/util/concurrent/ForkJoinWorkerThread.run;java/util/concurrent/ForkJoinPool.runWorker;java/util/concurrent/ForkJoinPool.awaitWork;java/lang/Thread.onSpinWait 1
java/util/concurrent/ForkJoinWorkerThread.run;java/util/concurrent/ForkJoinPool.runWorker;java/util/concurrent/ForkJoinPool.scan;java/util/concurrent/ForkJoinPool$WorkQueue.topLevelExec;java/util/concurrent/ForkJoinTask.doExec;java/util/concurrent/ForkJoinTask$RunnableExecuteAction.exec;java/lang/VirtualThread$$Lambda.0x00007d902c039c78.run;java/lang/VirtualThread.runContinuation;jdk/internal/vm/Continuation.run;jdk/internal/vm/Continuation.enterSpecial;jdk/internal/vm/Continuation.enter;jdk/internal/vm/Continuation.enter0;java/lang/VirtualThread$VThreadContinuation$1.run;java/lang/VirtualThread.run;_notify_jvmti_vthread_end;SharedRuntime::notify_jvmti_vthread_end;JvmtiVTMSTransitionDisabler::VTMS_vthread_end;JvmtiExport::cleanup_thread;Mutex::lock;pthread_mutex_lock 115
java/lang/Thread.run;java/lang/Thread.runWith;java/util/concurrent/ThreadPoolExecutor$Worker.run;java/util/concurrent/ThreadPoolExecutor.runWorker;java/util/concurrent/FutureTask.run;java/util/concurrent/Executors$RunnableAdapter.call;java/util/concurrent/FutureTask.run;org/openjdk/jmh/runner/BenchmarkHandler$BenchmarkTask.call;org/openjdk/jmh/runner/BenchmarkHandler$BenchmarkTask.call;java/lang/reflect/Method.invoke;jdk/internal/reflect/DirectMethodHandleAccessor.invoke;jdk/internal/reflect/DirectMethodHandleAccessor.invokeImpl;java/lang/invoke/LambdaForm$MH.0x00007d902c02e800.invokeExact_MT;java/lang/invoke/LambdaForm$MH.0x00007d902c02e400.invoke;java/lang/invoke/DirectMethodHandle$Holder.invokeSpecial;uk/ac/ncl/jensen/benchmark/jmh_generated/VThreadChurnBenchmark_churn_jmhTest.churn_AverageTime;uk/ac/ncl/jensen/benchmark/jmh_generated/VThreadChurnBenchmark_churn_jmhTest.churn_avgt_jmhStub;uk/ac/ncl/jensen/benchmark/VThreadChurnBenchmark.churn;java/lang/Thread.join;java/lang/Thread.join;java/lang/VirtualThread.joinNanos;java/util/concurrent/CountDownLatch.await;java/util/concurrent/locks/AbstractQueuedSynchronizer.acquireSharedInterruptibly;java/util/concurrent/locks/AbstractQueuedSynchronizer.acquire;java/util/concurrent/CountDownLatch$Sync.tryAcquireShared;java/util/concurrent/locks/AbstractQueuedSynchronizer.getState 1
java/util/concurrent/ForkJoinWorkerThread.run;java/util/concurrent/ForkJoinPool.runWorker;java/util/concurrent/ForkJoinPool.awaitWork;InterpreterRuntime::frequency_counter_overflow;InterpreterRuntime::frequency_counter_overflow_inner;CompilationPolicy::event;InvocationCounter::set_carry_on_overflow 2
java/util/concurrent/ForkJoinWorkerThread.run;java/util/concurrent/ForkJoinPool.runWorker;java/util/concurrent/ForkJoinPool.scan;java/util/concurrent/ForkJoinPool$WorkQueue.topLevelExec;java/util/concurrent/ForkJoinTask.doExec;java/util/concurrent/ForkJoinTask$RunnableExecuteAction.exec;java/lang/VirtualThread$$Lambda.0x00007d902c039c78.run;java/lang/VirtualThread.runContinuation;jdk/internal/vm/Continuation.run;jdk/internal/vm/Continuation.enterSpecial;jdk/internal/vm/Continuation.enter;jdk/internal/vm/Continuation.enter0;java/lang/VirtualThread$VThreadContinuation$1.run;java/lang/VirtualThread.run;_notify_jvmti_vthread_end;SharedRuntime::notify_jvmti_vthread_end;JvmtiVTMSTransitionDisabler::VTMS_vthread_end;JvmtiExport::cleanup_thread;JvmtiEventController::thread_ended;JvmtiThreadState::~JvmtiThreadState;AccessInternal::PostRuntimeDispatch<G1BarrierSet::AccessBarrier<548964ul, G1BarrierSet>, (AccessInternal::BarrierType)0, 548964ul>::oop_access_barrier 1
java/lang/Thread.run;java/lang/Thread.runWith;java/util/concurrent/ThreadPoolExecutor$Worker.run;java/util/concurrent/ThreadPoolExecutor.runWorker;java/util/concurrent/FutureTask.run;java/util/concurrent/Executors$RunnableAdapter.call;java/util/concurrent/FutureTask.run;org/openjdk/jmh/runner/BenchmarkHandler$BenchmarkTask.call;org/openjdk/jmh/runner/BenchmarkHandler$BenchmarkTask.call;java/lang/reflect/Method.invoke;jdk/internal/reflect/DirectMethodHandleAccessor.invoke;jdk/internal/reflect/DirectMethodHandleAccessor.invokeImpl;java/lang/invoke/LambdaForm$MH.0x00007d902c02e800.invokeExact_MT;java/lang/invoke/LambdaForm$MH.0x00007d902c02e400.invoke;java/lang/invoke/DirectMethodHandle$Holder.invokeSpecial;uk/ac/ncl/jensen/benchmark/jmh_generated/VThreadChurnBenchmark_churn_jmhTest.churn_AverageTime;uk/ac/ncl/jensen/benchmark/jmh_generated/VThreadChurnBenchmark_churn_jmhTest.churn_avgt_jmhStub;uk/ac/ncl/jensen/benchmark/VThreadChurnBenchmark.churn;java/lang/ThreadBuilders$VirtualThreadBuilder.start;java/lang/VirtualThread.start;java/lang/VirtualThread.start;jdk/internal/misc/Unsafe.allocateMemory;jdk/internal/misc/Unsafe.allocateMemory0;Unsafe_AllocateMemory0;os::malloc;malloc;/usr/lib/x86_64-linux-gnu/libc.so.6 98
java/util/concurrent/ForkJoinWorkerThread.run;java/util/concurrent/ForkJoinPool.runWorker;java/util/concurrent/ForkJoinPool.awaitWork 231
java/lang/Thread.run;java/lang/Thread.runWith;java/util/concurrent/ThreadPoolExecutor$Worker.run;java/util/concurrent/ThreadPoolExecutor.runWorker;java/util/concurrent/FutureTask.run;java/util/concurrent/Executors$RunnableAdapter.call;java/util/concurrent/FutureTask.run;org/openjdk/jmh/runner/BenchmarkHandler$BenchmarkTask.call;org/openjdk/jmh/runner/BenchmarkHandler$BenchmarkTask.call;java/lang/reflect/Method.invoke;jdk/internal/reflect/DirectMethodHandleAccessor.invoke;jdk/internal/reflect/DirectMethodHandleAccessor.invokeImpl;java/lang/invoke/LambdaForm$MH.0x00007d902c02e800.invokeExact_MT;java/lang/invoke/LambdaForm$MH.0x00007d902c02e400.invoke;java/lang/invoke/DirectMethodHandle$Holder.invokeSpecial;uk/ac/ncl/jensen/benchmark/jmh_generated/VThreadChurnBenchmark_churn_jmhTest.churn_AverageTime;uk/ac/ncl/jensen/benchmark/jmh_generated/VThreadChurnBenchmark_churn_jmhTest.churn_avgt_jmhStub;uk/ac/ncl/jensen/benchmark/VThreadChurnBenchmark.churn;java/lang/ThreadBuilders$VirtualThreadBuilder.start;java/lang/VirtualThread.start;java/lang/VirtualThread.start;java/lang/VirtualThread.submitRunContinuation;java/util/concurrent/ForkJoinPool.execute;java/util/concurrent/ForkJoinPool.poolSubmit;java/util/concurrent/ForkJoinPool$WorkQueue.push;java/util/concurrent/ForkJoinPool.signalWork;java/util/concurrent/locks/LockSupport.unpark;jdk/internal/misc/Unsafe.unpark;Unsafe_Unpark;pthread_cond_signal 1
java/util/concurrent/ForkJoinWorkerThread.run;java/util/concurrent/ForkJoinPool.runWorker;java/util/concurrent/ForkJoinPool.scan;java/util/concurrent/ForkJoinPool$WorkQueue.topLevelExec;java/util/concurrent/ForkJoinTask.doExec;java/util/concurrent/ForkJoinTask$RunnableExecuteAction.exec;java/lang/VirtualThread$$Lambda.0x00007d902c039c78.run;java/lang/VirtualThread.runContinuation;jdk/internal/vm/Continuation.run;jdk/internal/vm/Continuation.enterSpecial;jdk/internal/vm/Continuation.enter;jdk/internal/vm/Continuation.enter0;java/lang/VirtualThread$VThreadContinuation$1.run;java/lang/VirtualThread.run;_notify_jvmti_vthread_start;SharedRuntime::notify_jvmti_vthread_start;JvmtiVTMSTransitionDisabler::VTMS_vthread_start;JvmtiEventController::thread_started;JvmtiThreadState::JvmtiThreadState;java_lang_VirtualThread::is_instance 2
java/util/concurrent/ForkJoinWorkerThread.run;java/util/concurrent/ForkJoinPool.runWorker;java/util/concurrent/ForkJoinPool.scan;java/util/concurrent/ForkJoinPool$WorkQueue.topLevelExec;java/util/concurrent/ForkJoinTask.doExec;java/util/concurrent/ForkJoinTask$RunnableExecuteAction.exec;java/lang/VirtualThread$$Lambda.0x00007d902c039c78.run;java/lang/VirtualThread.runContinuation;jdk/internal/vm/Continuation.run;jdk/internal/vm/Continuation.enterSpecial;jdk/internal/vm/Continuation.enter;jdk/internal/vm/Continuation.enter0;java/lang/VirtualThread$VThreadContinuation$1.run;java/lang/VirtualThread.run;_notify_jvmti_vthread_start;SharedRuntime::notify_jvmti_vthread_start;JNIHandles::make_local 3
java/lang/Thread.run;java/lang/Thread.runWith;java/util/concurrent/ThreadPoolExecutor$Worker.run;java/util/concurrent/ThreadPoolExecutor.runWorker;java/util/concurrent/FutureTask.run;java/util/concurrent/Executors$RunnableAdapter.call;java/util/concurrent/FutureTask.run;org/openjdk/jmh/runner/BenchmarkHandler$BenchmarkTask.call;org/openjdk/jmh/runner/BenchmarkHandler$BenchmarkTask.call;java/lang/reflect/Method.invoke;jdk/internal/reflect/DirectMethodHandleAccessor.invoke;jdk/internal/reflect/DirectMethodHandleAccessor.invokeImpl;java/lang/invoke/LambdaForm$MH.0x00007d902c02e800.invokeExact_MT;java/lang/invoke/LambdaForm$MH.0x00007d902c02e400.invoke;java/lang/invoke/DirectMethodHandle$Holder.invokeSpecial;uk/ac/ncl/jensen/benchmark/jmh_generated/VThreadChurnBenchmark_churn_jmhTest.churn_AverageTime;uk/ac/ncl/jensen/benchmark/jmh_generated/VThreadChurnBenchmark_churn_jmhTest.churn_avgt_jmhStub;uk/ac/ncl/jensen/benchmark/VThreadChurnBenchmark.churn;java/lang/Thread.join;java/lang/Thread.join;java/lang/VirtualThread.joinNanos;java/util/concurrent/CountDownLatch.await;java/util/concurrent/locks/AbstractQueuedSynchronizer.acquireSharedInterruptibly;java/util/concurrent/locks/AbstractQueuedSynchronizer.acquire;java/util/concurrent/locks/LockSupport.park;jdk/internal/misc/Unsafe.park;Unsafe_Park;java_lang_Thread::set_thread_status;AccessInternal::PostRuntimeDispatch<G1BarrierSet::AccessBarrier<286822ul, G1BarrierSet>, (AccessInternal::BarrierType)3, 286822ul>::oop_access_barrier 1
java/util/concurrent/ForkJoinWorkerThread.run;java/util/concurrent/ForkJoinPool.runWorker;java/util/concurrent/ForkJoinPool.scan 86
java/util/concurrent/ForkJoinWorkerThread.run;java/util/concurrent/ForkJoinPool.runWorker;java/util/concurrent/ForkJoinPool.scan;java/util/concurrent/ForkJoinPool$WorkQueue.topLevelExec;java/util/concurrent/ForkJoinTask.doExec;java/util/concurrent/ForkJoinTask$RunnableExecuteAction.exec;java/lang/VirtualThread$$Lambda.0x00007d902c039c78.run;java/lang/VirtualThread.runContinuation;jdk/internal/vm/Continuation.run;jdk/internal/vm/Continuation.enterSpecial;jdk/internal/vm/Continuation.enter;jdk/internal/vm/Continuation.enter0;java/lang/VirtualThread$VThreadContinuation$1.run;java/lang/VirtualThread.run;_notify_jvmti_vthread_start;SharedRuntime::notify_jvmti_vthread_start;JvmtiVTMSTransitionDisabler::VTMS_vthread_start;JvmtiVTMSTransitionDisabler::VTMS_mount_end;JavaThread::rebind_to_jvmti_thread_state_of 1
java/util/concurrent/ForkJoinWorkerThread.run;java/util/concurrent/ForkJoinPool.runWorker;java/util/concurrent/ForkJoinPool.awaitWork;InterpreterRuntime::frequency_counter_overflow;InterpreterRuntime::frequency_counter_overflow_inner;CompilationPolicy::event;CompilationPolicy::method_back_branch_event;CompilationPolicy::compile;CompileBroker::compile_method;DirectiveSet::compilecommand_compatibility_init 2
java/util/concurrent/ForkJoinWorkerThread.run;java/util/concurrent/ForkJoinPool.runWorker;java/util/concurrent/ForkJoinPool.scan;java/util/concurrent/ForkJoinPool$WorkQueue.topLevelExec;java/util/concurrent/ForkJoinTask.doExec;java/util/concurrent/ForkJoinTask$RunnableExecuteAction.exec;java/lang/VirtualThread$$Lambda.0x00007d902c039c78.run;java/lang/VirtualThread.runContinuation;jdk/internal/vm/Continuation.run;jdk/internal/vm/Continuation.enterSpecial;jdk/internal/vm/Continuation.enter;jdk/internal/vm/Continuation.enter0;java/lang/VirtualThread$VThreadContinuation$1.run;java/lang/VirtualThread.run;_notify_jvmti_vthread_end;SharedRuntime::notify_jvmti_vthread_end;JvmtiVTMSTransitionDisabler::VTMS_vthread_end;AccessInternal::PostRuntimeDispatch<G1BarrierSet::AccessBarrier<548964ul, G1BarrierSet>, (AccessInternal::BarrierType)2, 548964ul>::oop_access_barrier 5
java/lang/Thread.run;java/lang/Thread.runWith;java/util/concurrent/ThreadPoolExecutor$Worker.run;java/util/concurrent/ThreadPoolExecutor.runWorker;java/util/concurrent/FutureTask.run;java/util/concurrent/Executors$RunnableAdapter.call;java/util/concurrent/FutureTask.run;org/openjdk/jmh/runner/BenchmarkHandler$BenchmarkTask.call;org/openjdk/jmh/runner/BenchmarkHandler$BenchmarkTask.call;java/lang/reflect/Method.invoke;jdk/internal/reflect/DirectMethodHandleAccessor.invoke;jdk/internal/reflect/DirectMethodHandleAccessor.invokeImpl;java/lang/invoke/LambdaForm$MH.0x00007d902c02e800.invokeExact_MT;java/lang/invoke/LambdaForm$MH.0x00007d902c02e400.invoke;java/lang/invoke/DirectMethodHandle$Holder.invokeSpecial;uk/ac/ncl/jensen/benchmark/jmh_generated/VThreadChurnBenchmark_churn_jmhTest.churn_AverageTime;uk/ac/ncl/jensen/benchmark/jmh_generated/VThreadChurnBenchmark_churn_jmhTest.churn_avgt_jmhStub;uk/ac/ncl/jensen/benchmark/VThreadChurnBenchmark.churn;java/lang/ThreadBuilders$VirtualThreadBuilder.start;java/lang/ThreadBuilders$VirtualThreadBuilder.unstarted;java/lang/ThreadBuilders.newVirtualThread;java/lang/VirtualThread.<init>;java/lang/BaseVirtualThread.<init>;java/lang/Thread.<init> 2
java/util/concurrent/ForkJoinWorkerThread.run;java/util/concurrent/ForkJoinPool.runWorker;java/util/concurrent/ForkJoinPool.scan;java/util/concurrent/ForkJoinPool$WorkQueue.topLevelExec;java/util/concurrent/ForkJoinTask.doExec;java/util/concurrent/ForkJoinTask$RunnableExecuteAction.exec;java/lang/VirtualThread$$Lambda.0x00007d902c039c78.run;java/lang/VirtualThread.runContinuation;java/lang/VirtualThread.unmount;_notify_jvmti_vthread_unmount;SharedRuntime::notify_jvmti_vthread_unmount;JNIHandleBlock::allocate_handle 6
java/util/concurrent/ForkJoinWorkerThread.run;java/util/concurrent/ForkJoinPool.runWorker;java/util/concurrent/ForkJoinPool.scan;java/util/concurrent/ForkJoinPool$WorkQueue.topLevelExec;java/util/concurrent/ForkJoinTask.doExec;java/util/concurrent/ForkJoinTask$RunnableExecuteAction.exec;java/lang/VirtualThread$$Lambda.0x00007d902c039c78.run;java/lang/VirtualThread.runContinuation;jdk/internal/vm/Continuation.run;jdk/internal/vm/Continuation.enterSpecial;jdk/internal/vm/Continuation.enter;jdk/internal/vm/Continuation.enter0;java/lang/VirtualThread$VThreadContinuation$1.run;java/lang/VirtualThread.run;_notify_jvmti_vthread_start;SharedRuntime::notify_jvmti_vthread_start;JvmtiVTMSTransitionDisabler::VTMS_vthread_start;JvmtiVTMSTransitionDisabler::VTMS_mount_end;Mutex::lock;JavaThread::is_active_Java_thread 2
java/util/concurrent/ForkJoinWorkerThread.run;java/util/concurrent/ForkJoinPool.runWorker;java/util/concurrent/ForkJoinPool.scan;java/util/concurrent/ForkJoinPool$WorkQueue.topLevelExec;java/util/concurrent/ForkJoinTask.doExec;java/util/concurrent/ForkJoinTask$RunnableExecuteAction.exec;java/lang/VirtualThread$$Lambda.0x00007d902c039c78.run;java/lang/VirtualThread.runContinuation;jdk/internal/vm/Continuation.run;jdk/internal/vm/Continuation.enterSpecial;jdk/internal/vm/Continuation.enter;jdk/internal/vm/Continuation.enter0;java/lang/VirtualThread$VThreadContinuation$1.run;java/lang/VirtualThread.run;_notify_jvmti_vthread_start;SharedRuntime::notify_jvmti_vthread_start;JvmtiVTMSTransitionDisabler::VTMS_vthread_start;JvmtiVTMSTransitionDisabler::VTMS_mount_end;Mutex::lock;pthread_mutex_lock;/usr/lib/x86_64-linux-gnu/libc.so.6 447
java/util/concurrent/ForkJoinWorkerThread.run;java/util/concurrent/ForkJoinPool.runWorker;java/util/concurrent/ForkJoinPool.awaitWork;InterpreterRuntime::frequency_counter_overflow;InterpreterRuntime::frequency_counter_overflow_inner;CompilationPolicy::event;CompilationPolicy::method_back_branch_event;CompilationPolicy::compile;CompilationPolicy::can_be_compiled 1
[unknown];java/util/concurrent/ForkJoinPool.runWorker;I2C/C2I adapters 1
java/util/concurrent/ForkJoinWorkerThread.run;java/util/concurrent/ForkJoinPool.runWorker;java/util/concurrent/ForkJoinPool.scan;java/util/concurrent/ForkJoinPool$WorkQueue.topLevelExec;java/util/concurrent/ForkJoinTask.doExec;java/util/concurrent/ForkJoinTask$RunnableExecuteAction.exec;java/lang/VirtualThread$$Lambda.0x00007d902c039c78.run;java/lang/VirtualThread.runContinuation;jdk/internal/vm/Continuation.run;jdk/internal/vm/Continuation.enterSpecial;jdk/internal/vm/Continuation.enter;jdk/internal/vm/Continuation.enter0;java/lang/VirtualThread$VThreadContinuation$1.run;java/lang/VirtualThread.run;_notify_jvmti_vthread_start;SharedRuntime::notify_jvmti_vthread_start;JvmtiVTMSTransitionDisabler::VTMS_vthread_start;JvmtiVTMSTransitionDisabler::VTMS_mount_end;__pthread_mutex_unlock 92
java/lang/Thread.run;java/lang/Thread.runWith;java/util/concurrent/ThreadPoolExecutor$Worker.run;java/util/concurrent/ThreadPoolExecutor.runWorker;java/util/concurrent/FutureTask.run;java/util/concurrent/Executors$RunnableAdapter.call;java/util/concurrent/FutureTask.run;org/openjdk/jmh/runner/BenchmarkHandler$BenchmarkTask.call;org/openjdk/jmh/runner/BenchmarkHandler$BenchmarkTask.call;java/lang/reflect/Method.invoke;jdk/internal/reflect/DirectMethodHandleAccessor.invoke;jdk/internal/reflect/DirectMethodHandleAccessor.invokeImpl;java/lang/invoke/LambdaForm$MH.0x00007d902c02e800.invokeExact_MT;java/lang/invoke/LambdaForm$MH.0x00007d902c02e400.invoke;java/lang/invoke/DirectMethodHandle$Holder.invokeSpecial;uk/ac/ncl/jensen/benchmark/jmh_generated/VThreadChurnBenchmark_churn_jmhTest.churn_AverageTime;uk/ac/ncl/jensen/benchmark/jmh_generated/VThreadChurnBenchmark_churn_jmhTest.churn_avgt_jmhStub;uk/ac/ncl/jensen/benchmark/VThreadChurnBenchmark.churn;java/lang/ThreadBuilders$VirtualThreadBuilder.start;java/lang/VirtualThread.start;java/lang/VirtualThread.start;java/lang/VirtualThread.compareAndSetState 12
java/util/concurrent/ForkJoinWorkerThread.run;java/util/concurrent/ForkJoinPool.runWorker;java/util/concurrent/ForkJoinPool.scan;java/util/concurrent/ForkJoinPool$WorkQueue.topLevelExec;java/util/concurrent/ForkJoinTask.doExec;java/util/concurrent/ForkJoinTask$RunnableExecuteAction.exec;java/lang/VirtualThread$$Lambda.0x00007d902c039c78.run;java/lang/VirtualThread.runContinuation;jdk/internal/vm/Continuation.run;jdk/internal/vm/Continuation.enterSpecial;jdk/internal/vm/Continuation.enter;jdk/internal/vm/Continuation.enter0;java/lang/VirtualThread$VThreadContinuation$1.run;java/lang/VirtualThread.run;_notify_jvmti_vthread_start;SharedRuntime::notify_jvmti_vthread_start;JvmtiVTMSTransitionDisabler::VTMS_vthread_start;JvmtiEventController::thread_started;JvmtiThreadState::JvmtiThreadState;OopStorage::allocate;Mutex::lock_without_safepoint_check;pthread_mutex_lock 6
java/util/concurrent/ForkJoinWorkerThread.run;java/util/concurrent/ForkJoinPool.runWorker;java/util/concurrent/ForkJoinPool.scan;java/util/concurrent/ForkJoinPool$WorkQueue.topLevelExec;java/util/concurrent/ForkJoinTask.doExec;java/util/concurrent/ForkJoinTask$RunnableExecuteAction.exec;java/lang/VirtualThread$$Lambda.0x00007d902c039c78.run;java/lang/VirtualThread.runContinuation;jdk/internal/vm/Continuation.run;jdk/internal/vm/Continuation.currentCarrierThread;java/lang/System$2.currentCarrierThread 1
java/util/concurrent/ForkJoinWorkerThread.run;java/util/concurrent/ForkJoinPool.runWorker;java/util/concurrent/ForkJoinPool.scan;java/util/concurrent/ForkJoinPool$WorkQueue.topLevelExec;java/util/concurrent/ForkJoinTask.doExec;java/util/concurrent/ForkJoinTask$RunnableExecuteAction.exec;java/lang/VirtualThread$$Lambda.0x00007d902c039c78.run;java/lang/VirtualThread.runContinuation;java/lang/VirtualThread.afterDone;java/lang/VirtualThread.afterDone 1
java/util/concurrent/ForkJoinWorkerThread.run;java/util/concurrent/ForkJoinPool.runWorker;java/util/concurrent/ForkJoinPool.scan;java/util/concurrent/ForkJoinPool$WorkQueue.topLevelExec;java/util/concurrent/ForkJoinTask.doExec 2
java/util/concurrent/ForkJoinWorkerThread.run;java/util/concurrent/ForkJoinPool.runWorker;java/util/concurrent/ForkJoinPool.awaitWork;java/util/concurrent/locks/LockSupport.park;jdk/internal/misc/Unsafe.park;Unsafe_Park;Parker::park;ThreadBlockInVMPreprocess<void (JavaThread*)>::~ThreadBlockInVMPreprocess 1
java/util/concurrent/ForkJoinWorkerThread.run;java/util/concurrent/ForkJoinPool.runWorker;java/util/concurrent/ForkJoinPool.scan;java/util/concurrent/ForkJoinPool$WorkQueue.topLevelExec;java/util/concurrent/ForkJoinTask.doExec;java/util/concurrent/ForkJoinTask$RunnableExecuteAction.exec;java/lang/VirtualThread$$Lambda.0x00007d902c039c78.run;java/lang/VirtualThread.runContinuation;jdk/internal/vm/Continuation.run;jdk/internal/vm/Continuation.enterSpecial;jdk/internal/vm/Continuation.enter 1
java/util/concurrent/ForkJoinWorkerThread.run;java/util/concurrent/ForkJoinPool.runWorker;java/util/concurrent/ForkJoinPool.scan;java/util/concurrent/ForkJoinPool$WorkQueue.topLevelExec;java/util/concurrent/ForkJoinTask.doExec;java/util/concurrent/ForkJoinTask$RunnableExecuteAction.exec;java/lang/VirtualThread$$Lambda.0x00007d902c039c78.run;java/lang/VirtualThread.runContinuation;jdk/internal/vm/Continuation.run;jdk/internal/vm/Continuation.enterSpecial;jdk/internal/vm/Continuation.enter;jdk/internal/vm/Continuation.enter0;java/lang/VirtualThread$VThreadContinuation$1.run;java/lang/VirtualThread.run;_notify_jvmti_vthread_end;SharedRuntime::notify_jvmti_vthread_end;JvmtiVTMSTransitionDisabler::VTMS_vthread_end;JvmtiExport::cleanup_thread;JvmtiEventController::thread_ended;JvmtiThreadState::~JvmtiThreadState;__libc_free 16
java/util/concurrent/ForkJoinWorkerThread.run;java/util/concurrent/ForkJoinPool.runWorker;java/util/concurrent/ForkJoinPool.scan;java/util/concurrent/ForkJoinPool$WorkQueue.topLevelExec;java/util/concurrent/ForkJoinTask.doExec;java/util/concurrent/ForkJoinTask$RunnableExecuteAction.exec;java/lang/VirtualThread$$Lambda.0x00007d902c039c78.run;java/lang/VirtualThread.runContinuation;java/lang/VirtualThread.compareAndSetState 1
java/util/concurrent/ForkJoinWorkerThread.run;java/util/concurrent/ForkJoinPool.runWorker;java/util/concurrent/ForkJoinPool.scan;java/util/concurrent/ForkJoinPool$WorkQueue.topLevelExec;java/util/concurrent/ForkJoinTask.doExec;java/util/concurrent/ForkJoinTask$RunnableExecuteAction.exec;java/lang/VirtualThread$$Lambda.0x00007d902c039c78.run;java/lang/VirtualThread.runContinuation;jdk/internal/vm/Continuation.run;jdk/internal/vm/Continuation.enterSpecial;jdk/internal/vm/Continuation.enter;jdk/internal/vm/Continuation.enter0;java/lang/VirtualThread$VThreadContinuation$1.run;java/lang/VirtualThread.run;_notify_jvmti_vthread_start;SharedRuntime::notify_jvmti_vthread_start;JvmtiVTMSTransitionDisabler::VTMS_vthread_start;JvmtiEventController::thread_started;AllocateHeap;os::malloc 1
java/util/concurrent/ForkJoinWorkerThread.run;java/util/concurrent/ForkJoinPool.runWorker;java/util/concurrent/ForkJoinPool.awaitWork;java/util/concurrent/locks/LockSupport.park;jdk/internal/misc/Unsafe.park;Unsafe_Park;Parker::park;__pthread_mutex_unlock 1
/usr/lib/x86_64-linux-gnu/libc.so.6;/usr/lib/x86_64-linux-gnu/libc.so.6;thread_native_entry;Thread::call_run;JavaThread::thread_main_inner;CompileBroker::compiler_thread_loop;CompileBroker::invoke_compiler_on_method;C2Compiler::compile_method;Compile::Compile;Compile::Code_Gen;PhaseCFG::do_global_code_motion;PhaseCFG::global_code_motion;PhaseCFG::schedule_late;Node_Backward_Iterator::next 1
java/util/concurrent/ForkJoinWorkerThread.run;java/util/concurrent/ForkJoinPool.runWorker;java/util/concurrent/ForkJoinPool.scan 1
java/lang/Thread.run;java/lang/Thread.runWith;java/util/concurrent/ThreadPoolExecutor$Worker.run;java/util/concurrent/ThreadPoolExecutor.runWorker;java/util/concurrent/FutureTask.run;java/util/concurrent/Executors$RunnableAdapter.call;java/util/concurrent/FutureTask.run;org/openjdk/jmh/runner/BenchmarkHandler$BenchmarkTask.call;org/openjdk/jmh/runner/BenchmarkHandler$BenchmarkTask.call;java/lang/reflect/Method.invoke;jdk/internal/reflect/DirectMethodHandleAccessor.invoke;jdk/internal/reflect/DirectMethodHandleAccessor.invokeImpl;java/lang/invoke/LambdaForm$MH.0x00007d902c02e800.invokeExact_MT;java/lang/invoke/LambdaForm$MH.0x00007d902c02e400.invoke;java/lang/invoke/DirectMethodHandle$Holder.invokeSpecial;uk/ac/ncl/jensen/benchmark/jmh_generated/VThreadChurnBenchmark_churn_jmhTest.churn_AverageTime;uk/ac/ncl/jensen/benchmark/jmh_generated/VThreadChurnBenchmark_churn_jmhTest.churn_avgt_jmhStub;uk/ac/ncl/jensen/benchmark/VThreadChurnBenchmark.churn;java/lang/ThreadBuilders$VirtualThreadBuilder.start;java/lang/VirtualThread.start;java/lang/VirtualThread.start;jdk/internal/misc/Unsafe.allocateMemory;jdk/internal/misc/Unsafe.allocateMemory0;Unsafe_AllocateMemory0;os::malloc;malloc 31
java/util/concurrent/ForkJoinWorkerThread.run;java/util/concurrent/ForkJoinPool.runWorker;java/util/concurrent/ForkJoinPool.scan;java/util/concurrent/ForkJoinPool$WorkQueue.topLevelExec;java/util/concurrent/ForkJoinTask.doExec;java/util/concurrent/ForkJoinTask$RunnableExecuteAction.exec;java/lang/VirtualThread$$Lambda.0x00007d902c039c78.run;java/lang/VirtualThread.runContinuation;java/lang/VirtualThread.mount;_notify_jvmti_vthread_mount;SharedRuntime::notify_jvmti_vthread_mount;JvmtiVTMSTransitionDisabler::start_VTMS_transition;HandleMark::initialize 1
java/util/concurrent/ForkJoinWorkerThread.run;java/util/concurrent/ForkJoinPool.runWorker;java/util/concurrent/ForkJoinPool.scan;java/util/concurrent/ForkJoinPool$WorkQueue.topLevelExec;java/util/concurrent/ForkJoinPool$WorkQueue.tryPoll 3
java/util/concurrent/ForkJoinWorkerThread.run;java/util/concurrent/ForkJoinPool.runWorker;java/util/concurrent/ForkJoinPool.awaitWork 6
java/util/concurrent/ForkJoinWorkerThread.run;java/util/concurrent/ForkJoinPool.runWorker;java/util/concurrent/ForkJoinPool.scan;java/util/concurrent/ForkJoinPool$WorkQueue.topLevelExec;java/util/concurrent/ForkJoinTask.doExec;java/util/concurrent/ForkJoinTask$RunnableExecuteAction.exec;java/lang/VirtualThread$$Lambda.0x00007d902c039c78.run;java/lang/VirtualThread.runContinuation;java/lang/VirtualThread.afterDone;java/lang/VirtualThread.afterDone;jdk/internal/vm/ThreadContainers$RootContainer$TrackingRootContainer.onExit;java/util/concurrent/ConcurrentHashMap$KeySetView.remove;java/util/concurrent/ConcurrentHashMap.remove;java/util/concurrent/ConcurrentHashMap.replaceNode 1
java/util/concurrent/ForkJoinWorkerThread.run;java/util/concurrent/ForkJoinPool.runWorker;java/util/concurrent/ForkJoinPool.scan;java/util/concurrent/ForkJoinPool$WorkQueue.topLevelExec;java/util/concurrent/ForkJoinTask.doExec;java/util/concurrent/ForkJoinTask$RunnableExecuteAction.exec;java/lang/VirtualThread$$Lambda.0x00007d902c039c78.run;java/lang/VirtualThread.runContinuation;jdk/internal/vm/Continuation.run;jdk/internal/vm/Continuation.enterSpecial;jdk/internal/vm/Continuation.enter;jdk/internal/vm/Continuation.enter0;java/lang/VirtualThread$VThreadContinuation$1.run;java/lang/VirtualThread.run;_notify_jvmti_vthread_start;SharedRuntime::notify_jvmti_vthread_start;JvmtiVTMSTransitionDisabler::VTMS_vthread_start;JvmtiEventController::thread_started;JvmtiThreadState::JvmtiThreadState;JvmtiEnvThreadState::JvmtiEnvThreadState;JvmtiEnvThreadEventEnable::JvmtiEnvThreadEventEnable 5
java/util/concurrent/ForkJoinWorkerThread.run;java/util/concurrent/ForkJoinPool.runWorker;java/util/concurrent/ForkJoinPool.scan;java/util/concurrent/ForkJoinPool$WorkQueue.topLevelExec;java/util/concurrent/ForkJoinTask.doExec;java/util/concurrent/ForkJoinTask$RunnableExecuteAction.exec;java/lang/VirtualThread$$Lambda.0x00007d902c039c78.run;java/lang/VirtualThread.runContinuation;jdk/internal/vm/Continuation.run;jdk/internal/vm/Continuation.enterSpecial;jdk/internal/vm/Continuation.enter;jdk/internal/vm/Continuation.enter0;java/lang/VirtualThread$VThreadContinuation$1.run;java/lang/VirtualThread.run;_notify_jvmti_vthread_end;SharedRuntime::notify_jvmti_vthread_end;JvmtiVTMSTransitionDisabler::VTMS_vthread_end;JvmtiVTMSTransitionDisabler::start_VTMS_transition;java_lang_Thread::set_is_in_VTMS_transition 19
java/util/concurrent/ForkJoinWorkerThread.run;java/util/concurrent/ForkJoinPool.runWorker;java/util/concurrent/ForkJoinPool.scan;java/util/concurrent/ForkJoinPool$WorkQueue.topLevelExec;java/util/concurrent/ForkJoinTask.doExec;java/util/concurrent/ForkJoinTask$RunnableExecuteAction.exec;java/lang/VirtualThread$$Lambda.0x00007d902c039c78.run;java/lang/VirtualThread.runContinuation;jdk/internal/vm/Continuation.run;jdk/internal/vm/Continuation.enterSpecial;jdk/internal/vm/Continuation.enter;jdk/internal/vm/Continuation.enter0;java/lang/VirtualThread$VThreadContinuation$1.run;java/lang/VirtualThread.run;_notify_jvmti_vthread_end;SharedRuntime::notify_jvmti_vthread_end;JvmtiVTMSTransitionDisabler::VTMS_vthread_end;JvmtiExport::cleanup_thread;__libc_free 13
java/util/concurrent/ForkJoinWorkerThread.run;java/util/concurrent/ForkJoinPool.runWorker;java/util/concurrent/ForkJoinPool.scan;java/util/concurrent/ForkJoinPool$WorkQueue.topLevelExec;java/util/concurrent/ForkJoinTask.doExec;java/util/concurrent/ForkJoinTask$RunnableExecuteAction.exec;java/lang/VirtualThread$$Lambda.0x00007d902c039c78.run;java/lang/VirtualThread.runContinuation;jdk/internal/vm/Continuation.run;jdk/internal/vm/Continuation.enterSpecial;jdk/internal/vm/Continuation.enter;jdk/internal/vm/Continuation.enter0;java/lang/VirtualThread$VThreadContinuation$1.run;java/lang/VirtualThread.run;_notify_jvmti_vthread_start;SharedRuntime::notify_jvmti_vthread_start;JvmtiVTMSTransitionDisabler::VTMS_vthread_start;JvmtiEventController::thread_started;JvmtiThreadState::JvmtiThreadState;OopStorage::allocate;OopStorage::reduce_deferred_updates 1
java/util/concurrent/ForkJoinWorkerThread.run;java/util/concurrent/ForkJoinPool.runWorker;java/util/concurrent/ForkJoinPool.scan;java/util/concurrent/ForkJoinPool$WorkQueue.topLevelExec;java/util/concurrent/ForkJoinTask.doExec;java/util/concurrent/ForkJoinTask$RunnableExecuteAction.exec;java/lang/VirtualThread$$Lambda.0x00007d902c039c78.run;java/lang/VirtualThread.runContinuation;java/lang/VirtualThread.afterDone;java/lang/VirtualThread.afterDone;java/util/concurrent/CountDownLatch.countDown;java/util/concurrent/locks/AbstractQueuedSynchronizer.releaseShared;java/util/concurrent/locks/AbstractQueuedSynchronizer.signalNext;java/util/concurrent/locks/LockSupport.unpark;jdk/internal/misc/Unsafe.unpark;Unsafe_Unpark;pthread_cond_signal 8
java/util/concurrent/ForkJoinWorkerThread.run;java/util/concurrent/ForkJoinPool.runWorker;java/util/concurrent/ForkJoinPool.scan;java/util/concurrent/ForkJoinPool$WorkQueue.topLevelExec;java/util/concurrent/ForkJoinTask.doExec;java/util/concurrent/ForkJoinTask$RunnableExecuteAction.exec;java/lang/VirtualThread$$Lambda.0x00007d902c039c78.run;java/lang/VirtualThread.runContinuation;jdk/internal/vm/Continuation.run;jdk/internal/vm/Continuation.enterSpecial;jdk/internal/vm/Continuation.enter;jdk/internal/vm/Continuation.enter0;java/lang/VirtualThread$VThreadContinuation$1.run;java/lang/VirtualThread.run;_notify_jvmti_vthread_start;SharedRuntime::notify_jvmti_vthread_start;JvmtiVTMSTransitionDisabler::VTMS_vthread_start;JvmtiVTMSTransitionDisabler::VTMS_mount_end;Mutex::lock;pthread_mutex_lock 91
java/util/concurrent/ForkJoinWorkerThread.run;java/util/concurrent/ForkJoinPool.runWorker;java/util/concurrent/ForkJoinPool.scan;java/util/concurrent/ForkJoinPool$WorkQueue.topLevelExec;java/util/concurrent/ForkJoinTask.doExec;java/util/concurrent/ForkJoinTask$RunnableExecuteAction.exec;java/lang/VirtualThread$$Lambda.0x00007d902c039c78.run;java/lang/VirtualThread.runContinuation;jdk/internal/vm/Continuation.run;jdk/internal/vm/Continuation.enterSpecial;jdk/internal/vm/Continuation.enter;jdk/internal/vm/Continuation.enter0;java/lang/VirtualThread$VThreadContinuation$1.run;java/lang/VirtualThread.run;_notify_jvmti_vthread_start;SharedRuntime::notify_jvmti_vthread_start;JvmtiVTMSTransitionDisabler::VTMS_vthread_start 10
java/util/concurrent/ForkJoinWorkerThread.run;java/util/concurrent/ForkJoinPool.runWorker;java/util/concurrent/ForkJoinPool.scan;java/util/concurrent/ForkJoinPool$WorkQueue.topLevelExec;java/util/concurrent/ForkJoinTask.doExec;java/util/concurrent/ForkJoinTask$RunnableExecuteAction.exec;java/lang/VirtualThread$$Lambda.0x00007d902c039c78.run;java/lang/VirtualThread.runContinuation;java/lang/VirtualThread.afterDone;java/lang/VirtualThread.afterDone;jdk/internal/vm/ThreadContainers$RootContainer$TrackingRootContainer.onExit;java/util/concurrent/ConcurrentHashMap$KeySetView.remove;java/util/concurrent/ConcurrentHashMap.remove;java/util/concurrent/ConcurrentHashMap.replaceNode;java/util/concurrent/ConcurrentHashMap.tabAt 20
java/util/concurrent/ForkJoinWorkerThread.run;java/util/concurrent/ForkJoinPool.runWorker;java/util/concurrent/ForkJoinPool.awaitWork 3
java/util/concurrent/ForkJoinWorkerThread.run;java/util/concurrent/ForkJoinPool.runWorker;java/util/concurrent/ForkJoinPool.scan;java/util/concurrent/ForkJoinPool.signalWork;java/util/concurrent/locks/LockSupport.unpark;jdk/internal/misc/Unsafe.unpark;Unsafe_Unpark;pthread_cond_signal 9
java/util/concurrent/ForkJoinWorkerThread.run;java/util/concurrent/ForkJoinPool.runWorker;java/util/concurrent/ForkJoinPool.scan;java/util/concurrent/ForkJoinPool$WorkQueue.topLevelExec;java/util/concurrent/ForkJoinTask.doExec;java/util/concurrent/ForkJoinTask$RunnableExecuteAction.exec;java/lang/VirtualThread$$Lambda.0x00007d902c039c78.run;java/lang/VirtualThread.runContinuation;jdk/internal/vm/Continuation.run;jdk/internal/vm/Continuation.enterSpecial;jdk/internal/vm/Continuation.enter;jdk/internal/vm/Continuation.enter0;java/lang/VirtualThread$VThreadContinuation$1.run;java/lang/VirtualThread.run;_notify_jvmti_vthread_start;SharedRuntime::notify_jvmti_vthread_start;JvmtiVTMSTransitionDisabler::VTMS_vthread_start;JvmtiEventController::thread_started;JvmtiThreadState::JvmtiThreadState;AllocateHeap 1
java/util/concurrent/ForkJoinWorkerThread.run;java/util/concurrent/ForkJoinPool.runWorker;java/util/concurrent/ForkJoinPool.scan 84
java/util/concurrent/ForkJoinWorkerThread.run;java/util/concurrent/ForkJoinPool.runWorker;java/util/concurrent/ForkJoinPool.awaitWork 6
java/util/concurrent/ForkJoinWorkerThread.run;java/util/concurrent/ForkJoinPool.runWorker;java/util/concurrent/ForkJoinPool.scan;java/util/concurrent/ForkJoinPool$WorkQueue.topLevelExec;java/util/concurrent/ForkJoinTask.doExec;java/util/concurrent/ForkJoinTask$RunnableExecuteAction.exec;java/lang/VirtualThread$$Lambda.0x00007d902c039c78.run;java/lang/VirtualThread.runContinuation;jdk/internal/vm/Continuation.run;jdk/internal/vm/Continuation.enterSpecial;jdk/internal/vm/Continuation.enter;jdk/internal/vm/Continuation.enter0;java/lang/VirtualThread$VThreadContinuation$1.run;java/lang/VirtualThread.run;_notify_jvmti_vthread_start;SharedRuntime::notify_jvmti_vthread_start;JvmtiVTMSTransitionDisabler::VTMS_vthread_start;JvmtiVTMSTransitionDisabler::VTMS_mount_end;Mutex::lock;pthread_mutex_lock 22
java/util/concurrent/ForkJoinWorkerThread.run;java/util/concurrent/ForkJoinPool.runWorker;java/util/concurrent/ForkJoinPool.scan;java/util/concurrent/ForkJoinPool$WorkQueue.topLevelExec;java/util/concurrent/ForkJoinTask.doExec;java/util/concurrent/ForkJoinTask$RunnableExecuteAction.exec;java/lang/VirtualThread$$Lambda.0x00007d902c039c78.run;java/lang/VirtualThread.runContinuation;java/lang/VirtualThread.state 127
java/util/concurrent/ForkJoinWorkerThread.run;java/util/concurrent/ForkJoinPool.runWorker;java/util/concurrent/ForkJoinPool.scan;java/util/concurrent/ForkJoinPool$WorkQueue.topLevelExec;java/util/concurrent/ForkJoinTask.doExec;java/util/concurrent/ForkJoinTask$RunnableExecuteAction.exec;java/lang/VirtualThread$$Lambda.0x00007d902c039c78.run;java/lang/VirtualThread.runContinuation;jdk/internal/vm/Continuation.run;jdk/internal/vm/Continuation.enterSpecial;jdk/internal/vm/Continuation.enter;jdk/internal/vm/Continuation.enter0;java/lang/VirtualThread$VThreadContinuation$1.run;java/lang/VirtualThread.run;_notify_jvmti_vthread_start;SharedRuntime::notify_jvmti_vthread_start;JNIHandles::make_local;__tls_get_addr@plt 2
java/util/concurrent/ForkJoinWorkerThread.run;java/util/concurrent/ForkJoinPool.runWorker;java/util/concurrent/ForkJoinPool.scan;java/util/concurrent/ForkJoinPool$WorkQueue.topLevelExec;java/util/concurrent/ForkJoinTask.doExec;java/util/concurrent/ForkJoinTask$RunnableExecuteAction.exec;java/lang/VirtualThread$$Lambda.0x00007d902c039c78.run;java/lang/VirtualThread.runContinuation;java/lang/VirtualThread.afterDone;java/lang/VirtualThread.afterDone;jdk/internal/vm/ThreadContainers$RootContainer$TrackingRootContainer.onExit;java/util/concurrent/ConcurrentHashMap$KeySetView.remove;java/util/concurrent/ConcurrentHashMap.remove;java/util/concurrent/ConcurrentHashMap.replaceNode 2
java/util/concurrent/ForkJoinWorkerThread.run;java/util/concurrent/ForkJoinPool.runWorker;java/util/concurrent/ForkJoinPool.scan;java/util/concurrent/ForkJoinPool$WorkQueue.topLevelExec;java/util/concurrent/ForkJoinTask.doExec;java/util/concurrent/ForkJoinTask$RunnableExecuteAction.exec;java/lang/VirtualThread$$Lambda.0x00007d902c039c78.run;java/lang/VirtualThread.runContinuation;jdk/internal/vm/Continuation.run;jdk/internal/vm/Continuation.enterSpecial;jdk/internal/vm/Continuation.enter;jdk/internal/vm/Continuation.enter0;java/lang/VirtualThread$VThreadContinuation$1.run;java/lang/VirtualThread.run;_notify_jvmti_vthread_start;SharedRuntime::notify_jvmti_vthread_start;JvmtiVTMSTransitionDisabler::VTMS_vthread_start;JvmtiVTMSTransitionDisabler::VTMS_mount_end;__pthread_mutex_unlock;/usr/lib/x86_64-linux-gnu/libc.so.6 56
java/util/concurrent/ForkJoinWorkerThread.run;java/util/concurrent/ForkJoinPool.runWorker;java/util/concurrent/ForkJoinPool.scan;java/util/concurrent/ForkJoinPool$WorkQueue.topLevelExec;java/util/concurrent/ForkJoinTask.doExec;java/util/concurrent/ForkJoinTask$RunnableExecuteAction.exec;java/lang/VirtualThread$$Lambda.0x00007d902c039c78.run;java/lang/VirtualThread.runContinuation;jdk/internal/vm/Continuation.run;jdk/internal/vm/Continuation.enterSpecial;jdk/internal/vm/Continuation.enter;jdk/internal/vm/Continuation.enter0;java/lang/VirtualThread$VThreadContinuation$1.run;java/lang/VirtualThread.run;_notify_jvmti_vthread_start;SharedRuntime::notify_jvmti_vthread_start;JvmtiVTMSTransitionDisabler::VTMS_vthread_start;JvmtiEventController::thread_started;JvmtiThreadState::JvmtiThreadState;__tls_get_addr 5
java/lang/Thread.run;java/lang/Thread.runWith;java/util/concurrent/ThreadPoolExecutor$Worker.run;java/util/concurrent/ThreadPoolExecutor.runWorker;java/util/concurrent/FutureTask.run;java/util/concurrent/Executors$RunnableAdapter.call;java/util/concurrent/FutureTask.run;org/openjdk/jmh/runner/BenchmarkHandler$BenchmarkTask.call;org/openjdk/jmh/runner/BenchmarkHandler$BenchmarkTask.call;java/lang/reflect/Method.invoke;jdk/internal/reflect/DirectMethodHandleAccessor.invoke;jdk/internal/reflect/DirectMethodHandleAccessor.invokeImpl;java/lang/invoke/LambdaForm$MH.0x00007d902c02e800.invokeExact_MT;java/lang/invoke/LambdaForm$MH.0x00007d902c02e400.invoke;java/lang/invoke/DirectMethodHandle$Holder.invokeSpecial;uk/ac/ncl/jensen/benchmark/jmh_generated/VThreadChurnBenchmark_churn_jmhTest.churn_AverageTime;uk/ac/ncl/jensen/benchmark/jmh_generated/VThreadChurnBenchmark_churn_jmhTest.churn_avgt_jmhStub;uk/ac/ncl/jensen/benchmark/VThreadChurnBenchmark.churn;java/lang/ThreadBuilders$VirtualThreadBuilder.start;java/lang/VirtualThread.start;java/lang/VirtualThread.start;jdk/internal/vm/ThreadContainers$RootContainer$TrackingRootContainer.onStart;java/util/concurrent/ConcurrentHashMap$KeySetView.add;java/util/concurrent/ConcurrentHashMap.putVal;java/util/concurrent/ConcurrentHashMap.addCount 1
java/lang/Thread.run;java/lang/Thread.runWith;java/util/concurrent/ThreadPoolExecutor$Worker.run;java/util/concurrent/ThreadPoolExecutor.runWorker;java/util/concurrent/FutureTask.run;java/util/concurrent/Executors$RunnableAdapter.call;java/util/concurrent/FutureTask.run;org/openjdk/jmh/runner/BenchmarkHandler$BenchmarkTask.call;org/openjdk/jmh/runner/BenchmarkHandler$BenchmarkTask.call;java/lang/reflect/Method.invoke;jdk/internal/reflect/DirectMethodHandleAccessor.invoke;jdk/internal/reflect/DirectMethodHandleAccessor.invokeImpl;java/lang/invoke/LambdaForm$MH.0x00007d902c02e800.invokeExact_MT;java/lang/invoke/LambdaForm$MH.0x00007d902c02e400.invoke;java/lang/invoke/DirectMethodHandle$Holder.invokeSpecial;uk/ac/ncl/jensen/benchmark/jmh_generated/VThreadChurnBenchmark_churn_jmhTest.churn_AverageTime;uk/ac/ncl/jensen/benchmark/jmh_generated/VThreadChurnBenchmark_churn_jmhTest.churn_avgt_jmhStub;uk/ac/ncl/jensen/benchmark/VThreadChurnBenchmark.churn;java/lang/Thread.join;java/lang/Thread.join;java/lang/VirtualThread.joinNanos;java/util/concurrent/CountDownLatch.await;java/util/concurrent/locks/AbstractQueuedSynchronizer.acquireSharedInterruptibly;java/util/concurrent/locks/AbstractQueuedSynchronizer.acquire;java/util/concurrent/locks/LockSupport.park;jdk/internal/misc/Unsafe.park;Unsafe_Park;Parker::park;ThreadBlockInVMPreprocess<void (JavaThread*)>::~ThreadBlockInVMPreprocess 1
java/util/concurrent/ForkJoinWorkerThread.run;java/util/concurrent/ForkJoinPool.runWorker;java/util/concurrent/ForkJoinPool.scan;java/util/concurrent/ForkJoinPool$WorkQueue.topLevelExec 7
java/util/concurrent/ForkJoinWorkerThread.run;java/util/concurrent/ForkJoinPool.runWorker;java/util/concurrent/ForkJoinPool.scan;java/util/concurrent/ForkJoinPool$WorkQueue.topLevelExec;java/util/concurrent/ForkJoinTask.doExec;java/util/concurrent/ForkJoinTask$RunnableExecuteAction.exec;java/lang/VirtualThread$$Lambda.0x00007d902c039c78.run;java/lang/VirtualThread.runContinuation;jdk/internal/vm/Continuation.run;jdk/internal/vm/Continuation.enterSpecial;jdk/internal/vm/Continuation.enter;jdk/internal/vm/Continuation.enter0;java/lang/VirtualThread$VThreadContinuation$1.run;java/lang/VirtualThread.run;java/lang/Thread.runWith 15
java/util/concurrent/ForkJoinWorkerThread.run;java/util/concurrent/ForkJoinPool.runWorker;java/util/concurrent/ForkJoinPool.scan;java/util/concurrent/ForkJoinPool$WorkQueue.topLevelExec;java/util/concurrent/ForkJoinTask.doExec;java/util/concurrent/ForkJoinTask$RunnableExecuteAction.exec;java/lang/VirtualThread$$Lambda.0x00007d902c039c78.run;java/lang/VirtualThread.runContinuation;jdk/internal/vm/Continuation.run;jdk/internal/vm/Continuation.enterSpecial;jdk/internal/vm/Continuation.enter;jdk/internal/vm/Continuation.enter0;java/lang/VirtualThread$VThreadContinuation$1.run;java/lang/VirtualThread.run;_notify_jvmti_vthread_start;SharedRuntime::notify_jvmti_vthread_start;JNIHandles::make_local;__tls_get_addr 2
java/lang/Thread.run;java/lang/Thread.runWith;java/util/concurrent/ThreadPoolExecutor$Worker.run;java/util/concurrent/ThreadPoolExecutor.runWorker;java/util/concurrent/FutureTask.run;java/util/concurrent/Executors$RunnableAdapter.call;java/util/concurrent/FutureTask.run;org/openjdk/jmh/runner/BenchmarkHandler$BenchmarkTask.call;org/openjdk/jmh/runner/BenchmarkHandler$BenchmarkTask.call;java/lang/reflect/Method.invoke;jdk/internal/reflect/DirectMethodHandleAccessor.invoke;jdk/internal/reflect/DirectMethodHandleAccessor.invokeImpl;java/lang/invoke/LambdaForm$MH.0x00007d902c02e800.invokeExact_MT;java/lang/invoke/LambdaForm$MH.0x00007d902c02e400.invoke;java/lang/invoke/DirectMethodHandle$Holder.invokeSpecial;uk/ac/ncl/jensen/benchmark/jmh_generated/VThreadChurnBenchmark_churn_jmhTest.churn_AverageTime;uk/ac/ncl/jensen/benchmark/jmh_generated/VThreadChurnBenchmark_churn_jmhTest.churn_avgt_jmhStub;uk/ac/ncl/jensen/benchmark/VThreadChurnBenchmark.churn;java/lang/ThreadBuilders$VirtualThreadBuilder.start 2
java/util/concurrent/ForkJoinWorkerThread.run;java/util/concurrent/ForkJoinPool.runWorker;java/util/concurrent/ForkJoinPool.scan 1
java/util/concurrent/ForkJoinWorkerThread.run;java/util/concurrent/ForkJoinPool.runWorker;java/util/concurrent/ForkJoinPool.scan;java/util/concurrent/ForkJoinPool$WorkQueue.topLevelExec;java/util/concurrent/ForkJoinTask.doExec;java/util/concurrent/ForkJoinTask$RunnableExecuteAction.exec;java/lang/VirtualThread$$Lambda.0x00007d902c039c78.run;java/lang/VirtualThread.runContinuation;jdk/internal/vm/Continuation.run;jdk/internal/vm/Continuation.enterSpecial;jdk/internal/vm/Continuation.enter;jdk/internal/vm/Continuation.enter0;java/lang/VirtualThread$VThreadContinuation$1.run;java/lang/VirtualThread.run;_notify_jvmti_vthread_start;SharedRuntime::notify_jvmti_vthread_start;JvmtiVTMSTransitionDisabler::VTMS_vthread_start;JvmtiVTMSTransitionDisabler::VTMS_mount_end;Mutex::lock 3
java/util/concurrent/ForkJoinWorkerThread.run;java/util/concurrent/ForkJoinPool.runWorker;java/util/concurrent/ForkJoinPool.scan;java/util/concurrent/ForkJoinPool$WorkQueue.topLevelExec;java/util/concurrent/ForkJoinTask.doExec;java/util/concurrent/ForkJoinTask$RunnableExecuteAction.exec;java/lang/VirtualThread$$Lambda.0x00007d902c039c78.run;java/lang/VirtualThread.runContinuation;jdk/internal/vm/Continuation.run;jdk/internal/vm/Continuation.enterSpecial;jdk/internal/vm/Continuation.enter;jdk/internal/vm/Continuation.enter0;java/lang/VirtualThread$VThreadContinuation$1.run;java/lang/VirtualThread.run;_notify_jvmti_vthread_end;SharedRuntime::notify_jvmti_vthread_end;JvmtiVTMSTransitionDisabler::VTMS_vthread_end;JvmtiExport::cleanup_thread;__libc_free 2
java/util/concurrent/ForkJoinWorkerThread.run;java/util/concurrent/ForkJoinPool.runWorker;java/util/concurrent/ForkJoinPool.scan;java/util/concurrent/ForkJoinPool$WorkQueue.topLevelExec;java/util/concurrent/ForkJoinTask.doExec;java/util/concurrent/ForkJoinTask$RunnableExecuteAction.exec;java/lang/VirtualThread$$Lambda.0x00007d902c039c78.run;java/lang/VirtualThread.runContinuation;jdk/internal/vm/Continuation.run;jdk/internal/vm/Continuation.enterSpecial;jdk/internal/vm/Continuation.enter;jdk/internal/vm/Continuation.enter0;java/lang/VirtualThread$VThreadContinuation$1.run;java/lang/VirtualThread.run;_notify_jvmti_vthread_start;SharedRuntime::notify_jvmti_vthread_start;JvmtiVTMSTransitionDisabler::VTMS_vthread_start;JvmtiEventController::thread_started;JvmtiThreadState::JvmtiThreadState;JavaThread::jvmti_vthread 4
java/util/concurrent/ForkJoinWorkerThread.run;java/util/concurrent/ForkJoinPool.runWorker;java/util/concurrent/ForkJoinPool.scan;java/util/concurrent/ForkJoinPool$WorkQueue.topLevelExec;java/util/concurrent/ForkJoinTask.doExec;java/util/concurrent/ForkJoinTask$RunnableExecuteAction.exec;java/lang/VirtualThread$$Lambda.0x00007d902c039c78.run;java/lang/VirtualThread.runContinuation;java/lang/VirtualThread.mount;_notify_jvmti_vthread_mount;SharedRuntime::notify_jvmti_vthread_mount;JvmtiVTMSTransitionDisabler::start_VTMS_transition 58
java/util/concurrent/ForkJoinWorkerThread.run;java/util/concurrent/ForkJoinPool.runWorker;java/util/concurrent/ForkJoinPool.scan;java/util/concurrent/ForkJoinPool$WorkQueue.topLevelExec;java/util/concurrent/ForkJoinTask.doExec;java/util/concurrent/ForkJoinTask$RunnableExecuteAction.exec;java/lang/VirtualThread$$Lambda.0x00007d902c039c78.run;java/lang/VirtualThread.runContinuation;jdk/internal/vm/Continuation.run;jdk/internal/vm/Continuation.enterSpecial;jdk/internal/vm/Continuation.enter;jdk/internal/vm/Continuation.enter0;java/lang/VirtualThread$VThreadContinuation$1.run;java/lang/VirtualThread.run;_notify_jvmti_vthread_start;SharedRuntime::notify_jvmti_vthread_start;JvmtiVTMSTransitionDisabler::VTMS_vthread_start;JvmtiEventController::thread_started;JvmtiThreadState::JvmtiThreadState;OopStorage::allocate 119
java/util/concurrent/ForkJoinWorkerThread.run;java/util/concurrent/ForkJoinPool.runWorker;java/util/concurrent/ForkJoinPool.scan;java/util/concurrent/ForkJoinPool$WorkQueue.topLevelExec;java/util/concurrent/ForkJoinTask.doExec;java/util/concurrent/ForkJoinTask$RunnableExecuteAction.exec;java/lang/VirtualThread$$Lambda.0x00007d902c039c78.run;java/lang/VirtualThread.runContinuation;jdk/internal/vm/Continuation.run;jdk/internal/vm/Continuation.enterSpecial;jdk/internal/vm/Continuation.enter;jdk/internal/vm/Continuation.enter0;java/lang/VirtualThread$VThreadContinuation$1.run;java/lang/VirtualThread.run;_notify_jvmti_vthread_start;SharedRuntime::notify_jvmti_vthread_start;JvmtiVTMSTransitionDisabler::VTMS_vthread_start;JvmtiVTMSTransitionDisabler::VTMS_mount_end;JavaThread::rebind_to_jvmti_thread_state_of 7
java/util/concurrent/ForkJoinWorkerThread.run;java/util/concurrent/ForkJoinPool.runWorker;java/util/concurrent/ForkJoinPool.scan;java/util/concurrent/ForkJoinPool.signalWork;java/util/concurrent/locks/LockSupport.unpark;jdk/internal/misc/Unsafe.unpark;Unsafe_Unpark;Parker::unpark;__pthread_mutex_unlock 1
java/util/concurrent/ForkJoinWorkerThread.run;java/util/concurrent/ForkJoinPool.runWorker;java/util/concurrent/ForkJoinPool.scan;java/util/concurrent/ForkJoinPool$WorkQueue.topLevelExec;java/util/concurrent/ForkJoinTask.doExec;java/util/concurrent/ForkJoinTask$RunnableExecuteAction.exec;java/lang/VirtualThread$$Lambda.0x00007d902c039c78.run;java/lang/VirtualThread.runContinuation;jdk/internal/vm/Continuation.run;jdk/internal/vm/Continuation.enterSpecial;jdk/internal/vm/Continuation.enter;jdk/internal/vm/Continuation.enter0;java/lang/VirtualThread$VThreadContinuation$1.run;java/lang/VirtualThread.run;_notify_jvmti_vthread_end;SharedRuntime::notify_jvmti_vthread_end;JvmtiVTMSTransitionDisabler::VTMS_vthread_end;JvmtiExport::cleanup_thread;JvmtiEventController::thread_ended;JvmtiThreadState::~JvmtiThreadState;_SafeFetchN_fault 14
java/util/concurrent/ForkJoinWorkerThread.run;java/util/concurrent/ForkJoinPool.runWorker;java/util/concurrent/ForkJoinPool.scan;java/util/concurrent/ForkJoinPool$WorkQueue.topLevelExec;java/util/concurrent/ForkJoinTask.doExec;java/util/concurrent/ForkJoinTask$RunnableExecuteAction.exec;java/lang/VirtualThread$$Lambda.0x00007d902c039c78.run;java/lang/VirtualThread.runContinuation;java/lang/VirtualThread.afterDone;java/lang/VirtualThread.afterDone;jdk/internal/vm/ThreadContainers$RootContainer$TrackingRootContainer.onExit;java/util/concurrent/ConcurrentHashMap$KeySetView.remove;java/util/concurrent/ConcurrentHashMap.remove;java/util/concurrent/ConcurrentHashMap.replaceNode;java/util/concurrent/ConcurrentHashMap.tabAt 1
java/util/concurrent/ForkJoinWorkerThread.run;java/util/concurrent/ForkJoinPool.runWorker;java/util/concurrent/ForkJoinPool.scan;java/util/concurrent/ForkJoinPool$WorkQueue.topLevelExec;java/util/concurrent/ForkJoinTask.doExec;java/util/concurrent/ForkJoinTask$RunnableExecuteAction.exec;java/lang/VirtualThread$$Lambda.0x00007d902c039c78.run;java/lang/VirtualThread.runContinuation;jdk/internal/vm/Continuation.run;jdk/internal/vm/Continuation.enterSpecial;jdk/internal/vm/Continuation.enter;jdk/internal/vm/Continuation.enter0;java/lang/VirtualThread$VThreadContinuation$1.run;java/lang/VirtualThread.run;_notify_jvmti_vthread_end;SharedRuntime::notify_jvmti_vthread_end;JvmtiVTMSTransitionDisabler::VTMS_vthread_end;JvmtiExport::cleanup_thread;Mutex::lock;JavaThread::is_active_Java_thread 1
java/util/concurrent/ForkJoinWorkerThread.run;java/util/concurrent/ForkJoinPool.runWorker;java/util/concurrent/ForkJoinPool.scan;java/util/concurrent/ForkJoinPool$WorkQueue.topLevelExec;java/util/concurrent/ForkJoinTask.doExec;java/util/concurrent/ForkJoinTask$RunnableExecuteAction.exec;java/lang/VirtualThread$$Lambda.0x00007d902c039c78.run;java/lang/VirtualThread.runContinuation;jdk/internal/vm/Continuation.run;jdk/internal/vm/Continuation.enterSpecial;jdk/internal/vm/Continuation.enter;jdk/internal/vm/Continuation.enter0;java/lang/VirtualThread$VThreadContinuation$1.run;java/lang/VirtualThread.run;_notify_jvmti_vthread_end;SharedRuntime::notify_jvmti_vthread_end;JvmtiVTMSTransitionDisabler::VTMS_vthread_end;JvmtiVTMSTransitionDisabler::start_VTMS_transition;HandleMark::~HandleMark 2
java/util/concurrent/ForkJoinWorkerThread.run;java/util/concurrent/ForkJoinPool.runWorker;java/util/concurrent/ForkJoinPool.scan;java/util/concurrent/ForkJoinPool$WorkQueue.topLevelExec;java/util/concurrent/ForkJoinTask.doExec;java/util/concurrent/ForkJoinTask.setDone;java/util/concurrent/ForkJoinTask.getAndBitwiseOrStatus;jdk/internal/misc/Unsafe.getAndBitwiseOrInt 3
java/util/concurrent/ForkJoinWorkerThread.run;java/util/concurrent/ForkJoinPool.runWorker;java/util/concurrent/ForkJoinPool.scan;java/util/concurrent/ForkJoinPool$WorkQueue.topLevelExec;java/util/concurrent/ForkJoinTask.doExec;java/util/concurrent/ForkJoinTask$RunnableExecuteAction.exec;java/lang/VirtualThread$$Lambda.0x00007d902c039c78.run;java/lang/VirtualThread.runContinuation;java/lang/VirtualThread.afterDone;java/lang/VirtualThread.afterDone;jdk/internal/vm/ThreadContainers$RootContainer$TrackingRootContainer.onExit;java/util/concurrent/ConcurrentHashMap$KeySetView.remove;java/util/concurrent/ConcurrentHashMap.remove;java/util/concurrent/ConcurrentHashMap.replaceNode 4
java/util/concurrent/ForkJoinWorkerThread.run;java/util/concurrent/ForkJoinPool.runWorker;java/util/concurrent/ForkJoinPool.scan;java/util/concurrent/ForkJoinPool$WorkQueue.topLevelExec;java/util/concurrent/ForkJoinTask.doExec;java/util/concurrent/ForkJoinTask$RunnableExecuteAction.exec;java/lang/VirtualThread$$Lambda.0x00007d902c039c78.run;java/lang/VirtualThread.runContinuation;java/lang/VirtualThread.afterDone;java/lang/VirtualThread.afterDone;java/util/concurrent/CountDownLatch.countDown;java/util/concurrent/locks/AbstractQueuedSynchronizer.releaseShared;java/util/concurrent/locks/AbstractQueuedSynchronizer.signalNext;java/util/concurrent/locks/LockSupport.unpark;jdk/internal/misc/Unsafe.unpark;Unsafe_Unpark;Parker::unpark;pthread_mutex_lock 1
java/util/concurrent/ForkJoinWorkerThread.run;java/util/concurrent/ForkJoinPool.runWorker;java/util/concurrent/ForkJoinPool.scan;java/util/concurrent/ForkJoinPool$WorkQueue.topLevelExec;java/util/concurrent/ForkJoinTask.doExec;java/util/concurrent/ForkJoinTask$RunnableExecuteAction.exec;java/lang/VirtualThread$$Lambda.0x00007d902c039c78.run;java/lang/VirtualThread.runContinuation;java/lang/VirtualThread.afterDone;java/lang/VirtualThread.afterDone;jdk/internal/misc/Unsafe.freeMemory;jdk/internal/misc/Unsafe.freeMemory0;Unsafe_FreeMemory0 24
java/util/concurrent/ForkJoinWorkerThread.run;java/util/concurrent/ForkJoinPool.runWorker;java/util/concurrent/ForkJoinPool.scan;java/util/concurrent/ForkJoinPool$WorkQueue.topLevelExec;java/util/concurrent/ForkJoinPool$WorkQueue.tryPoll 3
java/util/concurrent/ForkJoinWorkerThread.run;java/util/concurrent/ForkJoinPool.runWorker;java/util/concurrent/ForkJoinPool.scan;java/util/concurrent/ForkJoinPool$WorkQueue.topLevelExec;java/util/concurrent/ForkJoinPool$WorkQueue.nextLocalTask 1
java/util/concurrent/ForkJoinWorkerThread.run;java/util/concurrent/ForkJoinPool.runWorker;java/util/concurrent/ForkJoinPool.scan;java/util/concurrent/ForkJoinPool$WorkQueue.topLevelExec;java/util/concurrent/ForkJoinTask.doExec;java/util/concurrent/ForkJoinTask$RunnableExecuteAction.exec;java/lang/VirtualThread$$Lambda.0x00007d902c039c78.run;java/lang/VirtualThread.runContinuation;jdk/internal/vm/Continuation.run;jdk/internal/vm/Continuation.enterSpecial;jdk/internal/vm/Continuation.enter;jdk/internal/vm/Continuation.enter0;java/lang/VirtualThread$VThreadContinuation$1.run;java/lang/VirtualThread.run;_notify_jvmti_vthread_end;SharedRuntime::notify_jvmti_vthread_end;JvmtiVTMSTransitionDisabler::VTMS_vthread_end;JavaThread::threadObj 14
java/util/concurrent/ForkJoinWorkerThread.run;java/util/concurrent/ForkJoinPool.runWorker;java/util/concurrent/ForkJoinPool.awaitWork 6
java/util/concurrent/ForkJoinWorkerThread.run;java/util/concurrent/ForkJoinPool.runWorker;java/util/concurrent/ForkJoinPool.scan;java/util/concurrent/ForkJoinPool$WorkQueue.topLevelExec;java/util/concurrent/ForkJoinTask.doExec;java/util/concurrent/ForkJoinTask$RunnableExecuteAction.exec;java/lang/VirtualThread$$Lambda.0x00007d902c039c78.run;java/lang/VirtualThread.runContinuation;jdk/internal/vm/Continuation.run;jdk/internal/vm/Continuation.enterSpecial;jdk/internal/vm/Continuation.enter;jdk/internal/vm/Continuation.enter0;java/lang/VirtualThread$VThreadContinuation$1.run;java/lang/VirtualThread.run;_notify_jvmti_vthread_start;SharedRuntime::notify_jvmti_vthread_start;JvmtiVTMSTransitionDisabler::VTMS_vthread_start;JvmtiEventController::thread_started;JvmtiThreadState::JvmtiThreadState;AllocateHeap;os::malloc 9
java/util/concurrent/ForkJoinWorkerThread.run;java/util/concurrent/ForkJoinPool.runWorker;java/util/concurrent/ForkJoinPool.scan 3
java/util/concurrent/ForkJoinWorkerThread.run;java/util/concurrent/ForkJoinPool.runWorker;java/util/concurrent/ForkJoinPool.scan;java/util/concurrent/ForkJoinPool$WorkQueue.topLevelExec;java/util/concurrent/ForkJoinTask.doExec;java/util/concurrent/ForkJoinTask$RunnableExecuteAction.exec;java/lang/VirtualThread$$Lambda.0x00007d902c039c78.run;java/lang/VirtualThread.runContinuation;java/lang/VirtualThread.afterDone;java/lang/VirtualThread.afterDone;jdk/internal/misc/Unsafe.freeMemory;jdk/internal/misc/Unsafe.freeMemory0;Unsafe_FreeMemory0;__libc_free;/usr/lib/x86_64-linux-gnu/libc.so.6 28
java/util/concurrent/ForkJoinWorkerThread.run;java/util/concurrent/ForkJoinPool.runWorker;java/util/concurrent/ForkJoinPool.scan;java/util/concurrent/ForkJoinPool$WorkQueue.topLevelExec;java/util/concurrent/ForkJoinTask.doExec;java/util/concurrent/ForkJoinTask$RunnableExecuteAction.exec;java/lang/VirtualThread$$Lambda.0x00007d902c039c78.run;java/lang/VirtualThread.runContinuation;jdk/internal/vm/Continuation.run;jdk/internal/vm/Continuation.enterSpecial;jdk/internal/vm/Continuation.enter;jdk/internal/vm/Continuation.enter0;java/lang/VirtualThread$VThreadContinuation$1.run;java/lang/VirtualThread.run;_notify_jvmti_vthread_start;SharedRuntime::notify_jvmti_vthread_start;JvmtiVTMSTransitionDisabler::VTMS_vthread_start;JvmtiEventController::thread_started;JvmtiThreadState::JvmtiThreadState;AccessInternal::PostRuntimeDispatch<G1BarrierSet::AccessBarrier<548964ul, G1BarrierSet>, (AccessInternal::BarrierType)0, 548964ul>::oop_access_barrier 1
java/util/concurrent/ForkJoinWorkerThread.run;java/util/concurrent/ForkJoinPool.runWorker;java/util/concurrent/ForkJoinPool.scan;java/util/concurrent/ForkJoinPool$WorkQueue.topLevelExec;java/util/concurrent/ForkJoinTask.doExec;java/util/concurrent/ForkJoinTask$RunnableExecuteAction.exec;java/lang/VirtualThread$$Lambda.0x00007d902c039c78.run;java/lang/VirtualThread.runContinuation 2
java/util/concurrent/ForkJoinWorkerThread.run;java/util/concurrent/ForkJoinPool.runWorker;java/util/concurrent/ForkJoinPool.scan;java/util/concurrent/ForkJoinPool$WorkQueue.topLevelExec;java/util/concurrent/ForkJoinTask.doExec;java/util/concurrent/ForkJoinTask$RunnableExecuteAction.exec;java/lang/VirtualThread$$Lambda.0x00007d902c039c78.run;java/lang/VirtualThread.runContinuation;jdk/internal/vm/Continuation.run;jdk/internal/vm/Continuation.enterSpecial;jdk/internal/vm/Continuation.enter;jdk/internal/vm/Continuation.enter0;java/lang/VirtualThread$VThreadContinuation$1.run;java/lang/VirtualThread.run;_notify_jvmti_vthread_end;SharedRuntime::notify_jvmti_vthread_end;JvmtiVTMSTransitionDisabler::VTMS_vthread_end;JvmtiVTMSTransitionDisabler::start_VTMS_transition;JavaThread::set_is_in_VTMS_transition 1
java/lang/Thread.run;java/lang/Thread.runWith;java/util/concurrent/ThreadPoolExecutor$Worker.run;java/util/concurrent/ThreadPoolExecutor.runWorker;java/util/concurrent/FutureTask.run;java/util/concurrent/Executors$RunnableAdapter.call;java/util/concurrent/FutureTask.run;org/openjdk/jmh/runner/BenchmarkHandler$BenchmarkTask.call;org/openjdk/jmh/runner/BenchmarkHandler$BenchmarkTask.call;java/lang/reflect/Method.invoke;jdk/internal/reflect/DirectMethodHandleAccessor.invoke;jdk/internal/reflect/DirectMethodHandleAccessor.invokeImpl;java/lang/invoke/LambdaForm$MH.0x00007d902c02e800.invokeExact_MT;java/lang/invoke/LambdaForm$MH.0x00007d902c02e400.invoke;java/lang/invoke/DirectMethodHandle$Holder.invokeSpecial;uk/ac/ncl/jensen/benchmark/jmh_generated/VThreadChurnBenchmark_churn_jmhTest.churn_AverageTime;uk/ac/ncl/jensen/benchmark/jmh_generated/VThreadChurnBenchmark_churn_jmhTest.churn_avgt_jmhStub;uk/ac/ncl/jensen/benchmark/VThreadChurnBenchmark.churn;java/lang/Thread.join;java/lang/Thread.join;java/lang/VirtualThread.joinNanos;java/util/concurrent/CountDownLatch.await;java/util/concurrent/locks/AbstractQueuedSynchronizer.acquireSharedInterruptibly;java/util/concurrent/locks/AbstractQueuedSynchronizer.acquire;java/util/concurrent/locks/AbstractQueuedSynchronizer.tryInitializeHead 1
java/lang/Thread.run;java/lang/Thread.runWith;java/util/concurrent/ThreadPoolExecutor$Worker.run;java/util/concurrent/ThreadPoolExecutor.runWorker;java/util/concurrent/FutureTask.run;java/util/concurrent/Executors$RunnableAdapter.call;java/util/concurrent/FutureTask.run;org/openjdk/jmh/runner/BenchmarkHandler$BenchmarkTask.call;org/openjdk/jmh/runner/BenchmarkHandler$BenchmarkTask.call;java/lang/reflect/Method.invoke;jdk/internal/reflect/DirectMethodHandleAccessor.invoke;jdk/internal/reflect/DirectMethodHandleAccessor.invokeImpl;java/lang/invoke/LambdaForm$MH.0x00007d902c02e800.invokeExact_MT;java/lang/invoke/LambdaForm$MH.0x00007d902c02e400.invoke;java/lang/invoke/DirectMethodHandle$Holder.invokeSpecial;uk/ac/ncl/jensen/benchmark/jmh_generated/VThreadChurnBenchmark_churn_jmhTest.churn_AverageTime;uk/ac/ncl/jensen/benchmark/jmh_generated/VThreadChurnBenchmark_churn_jmhTest.churn_avgt_jmhStub;uk/ac/ncl/jensen/benchmark/VThreadChurnBenchmark.churn;java/lang/Thread.join;java/lang/Thread.join;java/lang/VirtualThread.joinNanos;java/lang/VirtualThread.getTermination;java/util/concurrent/CountDownLatch.<init> 1
java/util/concurrent/ForkJoinWorkerThread.run;java/util/concurrent/ForkJoinPool.runWorker;java/util/concurrent/ForkJoinPool.scan;java/util/concurrent/ForkJoinPool$WorkQueue.topLevelExec;java/util/concurrent/ForkJoinTask.doExec 165
java/util/concurrent/ForkJoinWorkerThread.run;java/util/concurrent/ForkJoinPool.runWorker;java/util/concurrent/ForkJoinPool.scan;java/util/concurrent/ForkJoinPool$WorkQueue.topLevelExec;java/util/concurrent/ForkJoinTask.doExec;java/util/concurrent/ForkJoinTask$RunnableExecuteAction.exec;java/lang/VirtualThread$$Lambda.0x00007d902c039c78.run;java/lang/VirtualThread.runContinuation;java/lang/VirtualThread.mount;_notify_jvmti_vthread_mount;SharedRuntime::notify_jvmti_vthread_mount;JvmtiVTMSTransitionDisabler::start_VTMS_transition;__tls_get_addr@plt 1
java/util/concurrent/ForkJoinWorkerThread.run;java/util/concurrent/ForkJoinPool.runWorker;java/util/concurrent/ForkJoinPool.scan;java/util/concurrent/ForkJoinPool$WorkQueue.topLevelExec;java/util/concurrent/ForkJoinTask.doExec;java/util/concurrent/ForkJoinTask$RunnableExecuteAction.exec;java/lang/VirtualThread$$Lambda.0x00007d902c039c78.run;java/lang/VirtualThread.runContinuation;jdk/internal/vm/Continuation.run;jdk/internal/vm/Continuation.enterSpecial 4
java/util/concurrent/ForkJoinWorkerThread.run;java/util/concurrent/ForkJoinPool.runWorker;java/util/concurrent/ForkJoinPool.scan;java/util/concurrent/ForkJoinPool$WorkQueue.topLevelExec;java/util/concurrent/ForkJoinTask.doExec;java/util/concurrent/ForkJoinTask$RunnableExecuteAction.exec;java/lang/VirtualThread$$Lambda.0x00007d902c039c78.run;java/lang/VirtualThread.runContinuation;jdk/internal/vm/Continuation.run;jdk/internal/vm/Continuation.enterSpecial;jdk/internal/vm/Continuation.enter;jdk/internal/vm/Continuation.enter0;java/lang/VirtualThread$VThreadContinuation$1.run;java/lang/VirtualThread.run;_notify_jvmti_vthread_end;SharedRuntime::notify_jvmti_vthread_end;JvmtiVTMSTransitionDisabler::VTMS_vthread_end;JvmtiExport::cleanup_thread;Mutex::lock;pthread_mutex_lock 23
java/util/concurrent/ForkJoinWorkerThread.run;java/util/concurrent/ForkJoinPool.runWorker;java/util/concurrent/ForkJoinPool.scan;java/util/concurrent/ForkJoinPool$WorkQueue.topLevelExec;java/util/concurrent/ForkJoinTask.doExec;java/util/concurrent/ForkJoinTask$RunnableExecuteAction.exec;java/lang/VirtualThread$$Lambda.0x00007d902c039c78.run;java/lang/VirtualThread.runContinuation;jdk/internal/vm/Continuation.run;jdk/internal/vm/Continuation.enterSpecial;jdk/internal/vm/Continuation.enter;jdk/internal/vm/Continuation.enter0;java/lang/VirtualThread$VThreadContinuation$1.run;java/lang/VirtualThread.run;_notify_jvmti_vthread_end;SharedRuntime::notify_jvmti_vthread_end;JvmtiVTMSTransitionDisabler::VTMS_vthread_end;JvmtiExport::cleanup_thread;JvmtiEventController::thread_ended;JvmtiThreadState::~JvmtiThreadState 11
java/lang/Thread.run;java/lang/Thread.runWith;java/util/concurrent/ThreadPoolExecutor$Worker.run;java/util/concurrent/ThreadPoolExecutor.runWorker;java/util/concurrent/ThreadPoolExecutor.getTask;java/util/concurrent/LinkedBlockingQueue.take;java/util/concurrent/locks/AbstractQueuedSynchronizer$ConditionObject.await;java/util/concurrent/locks/AbstractQueuedSynchronizer.reacquire;java/util/concurrent/locks/AbstractQueuedSynchronizer.acquire;java/util/concurrent/locks/ReentrantLock$NonfairSync.tryAcquire 1
java/util/concurrent/ForkJoinWorkerThread.run;java/util/concurrent/ForkJoinPool.runWorker;java/util/concurrent/ForkJoinPool.scan;java/util/concurrent/ForkJoinPool$WorkQueue.topLevelExec;java/util/concurrent/ForkJoinTask.doExec;java/util/concurrent/ForkJoinTask$RunnableExecuteAction.exec;java/lang/VirtualThread$$Lambda.0x00007d902c039c78.run;java/lang/VirtualThread.runContinuation;java/lang/VirtualThread.afterDone;java/lang/VirtualThread.afterDone;jdk/internal/vm/ThreadContainers$RootContainer$TrackingRootContainer.onExit;java/util/concurrent/ConcurrentHashMap$KeySetView.remove;java/util/concurrent/ConcurrentHashMap.remove;java/util/concurrent/ConcurrentHashMap.replaceNode 1
java/util/concurrent/ForkJoinWorkerThread.run;java/util/concurrent/ForkJoinPool.runWorker;java/util/concurrent/ForkJoinPool.scan;java/util/concurrent/ForkJoinPool$WorkQueue.topLevelExec;java/util/concurrent/ForkJoinTask.doExec;java/util/concurrent/ForkJoinTask$RunnableExecuteAction.exec;java/lang/VirtualThread$$Lambda.0x00007d902c039c78.run;java/lang/VirtualThread.runContinuation;jdk/internal/vm/Continuation.run;jdk/internal/vm/Continuation.enterSpecial;jdk/internal/vm/Continuation.enter;jdk/internal/vm/Continuation.enter0;java/lang/VirtualThread$VThreadContinuation$1.run;java/lang/VirtualThread.run;_notify_jvmti_vthread_end;SharedRuntime::notify_jvmti_vthread_end;JvmtiVTMSTransitionDisabler::VTMS_vthread_end;JvmtiExport::cleanup_thread;JvmtiEventController::thread_ended;JvmtiThreadState::~JvmtiThreadState;__libc_free;/usr/lib/x86_64-linux-gnu/libc.so.6 2
java/util/concurrent/ForkJoinWorkerThread.run;java/util/concurrent/ForkJoinPool.runWorker;java/util/concurrent/ForkJoinPool.scan;java/util/concurrent/ForkJoinPool$WorkQueue.topLevelExec;java/util/concurrent/ForkJoinTask.doExec;java/util/concurrent/ForkJoinTask$RunnableExecuteAction.exec;java/lang/VirtualThread$$Lambda.0x00007d902c039c78.run;java/lang/VirtualThread.runContinuation;jdk/internal/vm/Continuation.run;jdk/internal/vm/Continuation.enterSpecial;jdk/internal/vm/Continuation.enter;jdk/internal/vm/Continuation.enter0;java/lang/VirtualThread$VThreadContinuation$1.run;java/lang/VirtualThread.run;_notify_jvmti_vthread_end;SharedRuntime::notify_jvmti_vthread_end;JvmtiVTMSTransitionDisabler::VTMS_vthread_end;JvmtiVTMSTransitionDisabler::start_VTMS_transition;HandleMark::initialize 3
java/util/concurrent/ForkJoinWorkerThread.run;java/util/concurrent/ForkJoinPool.runWorker;java/util/concurrent/ForkJoinPool.scan;java/util/concurrent/ForkJoinPool$WorkQueue.topLevelExec;java/util/concurrent/ForkJoinTask.doExec;java/util/concurrent/ForkJoinTask$RunnableExecuteAction.exec;java/lang/VirtualThread$$Lambda.0x00007d902c039c78.run;java/lang/VirtualThread.runContinuation;jdk/internal/vm/Continuation.run;jdk/internal/vm/Continuation.enterSpecial;jdk/internal/vm/Continuation.enter;jdk/internal/vm/Continuation.enter0;java/lang/VirtualThread$VThreadContinuation$1.run;java/lang/VirtualThread.run;_notify_jvmti_vthread_start;SharedRuntime::notify_jvmti_vthread_start;JvmtiVTMSTransitionDisabler::VTMS_vthread_start;JvmtiVTMSTransitionDisabler::VTMS_mount_end;JavaThread::rebind_to_jvmti_thread_state_of;JvmtiThreadState::set_thread 3
java/util/concurrent/ForkJoinWorkerThread.run;java/util/concurrent/ForkJoinPool.runWorker;java/util/concurrent/ForkJoinPool.scan;java/util/concurrent/ForkJoinPool$WorkQueue.topLevelExec;java/util/concurrent/ForkJoinTask.doExec;java/util/concurrent/ForkJoinTask$RunnableExecuteAction.exec;java/lang/VirtualThread$$Lambda.0x00007d902c039c78.run;java/lang/VirtualThread.runContinuation;java/lang/VirtualThread.afterDone;java/lang/VirtualThread.afterDone;jdk/internal/vm/ThreadContainers$RootContainer$TrackingRootContainer.onExit;java/util/concurrent/ConcurrentHashMap$KeySetView.remove;java/util/concurrent/ConcurrentHashMap.remove;java/util/concurrent/ConcurrentHashMap.replaceNode 1
java/util/concurrent/ForkJoinWorkerThread.run;java/util/concurrent/ForkJoinPool.runWorker;java/util/concurrent/ForkJoinPool.scan;java/util/concurrent/ForkJoinPool$WorkQueue.topLevelExec;java/util/concurrent/ForkJoinTask.doExec;java/util/concurrent/ForkJoinTask$RunnableExecuteAction.exec;java/lang/VirtualThread$$Lambda.0x00007d902c039c78.run;java/lang/VirtualThread.runContinuation;jdk/internal/vm/Continuation.run;jdk/internal/vm/Continuation.enterSpecial;jdk/internal/vm/Continuation.enter;jdk/internal/vm/Continuation.enter0;java/lang/VirtualThread$VThreadContinuation$1.run;java/lang/VirtualThread.run;_notify_jvmti_vthread_start;SharedRuntime::notify_jvmti_vthread_start;JvmtiVTMSTransitionDisabler::VTMS_vthread_start;JvmtiEventController::thread_started;JvmtiThreadState::JvmtiThreadState;OopStorage::allocate;Mutex::lock_without_safepoint_check;pthread_mutex_lock 24
java/lang/Thread.run;java/lang/Thread.runWith;java/util/concurrent/ThreadPoolExecutor$Worker.run;java/util/concurrent/ThreadPoolExecutor.runWorker;java/util/concurrent/FutureTask.run;java/util/concurrent/Executors$RunnableAdapter.call;java/util/concurrent/FutureTask.run;org/openjdk/jmh/runner/BenchmarkHandler$BenchmarkTask.call;org/openjdk/jmh/runner/BenchmarkHandler$BenchmarkTask.call;java/lang/reflect/Method.invoke;jdk/internal/reflect/DirectMethodHandleAccessor.invoke;jdk/internal/reflect/DirectMethodHandleAccessor.invokeImpl;java/lang/invoke/LambdaForm$MH.0x00007d902c02e800.invokeExact_MT;java/lang/invoke/LambdaForm$MH.0x00007d902c02e400.invoke;java/lang/invoke/DirectMethodHandle$Holder.invokeSpecial;uk/ac/ncl/jensen/benchmark/jmh_generated/VThreadChurnBenchmark_churn_jmhTest.churn_AverageTime;uk/ac/ncl/jensen/benchmark/jmh_generated/VThreadChurnBenchmark_churn_jmhTest.churn_avgt_jmhStub;uk/ac/ncl/jensen/benchmark/VThreadChurnBenchmark.churn 1
java/util/concurrent/ForkJoinWorkerThread.run;java/util/concurrent/ForkJoinPool.runWorker;java/util/concurrent/ForkJoinPool.scan;java/util/concurrent/ForkJoinPool$WorkQueue.topLevelExec;java/util/concurrent/ForkJoinTask.doExec;java/util/concurrent/ForkJoinTask$RunnableExecuteAction.exec;java/lang/VirtualThread$$Lambda.0x00007d902c039c78.run;java/lang/VirtualThread.runContinuation;jdk/internal/vm/Continuation.run 2
java/util/concurrent/ForkJoinWorkerThread.run;java/util/concurrent/ForkJoinPool.runWorker;java/util/concurrent/ForkJoinPool.scan;java/util/concurrent/ForkJoinPool$WorkQueue.topLevelExec;java/util/concurrent/ForkJoinTask.doExec;java/util/concurrent/ForkJoinTask$RunnableExecuteAction.exec;java/lang/VirtualThread$$Lambda.0x00007d902c039c78.run;java/lang/VirtualThread.runContinuation;jdk/internal/vm/Continuation.run;jdk/internal/vm/Continuation.enterSpecial;jdk/internal/vm/Continuation.enter;jdk/internal/vm/Continuation.enter0;java/lang/VirtualThread$VThreadContinuation$1.run;java/lang/VirtualThread.run;_notify_jvmti_vthread_start;SharedRuntime::notify_jvmti_vthread_start;JvmtiVTMSTransitionDisabler::VTMS_vthread_start;JvmtiEventController::thread_started;JvmtiThreadState::JvmtiThreadState;OopStorage::allocate;Mutex::unlock 3
java/util/concurrent/ForkJoinWorkerThread.run;java/util/concurrent/ForkJoinPool.runWorker;java/util/concurrent/ForkJoinPool.scan;java/util/concurrent/ForkJoinPool$WorkQueue.topLevelExec;java/util/concurrent/ForkJoinTask.doExec;java/util/concurrent/ForkJoinTask$RunnableExecuteAction.exec;java/lang/VirtualThread$$Lambda.0x00007d902c039c78.run;java/lang/VirtualThread.runContinuation;java/lang/VirtualThread.afterDone;java/lang/VirtualThread.afterDone;jdk/internal/vm/ThreadContainers$RootContainer$TrackingRootContainer.onExit;java/util/concurrent/ConcurrentHashMap$KeySetView.remove;java/util/concurrent/ConcurrentHashMap.remove;java/util/concurrent/ConcurrentHashMap.replaceNode 2
java/util/concurrent/ForkJoinWorkerThread.run;java/util/concurrent/ForkJoinPool.runWorker;java/util/concurrent/ForkJoinPool.scan;java/util/concurrent/ForkJoinPool$WorkQueue.topLevelExec;java/util/concurrent/ForkJoinTask.doExec;java/util/concurrent/ForkJoinTask$RunnableExecuteAction.exec;java/lang/VirtualThread$$Lambda.0x00007d902c039c78.run;java/lang/VirtualThread.runContinuation;jdk/internal/vm/Continuation.run;jdk/internal/vm/Continuation.enterSpecial;jdk/internal/vm/Continuation.enter;jdk/internal/vm/Continuation.enter0;java/lang/VirtualThread$VThreadContinuation$1.run;java/lang/VirtualThread.run;_notify_jvmti_vthread_end;SharedRuntime::notify_jvmti_vthread_end;JvmtiVTMSTransitionDisabler::VTMS_vthread_end;JvmtiExport::cleanup_thread;JvmtiEventController::thread_ended;JvmtiThreadState::~JvmtiThreadState;JvmtiEnvThreadState::~JvmtiEnvThreadState 8
java/util/concurrent/ForkJoinWorkerThread.run;java/util/concurrent/ForkJoinPool.runWorker;java/util/concurrent/ForkJoinPool.scan;java/util/concurrent/ForkJoinPool$WorkQueue.topLevelExec;java/util/concurrent/ForkJoinPool$WorkQueue.tryPoll 3
java/util/concurrent/ForkJoinWorkerThread.run;java/util/concurrent/ForkJoinPool.runWorker;java/util/concurrent/ForkJoinPool.scan;java/util/concurrent/ForkJoinPool.signalWork;java/util/concurrent/locks/LockSupport.unpark;jdk/internal/misc/Unsafe.unpark;Unsafe_Unpark;ThreadsListHandle::~ThreadsListHandle 1
java/util/concurrent/ForkJoinWorkerThread.run;java/util/concurrent/ForkJoinPool.runWorker;java/util/concurrent/ForkJoinPool.scan;java/util/concurrent/ForkJoinPool$WorkQueue.topLevelExec;java/util/concurrent/ForkJoinTask.doExec;java/util/concurrent/ForkJoinTask.setDone;java/util/concurrent/ForkJoinTask.signalWaiters 1
java/util/concurrent/ForkJoinWorkerThread.run;java/util/concurrent/ForkJoinPool.runWorker;java/util/concurrent/ForkJoinPool.scan 6
java/util/concurrent/ForkJoinWorkerThread.run;java/util/concurrent/ForkJoinPool.runWorker;java/util/concurrent/ForkJoinPool.scan 2
java/util/concurrent/ForkJoinWorkerThread.run;java/util/concurrent/ForkJoinPool.runWorker;java/util/concurrent/ForkJoinPool.scan;java/util/concurrent/ForkJoinPool.signalWork 3
java/util/concurrent/ForkJoinWorkerThread.run;java/util/concurrent/ForkJoinPool.runWorker;java/util/concurrent/ForkJoinPool.scan;java/util/concurrent/ForkJoinPool$WorkQueue.topLevelExec;java/util/concurrent/ForkJoinTask.doExec;java/util/concurrent/ForkJoinTask$RunnableExecuteAction.exec;java/lang/VirtualThread$$Lambda.0x00007d902c039c78.run;java/lang/VirtualThread.runContinuation;java/lang/VirtualThread.afterDone;java/lang/VirtualThread.afterDone;jdk/internal/misc/Unsafe.freeMemory;jdk/internal/misc/Unsafe.freeMemory0;Unsafe_FreeMemory0;__libc_free;/usr/lib/x86_64-linux-gnu/libc.so.6 222
java/util/concurrent/ForkJoinWorkerThread.run;java/util/concurrent/ForkJoinPool.runWorker;java/util/concurrent/ForkJoinPool.scan 69
java/util/concurrent/ForkJoinWorkerThread.run;java/util/concurrent/ForkJoinPool.runWorker;java/util/concurrent/ForkJoinPool.scan;java/util/concurrent/ForkJoinPool.signalWork;java/util/concurrent/locks/LockSupport.unpark;jdk/internal/misc/Unsafe.unpark;Unsafe_Unpark;SafeThreadsListPtr::release_stable_list 1
java/util/concurrent/ForkJoinWorkerThread.run;java/util/concurrent/ForkJoinPool.runWorker;java/util/concurrent/ForkJoinPool.scan;java/util/concurrent/ForkJoinPool$WorkQueue.topLevelExec;java/util/concurrent/ForkJoinTask.doExec;java/util/concurrent/ForkJoinTask$RunnableExecuteAction.exec;java/lang/VirtualThread$$Lambda.0x00007d902c039c78.run;java/lang/VirtualThread.runContinuation;jdk/internal/vm/Continuation.run;jdk/internal/vm/Continuation.enterSpecial;jdk/internal/vm/Continuation.enter;jdk/internal/vm/Continuation.enter0;java/lang/VirtualThread$VThreadContinuation$1.run;java/lang/VirtualThread.run;_notify_jvmti_vthread_start;SharedRuntime::notify_jvmti_vthread_start;JvmtiVTMSTransitionDisabler::VTMS_vthread_start;JvmtiVTMSTransitionDisabler::VTMS_mount_end;Mutex::lock;JavaFrameAnchor::make_walkable 2
java/util/concurrent/ForkJoinWorkerThread.run;java/util/concurrent/ForkJoinPool.runWorker;java/util/concurrent/ForkJoinPool.awaitWork;java/util/concurrent/locks/LockSupport.park;jdk/internal/misc/Unsafe.park;Unsafe_Park;java_lang_Thread::set_thread_status;AccessInternal::PostRuntimeDispatch<G1BarrierSet::AccessBarrier<286822ul, G1BarrierSet>, (AccessInternal::BarrierType)3, 286822ul>::oop_access_barrier 2
java/util/concurrent/ForkJoinWorkerThread.run;java/util/concurrent/ForkJoinPool.runWorker;java/util/concurrent/ForkJoinPool.scan;java/util/concurrent/ForkJoinPool$WorkQueue.topLevelExec;java/util/concurrent/ForkJoinTask.doExec;java/util/concurrent/ForkJoinTask$RunnableExecuteAction.exec;java/lang/VirtualThread$$Lambda.0x00007d902c039c78.run;java/lang/VirtualThread.runContinuation;jdk/internal/vm/Continuation.run;jdk/internal/vm/Continuation.enterSpecial;jdk/internal/vm/Continuation.enter;jdk/internal/vm/Continuation.enter0;java/lang/VirtualThread$VThreadContinuation$1.run;java/lang/VirtualThread.run;_notify_jvmti_vthread_end;SharedRuntime::notify_jvmti_vthread_end;JvmtiVTMSTransitionDisabler::VTMS_vthread_end 10
java/util/concurrent/ForkJoinWorkerThread.run;java/util/concurrent/ForkJoinPool.runWorker;java/util/concurrent/ForkJoinPool.scan;java/util/concurrent/ForkJoinPool$WorkQueue.topLevelExec;java/util/concurrent/ForkJoinTask.doExec;java/util/concurrent/ForkJoinTask$RunnableExecuteAction.exec;java/lang/VirtualThread$$Lambda.0x00007d902c039c78.run;java/lang/VirtualThread.runContinuation;java/lang/VirtualThread.afterDone;java/lang/VirtualThread.afterDone;jdk/internal/vm/ThreadContainers$RootContainer$TrackingRootContainer.onExit;java/util/concurrent/ConcurrentHashMap$KeySetView.remove;java/util/concurrent/ConcurrentHashMap.remove;java/util/concurrent/ConcurrentHashMap.replaceNode;java/util/concurrent/ConcurrentHashMap.addCount 3
java/util/concurrent/ForkJoinWorkerThread.run;java/util/concurrent/ForkJoinPool.runWorker;java/util/concurrent/ForkJoinPool.scan;java/util/concurrent/ForkJoinPool$WorkQueue.topLevelExec;java/util/concurrent/ForkJoinTask.doExec;java/util/concurrent/ForkJoinTask$RunnableExecuteAction.exec;java/lang/VirtualThread$$Lambda.0x00007d902c039c78.run;java/lang/VirtualThread.runContinuation;java/lang/VirtualThread.afterDone;java/lang/VirtualThread.afterDone;jdk/internal/vm/ThreadContainers$RootContainer$TrackingRootContainer.onExit;java/util/concurrent/ConcurrentHashMap$KeySetView.remove;java/util/concurrent/ConcurrentHashMap.remove;java/util/concurrent/ConcurrentHashMap.replaceNode 3
java/util/concurrent/ForkJoinWorkerThread.run;java/util/concurrent/ForkJoinPool.runWorker;java/util/concurrent/ForkJoinPool.scan;java/util/concurrent/ForkJoinPool$WorkQueue.topLevelExec;java/util/concurrent/ForkJoinTask.doExec;java/util/concurrent/ForkJoinTask$RunnableExecuteAction.exec;java/lang/VirtualThread$$Lambda.0x00007d902c039c78.run;java/lang/VirtualThread.runContinuation;java/lang/VirtualThread.afterDone;java/lang/VirtualThread.afterDone;jdk/internal/vm/ThreadContainers$RootContainer$TrackingRootContainer.onExit;java/util/concurrent/ConcurrentHashMap$KeySetView.remove;java/util/concurrent/ConcurrentHashMap.remove;java/util/concurrent/ConcurrentHashMap.replaceNode;java/util/concurrent/ConcurrentHashMap.tabAt 6
java/util/concurrent/ForkJoinWorkerThread.run;java/util/concurrent/ForkJoinPool.runWorker;java/util/concurrent/ForkJoinPool.scan;java/util/concurrent/ForkJoinPool$WorkQueue.topLevelExec;java/util/concurrent/ForkJoinTask.doExec;java/util/concurrent/ForkJoinTask$RunnableExecuteAction.exec;java/lang/VirtualThread$$Lambda.0x00007d902c039c78.run;java/lang/VirtualThread.runContinuation;jdk/internal/vm/Continuation.run;jdk/internal/vm/Continuation.enterSpecial;jdk/internal/vm/Continuation.enter;jdk/internal/vm/Continuation.enter0;java/lang/VirtualThread$VThreadContinuation$1.run;java/lang/VirtualThread.run;_notify_jvmti_vthread_end;SharedRuntime::notify_jvmti_vthread_end;JvmtiVTMSTransitionDisabler::VTMS_vthread_end;JvmtiExport::cleanup_thread;Mutex::lock;pthread_mutex_lock;/usr/lib/x86_64-linux-gnu/libc.so.6 68
java/util/concurrent/ForkJoinWorkerThread.run;java/util/concurrent/ForkJoinPool.runWorker;java/util/concurrent/ForkJoinPool.scan;java/util/concurrent/ForkJoinPool$WorkQueue.topLevelExec;java/util/concurrent/ForkJoinTask.doExec;java/util/concurrent/ForkJoinTask$RunnableExecuteAction.exec;java/lang/VirtualThread$$Lambda.0x00007d902c039c78.run;java/lang/VirtualThread.runContinuation;jdk/internal/vm/Continuation.run;jdk/internal/vm/Continuation.enterSpecial;jdk/internal/vm/Continuation.enter;jdk/internal/vm/Continuation.enter0;java/lang/VirtualThread$VThreadContinuation$1.run;java/lang/VirtualThread.run;_notify_jvmti_vthread_start;SharedRuntime::notify_jvmti_vthread_start;JvmtiVTMSTransitionDisabler::VTMS_vthread_start;JvmtiEventController::thread_started;AllocateHeap;os::malloc 5
java/util/concurrent/ForkJoinWorkerThread.run;java/util/concurrent/ForkJoinPool.runWorker;java/util/concurrent/ForkJoinPool.scan;java/util/concurrent/ForkJoinPool$WorkQueue.topLevelExec;java/util/concurrent/ForkJoinTask.doExec;java/util/concurrent/ForkJoinTask$RunnableExecuteAction.exec;java/lang/VirtualThread$$Lambda.0x00007d902c039c78.run;java/lang/VirtualThread.runContinuation;jdk/internal/vm/Continuation.run;jdk/internal/vm/Continuation.enterSpecial;jdk/internal/vm/Continuation.enter;jdk/internal/vm/Continuation.enter0;java/lang/VirtualThread$VThreadContinuation$1.run;java/lang/VirtualThread.run;_notify_jvmti_vthread_end;SharedRuntime::notify_jvmti_vthread_end;JvmtiVTMSTransitionDisabler::VTMS_vthread_end;JvmtiExport::cleanup_thread;Mutex::lock;pthread_mutex_lock;/usr/lib/x86_64-linux-gnu/libc.so.6 449
_notify_jvmti_vthread_start 6
java/util/concurrent/ForkJoinWorkerThread.run;java/util/concurrent/ForkJoinPool.runWorker;java/util/concurrent/ForkJoinPool.scan;java/util/concurrent/ForkJoinPool$WorkQueue.topLevelExec;java/util/concurrent/ForkJoinTask.doExec;java/util/concurrent/ForkJoinTask$RunnableExecuteAction.exec 1
java/util/concurrent/ForkJoinWorkerThread.run;java/util/concurrent/ForkJoinPool.runWorker;java/util/concurrent/ForkJoinPool.scan;java/util/concurrent/ForkJoinPool$WorkQueue.topLevelExec;java/util/concurrent/ForkJoinTask.doExec;java/util/concurrent/ForkJoinTask$RunnableExecuteAction.exec;java/lang/VirtualThread$$Lambda.0x00007d902c039c78.run;java/lang/VirtualThread.runContinuation;jdk/internal/vm/Continuation.run;jdk/internal/vm/Continuation.enterSpecial;jdk/internal/vm/Continuation.enter;jdk/internal/vm/Continuation.enter0;java/lang/VirtualThread$VThreadContinuation$1.run;java/lang/VirtualThread.run;_notify_jvmti_vthread_end;SharedRuntime::notify_jvmti_vthread_end;JavaThread::rebind_to_jvmti_thread_state_of;Continuation::set_cont_fastpath_thread_state 6
java/util/concurrent/ForkJoinWorkerThread.run;java/util/concurrent/ForkJoinPool.runWorker;java/util/concurrent/ForkJoinPool.scan;java/util/concurrent/ForkJoinPool$WorkQueue.topLevelExec;java/util/concurrent/ForkJoinTask.doExec;java/util/concurrent/ForkJoinTask$RunnableExecuteAction.exec;java/lang/VirtualThread$$Lambda.0x00007d902c039c78.run;java/lang/VirtualThread.runContinuation;jdk/internal/vm/Continuation.run;jdk/internal/vm/Continuation.enterSpecial;jdk/internal/vm/Continuation.enter;jdk/internal/vm/Continuation.enter0;java/lang/VirtualThread$VThreadContinuation$1.run;java/lang/VirtualThread.run;_notify_jvmti_vthread_end;SharedRuntime::notify_jvmti_vthread_end;JvmtiVTMSTransitionDisabler::VTMS_vthread_end;JvmtiExport::cleanup_thread;Mutex::lock;pthread_mutex_lock;/usr/lib/x86_64-linux-gnu/libc.so.6 2731
java/util/concurrent/ForkJoinWorkerThread.run;java/util/concurrent/ForkJoinPool.runWorker;java/util/concurrent/ForkJoinPool.scan;java/util/concurrent/ForkJoinPool$WorkQueue.topLevelExec;java/util/concurrent/ForkJoinTask.doExec;java/util/concurrent/ForkJoinTask$RunnableExecuteAction.exec;java/lang/VirtualThread$$Lambda.0x00007d902c039c78.run;java/lang/VirtualThread.runContinuation;jdk/internal/vm/Continuation.run;jdk/internal/vm/Continuation.enterSpecial;jdk/internal/vm/Continuation.enter;jdk/internal/vm/Continuation.enter0;java/lang/VirtualThread$VThreadContinuation$1.run;java/lang/VirtualThread.run;_notify_jvmti_vthread_start;SharedRuntime::notify_jvmti_vthread_start;JvmtiVTMSTransitionDisabler::VTMS_vthread_start;JvmtiEventController::thread_started;Mutex::lock;pthread_mutex_trylock@plt 1
java/util/concurrent/ForkJoinWorkerThread.run;java/util/concurrent/ForkJoinPool.runWorker;java/util/concurrent/ForkJoinPool.scan;java/util/concurrent/ForkJoinPool$WorkQueue.topLevelExec;java/util/concurrent/ForkJoinTask.doExec;java/util/concurrent/ForkJoinTask$RunnableExecuteAction.exec;java/lang/VirtualThread$$Lambda.0x00007d902c039c78.run;java/lang/VirtualThread.runContinuation;java/lang/VirtualThread.mount;_notify_jvmti_vthread_mount;SharedRuntime::notify_jvmti_vthread_mount;JvmtiVTMSTransitionDisabler::start_VTMS_transition;java_lang_Thread::set_is_in_VTMS_transition 24
java/util/concurrent/ForkJoinWorkerThread.run;java/util/concurrent/ForkJoinPool.runWorker;java/util/concurrent/ForkJoinPool.scan;java/util/concurrent/ForkJoinPool$WorkQueue.topLevelExec;java/util/concurrent/ForkJoinTask.doExec;java/util/concurrent/ForkJoinTask$RunnableExecuteAction.exec;java/lang/VirtualThread$$Lambda.0x00007d902c039c78.run;java/lang/VirtualThread.runContinuation;jdk/internal/vm/Continuation.run;jdk/internal/vm/Continuation.enterSpecial;jdk/internal/vm/Continuation.enter;jdk/internal/vm/Continuation.enter0;java/lang/VirtualThread$VThreadContinuation$1.run;java/lang/VirtualThread.run;_notify_jvmti_vthread_end;SharedRuntime::notify_jvmti_vthread_end;JNIHandleBlock::allocate_handle 10
java/util/concurrent/ForkJoinWorkerThread.run;java/util/concurrent/ForkJoinPool.runWorker;java/util/concurrent/ForkJoinPool.scan;java/util/concurrent/ForkJoinPool$WorkQueue.topLevelExec;java/util/concurrent/ForkJoinTask.doExec;java/util/concurrent/ForkJoinTask$RunnableExecuteAction.exec;java/lang/VirtualThread$$Lambda.0x00007d902c039c78.run;java/lang/VirtualThread.runContinuation;jdk/internal/vm/Continuation.run;jdk/internal/vm/Continuation.enterSpecial;jdk/internal/vm/Continuation.enter;jdk/internal/vm/Continuation.enter0;java/lang/VirtualThread$VThreadContinuation$1.run;java/lang/VirtualThread.run;_notify_jvmti_vthread_start;SharedRuntime::notify_jvmti_vthread_start;JvmtiVTMSTransitionDisabler::VTMS_vthread_start;JvmtiVTMSTransitionDisabler::VTMS_mount_end;Mutex::lock;pthread_mutex_lock;/usr/lib/x86_64-linux-gnu/libc.so.6 70
java/util/concurrent/ForkJoinWorkerThread.run;java/util/concurrent/ForkJoinPool.runWorker;java/util/concurrent/ForkJoinPool.scan;java/util/concurrent/ForkJoinPool$WorkQueue.topLevelExec;java/util/concurrent/ForkJoinTask.doExec;java/util/concurrent/ForkJoinTask$RunnableExecuteAction.exec;java/lang/VirtualThread$$Lambda.0x00007d902c039c78.run;java/lang/VirtualThread.runContinuation;jdk/internal/vm/Continuation.run;jdk/internal/vm/Continuation.enterSpecial;jdk/internal/vm/Continuation.enter;jdk/internal/vm/Continuation.enter0;java/lang/VirtualThread$VThreadContinuation$1.run;java/lang/VirtualThread.run;_notify_jvmti_vthread_start;SharedRuntime::notify_jvmti_vthread_start;JvmtiVTMSTransitionDisabler::VTMS_vthread_start;JvmtiEventController::thread_started;JvmtiThreadState::JvmtiThreadState 2
java/util/concurrent/ForkJoinWorkerThread.run;java/util/concurrent/ForkJoinPool.runWorker;java/util/concurrent/ForkJoinPool.scan;java/util/concurrent/ForkJoinPool$WorkQueue.topLevelExec;java/util/concurrent/ForkJoinTask.doExec;java/util/concurrent/ForkJoinTask$RunnableExecuteAction.exec;java/lang/VirtualThread$$Lambda.0x00007d902c039c78.run;java/lang/VirtualThread.runContinuation;java/lang/VirtualThread.afterDone;java/lang/VirtualThread.afterDone;java/util/concurrent/CountDownLatch.countDown;java/util/concurrent/locks/AbstractQueuedSynchronizer.releaseShared;java/util/concurrent/CountDownLatch$Sync.tryReleaseShared;java/util/concurrent/locks/AbstractQueuedSynchronizer.compareAndSetState 1
java/util/concurrent/ForkJoinWorkerThread.run;java/util/concurrent/ForkJoinPool.runWorker;java/util/concurrent/ForkJoinPool.scan;java/util/concurrent/ForkJoinPool$WorkQueue.topLevelExec;java/util/concurrent/ForkJoinTask.doExec;java/util/concurrent/ForkJoinTask$RunnableExecuteAction.exec;java/lang/VirtualThread$$Lambda.0x00007d902c039c78.run;java/lang/VirtualThread.runContinuation;jdk/internal/vm/Continuation.run;jdk/internal/vm/Continuation.enterSpecial;jdk/internal/vm/Continuation.enter;jdk/internal/vm/Continuation.enter0;java/lang/VirtualThread$VThreadContinuation$1.run;java/lang/VirtualThread.run;_notify_jvmti_vthread_end;SharedRuntime::notify_jvmti_vthread_end;JavaThread::rebind_to_jvmti_thread_state_of 2
java/util/concurrent/ForkJoinWorkerThread.run;java/util/concurrent/ForkJoinPool.runWorker;java/util/concurrent/ForkJoinPool.scan;java/util/concurrent/ForkJoinPool$WorkQueue.topLevelExec;java/util/concurrent/ForkJoinTask.doExec;java/util/concurrent/ForkJoinTask$RunnableExecuteAction.exec;java/lang/VirtualThread$$Lambda.0x00007d902c039c78.run;java/lang/VirtualThread.runContinuation;jdk/internal/vm/Continuation.run;jdk/internal/vm/Continuation.enterSpecial;jdk/internal/vm/Continuation.enter;jdk/internal/vm/Continuation.enter0;java/lang/VirtualThread$VThreadContinuation$1.run;java/lang/VirtualThread.run;_notify_jvmti_vthread_start;SharedRuntime::notify_jvmti_vthread_start;JvmtiVTMSTransitionDisabler::VTMS_vthread_start;JvmtiVTMSTransitionDisabler::VTMS_mount_end;Mutex::lock;ThreadBlockInVMPreprocess<InFlightMutexRelease>::~ThreadBlockInVMPreprocess 7
java/util/concurrent/ForkJoinWorkerThread.run;java/util/concurrent/ForkJoinPool.runWorker;java/util/concurrent/ForkJoinPool.scan;java/util/concurrent/ForkJoinPool$WorkQueue.topLevelExec;java/util/concurrent/ForkJoinTask.doExec;java/util/concurrent/ForkJoinTask$RunnableExecuteAction.exec;java/lang/VirtualThread$$Lambda.0x00007d902c039c78.run;java/lang/VirtualThread.runContinuation;jdk/internal/vm/Continuation.run;jdk/internal/vm/Continuation.enterSpecial;jdk/internal/vm/Continuation.enter;jdk/internal/vm/Continuation.enter0;java/lang/VirtualThread$VThreadContinuation$1.run;java/lang/VirtualThread.run;_notify_jvmti_vthread_end;SharedRuntime::notify_jvmti_vthread_end;JvmtiVTMSTransitionDisabler::VTMS_vthread_end;JvmtiExport::cleanup_thread;os::free 1
java/util/concurrent/ForkJoinWorkerThread.run;java/util/concurrent/ForkJoinPool.runWorker;java/util/concurrent/ForkJoinPool.scan;java/util/concurrent/ForkJoinPool$WorkQueue.topLevelExec;java/util/concurrent/ForkJoinTask.doExec;java/util/concurrent/ForkJoinTask$RunnableExecuteAction.exec;java/lang/VirtualThread$$Lambda.0x00007d902c039c78.run;java/lang/VirtualThread.runContinuation;jdk/internal/vm/Continuation.run;jdk/internal/vm/Continuation.enterSpecial;jdk/internal/vm/Continuation.enter;jdk/internal/vm/Continuation.enter0;java/lang/VirtualThread$VThreadContinuation$1.run;java/lang/VirtualThread.run;_notify_jvmti_vthread_start;SharedRuntime::notify_jvmti_vthread_start;JvmtiVTMSTransitionDisabler::VTMS_vthread_start;JvmtiEventController::thread_started;JvmtiThreadState::JvmtiThreadState;OopStorage::allocate 1
java/util/concurrent/ForkJoinWorkerThread.run;java/util/concurrent/ForkJoinPool.runWorker;java/util/concurrent/ForkJoinPool.scan 3
java/util/concurrent/ForkJoinWorkerThread.run;java/util/concurrent/ForkJoinPool.runWorker;java/util/concurrent/ForkJoinPool.scan;java/util/concurrent/ForkJoinPool$WorkQueue.topLevelExec;java/util/concurrent/ForkJoinTask.doExec;java/util/concurrent/ForkJoinTask$RunnableExecuteAction.exec;java/lang/VirtualThread$$Lambda.0x00007d902c039c78.run;java/lang/VirtualThread.runContinuation;jdk/internal/vm/Continuation.run;jdk/internal/vm/Continuation.enterSpecial;jdk/internal/vm/Continuation.enter;jdk/internal/vm/Continuation.enter0;java/lang/VirtualThread$VThreadContinuation$1.run;java/lang/VirtualThread.run;java/lang/Thread.runWith;uk/ac/ncl/jensen/benchmark/VThreadChurnBenchmark$$Lambda.0x00007d902c029bb0.run;uk/ac/ncl/jensen/benchmark/VThreadChurnBenchmark.lambda$churn$0;org/openjdk/jmh/infra/Blackhole.consumeCPU 2
java/util/concurrent/ForkJoinWorkerThread.run;java/util/concurrent/ForkJoinPool.runWorker;java/util/concurrent/ForkJoinPool.scan;java/util/concurrent/ForkJoinPool$WorkQueue.topLevelExec;java/util/concurrent/ForkJoinTask.doExec;java/util/concurrent/ForkJoinTask$RunnableExecuteAction.exec;java/lang/VirtualThread$$Lambda.0x00007d902c039c78.run;java/lang/VirtualThread.runContinuation;java/lang/VirtualThread.afterDone;java/lang/VirtualThread.afterDone;jdk/internal/vm/ThreadContainers$RootContainer$TrackingRootContainer.onExit;java/util/concurrent/ConcurrentHashMap$KeySetView.remove;java/util/concurrent/ConcurrentHashMap.remove;java/util/concurrent/ConcurrentHashMap.replaceNode;java/util/concurrent/ConcurrentHashMap.addCount 2
java/util/concurrent/ForkJoinWorkerThread.run;java/util/concurrent/ForkJoinPool.runWorker;java/util/concurrent/ForkJoinPool.scan;java/util/concurrent/ForkJoinPool$WorkQueue.topLevelExec;java/util/concurrent/ForkJoinTask.doExec;java/util/concurrent/ForkJoinTask$RunnableExecuteAction.exec;java/lang/VirtualThread$$Lambda.0x00007d902c039c78.run;java/lang/VirtualThread.runContinuation;jdk/internal/vm/Continuation.run;jdk/internal/vm/Continuation.enterSpecial;jdk/internal/vm/Continuation.enter;jdk/internal/vm/Continuation.enter0;java/lang/VirtualThread$VThreadContinuation$1.run;java/lang/VirtualThread.run;_notify_jvmti_vthread_start;SharedRuntime::notify_jvmti_vthread_start;JvmtiVTMSTransitionDisabler::VTMS_vthread_start;JvmtiVTMSTransitionDisabler::finish_VTMS_transition;java_lang_Thread::set_is_in_VTMS_transition 63
java/util/concurrent/ForkJoinWorkerThread.run;java/util/concurrent/ForkJoinPool.runWorker;java/util/concurrent/ForkJoinPool.scan;java/util/concurrent/ForkJoinPool$WorkQueue.topLevelExec;java/util/concurrent/ForkJoinTask.doExec;java/util/concurrent/ForkJoinTask$RunnableExecuteAction.exec;java/lang/VirtualThread$$Lambda.0x00007d902c039c78.run;java/lang/VirtualThread.runContinuation;jdk/internal/vm/Continuation.run;jdk/internal/vm/Continuation.enterSpecial;jdk/internal/vm/Continuation.enter;jdk/internal/vm/Continuation.enter0;java/lang/VirtualThread$VThreadContinuation$1.run;java/lang/VirtualThread.run;java/lang/Thread.runWith 3
java/util/concurrent/ForkJoinWorkerThread.run;java/util/concurrent/ForkJoinPool.runWorker;java/util/concurrent/ForkJoinPool.scan;java/util/concurrent/ForkJoinPool$WorkQueue.topLevelExec;java/util/concurrent/ForkJoinTask.doExec;java/util/concurrent/ForkJoinTask$RunnableExecuteAction.exec;java/lang/VirtualThread$$Lambda.0x00007d902c039c78.run;java/lang/VirtualThread.runContinuation;java/lang/VirtualThread.unmount;_notify_jvmti_vthread_unmount;SharedRuntime::notify_jvmti_vthread_unmount;JvmtiVTMSTransitionDisabler::finish_VTMS_transition;__tls_get_addr@plt 1
java/util/concurrent/ForkJoinWorkerThread.run;java/util/concurrent/ForkJoinPool.runWorker;java/util/concurrent/ForkJoinPool.scan;java/util/concurrent/ForkJoinPool$WorkQueue.topLevelExec;java/util/concurrent/ForkJoinTask.doExec;java/util/concurrent/ForkJoinTask$RunnableExecuteAction.exec;java/lang/VirtualThread$$Lambda.0x00007d902c039c78.run;java/lang/VirtualThread.runContinuation;jdk/internal/vm/Continuation.run;jdk/internal/vm/Continuation.enterSpecial;jdk/internal/vm/Continuation.enter;jdk/internal/vm/Continuation.enter0;java/lang/VirtualThread$VThreadContinuation$1.run;java/lang/VirtualThread.run;_notify_jvmti_vthread_start;SharedRuntime::notify_jvmti_vthread_start;JvmtiVTMSTransitionDisabler::VTMS_vthread_start;JvmtiEventController::thread_started;JvmtiThreadState::JvmtiThreadState;AccessInternal::PostRuntimeDispatch<G1BarrierSet::AccessBarrier<548964ul, G1BarrierSet>, (AccessInternal::BarrierType)0, 548964ul>::oop_access_barrier 1
java/util/concurrent/ForkJoinWorkerThread.run;java/util/concurrent/ForkJoinPool.runWorker;java/util/concurrent/ForkJoinPool.scan;java/util/concurrent/ForkJoinPool$WorkQueue.topLevelExec;java/util/concurrent/ForkJoinPool$WorkQueue.tryPoll 3
java/lang/Thread.run;java/lang/Thread.runWith;java/util/concurrent/ThreadPoolExecutor$Worker.run;java/util/concurrent/ThreadPoolExecutor.runWorker;java/util/concurrent/FutureTask.run;java/util/concurrent/Executors$RunnableAdapter.call;java/util/concurrent/FutureTask.run;org/openjdk/jmh/runner/BenchmarkHandler$BenchmarkTask.call;org/openjdk/jmh/runner/BenchmarkHandler$BenchmarkTask.call;java/lang/reflect/Method.invoke;jdk/internal/reflect/DirectMethodHandleAccessor.invoke;jdk/internal/reflect/DirectMethodHandleAccessor.invokeImpl;java/lang/invoke/LambdaForm$MH.0x00007d902c02e800.invokeExact_MT;java/lang/invoke/LambdaForm$MH.0x00007d902c02e400.invoke;java/lang/invoke/DirectMethodHandle$Holder.invokeSpecial;uk/ac/ncl/jensen/benchmark/jmh_generated/VThreadChurnBenchmark_churn_jmhTest.churn_AverageTime;uk/ac/ncl/jensen/benchmark/jmh_generated/VThreadChurnBenchmark_churn_jmhTest.churn_avgt_jmhStub;uk/ac/ncl/jensen/benchmark/VThreadChurnBenchmark.churn;java/lang/Thread.join;java/lang/Thread.join;java/lang/VirtualThread.joinNanos;java/util/concurrent/CountDownLatch.await;java/util/concurrent/locks/AbstractQueuedSynchronizer.acquireSharedInterruptibly;java/util/concurrent/locks/AbstractQueuedSynchronizer.acquire;java/util/concurrent/locks/LockSupport.park;jdk/internal/misc/Unsafe.park 2
java/util/concurrent/ForkJoinWorkerThread.run;java/util/concurrent/ForkJoinPool.runWorker;java/util/concurrent/ForkJoinPool.scan;java/util/concurrent/ForkJoinPool$WorkQueue.topLevelExec;java/util/concurrent/ForkJoinTask.doExec;java/util/concurrent/ForkJoinTask$RunnableExecuteAction.exec;java/lang/VirtualThread$$Lambda.0x00007d902c039c78.run;java/lang/VirtualThread.runContinuation;jdk/internal/vm/Continuation.run;jdk/internal/vm/Continuation.enterSpecial;jdk/internal/vm/Continuation.enter;jdk/internal/vm/Continuation.enter0;java/lang/VirtualThread$VThreadContinuation$1.run;java/lang/VirtualThread.run;_notify_jvmti_vthread_end;SharedRuntime::notify_jvmti_vthread_end;JvmtiVTMSTransitionDisabler::VTMS_vthread_end;AccessInternal::PostRuntimeDispatch<G1BarrierSet::AccessBarrier<548964ul, G1BarrierSet>, (AccessInternal::BarrierType)2, 548964ul>::oop_access_barrier 15
java/lang/Thread.run;java/lang/Thread.runWith;java/util/concurrent/ThreadPoolExecutor$Worker.run;java/util/concurrent/ThreadPoolExecutor.runWorker;java/util/concurrent/FutureTask.run;java/util/concurrent/Executors$RunnableAdapter.call;java/util/concurrent/FutureTask.run;org/openjdk/jmh/runner/BenchmarkHandler$BenchmarkTask.call;org/openjdk/jmh/runner/BenchmarkHandler$BenchmarkTask.call;java/lang/reflect/Method.invoke;jdk/internal/reflect/DirectMethodHandleAccessor.invoke;jdk/internal/reflect/DirectMethodHandleAccessor.invokeImpl;java/lang/invoke/LambdaForm$MH.0x00007d902c02e800.invokeExact_MT;java/lang/invoke/LambdaForm$MH.0x00007d902c02e400.invoke;java/lang/invoke/DirectMethodHandle$Holder.invokeSpecial;uk/ac/ncl/jensen/benchmark/jmh_generated/VThreadChurnBenchmark_churn_jmhTest.churn_AverageTime;uk/ac/ncl/jensen/benchmark/jmh_generated/VThreadChurnBenchmark_churn_jmhTest.churn_avgt_jmhStub;uk/ac/ncl/jensen/benchmark/VThreadChurnBenchmark.churn;java/lang/ThreadBuilders$VirtualThreadBuilder.start;java/lang/VirtualThread.start;java/lang/VirtualThread.start;jdk/internal/misc/Unsafe.setMemory;jdk/internal/misc/Unsafe.setMemory 1
java/util/concurrent/ForkJoinWorkerThread.run;java/util/concurrent/ForkJoinPool.runWorker;java/util/concurrent/ForkJoinPool.scan;java/util/concurrent/ForkJoinPool$WorkQueue.topLevelExec;java/util/concurrent/ForkJoinTask.doExec;java/util/concurrent/ForkJoinTask$RunnableExecuteAction.exec;java/lang/VirtualThread$$Lambda.0x00007d902c039c78.run;java/lang/VirtualThread.runContinuation;jdk/internal/vm/Continuation.run;jdk/internal/vm/Continuation.enterSpecial;jdk/internal/vm/Continuation.enter;jdk/internal/vm/Continuation.enter0;java/lang/VirtualThread$VThreadContinuation$1.run;java/lang/VirtualThread.run;_notify_jvmti_vthread_start;SharedRuntime::notify_jvmti_vthread_start;JvmtiVTMSTransitionDisabler::VTMS_vthread_start;JvmtiEventController::thread_started;Mutex::lock;pthread_mutex_trylock 1
java/util/concurrent/ForkJoinWorkerThread.run;java/util/concurrent/ForkJoinPool.runWorker;java/util/concurrent/ForkJoinPool.scan;java/util/concurrent/ForkJoinPool$WorkQueue.topLevelExec;java/util/concurrent/ForkJoinTask.doExec;java/util/concurrent/ForkJoinTask$RunnableExecuteAction.exec;java/lang/VirtualThread$$Lambda.0x00007d902c039c78.run;java/lang/VirtualThread.runContinuation;java/lang/VirtualThread.afterDone;java/lang/VirtualThread.afterDone;java/util/concurrent/CountDownLatch.countDown;java/util/concurrent/locks/AbstractQueuedSynchronizer.releaseShared;java/util/concurrent/locks/AbstractQueuedSynchronizer.signalNext;java/util/concurrent/locks/LockSupport.unpark;jdk/internal/misc/Unsafe.unpark;Unsafe_Unpark;pthread_cond_signal 47
java/lang/Thread.run;java/lang/Thread.runWith;java/util/concurrent/ThreadPoolExecutor$Worker.run;java/util/concurrent/ThreadPoolExecutor.runWorker;java/util/concurrent/FutureTask.run;java/util/concurrent/Executors$RunnableAdapter.call;java/util/concurrent/FutureTask.run;org/openjdk/jmh/runner/BenchmarkHandler$BenchmarkTask.call;org/openjdk/jmh/runner/BenchmarkHandler$BenchmarkTask.call;java/lang/reflect/Method.invoke;jdk/internal/reflect/DirectMethodHandleAccessor.invoke;jdk/internal/reflect/DirectMethodHandleAccessor.invokeImpl;java/lang/invoke/LambdaForm$MH.0x00007d902c02e800.invokeExact_MT;java/lang/invoke/LambdaForm$MH.0x00007d902c02e400.invoke;java/lang/invoke/DirectMethodHandle$Holder.invokeSpecial;uk/ac/ncl/jensen/benchmark/jmh_generated/VThreadChurnBenchmark_churn_jmhTest.churn_AverageTime;uk/ac/ncl/jensen/benchmark/jmh_generated/VThreadChurnBenchmark_churn_jmhTest.churn_avgt_jmhStub;uk/ac/ncl/jensen/benchmark/VThreadChurnBenchmark.churn;java/lang/Thread.join;java/lang/Thread.join;java/lang/VirtualThread.joinNanos;java/util/concurrent/CountDownLatch.await;java/util/concurrent/locks/AbstractQueuedSynchronizer.acquireSharedInterruptibly;java/util/concurrent/locks/AbstractQueuedSynchronizer.acquire;java/util/concurrent/locks/LockSupport.park;jdk/internal/misc/Unsafe.park;Unsafe_Park;Parker::park;__pthread_mutex_unlock 1
java/util/concurrent/ForkJoinWorkerThread.run;java/util/concurrent/ForkJoinPool.runWorker;java/util/concurrent/ForkJoinPool.scan;java/util/concurrent/ForkJoinPool$WorkQueue.topLevelExec;java/util/concurrent/ForkJoinTask.doExec;java/util/concurrent/ForkJoinTask$RunnableExecuteAction.exec;java/lang/VirtualThread$$Lambda.0x00007d902c039c78.run;java/lang/VirtualThread.runContinuation;jdk/internal/vm/Continuation.run;jdk/internal/vm/Continuation.enterSpecial;jdk/internal/vm/Continuation.enter;jdk/internal/vm/Continuation.enter0;java/lang/VirtualThread$VThreadContinuation$1.run;java/lang/VirtualThread.run;_notify_jvmti_vthread_end;SharedRuntime::notify_jvmti_vthread_end;JvmtiVTMSTransitionDisabler::VTMS_vthread_end;JvmtiExport::cleanup_thread;JvmtiEventController::thread_ended;JvmtiThreadState::~JvmtiThreadState;__libc_free 1
java/util/concurrent/ForkJoinWorkerThread.run;java/util/concurrent/ForkJoinPool.runWorker;java/util/concurrent/ForkJoinPool.scan;java/util/concurrent/ForkJoinPool$WorkQueue.topLevelExec;java/util/concurrent/ForkJoinTask.doExec;java/util/concurrent/ForkJoinTask$RunnableExecuteAction.exec;java/lang/VirtualThread$$Lambda.0x00007d902c039c78.run;java/lang/VirtualThread.runContinuation;jdk/internal/vm/Continuation.run;jdk/internal/vm/Continuation.enterSpecial;jdk/internal/vm/Continuation.enter;jdk/internal/vm/Continuation.enter0;java/lang/VirtualThread$VThreadContinuation$1.run;java/lang/VirtualThread.run;_notify_jvmti_vthread_start;SharedRuntime::notify_jvmti_vthread_start;JvmtiVTMSTransitionDisabler::VTMS_vthread_start;JvmtiEventController::thread_started;JvmtiThreadState::JvmtiThreadState;__tls_get_addr@plt 5
java/util/concurrent/ForkJoinWorkerThread.run;java/util/concurrent/ForkJoinPool.runWorker;java/util/concurrent/ForkJoinPool.scan 5
java/util/concurrent/ForkJoinWorkerThread.run;java/util/concurrent/ForkJoinPool.runWorker;java/util/concurrent/ForkJoinPool.scan;java/util/concurrent/ForkJoinPool$WorkQueue.topLevelExec;java/util/concurrent/ForkJoinTask.doExec;java/util/concurrent/ForkJoinTask$RunnableExecuteAction.exec;java/lang/VirtualThread$$Lambda.0x00007d902c039c78.run;java/lang/VirtualThread.runContinuation;jdk/internal/vm/Continuation.run;jdk/internal/vm/Continuation.enterSpecial;jdk/internal/vm/Continuation.enter;jdk/internal/vm/Continuation.enter0;java/lang/VirtualThread$VThreadContinuation$1.run;java/lang/VirtualThread.run;_notify_jvmti_vthread_start;SharedRuntime::notify_jvmti_vthread_start;JvmtiVTMSTransitionDisabler::VTMS_vthread_start;JvmtiEventController::thread_started;AccessInternal::PostRuntimeDispatch<G1BarrierSet::AccessBarrier<548964ul, G1BarrierSet>, (AccessInternal::BarrierType)2, 548964ul>::oop_access_barrier 2
java/lang/Thread.run;java/lang/Thread.runWith;java/util/concurrent/ThreadPoolExecutor$Worker.run;java/util/concurrent/ThreadPoolExecutor.runWorker;java/util/concurrent/FutureTask.run;java/util/concurrent/Executors$RunnableAdapter.call;java/util/concurrent/FutureTask.run;org/openjdk/jmh/runner/BenchmarkHandler$BenchmarkTask.call;org/openjdk/jmh/runner/BenchmarkHandler$BenchmarkTask.call;java/lang/reflect/Method.invoke;jdk/internal/reflect/DirectMethodHandleAccessor.invoke;jdk/internal/reflect/DirectMethodHandleAccessor.invokeImpl;java/lang/invoke/LambdaForm$MH.0x00007d902c02e800.invokeExact_MT;java/lang/invoke/LambdaForm$MH.0x00007d902c02e400.invoke;java/lang/invoke/DirectMethodHandle$Holder.invokeSpecial;uk/ac/ncl/jensen/benchmark/jmh_generated/VThreadChurnBenchmark_churn_jmhTest.churn_AverageTime;uk/ac/ncl/jensen/benchmark/jmh_generated/VThreadChurnBenchmark_churn_jmhTest.churn_avgt_jmhStub;uk/ac/ncl/jensen/benchmark/VThreadChurnBenchmark.churn;java/lang/ThreadBuilders$VirtualThreadBuilder.start;java/lang/VirtualThread.start;java/lang/VirtualThread.start;java/lang/VirtualThread.submitRunContinuation;java/util/concurrent/ForkJoinPool.execute;java/util/concurrent/ForkJoinPool.poolSubmit;java/util/concurrent/ForkJoinPool.submissionQueue;java/util/concurrent/ForkJoinPool$WorkQueue.getAndSetAccess 8
java/util/concurrent/ForkJoinWorkerThread.run;java/util/concurrent/ForkJoinPool.runWorker;java/util/concurrent/ForkJoinPool.scan;java/util/concurrent/ForkJoinPool$WorkQueue.topLevelExec;java/util/concurrent/ForkJoinTask.doExec;java/util/concurrent/ForkJoinTask$RunnableExecuteAction.exec;java/lang/VirtualThread$$Lambda.0x00007d902c039c78.run;java/lang/VirtualThread.runContinuation;jdk/internal/vm/Continuation.run;jdk/internal/vm/Continuation.enterSpecial;jdk/internal/vm/Continuation.enter;jdk/internal/vm/Continuation.enter0 1
java/util/concurrent/ForkJoinWorkerThread.run;java/util/concurrent/ForkJoinPool.runWorker;java/util/concurrent/ForkJoinPool.scan;java/util/concurrent/ForkJoinPool$WorkQueue.topLevelExec;java/util/concurrent/ForkJoinTask.doExec;java/util/concurrent/ForkJoinTask$RunnableExecuteAction.exec;java/lang/VirtualThread$$Lambda.0x00007d902c039c78.run;java/lang/VirtualThread.runContinuation;jdk/internal/vm/Continuation.run;jdk/internal/vm/Continuation.enterSpecial;jdk/internal/vm/Continuation.enter;jdk/internal/vm/Continuation.enter0;java/lang/VirtualThread$VThreadContinuation$1.run;java/lang/VirtualThread.run 4
java/util/concurrent/ForkJoinWorkerThread.run;java/util/concurrent/ForkJoinPool.runWorker;java/util/concurrent/ForkJoinPool.scan;java/util/concurrent/ForkJoinPool$WorkQueue.topLevelExec;java/util/concurrent/ForkJoinTask.doExec;java/util/concurrent/ForkJoinTask$RunnableExecuteAction.exec;java/lang/VirtualThread$$Lambda.0x00007d902c039c78.run;java/lang/VirtualThread.runContinuation;jdk/internal/vm/Continuation.run;jdk/internal/vm/Continuation.enterSpecial;jdk/internal/vm/Continuation.enter;jdk/internal/vm/Continuation.enter0;java/lang/VirtualThread$VThreadContinuation$1.run;java/lang/VirtualThread.run;_notify_jvmti_vthread_end;SharedRuntime::notify_jvmti_vthread_end;JvmtiVTMSTransitionDisabler::VTMS_vthread_end;JvmtiExport::cleanup_thread 2
java/util/concurrent/ForkJoinWorkerThread.run;java/util/concurrent/ForkJoinPool.runWorker;java/util/concurrent/ForkJoinPool.scan;java/util/concurrent/ForkJoinPool$WorkQueue.topLevelExec;java/util/concurrent/ForkJoinTask.doExec;java/util/concurrent/ForkJoinTask$RunnableExecuteAction.exec;java/lang/VirtualThread$$Lambda.0x00007d902c039c78.run;java/lang/VirtualThread.runContinuation;jdk/internal/vm/Continuation.run;jdk/internal/vm/Continuation.enterSpecial;jdk/internal/vm/Continuation.enter;jdk/internal/vm/Continuation.enter0;java/lang/VirtualThread$VThreadContinuation$1.run;java/lang/VirtualThread.run;_notify_jvmti_vthread_start;SharedRuntime::notify_jvmti_vthread_start;JvmtiVTMSTransitionDisabler::VTMS_vthread_start;JvmtiEventController::thread_started;JvmtiEventControllerPrivate::recompute_thread_enabled;__tls_get_addr 1
java/util/concurrent/ForkJoinWorkerThread.run;java/util/concurrent/ForkJoinPool.runWorker;java/util/concurrent/ForkJoinPool.scan;java/util/concurrent/ForkJoinPool$WorkQueue.topLevelExec;java/util/concurrent/ForkJoinTask.doExec;java/util/concurrent/ForkJoinTask$RunnableExecuteAction.exec;java/lang/VirtualThread$$Lambda.0x00007d902c039c78.run;java/lang/VirtualThread.runContinuation;jdk/internal/vm/Continuation.run;jdk/internal/vm/Continuation.enterSpecial;jdk/internal/vm/Continuation.enter;jdk/internal/vm/Continuation.enter0;java/lang/VirtualThread$VThreadContinuation$1.run;java/lang/VirtualThread.run;_notify_jvmti_vthread_end;SharedRuntime::notify_jvmti_vthread_end;JavaThread::rebind_to_jvmti_thread_state_of 11
java/util/concurrent/ForkJoinWorkerThread.run;java/util/concurrent/ForkJoinPool.runWorker;java/util/concurrent/ForkJoinPool.awaitWork;java/util/concurrent/locks/LockSupport.park;jdk/internal/misc/Unsafe.park;Unsafe_Park;Parker::park;pthread_cond_wait;/usr/lib/x86_64-linux-gnu/libc.so.6;/usr/lib/x86_64-linux-gnu/libc.so.6 2
java/util/concurrent/ForkJoinWorkerThread.run;java/util/concurrent/ForkJoinPool.runWorker;java/util/concurrent/ForkJoinPool.scan;java/util/concurrent/ForkJoinPool$WorkQueue.topLevelExec;java/util/concurrent/ForkJoinTask.doExec;java/util/concurrent/ForkJoinTask$RunnableExecuteAction.exec;java/lang/VirtualThread$$Lambda.0x00007d902c039c78.run;java/lang/VirtualThread.runContinuation;jdk/internal/vm/Continuation.run;jdk/internal/vm/Continuation.enterSpecial;jdk/internal/vm/Continuation.enter;jdk/internal/vm/Continuation.enter0;java/lang/VirtualThread$VThreadContinuation$1.run;java/lang/VirtualThread.run;_notify_jvmti_vthread_start;SharedRuntime::notify_jvmti_vthread_start;JvmtiVTMSTransitionDisabler::VTMS_vthread_start;JvmtiVTMSTransitionDisabler::VTMS_mount_end;Mutex::lock;pthread_mutex_trylock@plt 2
java/util/concurrent/ForkJoinWorkerThread.run;java/util/concurrent/ForkJoinPool.runWorker;java/util/concurrent/ForkJoinPool.scan;java/util/concurrent/ForkJoinPool$WorkQueue.topLevelExec;java/util/concurrent/ForkJoinTask.doExec;java/util/concurrent/ForkJoinTask$RunnableExecuteAction.exec;java/lang/VirtualThread$$Lambda.0x00007d902c039c78.run;java/lang/VirtualThread.runContinuation;jdk/internal/vm/Continuation.run;jdk/internal/vm/Continuation.enterSpecial;jdk/internal/vm/Continuation.enter;jdk/internal/vm/Continuation.enter0;java/lang/VirtualThread$VThreadContinuation$1.run;java/lang/VirtualThread.run;_notify_jvmti_vthread_start;SharedRuntime::notify_jvmti_vthread_start;JvmtiVTMSTransitionDisabler::VTMS_vthread_start;JvmtiEventController::thread_started;JvmtiThreadState::JvmtiThreadState;AccessInternal::PostRuntimeDispatch<G1BarrierSet::AccessBarrier<548964ul, G1BarrierSet>, (AccessInternal::BarrierType)2, 548964ul>::oop_access_barrier 1
java/lang/Thread.run;java/lang/Thread.runWith;java/util/concurrent/ThreadPoolExecutor$Worker.run;java/util/concurrent/ThreadPoolExecutor.runWorker;java/util/concurrent/FutureTask.run;java/util/concurrent/Executors$RunnableAdapter.call;java/util/concurrent/FutureTask.run;org/openjdk/jmh/runner/BenchmarkHandler$BenchmarkTask.call;org/openjdk/jmh/runner/BenchmarkHandler$BenchmarkTask.call;java/lang/reflect/Method.invoke;jdk/internal/reflect/DirectMethodHandleAccessor.invoke;jdk/internal/reflect/DirectMethodHandleAccessor.invokeImpl;java/lang/invoke/LambdaForm$MH.0x00007d902c02e800.invokeExact_MT;java/lang/invoke/LambdaForm$MH.0x00007d902c02e400.invoke;java/lang/invoke/DirectMethodHandle$Holder.invokeSpecial;uk/ac/ncl/jensen/benchmark/jmh_generated/VThreadChurnBenchmark_churn_jmhTest.churn_AverageTime;uk/ac/ncl/jensen/benchmark/jmh_generated/VThreadChurnBenchmark_churn_jmhTest.churn_avgt_jmhStub;uk/ac/ncl/jensen/benchmark/VThreadChurnBenchmark.churn;java/lang/ThreadBuilders$VirtualThreadBuilder.start;java/lang/VirtualThread.start;java/lang/VirtualThread.start;java/lang/VirtualThread.submitRunContinuation;java/util/concurrent/ForkJoinPool.execute 3
java/util/concurrent/ForkJoinWorkerThread.run;java/util/concurrent/ForkJoinPool.runWorker;java/util/concurrent/ForkJoinPool.scan;java/util/concurrent/ForkJoinPool$WorkQueue.topLevelExec;java/util/concurrent/ForkJoinTask.doExec;java/util/concurrent/ForkJoinTask$RunnableExecuteAction.exec;java/lang/VirtualThread$$Lambda.0x00007d902c039c78.run;java/lang/VirtualThread.runContinuation;jdk/internal/vm/Continuation.run 10
java/util/concurrent/ForkJoinWorkerThread.run;java/util/concurrent/ForkJoinPool.runWorker;java/util/concurrent/ForkJoinPool.scan;java/util/concurrent/ForkJoinPool$WorkQueue.topLevelExec;java/util/concurrent/ForkJoinTask.doExec;java/util/concurrent/ForkJoinTask$RunnableExecuteAction.exec;java/lang/VirtualThread$$Lambda.0x00007d902c039c78.run;java/lang/VirtualThread.runContinuation;jdk/internal/vm/Continuation.run;jdk/internal/vm/Continuation.enterSpecial;jdk/internal/vm/Continuation.enter;jdk/internal/vm/Continuation.enter0;java/lang/VirtualThread$VThreadContinuation$1.run;java/lang/VirtualThread.run;_notify_jvmti_vthread_end;SharedRuntime::notify_jvmti_vthread_end;JvmtiVTMSTransitionDisabler::VTMS_vthread_end;JvmtiExport::cleanup_thread;JvmtiEventController::thread_ended 68
java/util/concurrent/ForkJoinWorkerThread.run;java/util/concurrent/ForkJoinPool.runWorker;java/util/concurrent/ForkJoinPool.awaitWork;java/util/concurrent/locks/LockSupport.park;jdk/internal/misc/Unsafe.park;Unsafe_Park;Parker::park;JavaThread::is_interrupted;AccessInternal::PostRuntimeDispatch<G1BarrierSet::AccessBarrier<544868ul, G1BarrierSet>, (AccessInternal::BarrierType)2, 544868ul>::oop_access_barrier 2
java/util/concurrent/ForkJoinWorkerThread.run;java/util/concurrent/ForkJoinPool.runWorker;java/util/concurrent/ForkJoinPool.scan;java/util/concurrent/ForkJoinPool$WorkQueue.topLevelExec;java/util/concurrent/ForkJoinTask.doExec;java/util/concurrent/ForkJoinTask$RunnableExecuteAction.exec;java/lang/VirtualThread$$Lambda.0x00007d902c039c78.run;java/lang/VirtualThread.runContinuation;jdk/internal/vm/Continuation.run;java/lang/System$2.setScopedValueCache 1
java/util/concurrent/ForkJoinWorkerThread.run;java/util/concurrent/ForkJoinPool.runWorker;java/util/concurrent/ForkJoinPool.scan;java/util/concurrent/ForkJoinPool$WorkQueue.topLevelExec;java/util/concurrent/ForkJoinTask.doExec;java/util/concurrent/ForkJoinTask$RunnableExecuteAction.exec;java/lang/VirtualThread$$Lambda.0x00007d902c039c78.run;java/lang/VirtualThread.runContinuation;jdk/internal/vm/Continuation.run;jdk/internal/vm/Continuation.enterSpecial;jdk/internal/vm/Continuation.enter;jdk/internal/vm/Continuation.enter0;java/lang/VirtualThread$VThreadContinuation$1.run;java/lang/VirtualThread.run;_notify_jvmti_vthread_start;SharedRuntime::notify_jvmti_vthread_start;JNIHandles::make_local 4
java/util/concurrent/ForkJoinWorkerThread.run;java/util/concurrent/ForkJoinPool.runWorker 72
java/util/concurrent/ForkJoinWorkerThread.run;java/util/concurrent/ForkJoinPool.runWorker;java/util/concurrent/ForkJoinPool.scan;java/util/concurrent/ForkJoinPool.signalWork;java/util/concurrent/locks/LockSupport.unpark;jdk/internal/misc/Unsafe.unpark;Unsafe_Unpark;FastThreadsListHandle::FastThreadsListHandle;java_lang_Thread::thread 1
java/util/concurrent/ForkJoinWorkerThread.run;java/util/concurrent/ForkJoinPool.runWorker;java/util/concurrent/ForkJoinPool.scan;java/util/concurrent/ForkJoinPool$WorkQueue.topLevelExec;java/util/concurrent/ForkJoinTask.doExec;java/util/concurrent/ForkJoinTask$RunnableExecuteAction.exec;java/lang/VirtualThread$$Lambda.0x00007d902c039c78.run;java/lang/VirtualThread.runContinuation;jdk/internal/vm/Continuation.run;jdk/internal/vm/Continuation.enterSpecial;jdk/internal/vm/Continuation.enter;jdk/internal/vm/Continuation.enter0;java/lang/VirtualThread$VThreadContinuation$1.run;java/lang/VirtualThread.run;_notify_jvmti_vthread_start;SharedRuntime::notify_jvmti_vthread_start;JvmtiVTMSTransitionDisabler::VTMS_vthread_start;JvmtiEventController::thread_started;JvmtiEventControllerPrivate::recompute_thread_enabled;__tls_get_addr@plt 4
java/util/concurrent/ForkJoinWorkerThread.run;java/util/concurrent/ForkJoinPool.runWorker;java/util/concurrent/ForkJoinPool.scan;java/util/concurrent/ForkJoinPool$WorkQueue.topLevelExec;java/util/concurrent/ForkJoinTask.doExec;java/util/concurrent/ForkJoinTask$RunnableExecuteAction.exec;java/lang/VirtualThread$$Lambda.0x00007d902c039c78.run;java/lang/VirtualThread.runContinuation;jdk/internal/vm/Continuation.run;jdk/internal/vm/Continuation.enterSpecial;jdk/internal/vm/Continuation.enter;jdk/internal/vm/Continuation.enter0;java/lang/VirtualThread$VThreadContinuation$1.run;java/lang/VirtualThread.run;_notify_jvmti_vthread_start;SharedRuntime::notify_jvmti_vthread_start;JvmtiVTMSTransitionDisabler::VTMS_vthread_start 1
java/util/concurrent/ForkJoinWorkerThread.run;java/util/concurrent/ForkJoinPool.runWorker;java/util/concurrent/ForkJoinPool.scan;java/util/concurrent/ForkJoinPool$WorkQueue.topLevelExec;java/util/concurrent/ForkJoinTask.doExec;java/util/concurrent/ForkJoinTask$RunnableExecuteAction.exec;java/lang/VirtualThread$$Lambda.0x00007d902c039c78.run;java/lang/VirtualThread.runContinuation;java/lang/VirtualThread.mount;_notify_jvmti_vthread_mount;SharedRuntime::notify_jvmti_vthread_mount 13
[unknown];java/lang/VirtualThread.runContinuation;java/lang/VirtualThread.unmount 1
java/util/concurrent/ForkJoinWorkerThread.run;java/util/concurrent/ForkJoinPool.runWorker;java/util/concurrent/ForkJoinPool.scan 6
java/lang/Thread.run;java/lang/Thread.runWith;java/util/concurrent/ThreadPoolExecutor$Worker.run;java/util/concurrent/ThreadPoolExecutor.runWorker;java/util/concurrent/FutureTask.run;java/util/concurrent/Executors$RunnableAdapter.call;java/util/concurrent/FutureTask.run;org/openjdk/jmh/runner/BenchmarkHandler$BenchmarkTask.call;org/openjdk/jmh/runner/BenchmarkHandler$BenchmarkTask.call;java/lang/reflect/Method.invoke;jdk/internal/reflect/DirectMethodHandleAccessor.invoke;jdk/internal/reflect/DirectMethodHandleAccessor.invokeImpl;java/lang/invoke/LambdaForm$MH.0x00007d902c02e800.invokeExact_MT;java/lang/invoke/LambdaForm$MH.0x00007d902c02e400.invoke;java/lang/invoke/DirectMethodHandle$Holder.invokeSpecial;uk/ac/ncl/jensen/benchmark/jmh_generated/VThreadChurnBenchmark_churn_jmhTest.churn_AverageTime;uk/ac/ncl/jensen/benchmark/jmh_generated/VThreadChurnBenchmark_churn_jmhTest.churn_avgt_jmhStub;uk/ac/ncl/jensen/benchmark/VThreadChurnBenchmark.churn;java/lang/ThreadBuilders$VirtualThreadBuilder.start;java/lang/VirtualThread.start;java/lang/VirtualThread.start;java/lang/VirtualThread.submitRunContinuation;java/util/concurrent/ForkJoinPool.execute;java/util/concurrent/ForkJoinPool.poolSubmit;java/util/concurrent/ForkJoinPool$WorkQueue.push 3
java/util/concurrent/ForkJoinWorkerThread.run;java/util/concurrent/ForkJoinPool.runWorker;java/util/concurrent/ForkJoinPool.scan;java/util/concurrent/ForkJoinPool$WorkQueue.topLevelExec;java/util/concurrent/ForkJoinTask.doExec;java/util/concurrent/ForkJoinTask$RunnableExecuteAction.exec;java/lang/VirtualThread$$Lambda.0x00007d902c039c78.run;java/lang/VirtualThread.runContinuation 3
java/util/concurrent/ForkJoinWorkerThread.run;java/util/concurrent/ForkJoinPool.runWorker;java/util/concurrent/ForkJoinPool.scan;java/util/concurrent/ForkJoinPool$WorkQueue.topLevelExec;java/util/concurrent/ForkJoinTask.doExec;java/util/concurrent/ForkJoinTask$RunnableExecuteAction.exec;java/lang/VirtualThread$$Lambda.0x00007d902c039c78.run;java/lang/VirtualThread.runContinuation;jdk/internal/vm/Continuation.run;jdk/internal/vm/Continuation.enterSpecial;jdk/internal/vm/Continuation.enter;jdk/internal/vm/Continuation.enter0;java/lang/VirtualThread$VThreadContinuation$1.run;java/lang/VirtualThread.run;_notify_jvmti_vthread_end;SharedRuntime::notify_jvmti_vthread_end;JvmtiVTMSTransitionDisabler::VTMS_vthread_end;JvmtiExport::cleanup_thread;JvmtiEventController::thread_ended;JvmtiThreadState::~JvmtiThreadState 90
java/util/concurrent/ForkJoinWorkerThread.run;java/util/concurrent/ForkJoinPool.runWorker;java/util/concurrent/ForkJoinPool.scan;java/util/concurrent/ForkJoinPool$WorkQueue.topLevelExec;java/util/concurrent/ForkJoinTask.doExec;java/util/concurrent/ForkJoinTask$RunnableExecuteAction.exec;java/lang/VirtualThread$$Lambda.0x00007d902c039c78.run;java/lang/VirtualThread.runContinuation;jdk/internal/vm/Continuation.run;jdk/internal/vm/Continuation.enterSpecial;jdk/internal/vm/Continuation.enter;jdk/internal/vm/Continuation.enter0;java/lang/VirtualThread$VThreadContinuation$1.run;java/lang/VirtualThread.run;_notify_jvmti_vthread_start;SharedRuntime::notify_jvmti_vthread_start;JvmtiVTMSTransitionDisabler::VTMS_vthread_start;JvmtiVTMSTransitionDisabler::finish_VTMS_transition 20
java/util/concurrent/ForkJoinWorkerThread.run;java/util/concurrent/ForkJoinPool.runWorker;java/util/concurrent/ForkJoinPool.scan;java/util/concurrent/ForkJoinPool$WorkQueue.casSlotToNull 7
java/lang/Thread.run;java/lang/Thread.runWith;java/util/concurrent/ThreadPoolExecutor$Worker.run;java/util/concurrent/ThreadPoolExecutor.runWorker;java/util/concurrent/FutureTask.run;java/util/concurrent/Executors$RunnableAdapter.call;java/util/concurrent/FutureTask.run;org/openjdk/jmh/runner/BenchmarkHandler$BenchmarkTask.call;org/openjdk/jmh/runner/BenchmarkHandler$BenchmarkTask.call;java/lang/reflect/Method.invoke;jdk/internal/reflect/DirectMethodHandleAccessor.invoke;jdk/internal/reflect/DirectMethodHandleAccessor.invokeImpl;java/lang/invoke/LambdaForm$MH.0x00007d902c02e800.invokeExact_MT;java/lang/invoke/LambdaForm$MH.0x00007d902c02e400.invoke;java/lang/invoke/DirectMethodHandle$Holder.invokeSpecial;uk/ac/ncl/jensen/benchmark/jmh_generated/VThreadChurnBenchmark_churn_jmhTest.churn_AverageTime;uk/ac/ncl/jensen/benchmark/jmh_generated/VThreadChurnBenchmark_churn_jmhTest.churn_avgt_jmhStub;uk/ac/ncl/jensen/benchmark/VThreadChurnBenchmark.churn;java/lang/ThreadBuilders$VirtualThreadBuilder.start;java/lang/VirtualThread.start;java/lang/VirtualThread.start;jdk/internal/vm/ThreadContainers$RootContainer$TrackingRootContainer.onStart;java/util/concurrent/ConcurrentHashMap$KeySetView.add;java/util/concurrent/ConcurrentHashMap.putVal 1
java/util/concurrent/ForkJoinWorkerThread.run;java/util/concurrent/ForkJoinPool.runWorker;java/util/concurrent/ForkJoinPool.scan;java/util/concurrent/ForkJoinPool$WorkQueue.topLevelExec;java/util/concurrent/ForkJoinTask.doExec;java/util/concurrent/ForkJoinTask$RunnableExecuteAction.exec;java/lang/VirtualThread$$Lambda.0x00007d902c039c78.run;java/lang/VirtualThread.runContinuation;jdk/internal/vm/Continuation.run;jdk/internal/vm/Continuation.enterSpecial;jdk/internal/vm/Continuation.enter;jdk/internal/vm/Continuation.enter0;java/lang/VirtualThread$VThreadContinuation$1.run;java/lang/VirtualThread.run;_notify_jvmti_vthread_end;SharedRuntime::notify_jvmti_vthread_end;JvmtiVTMSTransitionDisabler::VTMS_vthread_end;JvmtiExport::cleanup_thread;JvmtiEventController::thread_ended;JvmtiThreadState::~JvmtiThreadState;oopDesc::address_field_put 2
java/util/concurrent/ForkJoinWorkerThread.run;java/util/concurrent/ForkJoinPool.runWorker;java/util/concurrent/ForkJoinPool.scan;java/util/concurrent/ForkJoinPool$WorkQueue.topLevelExec;java/util/concurrent/ForkJoinTask.doExec;java/util/concurrent/ForkJoinTask$RunnableExecuteAction.exec;java/lang/VirtualThread$$Lambda.0x00007d902c039c78.run;java/lang/VirtualThread.runContinuation;jdk/internal/vm/Continuation.run;jdk/internal/vm/Continuation.enterSpecial;jdk/internal/vm/Continuation.enter;jdk/internal/vm/Continuation.enter0;java/lang/VirtualThread$VThreadContinuation$1.run;java/lang/VirtualThread.run;_notify_jvmti_vthread_end;SharedRuntime::notify_jvmti_vthread_end;JvmtiVTMSTransitionDisabler::VTMS_vthread_end;JvmtiVTMSTransitionDisabler::start_VTMS_transition 22
java/util/concurrent/ForkJoinWorkerThread.run;java/util/concurrent/ForkJoinPool.runWorker;java/util/concurrent/ForkJoinPool.scan;java/util/concurrent/ForkJoinPool$WorkQueue.topLevelExec;java/util/concurrent/ForkJoinTask.doExec;java/util/concurrent/ForkJoinTask$RunnableExecuteAction.exec;java/lang/VirtualThread$$Lambda.0x00007d902c039c78.run;java/lang/VirtualThread.runContinuation;jdk/internal/vm/Continuation.run;jdk/internal/vm/Continuation.enterSpecial;jdk/internal/vm/Continuation.enter;jdk/internal/vm/Continuation.enter0;java/lang/VirtualThread$VThreadContinuation$1.run;java/lang/VirtualThread.run;_notify_jvmti_vthread_end;SharedRuntime::notify_jvmti_vthread_end;JvmtiVTMSTransitionDisabler::VTMS_vthread_end;JvmtiExport::cleanup_thread;Mutex::lock;ThreadBlockInVMPreprocess<InFlightMutexRelease>::~ThreadBlockInVMPreprocess 2
java/util/concurrent/ForkJoinWorkerThread.run;java/util/concurrent/ForkJoinPool.runWorker;java/util/concurrent/ForkJoinPool.scan;java/util/concurrent/ForkJoinPool$WorkQueue.topLevelExec;java/util/concurrent/ForkJoinTask.doExec;java/util/concurrent/ForkJoinTask$RunnableExecuteAction.exec;java/lang/VirtualThread$$Lambda.0x00007d902c039c78.run;java/lang/VirtualThread.runContinuation;jdk/internal/vm/Continuation.run;jdk/internal/vm/Continuation.enterSpecial;jdk/internal/vm/Continuation.enter;jdk/internal/vm/Continuation.enter0;java/lang/VirtualThread$VThreadContinuation$1.run;java/lang/VirtualThread.run;_notify_jvmti_vthread_end;SharedRuntime::notify_jvmti_vthread_end;JvmtiVTMSTransitionDisabler::VTMS_vthread_end;JvmtiExport::cleanup_thread;JvmtiEventController::thread_ended 3
java/lang/Thread.run;java/lang/Thread.runWith;java/util/concurrent/ThreadPoolExecutor$Worker.run;java/util/concurrent/ThreadPoolExecutor.runWorker;java/util/concurrent/FutureTask.run;java/util/concurrent/Executors$RunnableAdapter.call;java/util/concurrent/FutureTask.run;org/openjdk/jmh/runner/BenchmarkHandler$BenchmarkTask.call;org/openjdk/jmh/runner/BenchmarkHandler$BenchmarkTask.call;java/lang/reflect/Method.invoke;jdk/internal/reflect/DirectMethodHandleAccessor.invoke;jdk/internal/reflect/DirectMethodHandleAccessor.invokeImpl;java/lang/invoke/LambdaForm$MH.0x00007d902c02e800.invokeExact_MT;java/lang/invoke/LambdaForm$MH.0x00007d902c02e400.invoke;java/lang/invoke/DirectMethodHandle$Holder.invokeSpecial;uk/ac/ncl/jensen/benchmark/jmh_generated/VThreadChurnBenchmark_churn_jmhTest.churn_AverageTime;uk/ac/ncl/jensen/benchmark/jmh_generated/VThreadChurnBenchmark_churn_jmhTest.churn_avgt_jmhStub;uk/ac/ncl/jensen/benchmark/VThreadChurnBenchmark.churn;java/lang/ThreadBuilders$VirtualThreadBuilder.start;java/lang/VirtualThread.start;java/lang/VirtualThread.start;jdk/internal/misc/Unsafe.setMemory;jdk/internal/misc/Unsafe.setMemory;jdk/internal/misc/Unsafe.setMemory0 51
java/util/concurrent/ForkJoinWorkerThread.run;java/util/concurrent/ForkJoinPool.runWorker;java/util/concurrent/ForkJoinPool.awaitWork;java/util/concurrent/ForkJoinPool.compareAndExchangeCtl 1
java/util/concurrent/ForkJoinWorkerThread.run;java/util/concurrent/ForkJoinPool.runWorker;java/util/concurrent/ForkJoinPool.scan;java/util/concurrent/ForkJoinPool$WorkQueue.topLevelExec;java/util/concurrent/ForkJoinTask.doExec;java/util/concurrent/ForkJoinTask$RunnableExecuteAction.exec;java/lang/VirtualThread$$Lambda.0x00007d902c039c78.run;java/lang/VirtualThread.runContinuation;java/lang/VirtualThread.afterDone;java/lang/VirtualThread.afterDone;jdk/internal/vm/ThreadContainers$RootContainer$TrackingRootContainer.onExit;java/util/concurrent/ConcurrentHashMap$KeySetView.remove;java/util/concurrent/ConcurrentHashMap.remove;java/util/concurrent/ConcurrentHashMap.replaceNode 7
java/util/concurrent/ForkJoinWorkerThread.run;java/util/concurrent/ForkJoinPool.runWorker;java/util/concurrent/ForkJoinPool.scan;java/util/concurrent/ForkJoinPool$WorkQueue.topLevelExec;java/util/concurrent/ForkJoinTask.doExec;java/util/concurrent/ForkJoinTask$RunnableExecuteAction.exec;java/lang/VirtualThread$$Lambda.0x00007d902c039c78.run;java/lang/VirtualThread.runContinuation;jdk/internal/vm/Continuation.run;jdk/internal/vm/Continuation.enterSpecial;jdk/internal/vm/Continuation.enter;jdk/internal/vm/Continuation.enter0;java/lang/VirtualThread$VThreadContinuation$1.run;java/lang/VirtualThread.run;_notify_jvmti_vthread_start;SharedRuntime::notify_jvmti_vthread_start;JvmtiVTMSTransitionDisabler::VTMS_vthread_start;JvmtiEventController::thread_started;JvmtiThreadState::JvmtiThreadState;OopStorage::allocate;Mutex::lock_without_safepoint_check;pthread_mutex_lock@plt 3
java/util/concurrent/ForkJoinWorkerThread.run;java/util/concurrent/ForkJoinPool.runWorker;java/util/concurrent/ForkJoinPool.scan;java/util/concurrent/ForkJoinPool$WorkQueue.topLevelExec;java/util/concurrent/ForkJoinTask.doExec;java/util/concurrent/ForkJoinTask$RunnableExecuteAction.exec;java/lang/VirtualThread$$Lambda.0x00007d902c039c78.run;java/lang/VirtualThread.runContinuation;jdk/internal/vm/Continuation.run;jdk/internal/vm/Continuation.enterSpecial;jdk/internal/vm/Continuation.enter;jdk/internal/vm/Continuation.enter0;java/lang/VirtualThread$VThreadContinuation$1.run;java/lang/VirtualThread.run;_notify_jvmti_vthread_start;SharedRuntime::notify_jvmti_vthread_start;JvmtiVTMSTransitionDisabler::VTMS_vthread_start;JvmtiEventController::thread_started;JvmtiThreadState::JvmtiThreadState 29
java/util/concurrent/ForkJoinWorkerThread.run;java/util/concurrent/ForkJoinPool.runWorker;java/util/concurrent/ForkJoinPool.scan 5
java/util/concurrent/ForkJoinWorkerThread.run;java/util/concurrent/ForkJoinPool.runWorker;java/util/concurrent/ForkJoinPool.awaitWork;java/util/concurrent/locks/LockSupport.park;jdk/internal/misc/Unsafe.park;Unsafe_Park;Parker::park;pthread_cond_wait;/usr/lib/x86_64-linux-gnu/libc.so.6 4
java/util/concurrent/ForkJoinWorkerThread.run;java/util/concurrent/ForkJoinPool.runWorker;java/util/concurrent/ForkJoinPool.awaitWork;java/util/concurrent/locks/LockSupport.park;jdk/internal/misc/Unsafe.park;Unsafe_Park;Parker::park;pthread_cond_wait;/usr/lib/x86_64-linux-gnu/libc.so.6 1
java/util/concurrent/ForkJoinWorkerThread.run;java/util/concurrent/ForkJoinPool.runWorker;java/util/concurrent/ForkJoinPool.scan;java/util/concurrent/ForkJoinPool$WorkQueue.topLevelExec 1
java/util/concurrent/ForkJoinWorkerThread.run;java/util/concurrent/ForkJoinPool.runWorker;java/util/concurrent/ForkJoinPool.scan;java/util/concurrent/ForkJoinPool$WorkQueue.topLevelExec;java/util/concurrent/ForkJoinTask.doExec;java/util/concurrent/ForkJoinTask$RunnableExecuteAction.exec;java/lang/VirtualThread$$Lambda.0x00007d902c039c78.run;java/lang/VirtualThread.runContinuation;jdk/internal/vm/Continuation.run;jdk/internal/vm/Continuation.enterSpecial;jdk/internal/vm/Continuation.enter;jdk/internal/vm/Continuation.enter0;java/lang/VirtualThread$VThreadContinuation$1.run;java/lang/VirtualThread.run;_notify_jvmti_vthread_start;SharedRuntime::notify_jvmti_vthread_start;JvmtiVTMSTransitionDisabler::VTMS_vthread_start;JvmtiVTMSTransitionDisabler::finish_VTMS_transition;__tls_get_addr@plt 1
java/util/concurrent/ForkJoinWorkerThread.run;java/util/concurrent/ForkJoinPool.runWorker;java/util/concurrent/ForkJoinPool.scan;java/util/concurrent/ForkJoinPool$WorkQueue.topLevelExec;java/util/concurrent/ForkJoinTask.doExec;java/util/concurrent/ForkJoinTask$RunnableExecuteAction.exec;java/lang/VirtualThread$$Lambda.0x00007d902c039c78.run;java/lang/VirtualThread.runContinuation;jdk/internal/vm/Continuation.run;jdk/internal/vm/Continuation.enterSpecial;jdk/internal/vm/Continuation.enter;jdk/internal/vm/Continuation.enter0;java/lang/VirtualThread$VThreadContinuation$1.run;java/lang/VirtualThread.run;_notify_jvmti_vthread_end;SharedRuntime::notify_jvmti_vthread_end;JvmtiVTMSTransitionDisabler::VTMS_vthread_end;JvmtiExport::cleanup_thread;JvmtiEventController::thread_ended;JvmtiThreadState::~JvmtiThreadState;OopStorage::release 56
java/util/concurrent/ForkJoinWorkerThread.run;java/util/concurrent/ForkJoinPool.runWorker;java/util/concurrent/ForkJoinPool.scan;java/util/concurrent/ForkJoinPool$WorkQueue.topLevelExec;java/util/concurrent/ForkJoinTask.doExec;java/util/concurrent/ForkJoinTask$RunnableExecuteAction.exec;java/lang/VirtualThread$$Lambda.0x00007d902c039c78.run;java/lang/VirtualThread.runContinuation;java/lang/VirtualThread.afterDone;java/lang/VirtualThread.afterDone;jdk/internal/misc/Unsafe.freeMemory 2
java/util/concurrent/ForkJoinWorkerThread.run;java/util/concurrent/ForkJoinPool.runWorker;java/util/concurrent/ForkJoinPool.scan;java/util/concurrent/ForkJoinPool$WorkQueue.topLevelExec;java/util/concurrent/ForkJoinTask.doExec;java/util/concurrent/ForkJoinTask$RunnableExecuteAction.exec;java/lang/VirtualThread$$Lambda.0x00007d902c039c78.run;java/lang/VirtualThread.runContinuation;jdk/internal/vm/Continuation.run;jdk/internal/vm/Continuation.enterSpecial;jdk/internal/vm/Continuation.enter;jdk/internal/vm/Continuation.enter0;java/lang/VirtualThread$VThreadContinuation$1.run;java/lang/VirtualThread.run;_notify_jvmti_vthread_end;SharedRuntime::notify_jvmti_vthread_end;JvmtiVTMSTransitionDisabler::VTMS_vthread_end 4
java/util/concurrent/ForkJoinWorkerThread.run;java/util/concurrent/ForkJoinPool.runWorker;java/util/concurrent/ForkJoinPool.scan;java/util/concurrent/ForkJoinPool$WorkQueue.topLevelExec;java/util/concurrent/ForkJoinTask.doExec 29
java/util/concurrent/ForkJoinWorkerThread.run;java/util/concurrent/ForkJoinPool.runWorker;java/util/concurrent/ForkJoinPool.scan;java/util/concurrent/ForkJoinPool$WorkQueue.topLevelExec;java/util/concurrent/ForkJoinTask.doExec;java/util/concurrent/ForkJoinTask$RunnableExecuteAction.exec;java/lang/VirtualThread$$Lambda.0x00007d902c039c78.run;java/lang/VirtualThread.runContinuation;jdk/internal/vm/Continuation.run;jdk/internal/vm/Continuation.enterSpecial;jdk/internal/vm/Continuation.enter;jdk/internal/vm/Continuation.enter0;java/lang/VirtualThread$VThreadContinuation$1.run;java/lang/VirtualThread.run;_notify_jvmti_vthread_end;SharedRuntime::notify_jvmti_vthread_end;JvmtiVTMSTransitionDisabler::VTMS_vthread_end;__tls_get_addr@plt 1
java/util/concurrent/ForkJoinWorkerThread.run;java/util/concurrent/ForkJoinPool.runWorker;java/util/concurrent/ForkJoinPool.scan 9
java/util/concurrent/ForkJoinWorkerThread.run;java/util/concurrent/ForkJoinPool.runWorker;java/util/concurrent/ForkJoinPool.awaitWork;java/util/concurrent/locks/LockSupport.park;jdk/internal/misc/Unsafe.park;Unsafe_Park;Parker::park 2
java/util/concurrent/ForkJoinWorkerThread.run;java/util/concurrent/ForkJoinPool.runWorker;java/util/concurrent/ForkJoinPool.scan;java/util/concurrent/ForkJoinPool$WorkQueue.topLevelExec;java/util/concurrent/ForkJoinTask.doExec;java/util/concurrent/ForkJoinTask$RunnableExecuteAction.exec;java/lang/VirtualThread$$Lambda.0x00007d902c039c78.run;java/lang/VirtualThread.runContinuation;java/lang/VirtualThread.mount;_notify_jvmti_vthread_mount;SharedRuntime::notify_jvmti_vthread_mount;JNIHandles::make_local;__tls_get_addr@plt 1
java/util/concurrent/ForkJoinWorkerThread.run;java/util/concurrent/ForkJoinPool.runWorker;java/util/concurrent/ForkJoinPool.scan;java/util/concurrent/ForkJoinPool$WorkQueue.topLevelExec;java/util/concurrent/ForkJoinTask.doExec;java/util/concurrent/ForkJoinTask$RunnableExecuteAction.exec;java/lang/VirtualThread$$Lambda.0x00007d902c039c78.run;java/lang/VirtualThread.runContinuation;jdk/internal/vm/Continuation.run;jdk/internal/vm/Continuation.enterSpecial;jdk/internal/vm/Continuation.enter;jdk/internal/vm/Continuation.enter0;java/lang/VirtualThread$VThreadContinuation$1.run;java/lang/VirtualThread.run;_notify_jvmti_vthread_end;SharedRuntime::notify_jvmti_vthread_end;JvmtiVTMSTransitionDisabler::VTMS_vthread_end;JvmtiExport::cleanup_thread;JvmtiEventController::thread_ended;JvmtiThreadEventEnable::~JvmtiThreadEventEnable 1
java/util/concurrent/ForkJoinWorkerThread.run;java/util/concurrent/ForkJoinPool.runWorker;java/util/concurrent/ForkJoinPool.scan;java/util/concurrent/ForkJoinPool$WorkQueue.topLevelExec;java/util/concurrent/ForkJoinTask.doExec;java/util/concurrent/ForkJoinTask$RunnableExecuteAction.exec;java/lang/VirtualThread$$Lambda.0x00007d902c039c78.run;java/lang/VirtualThread.runContinuation;jdk/internal/vm/Continuation.run;jdk/internal/vm/Continuation.enterSpecial;jdk/internal/vm/Continuation.enter;jdk/internal/vm/Continuation.enter0;java/lang/VirtualThread$VThreadContinuation$1.run;java/lang/VirtualThread.run;_notify_jvmti_vthread_start;SharedRuntime::notify_jvmti_vthread_start;JvmtiVTMSTransitionDisabler::VTMS_vthread_start;JvmtiEventController::thread_started;AllocateHeap;os::malloc;malloc 1
java/util/concurrent/ForkJoinWorkerThread.run;java/util/concurrent/ForkJoinPool.runWorker;java/util/concurrent/ForkJoinPool.scan;java/util/concurrent/ForkJoinPool$WorkQueue.topLevelExec;java/util/concurrent/ForkJoinTask.doExec;java/util/concurrent/ForkJoinTask$RunnableExecuteAction.exec;java/lang/VirtualThread$$Lambda.0x00007d902c039c78.run;java/lang/VirtualThread.runContinuation;jdk/internal/vm/Continuation.run;jdk/internal/vm/Continuation.enterSpecial;jdk/internal/vm/Continuation.enter;jdk/internal/vm/Continuation.enter0;java/lang/VirtualThread$VThreadContinuation$1.run;java/lang/VirtualThread.run;java/lang/Thread.runWith 1
java/util/concurrent/ForkJoinWorkerThread.run;java/util/concurrent/ForkJoinPool.runWorker;java/util/concurrent/ForkJoinPool.scan;java/util/concurrent/ForkJoinPool$WorkQueue.topLevelExec;java/util/concurrent/ForkJoinTask.doExec;java/util/concurrent/ForkJoinTask$RunnableExecuteAction.exec;java/lang/VirtualThread$$Lambda.0x00007d902c039c78.run;java/lang/VirtualThread.runContinuation;java/lang/VirtualThread.afterDone;java/lang/VirtualThread.afterDone;jdk/internal/vm/ThreadContainers$RootContainer$TrackingRootContainer.onExit;java/util/concurrent/ConcurrentHashMap$KeySetView.remove;java/util/concurrent/ConcurrentHashMap.remove;java/util/concurrent/ConcurrentHashMap.replaceNode;java/util/concurrent/ConcurrentHashMap.addCount;java/util/concurrent/ThreadLocalRandom.getProbe 1
java/util/concurrent/ForkJoinWorkerThread.run;java/util/concurrent/ForkJoinPool.runWorker;java/util/concurrent/ForkJoinPool.scan;java/util/concurrent/ForkJoinPool$WorkQueue.topLevelExec;java/util/concurrent/ForkJoinTask.doExec;java/util/concurrent/ForkJoinTask$RunnableExecuteAction.exec;java/lang/VirtualThread$$Lambda.0x00007d902c039c78.run;java/lang/VirtualThread.runContinuation;jdk/internal/vm/Continuation.run;jdk/internal/vm/Continuation.enterSpecial;jdk/internal/vm/Continuation.enter;jdk/internal/vm/Continuation.enter0;java/lang/VirtualThread$VThreadContinuation$1.run;java/lang/VirtualThread.run;_notify_jvmti_vthread_end;SharedRuntime::notify_jvmti_vthread_end;JvmtiVTMSTransitionDisabler::VTMS_vthread_end;JvmtiExport::cleanup_thread;JvmtiEventController::thread_ended;JvmtiThreadState::~JvmtiThreadState;__libc_free;/usr/lib/x86_64-linux-gnu/libc.so.6 7
java/util/concurrent/ForkJoinWorkerThread.run;java/util/concurrent/ForkJoinPool.runWorker;java/util/concurrent/ForkJoinPool.scan;java/util/concurrent/ForkJoinPool$WorkQueue.topLevelExec;java/util/concurrent/ForkJoinTask.doExec;java/util/concurrent/ForkJoinTask$RunnableExecuteAction.exec;java/lang/VirtualThread$$Lambda.0x00007d902c039c78.run;java/lang/VirtualThread.runContinuation;jdk/internal/vm/Continuation.run;jdk/internal/vm/Continuation.enterSpecial;jdk/internal/vm/Continuation.enter;jdk/internal/vm/Continuation.enter0;java/lang/VirtualThread$VThreadContinuation$1.run;java/lang/VirtualThread.run;_notify_jvmti_vthread_end;SharedRuntime::notify_jvmti_vthread_end;JvmtiVTMSTransitionDisabler::VTMS_vthread_end;__pthread_mutex_unlock 167
java/util/concurrent/ForkJoinWorkerThread.run;java/util/concurrent/ForkJoinPool.runWorker;java/util/concurrent/ForkJoinPool.scan;java/util/concurrent/ForkJoinPool$WorkQueue.topLevelExec;java/util/concurrent/ForkJoinTask.doExec;java/util/concurrent/ForkJoinTask$RunnableExecuteAction.exec;java/lang/VirtualThread$$Lambda.0x00007d902c039c78.run;java/lang/VirtualThread.runContinuation;jdk/internal/vm/Continuation.run;jdk/internal/vm/Continuation.enterSpecial;jdk/internal/vm/Continuation.enter;jdk/internal/vm/Continuation.enter0;java/lang/VirtualThread$VThreadContinuation$1.run;java/lang/VirtualThread.run;_notify_jvmti_vthread_start;SharedRuntime::notify_jvmti_vthread_start;JvmtiVTMSTransitionDisabler::VTMS_vthread_start;JvmtiVTMSTransitionDisabler::VTMS_mount_end;JavaThread::rebind_to_jvmti_thread_state_of;AccessInternal::PostRuntimeDispatch<G1BarrierSet::AccessBarrier<548964ul, G1BarrierSet>, (AccessInternal::BarrierType)0, 548964ul>::oop_access_barrier 1
java/util/concurrent/ForkJoinWorkerThread.run;java/util/concurrent/ForkJoinPool.runWorker;java/util/concurrent/ForkJoinPool.scan;java/util/concurrent/ForkJoinPool$WorkQueue.topLevelExec;java/util/concurrent/ForkJoinTask.doExec;java/util/concurrent/ForkJoinTask$RunnableExecuteAction.exec;java/lang/VirtualThread$$Lambda.0x00007d902c039c78.run;java/lang/VirtualThread.runContinuation;jdk/internal/vm/Continuation.run;jdk/internal/vm/Continuation.enterSpecial;jdk/internal/vm/Continuation.enter;jdk/internal/vm/Continuation.enter0;java/lang/VirtualThread$VThreadContinuation$1.run;java/lang/VirtualThread.run;_notify_jvmti_vthread_start;SharedRuntime::notify_jvmti_vthread_start;JvmtiVTMSTransitionDisabler::VTMS_vthread_start;JvmtiEventController::thread_started;JvmtiThreadState::JvmtiThreadState;JvmtiThreadEventEnable::JvmtiThreadEventEnable 1
java/util/concurrent/ForkJoinWorkerThread.run;java/util/concurrent/ForkJoinPool.runWorker;java/util/concurrent/ForkJoinPool.scan;java/util/concurrent/ForkJoinPool$WorkQueue.topLevelExec;java/util/concurrent/ForkJoinTask.doExec;java/util/concurrent/ForkJoinTask$RunnableExecuteAction.exec;java/lang/VirtualThread$$Lambda.0x00007d902c039c78.run;java/lang/VirtualThread.runContinuation;jdk/internal/vm/Continuation.run;jdk/internal/vm/Continuation.enterSpecial;jdk/internal/vm/Continuation.enter;jdk/internal/vm/Continuation.enter0;java/lang/VirtualThread$VThreadContinuation$1.run;java/lang/VirtualThread.run;_notify_jvmti_vthread_end;SharedRuntime::notify_jvmti_vthread_end;JvmtiVTMSTransitionDisabler::VTMS_vthread_end;JvmtiVTMSTransitionDisabler::start_VTMS_transition;java_lang_Thread::set_is_in_VTMS_transition 1
java/util/concurrent/ForkJoinWorkerThread.run;java/util/concurrent/ForkJoinPool.runWorker;java/util/concurrent/ForkJoinPool.scan;java/util/concurrent/ForkJoinPool$WorkQueue.topLevelExec;java/util/concurrent/ForkJoinTask.doExec;java/util/concurrent/ForkJoinTask$RunnableExecuteAction.exec;java/lang/VirtualThread$$Lambda.0x00007d902c039c78.run;java/lang/VirtualThread.runContinuation;jdk/internal/vm/Continuation.run;jdk/internal/vm/Continuation.enterSpecial;jdk/internal/vm/Continuation.enter;jdk/internal/vm/Continuation.enter0;java/lang/VirtualThread$VThreadContinuation$1.run;java/lang/VirtualThread.run;_notify_jvmti_vthread_start;SharedRuntime::notify_jvmti_vthread_start;JvmtiVTMSTransitionDisabler::VTMS_vthread_start;JvmtiEventController::thread_started;Mutex::lock;pthread_mutex_trylock 92
java/util/concurrent/ForkJoinWorkerThread.run;java/util/concurrent/ForkJoinPool.runWorker;java/util/concurrent/ForkJoinPool.scan;java/util/concurrent/ForkJoinPool$WorkQueue.topLevelExec;java/util/concurrent/ForkJoinTask.doExec;java/util/concurrent/ForkJoinTask$RunnableExecuteAction.exec;java/lang/VirtualThread$$Lambda.0x00007d902c039c78.run;java/lang/VirtualThread.runContinuation;java/lang/VirtualThread.afterDone;java/lang/VirtualThread.afterDone;jdk/internal/vm/ThreadContainers$RootContainer$TrackingRootContainer.onExit;java/util/concurrent/ConcurrentHashMap$KeySetView.remove;java/util/concurrent/ConcurrentHashMap.remove;java/util/concurrent/ConcurrentHashMap.replaceNode 3
java/util/concurrent/ForkJoinWorkerThread.run;java/util/concurrent/ForkJoinPool.runWorker;java/util/concurrent/ForkJoinPool.scan;java/util/concurrent/ForkJoinPool$WorkQueue.topLevelExec;java/util/concurrent/ForkJoinTask.doExec;java/util/concurrent/ForkJoinTask$RunnableExecuteAction.exec;java/lang/VirtualThread$$Lambda.0x00007d902c039c78.run;java/lang/VirtualThread.runContinuation;jdk/internal/vm/Continuation.run;jdk/internal/vm/Continuation.enterSpecial;jdk/internal/vm/Continuation.enter;jdk/internal/vm/Continuation.enter0;java/lang/VirtualThread$VThreadContinuation$1.run;java/lang/VirtualThread.run;_notify_jvmti_vthread_end;SharedRuntime::notify_jvmti_vthread_end;JNIHandles::make_local 1
java/util/concurrent/ForkJoinWorkerThread.run;java/util/concurrent/ForkJoinPool.runWorker;java/util/concurrent/ForkJoinPool.scan;java/util/concurrent/ForkJoinPool$WorkQueue.topLevelExec;java/util/concurrent/ForkJoinTask.doExec;java/util/concurrent/ForkJoinTask$RunnableExecuteAction.exec;java/lang/VirtualThread$$Lambda.0x00007d902c039c78.run;java/lang/VirtualThread.runContinuation;jdk/internal/vm/Continuation.run;jdk/internal/vm/Continuation.enterSpecial;jdk/internal/vm/Continuation.enter;jdk/internal/vm/Continuation.enter0;java/lang/VirtualThread$VThreadContinuation$1.run;java/lang/VirtualThread.run;_notify_jvmti_vthread_end;SharedRuntime::notify_jvmti_vthread_end;JvmtiVTMSTransitionDisabler::VTMS_vthread_end;JvmtiExport::cleanup_thread;JvmtiEventController::thread_ended 6
java/util/concurrent/ForkJoinWorkerThread.run;java/util/concurrent/ForkJoinPool.runWorker;java/util/concurrent/ForkJoinPool.scan;java/util/concurrent/ForkJoinPool$WorkQueue.topLevelExec;java/util/concurrent/ForkJoinTask.doExec;java/util/concurrent/ForkJoinTask$RunnableExecuteAction.exec;java/lang/VirtualThread$$Lambda.0x00007d902c039c78.run;java/lang/VirtualThread.runContinuation;java/lang/VirtualThread.afterDone;java/lang/VirtualThread.afterDone;jdk/internal/vm/ThreadContainers$RootContainer$TrackingRootContainer.onExit;java/util/concurrent/ConcurrentHashMap$KeySetView.remove;java/util/concurrent/ConcurrentHashMap.remove;java/util/concurrent/ConcurrentHashMap.replaceNode 2
java/util/concurrent/ForkJoinWorkerThread.run;java/util/concurrent/ForkJoinPool.runWorker;java/util/concurrent/ForkJoinPool.scan;java/util/concurrent/ForkJoinPool$WorkQueue.topLevelExec;java/util/concurrent/ForkJoinTask.doExec;java/util/concurrent/ForkJoinTask$RunnableExecuteAction.exec;java/lang/VirtualThread$$Lambda.0x00007d902c039c78.run;java/lang/VirtualThread.runContinuation;jdk/internal/vm/Continuation.run;jdk/internal/vm/Continuation.enterSpecial;jdk/internal/vm/Continuation.enter;jdk/internal/vm/Continuation.enter0;java/lang/VirtualThread$VThreadContinuation$1.run;java/lang/VirtualThread.run;_notify_jvmti_vthread_start;SharedRuntime::notify_jvmti_vthread_start 2
java/util/concurrent/ForkJoinWorkerThread.run;java/util/concurrent/ForkJoinPool.runWorker;java/util/concurrent/ForkJoinPool.scan;java/util/concurrent/ForkJoinPool$WorkQueue.topLevelExec;java/util/concurrent/ForkJoinTask.doExec;java/util/concurrent/ForkJoinTask$RunnableExecuteAction.exec;java/lang/VirtualThread$$Lambda.0x00007d902c039c78.run;java/lang/VirtualThread.runContinuation;jdk/internal/vm/Continuation.run;jdk/internal/vm/Continuation.enterSpecial;jdk/internal/vm/Continuation.enter;jdk/internal/vm/Continuation.enter0;java/lang/VirtualThread$VThreadContinuation$1.run;java/lang/VirtualThread.run;_notify_jvmti_vthread_end;SharedRuntime::notify_jvmti_vthread_end;JvmtiVTMSTransitionDisabler::VTMS_vthread_end;__pthread_mutex_unlock;/usr/lib/x86_64-linux-gnu/libc.so.6 3997
java/util/concurrent/ForkJoinWorkerThread.run;java/util/concurrent/ForkJoinPool.runWorker;java/util/concurrent/ForkJoinPool.scan;java/util/concurrent/ForkJoinPool$WorkQueue.topLevelExec;java/util/concurrent/ForkJoinTask.doExec;java/util/concurrent/ForkJoinTask$RunnableExecuteAction.exec;java/lang/VirtualThread$$Lambda.0x00007d902c039c78.run;java/lang/VirtualThread.runContinuation;jdk/internal/vm/Continuation.run;jdk/internal/vm/Continuation.enterSpecial;jdk/internal/vm/Continuation.enter;jdk/internal/vm/Continuation.enter0;java/lang/VirtualThread$VThreadContinuation$1.run;java/lang/VirtualThread.run;_notify_jvmti_vthread_end;SharedRuntime::notify_jvmti_vthread_end;JvmtiVTMSTransitionDisabler::VTMS_vthread_end;JvmtiExport::cleanup_thread;JvmtiEventController::thread_ended;JvmtiThreadState::~JvmtiThreadState;AccessInternal::PostRuntimeDispatch<G1BarrierSet::AccessBarrier<548964ul, G1BarrierSet>, (AccessInternal::BarrierType)2, 548964ul>::oop_access_barrier 1
java/util/concurrent/ForkJoinWorkerThread.run;java/util/concurrent/ForkJoinPool.runWorker;java/util/concurrent/ForkJoinPool.scan;java/util/concurrent/ForkJoinPool$WorkQueue.topLevelExec;java/util/concurrent/ForkJoinTask.doExec;java/util/concurrent/ForkJoinTask$RunnableExecuteAction.exec;java/lang/VirtualThread$$Lambda.0x00007d902c039c78.run;java/lang/VirtualThread.runContinuation;jdk/internal/vm/Continuation.run;jdk/internal/vm/Continuation.enterSpecial;jdk/internal/vm/Continuation.enter;jdk/internal/vm/Continuation.enter0;java/lang/VirtualThread$VThreadContinuation$1.run;java/lang/VirtualThread.run;_notify_jvmti_vthread_end;SharedRuntime::notify_jvmti_vthread_end;JvmtiVTMSTransitionDisabler::VTMS_vthread_end;JvmtiVTMSTransitionDisabler::start_VTMS_transition;__tls_get_addr 3
java/util/concurrent/ForkJoinWorkerThread.run;java/util/concurrent/ForkJoinPool.runWorker;java/util/concurrent/ForkJoinPool.scan;java/util/concurrent/ForkJoinPool$WorkQueue.topLevelExec;java/util/concurrent/ForkJoinTask.doExec;java/util/concurrent/ForkJoinTask$RunnableExecuteAction.exec;java/lang/VirtualThread$$Lambda.0x00007d902c039c78.run;java/lang/VirtualThread.runContinuation;jdk/internal/vm/Continuation.run;jdk/internal/vm/Continuation.enterSpecial;jdk/internal/vm/Continuation.enter;jdk/internal/vm/Continuation.enter0;java/lang/VirtualThread$VThreadContinuation$1.run;java/lang/VirtualThread.run;_notify_jvmti_vthread_start;SharedRuntime::notify_jvmti_vthread_start;JvmtiVTMSTransitionDisabler::VTMS_vthread_start;JvmtiEventController::thread_started;Mutex::lock;JavaFrameAnchor::make_walkable 4
java/lang/Thread.run;java/lang/Thread.runWith;java/util/concurrent/ThreadPoolExecutor$Worker.run;java/util/concurrent/ThreadPoolExecutor.runWorker;java/util/concurrent/FutureTask.run;java/util/concurrent/Executors$RunnableAdapter.call;java/util/concurrent/FutureTask.run;org/openjdk/jmh/runner/BenchmarkHandler$BenchmarkTask.call;org/openjdk/jmh/runner/BenchmarkHandler$BenchmarkTask.call;java/lang/reflect/Method.invoke;jdk/internal/reflect/DirectMethodHandleAccessor.invoke;jdk/internal/reflect/DirectMethodHandleAccessor.invokeImpl;java/lang/invoke/LambdaForm$MH.0x00007d902c02e800.invokeExact_MT;java/lang/invoke/LambdaForm$MH.0x00007d902c02e400.invoke;java/lang/invoke/DirectMethodHandle$Holder.invokeSpecial;uk/ac/ncl/jensen/benchmark/jmh_generated/VThreadChurnBenchmark_churn_jmhTest.churn_AverageTime;uk/ac/ncl/jensen/benchmark/jmh_generated/VThreadChurnBenchmark_churn_jmhTest.churn_avgt_jmhStub;uk/ac/ncl/jensen/benchmark/VThreadChurnBenchmark.churn;java/lang/Thread.join;java/lang/Thread.join;java/lang/Thread.isAlive;java/lang/VirtualThread.alive 4
java/lang/Thread.run;java/lang/Thread.runWith;java/util/concurrent/ThreadPoolExecutor$Worker.run;java/util/concurrent/ThreadPoolExecutor.runWorker;java/util/concurrent/FutureTask.run;java/util/concurrent/Executors$RunnableAdapter.call;java/util/concurrent/FutureTask.run;org/openjdk/jmh/runner/BenchmarkHandler$BenchmarkTask.call;org/openjdk/jmh/runner/BenchmarkHandler$BenchmarkTask.call;java/lang/reflect/Method.invoke;jdk/internal/reflect/DirectMethodHandleAccessor.invoke;jdk/internal/reflect/DirectMethodHandleAccessor.invokeImpl;java/lang/invoke/LambdaForm$MH.0x00007d902c02e800.invokeExact_MT;java/lang/invoke/LambdaForm$MH.0x00007d902c02e400.invoke;java/lang/invoke/DirectMethodHandle$Holder.invokeSpecial;uk/ac/ncl/jensen/benchmark/jmh_generated/VThreadChurnBenchmark_churn_jmhTest.churn_AverageTime;uk/ac/ncl/jensen/benchmark/jmh_generated/VThreadChurnBenchmark_churn_jmhTest.churn_avgt_jmhStub;uk/ac/ncl/jensen/benchmark/VThreadChurnBenchmark.churn;java/lang/ThreadBuilders$VirtualThreadBuilder.start;java/lang/ThreadBuilders$VirtualThreadBuilder.unstarted;java/lang/ThreadBuilders.newVirtualThread;java/lang/VirtualThread.<init>;java/lang/BaseVirtualThread.<init>;java/lang/Thread.<init> 1
java/util/concurrent/ForkJoinWorkerThread.run;java/util/concurrent/ForkJoinPool.runWorker;java/util/concurrent/ForkJoinPool.scan;java/util/concurrent/ForkJoinPool$WorkQueue.topLevelExec;java/util/concurrent/ForkJoinTask.doExec;java/util/concurrent/ForkJoinTask$RunnableExecuteAction.exec;java/lang/VirtualThread$$Lambda.0x00007d902c039c78.run;java/lang/VirtualThread.runContinuation;jdk/internal/vm/Continuation.run;jdk/internal/vm/Continuation.enterSpecial;jdk/internal/vm/Continuation.enter 2
java/util/concurrent/ForkJoinWorkerThread.run;java/util/concurrent/ForkJoinPool.runWorker;java/util/concurrent/ForkJoinPool.scan;java/util/concurrent/ForkJoinPool.signalWork 1
java/util/concurrent/ForkJoinWorkerThread.run;java/util/concurrent/ForkJoinPool.runWorker;java/util/concurrent/ForkJoinPool.scan;java/util/concurrent/ForkJoinPool$WorkQueue.topLevelExec;java/util/concurrent/ForkJoinTask.doExec;java/util/concurrent/ForkJoinTask$RunnableExecuteAction.exec;java/lang/VirtualThread$$Lambda.0x00007d902c039c78.run;java/lang/VirtualThread.runContinuation;jdk/internal/vm/Continuation.run;jdk/internal/vm/Continuation.enterSpecial;jdk/internal/vm/Continuation.enter;jdk/internal/vm/Continuation.enter0;java/lang/VirtualThread$VThreadContinuation$1.run;java/lang/VirtualThread.run;_notify_jvmti_vthread_start;SharedRuntime::notify_jvmti_vthread_start;JvmtiVTMSTransitionDisabler::VTMS_vthread_start;JvmtiEventController::thread_started;JvmtiThreadState::JvmtiThreadState;OopStorage::allocate;Mutex::lock_without_safepoint_check;pthread_mutex_lock 191
java/util/concurrent/ForkJoinWorkerThread.run;java/util/concurrent/ForkJoinPool.runWorker;java/util/concurrent/ForkJoinPool.scan;java/util/concurrent/ForkJoinPool$WorkQueue.topLevelExec;java/util/concurrent/ForkJoinTask.doExec;java/util/concurrent/ForkJoinTask$RunnableExecuteAction.exec;java/lang/VirtualThread$$Lambda.0x00007d902c039c78.run;java/lang/VirtualThread.runContinuation;java/lang/VirtualThread.afterDone;java/lang/VirtualThread.afterDone;jdk/internal/misc/Unsafe.freeMemory;jdk/internal/misc/Unsafe.freeMemory0;Unsafe_FreeMemory0;__libc_free;/usr/lib/x86_64-linux-gnu/libc.so.6 4
java/util/concurrent/ForkJoinWorkerThread.run;java/util/concurrent/ForkJoinPool.runWorker;java/util/concurrent/ForkJoinPool.scan;java/util/concurrent/ForkJoinPool$WorkQueue.topLevelExec;java/util/concurrent/ForkJoinTask.doExec;java/util/concurrent/ForkJoinTask$RunnableExecuteAction.exec;java/lang/VirtualThread$$Lambda.0x00007d902c039c78.run;java/lang/VirtualThread.runContinuation;jdk/internal/vm/Continuation.run;jdk/internal/vm/Continuation.enterSpecial;jdk/internal/vm/Continuation.enter;jdk/internal/vm/Continuation.enter0;java/lang/VirtualThread$VThreadContinuation$1.run;java/lang/VirtualThread.run;_notify_jvmti_vthread_end;SharedRuntime::notify_jvmti_vthread_end;JvmtiVTMSTransitionDisabler::VTMS_vthread_end;JvmtiExport::cleanup_thread;JvmtiEventController::thread_ended;JvmtiThreadState::~JvmtiThreadState;OopStorage::release 10
java/lang/Thread.run;java/lang/Thread.runWith;java/util/concurrent/ThreadPoolExecutor$Worker.run;java/util/concurrent/ThreadPoolExecutor.runWorker;java/util/concurrent/FutureTask.run;java/util/concurrent/Executors$RunnableAdapter.call;java/util/concurrent/FutureTask.run;org/openjdk/jmh/runner/BenchmarkHandler$BenchmarkTask.call;org/openjdk/jmh/runner/BenchmarkHandler$BenchmarkTask.call;java/lang/reflect/Method.invoke;jdk/internal/reflect/DirectMethodHandleAccessor.invoke;jdk/internal/reflect/DirectMethodHandleAccessor.invokeImpl;java/lang/invoke/LambdaForm$MH.0x00007d902c02e800.invokeExact_MT;java/lang/invoke/LambdaForm$MH.0x00007d902c02e400.invoke;java/lang/invoke/DirectMethodHandle$Holder.invokeSpecial;uk/ac/ncl/jensen/benchmark/jmh_generated/VThreadChurnBenchmark_churn_jmhTest.churn_AverageTime;uk/ac/ncl/jensen/benchmark/jmh_generated/VThreadChurnBenchmark_churn_jmhTest.churn_avgt_jmhStub;uk/ac/ncl/jensen/benchmark/VThreadChurnBenchmark.churn;java/lang/ThreadBuilders$VirtualThreadBuilder.start;java/lang/VirtualThread.start;java/lang/VirtualThread.start;jdk/internal/vm/ThreadContainers$RootContainer$TrackingRootContainer.onStart;java/util/concurrent/ConcurrentHashMap$KeySetView.add 1
java/util/concurrent/ForkJoinWorkerThread.run;java/util/concurrent/ForkJoinPool.runWorker;java/util/concurrent/ForkJoinPool.scan;java/util/concurrent/ForkJoinPool$WorkQueue.topLevelExec;java/util/concurrent/ForkJoinTask.doExec;java/util/concurrent/ForkJoinTask$RunnableExecuteAction.exec;java/lang/VirtualThread$$Lambda.0x00007d902c039c78.run;java/lang/VirtualThread.runContinuation;jdk/internal/vm/Continuation.run;jdk/internal/vm/Continuation.enterSpecial;jdk/internal/vm/Continuation.enter;jdk/internal/vm/Continuation.enter0;java/lang/VirtualThread$VThreadContinuation$1.run;java/lang/VirtualThread.run;_notify_jvmti_vthread_end;SharedRuntime::notify_jvmti_vthread_end;JvmtiVTMSTransitionDisabler::VTMS_vthread_end;AccessInternal::PostRuntimeDispatch<G1BarrierSet::AccessBarrier<548964ul, G1BarrierSet>, (AccessInternal::BarrierType)2, 548964ul>::oop_access_barrier 79
java/lang/Thread.run;java/lang/Thread.runWith;java/util/concurrent/ThreadPoolExecutor$Worker.run;java/util/concurrent/ThreadPoolExecutor.runWorker;java/util/concurrent/FutureTask.run;java/util/concurrent/Executors$RunnableAdapter.call;java/util/concurrent/FutureTask.run;org/openjdk/jmh/runner/BenchmarkHandler$BenchmarkTask.call;org/openjdk/jmh/runner/BenchmarkHandler$BenchmarkTask.call;java/lang/reflect/Method.invoke;jdk/internal/reflect/DirectMethodHandleAccessor.invoke;jdk/internal/reflect/DirectMethodHandleAccessor.invokeImpl;java/lang/invoke/LambdaForm$MH.0x00007d902c02e800.invokeExact_MT;java/lang/invoke/LambdaForm$MH.0x00007d902c02e400.invoke;java/lang/invoke/DirectMethodHandle$Holder.invokeSpecial;uk/ac/ncl/jensen/benchmark/jmh_generated/VThreadChurnBenchmark_churn_jmhTest.churn_AverageTime;uk/ac/ncl/jensen/benchmark/jmh_generated/VThreadChurnBenchmark_churn_jmhTest.churn_avgt_jmhStub;uk/ac/ncl/jensen/benchmark/VThreadChurnBenchmark.churn;java/lang/ThreadBuilders$VirtualThreadBuilder.start;java/lang/ThreadBuilders$VirtualThreadBuilder.unstarted;java/lang/ThreadBuilders.newVirtualThread;java/lang/VirtualThread.<init>;java/lang/BaseVirtualThread.<init>;java/lang/Thread.<init> 4
java/util/concurrent/ForkJoinWorkerThread.run;java/util/concurrent/ForkJoinPool.runWorker;java/util/concurrent/ForkJoinPool.scan;java/util/concurrent/ForkJoinPool$WorkQueue.topLevelExec;java/util/concurrent/ForkJoinPool$WorkQueue.tryPoll 1
java/lang/Thread.run;java/lang/Thread.runWith;java/util/concurrent/ThreadPoolExecutor$Worker.run;java/util/concurrent/ThreadPoolExecutor.runWorker;java/util/concurrent/FutureTask.run;java/util/concurrent/Executors$RunnableAdapter.call;java/util/concurrent/FutureTask.run;org/openjdk/jmh/runner/BenchmarkHandler$BenchmarkTask.call;org/openjdk/jmh/runner/BenchmarkHandler$BenchmarkTask.call;java/lang/reflect/Method.invoke;jdk/internal/reflect/DirectMethodHandleAccessor.invoke;jdk/internal/reflect/DirectMethodHandleAccessor.invokeImpl;java/lang/invoke/LambdaForm$MH.0x00007d902c02e800.invokeExact_MT;java/lang/invoke/LambdaForm$MH.0x00007d902c02e400.invoke;java/lang/invoke/DirectMethodHandle$Holder.invokeSpecial;uk/ac/ncl/jensen/benchmark/jmh_generated/VThreadChurnBenchmark_churn_jmhTest.churn_AverageTime;uk/ac/ncl/jensen/benchmark/jmh_generated/VThreadChurnBenchmark_churn_jmhTest.churn_avgt_jmhStub;uk/ac/ncl/jensen/benchmark/VThreadChurnBenchmark.churn 1
java/lang/Thread.run;java/lang/Thread.runWith;java/util/concurrent/ThreadPoolExecutor$Worker.run;java/util/concurrent/ThreadPoolExecutor.runWorker;java/util/concurrent/FutureTask.run;java/util/concurrent/Executors$RunnableAdapter.call;java/util/concurrent/FutureTask.run;org/openjdk/jmh/runner/BenchmarkHandler$BenchmarkTask.call;org/openjdk/jmh/runner/BenchmarkHandler$BenchmarkTask.call;java/lang/reflect/Method.invoke;jdk/internal/reflect/DirectMethodHandleAccessor.invoke;jdk/internal/reflect/DirectMethodHandleAccessor.invokeImpl;java/lang/invoke/LambdaForm$MH.0x00007d902c02e800.invokeExact_MT;java/lang/invoke/LambdaForm$MH.0x00007d902c02e400.invoke;java/lang/invoke/DirectMethodHandle$Holder.invokeSpecial;uk/ac/ncl/jensen/benchmark/jmh_generated/VThreadChurnBenchmark_churn_jmhTest.churn_AverageTime;uk/ac/ncl/jensen/benchmark/jmh_generated/VThreadChurnBenchmark_churn_jmhTest.churn_avgt_jmhStub;uk/ac/ncl/jensen/benchmark/VThreadChurnBenchmark.churn;java/lang/ThreadBuilders$VirtualThreadBuilder.start;java/lang/VirtualThread.start;java/lang/VirtualThread.start;java/lang/VirtualThread.submitRunContinuation;java/util/concurrent/ForkJoinPool.execute;java/util/concurrent/ForkJoinPool.poolSubmit;java/util/concurrent/ForkJoinPool$WorkQueue.push 2
java/util/concurrent/ForkJoinWorkerThread.run;java/util/concurrent/ForkJoinPool.runWorker;java/util/concurrent/ForkJoinPool.scan;java/util/concurrent/ForkJoinPool$WorkQueue.topLevelExec;java/util/concurrent/ForkJoinTask.doExec;java/util/concurrent/ForkJoinTask.setDone;java/util/concurrent/ForkJoinTask.getAndBitwiseOrStatus;jdk/internal/misc/Unsafe.getAndBitwiseOrInt 27
java/util/concurrent/ForkJoinWorkerThread.run;java/util/concurrent/ForkJoinPool.runWorker;java/util/concurrent/ForkJoinPool.scan;java/util/concurrent/ForkJoinPool$WorkQueue.topLevelExec;java/util/concurrent/ForkJoinTask.doExec;java/util/concurrent/ForkJoinTask$RunnableExecuteAction.exec;java/lang/VirtualThread$$Lambda.0x00007d902c039c78.run;java/lang/VirtualThread.runContinuation;jdk/internal/vm/Continuation.run;jdk/internal/vm/Continuation.enterSpecial;jdk/internal/vm/Continuation.enter;jdk/internal/vm/Continuation.enter0;java/lang/VirtualThread$VThreadContinuation$1.run;java/lang/VirtualThread.run;_notify_jvmti_vthread_start;SharedRuntime::notify_jvmti_vthread_start;JvmtiVTMSTransitionDisabler::VTMS_vthread_start;JvmtiEventController::thread_started;JvmtiThreadState::JvmtiThreadState;java_lang_VirtualThread::is_instance 2
java/util/concurrent/ForkJoinWorkerThread.run;java/util/concurrent/ForkJoinPool.runWorker;java/util/concurrent/ForkJoinPool.scan 4
java/util/concurrent/ForkJoinWorkerThread.run;java/util/concurrent/ForkJoinPool.runWorker;java/util/concurrent/ForkJoinPool.scan;java/util/concurrent/ForkJoinPool$WorkQueue.topLevelExec;java/util/concurrent/ForkJoinTask.doExec;java/util/concurrent/ForkJoinTask$RunnableExecuteAction.exec;java/lang/VirtualThread$$Lambda.0x00007d902c039c78.run;java/lang/VirtualThread.runContinuation;java/lang/VirtualThread.afterDone;java/lang/VirtualThread.afterDone;jdk/internal/misc/Unsafe.freeMemory;jdk/internal/misc/Unsafe.freeMemory0 25
java/util/concurrent/ForkJoinWorkerThread.run;java/util/concurrent/ForkJoinPool.runWorker;java/util/concurrent/ForkJoinPool.scan;java/util/concurrent/ForkJoinPool$WorkQueue.topLevelExec;java/util/concurrent/ForkJoinTask.doExec;java/util/concurrent/ForkJoinTask$RunnableExecuteAction.exec;java/lang/VirtualThread$$Lambda.0x00007d902c039c78.run;java/lang/VirtualThread.runContinuation;jdk/internal/vm/Continuation.run;jdk/internal/vm/Continuation.enterSpecial;jdk/internal/vm/Continuation.enter;jdk/internal/vm/Continuation.enter0;java/lang/VirtualThread$VThreadContinuation$1.run;java/lang/VirtualThread.run;_notify_jvmti_vthread_start;SharedRuntime::notify_jvmti_vthread_start;JvmtiVTMSTransitionDisabler::VTMS_vthread_start;JvmtiEventController::thread_started;JvmtiEventControllerPrivate::recompute_thread_enabled 3
java/util/concurrent/ForkJoinWorkerThread.run;java/util/concurrent/ForkJoinPool.runWorker;java/util/concurrent/ForkJoinPool.scan;java/util/concurrent/ForkJoinPool$WorkQueue.topLevelExec;java/util/concurrent/ForkJoinTask.doExec;java/util/concurrent/ForkJoinTask$RunnableExecuteAction.exec;java/lang/VirtualThread$$Lambda.0x00007d902c039c78.run;java/lang/VirtualThread.runContinuation;jdk/internal/vm/Continuation.run;jdk/internal/vm/Continuation.enterSpecial;jdk/internal/vm/Continuation.enter;jdk/internal/vm/Continuation.enter0;java/lang/VirtualThread$VThreadContinuation$1.run;java/lang/VirtualThread.run;_notify_jvmti_vthread_start;SharedRuntime::notify_jvmti_vthread_start;JvmtiVTMSTransitionDisabler::VTMS_vthread_start;JvmtiEventController::thread_started;JvmtiThreadState::JvmtiThreadState;OopStorage::allocate;pthread_mutex_unlock@plt 1
java/util/concurrent/ForkJoinWorkerThread.run;java/util/concurrent/ForkJoinPool.runWorker;java/util/concurrent/ForkJoinPool.scan;java/util/concurrent/ForkJoinPool$WorkQueue.topLevelExec;java/util/concurrent/ForkJoinTask.doExec;java/util/concurrent/ForkJoinTask$RunnableExecuteAction.exec;java/lang/VirtualThread$$Lambda.0x00007d902c039c78.run;java/lang/VirtualThread.runContinuation;jdk/internal/vm/Continuation.run;jdk/internal/vm/Continuation.enterSpecial;jdk/internal/vm/Continuation.enter;jdk/internal/vm/Continuation.enter0;java/lang/VirtualThread$VThreadContinuation$1.run;java/lang/VirtualThread.run;_notify_jvmti_vthread_start;SharedRuntime::notify_jvmti_vthread_start;JvmtiVTMSTransitionDisabler::VTMS_vthread_start;JvmtiEventController::thread_started;Mutex::lock;pthread_mutex_lock;/usr/lib/x86_64-linux-gnu/libc.so.6 386
java/util/concurrent/ForkJoinWorkerThread.run;java/util/concurrent/ForkJoinPool.runWorker 1
java/util/concurrent/ForkJoinWorkerThread.run;java/util/concurrent/ForkJoinPool.runWorker;java/util/concurrent/ForkJoinPool.scan;java/util/concurrent/ForkJoinPool$WorkQueue.topLevelExec;java/util/concurrent/ForkJoinTask.doExec;java/util/concurrent/ForkJoinTask$RunnableExecuteAction.exec;java/lang/VirtualThread$$Lambda.0x00007d902c039c78.run;java/lang/VirtualThread.runContinuation;jdk/internal/vm/Continuation.run;jdk/internal/vm/Continuation.enterSpecial;jdk/internal/vm/Continuation.enter;jdk/internal/vm/Continuation.enter0;java/lang/VirtualThread$VThreadContinuation$1.run;java/lang/VirtualThread.run;_notify_jvmti_vthread_start;SharedRuntime::notify_jvmti_vthread_start;JvmtiVTMSTransitionDisabler::VTMS_vthread_start;JvmtiEventController::thread_started;JvmtiThreadState::JvmtiThreadState;AllocateHeap;os::malloc;malloc@plt 1
java/lang/Thread.run;java/lang/Thread.runWith;java/util/concurrent/ThreadPoolExecutor$Worker.run;java/util/concurrent/ThreadPoolExecutor.runWorker;java/util/concurrent/FutureTask.run;java/util/concurrent/Executors$RunnableAdapter.call;java/util/concurrent/FutureTask.run;org/openjdk/jmh/runner/BenchmarkHandler$BenchmarkTask.call;org/openjdk/jmh/runner/BenchmarkHandler$BenchmarkTask.call;java/lang/reflect/Method.invoke;jdk/internal/reflect/DirectMethodHandleAccessor.invoke;jdk/internal/reflect/DirectMethodHandleAccessor.invokeImpl;java/lang/invoke/LambdaForm$MH.0x00007d902c02e800.invokeExact_MT;java/lang/invoke/LambdaForm$MH.0x00007d902c02e400.invoke;java/lang/invoke/DirectMethodHandle$Holder.invokeSpecial;uk/ac/ncl/jensen/benchmark/jmh_generated/VThreadChurnBenchmark_churn_jmhTest.churn_AverageTime;uk/ac/ncl/jensen/benchmark/jmh_generated/VThreadChurnBenchmark_churn_jmhTest.churn_avgt_jmhStub;uk/ac/ncl/jensen/benchmark/VThreadChurnBenchmark.churn;java/lang/ThreadBuilders$VirtualThreadBuilder.start;java/lang/ThreadBuilders$VirtualThreadBuilder.unstarted;java/lang/ThreadBuilders.newVirtualThread 22
java/lang/Thread.run;java/lang/Thread.runWith;java/util/concurrent/ThreadPoolExecutor$Worker.run;java/util/concurrent/ThreadPoolExecutor.runWorker;java/util/concurrent/FutureTask.run;java/util/concurrent/Executors$RunnableAdapter.call;java/util/concurrent/FutureTask.run;org/openjdk/jmh/runner/BenchmarkHandler$BenchmarkTask.call;org/openjdk/jmh/runner/BenchmarkHandler$BenchmarkTask.call;java/lang/reflect/Method.invoke;jdk/internal/reflect/DirectMethodHandleAccessor.invoke;jdk/internal/reflect/DirectMethodHandleAccessor.invokeImpl;java/lang/invoke/LambdaForm$MH.0x00007d902c02e800.invokeExact_MT;java/lang/invoke/LambdaForm$MH.0x00007d902c02e400.invoke;java/lang/invoke/DirectMethodHandle$Holder.invokeSpecial;uk/ac/ncl/jensen/benchmark/jmh_generated/VThreadChurnBenchmark_churn_jmhTest.churn_AverageTime;uk/ac/ncl/jensen/benchmark/jmh_generated/VThreadChurnBenchmark_churn_jmhTest.churn_avgt_jmhStub;uk/ac/ncl/jensen/benchmark/VThreadChurnBenchmark.churn;java/lang/ThreadBuilders$VirtualThreadBuilder.start;java/lang/ThreadBuilders$VirtualThreadBuilder.unstarted;java/lang/ThreadBuilders.newVirtualThread;java/lang/VirtualThread.<init>;java/lang/BaseVirtualThread.<init>;java/lang/Thread.<init>;java/lang/Thread$ThreadIdentifiers.next 18
java/util/concurrent/ForkJoinWorkerThread.run;java/util/concurrent/ForkJoinPool.runWorker;java/util/concurrent/ForkJoinPool.scan;java/util/concurrent/ForkJoinPool$WorkQueue.topLevelExec;java/util/concurrent/ForkJoinTask.doExec;java/util/concurrent/ForkJoinTask$RunnableExecuteAction.exec;java/lang/VirtualThread$$Lambda.0x00007d902c039c78.run;java/lang/VirtualThread.runContinuation;java/lang/VirtualThread.afterDone;java/lang/VirtualThread.afterDone;java/lang/VirtualThread.setState 12
java/util/concurrent/ForkJoinWorkerThread.run;java/util/concurrent/ForkJoinPool.runWorker;java/util/concurrent/ForkJoinPool.scan 2
java/util/concurrent/ForkJoinWorkerThread.run;java/util/concurrent/ForkJoinPool.runWorker;java/util/concurrent/ForkJoinPool.scan;java/util/concurrent/ForkJoinPool$WorkQueue.topLevelExec;java/util/concurrent/ForkJoinTask.doExec;java/util/concurrent/ForkJoinTask$RunnableExecuteAction.exec;java/lang/VirtualThread$$Lambda.0x00007d902c039c78.run;java/lang/VirtualThread.runContinuation;java/lang/VirtualThread.mount 2
java/util/concurrent/ForkJoinWorkerThread.run;java/util/concurrent/ForkJoinPool.runWorker;java/util/concurrent/ForkJoinPool.scan;java/util/concurrent/ForkJoinPool$WorkQueue.topLevelExec;java/util/concurrent/ForkJoinTask.doExec;java/util/concurrent/ForkJoinTask$RunnableExecuteAction.exec;java/lang/VirtualThread$$Lambda.0x00007d902c039c78.run;java/lang/VirtualThread.runContinuation;jdk/internal/vm/Continuation.isDone 2
java/lang/Thread.run;java/lang/Thread.runWith;java/util/concurrent/ThreadPoolExecutor$Worker.run;java/util/concurrent/ThreadPoolExecutor.runWorker;java/util/concurrent/FutureTask.run;java/util/concurrent/Executors$RunnableAdapter.call;java/util/concurrent/FutureTask.run;org/openjdk/jmh/runner/BenchmarkHandler$BenchmarkTask.call;org/openjdk/jmh/runner/BenchmarkHandler$BenchmarkTask.call;java/lang/reflect/Method.invoke;jdk/internal/reflect/DirectMethodHandleAccessor.invoke;jdk/internal/reflect/DirectMethodHandleAccessor.invokeImpl;java/lang/invoke/LambdaForm$MH.0x00007d902c02e800.invokeExact_MT;java/lang/invoke/LambdaForm$MH.0x00007d902c02e400.invoke;java/lang/invoke/DirectMethodHandle$Holder.invokeSpecial;uk/ac/ncl/jensen/benchmark/jmh_generated/VThreadChurnBenchmark_churn_jmhTest.churn_AverageTime;uk/ac/ncl/jensen/benchmark/jmh_generated/VThreadChurnBenchmark_churn_jmhTest.churn_avgt_jmhStub;uk/ac/ncl/jensen/benchmark/VThreadChurnBenchmark.churn;java/lang/ThreadBuilders$VirtualThreadBuilder.start;java/lang/VirtualThread.start;java/lang/VirtualThread.start;jdk/internal/vm/ThreadContainers$RootContainer$TrackingRootContainer.onStart;java/util/concurrent/ConcurrentHashMap$KeySetView.add;java/util/concurrent/ConcurrentHashMap.putVal 2
java/util/concurrent/ForkJoinWorkerThread.run;java/util/concurrent/ForkJoinPool.runWorker;java/util/concurrent/ForkJoinPool.scan;java/util/concurrent/ForkJoinPool$WorkQueue.topLevelExec;java/util/concurrent/ForkJoinTask.doExec;java/util/concurrent/ForkJoinTask$RunnableExecuteAction.exec;java/lang/VirtualThread$$Lambda.0x00007d902c039c78.run;java/lang/VirtualThread.runContinuation;jdk/internal/vm/Continuation.run;jdk/internal/vm/Continuation.enterSpecial;jdk/internal/vm/Continuation.enter;jdk/internal/vm/Continuation.enter0;java/lang/VirtualThread$VThreadContinuation$1.run;java/lang/VirtualThread.run;_notify_jvmti_vthread_end;SharedRuntime::notify_jvmti_vthread_end;JvmtiVTMSTransitionDisabler::VTMS_vthread_end;JvmtiExport::cleanup_thread;JvmtiEventController::thread_ended;JvmtiThreadState::~JvmtiThreadState;AccessInternal::PostRuntimeDispatch<G1BarrierSet::AccessBarrier<548964ul, G1BarrierSet>, (AccessInternal::BarrierType)2, 548964ul>::oop_access_barrier 4
java/util/concurrent/ForkJoinWorkerThread.run;java/util/concurrent/ForkJoinPool.runWorker;java/util/concurrent/ForkJoinPool.scan;java/util/concurrent/ForkJoinPool$WorkQueue.topLevelExec;java/util/concurrent/ForkJoinTask.doExec;java/util/concurrent/ForkJoinTask$RunnableExecuteAction.exec;java/lang/VirtualThread$$Lambda.0x00007d902c039c78.run;java/lang/VirtualThread.runContinuation;java/lang/VirtualThread.afterDone;java/lang/VirtualThread.afterDone;jdk/internal/vm/ThreadContainers$RootContainer$TrackingRootContainer.onExit;java/util/concurrent/ConcurrentHashMap$KeySetView.remove;java/util/concurrent/ConcurrentHashMap.remove;java/util/concurrent/ConcurrentHashMap.replaceNode;java/util/concurrent/ConcurrentHashMap.addCount 7
java/util/concurrent/ForkJoinWorkerThread.run;java/util/concurrent/ForkJoinPool.runWorker;java/util/concurrent/ForkJoinPool.scan;java/util/concurrent/ForkJoinPool$WorkQueue.topLevelExec;java/util/concurrent/ForkJoinTask.doExec;java/util/concurrent/ForkJoinTask$RunnableExecuteAction.exec;java/lang/VirtualThread$$Lambda.0x00007d902c039c78.run;java/lang/VirtualThread.runContinuation;jdk/internal/vm/Continuation.run;jdk/internal/vm/Continuation.enterSpecial;jdk/internal/vm/Continuation.enter;jdk/internal/vm/Continuation.enter0;java/lang/VirtualThread$VThreadContinuation$1.run;java/lang/VirtualThread.run;_notify_jvmti_vthread_start;SharedRuntime::notify_jvmti_vthread_start;JvmtiVTMSTransitionDisabler::VTMS_vthread_start;JvmtiVTMSTransitionDisabler::finish_VTMS_transition;java_lang_Thread::set_is_in_VTMS_transition 2
java/util/concurrent/ForkJoinWorkerThread.run;java/util/concurrent/ForkJoinPool.runWorker;java/util/concurrent/ForkJoinPool.scan;java/util/concurrent/ForkJoinPool$WorkQueue.topLevelExec;java/util/concurrent/ForkJoinTask.doExec;java/util/concurrent/ForkJoinTask$RunnableExecuteAction.exec;java/lang/VirtualThread$$Lambda.0x00007d902c039c78.run;java/lang/VirtualThread.runContinuation;java/lang/VirtualThread.unmount;_notify_jvmti_vthread_unmount;SharedRuntime::notify_jvmti_vthread_unmount;JNIHandles::make_local;__tls_get_addr 1
java/lang/Thread.run;java/lang/Thread.runWith;java/util/concurrent/ThreadPoolExecutor$Worker.run;java/util/concurrent/ThreadPoolExecutor.runWorker;java/util/concurrent/FutureTask.run;java/util/concurrent/Executors$RunnableAdapter.call;java/util/concurrent/FutureTask.run;org/openjdk/jmh/runner/BenchmarkHandler$BenchmarkTask.call;org/openjdk/jmh/runner/BenchmarkHandler$BenchmarkTask.call;java/lang/reflect/Method.invoke;jdk/internal/reflect/DirectMethodHandleAccessor.invoke;jdk/internal/reflect/DirectMethodHandleAccessor.invokeImpl;java/lang/invoke/LambdaForm$MH.0x00007d902c02e800.invokeExact_MT;java/lang/invoke/LambdaForm$MH.0x00007d902c02e400.invoke;java/lang/invoke/DirectMethodHandle$Holder.invokeSpecial;uk/ac/ncl/jensen/benchmark/jmh_generated/VThreadChurnBenchmark_churn_jmhTest.churn_AverageTime;uk/ac/ncl/jensen/benchmark/jmh_generated/VThreadChurnBenchmark_churn_jmhTest.churn_avgt_jmhStub;uk/ac/ncl/jensen/benchmark/VThreadChurnBenchmark.churn;java/lang/ThreadBuilders$VirtualThreadBuilder.start;java/lang/VirtualThread.start;java/lang/VirtualThread.start 7
java/util/concurrent/ForkJoinWorkerThread.run;java/util/concurrent/ForkJoinPool.runWorker;java/util/concurrent/ForkJoinPool.awaitWork;java/util/concurrent/locks/LockSupport.park;jdk/internal/misc/Unsafe.park;Unsafe_Park 3
java/util/concurrent/ForkJoinWorkerThread.run;java/util/concurrent/ForkJoinPool.runWorker;java/util/concurrent/ForkJoinPool.awaitWork 3
java/util/concurrent/ForkJoinWorkerThread.run;java/util/concurrent/ForkJoinPool.runWorker;java/util/concurrent/ForkJoinPool.scan;java/util/concurrent/ForkJoinPool$WorkQueue.topLevelExec;java/util/concurrent/ForkJoinTask.doExec;java/util/concurrent/ForkJoinTask$RunnableExecuteAction.exec;java/lang/VirtualThread$$Lambda.0x00007d902c039c78.run;java/lang/VirtualThread.runContinuation;java/lang/VirtualThread.afterDone;java/lang/VirtualThread.afterDone;jdk/internal/vm/ThreadContainers$RootContainer$TrackingRootContainer.onExit;java/util/concurrent/ConcurrentHashMap$KeySetView.remove;java/util/concurrent/ConcurrentHashMap.remove;java/util/concurrent/ConcurrentHashMap.replaceNode;java/util/concurrent/ConcurrentHashMap.tabAt 1
java/util/concurrent/ForkJoinWorkerThread.run;java/util/concurrent/ForkJoinPool.runWorker;java/util/concurrent/ForkJoinPool.scan 8
java/util/concurrent/ForkJoinWorkerThread.run;java/util/concurrent/ForkJoinPool.runWorker;java/util/concurrent/ForkJoinPool.scan;java/util/concurrent/ForkJoinPool$WorkQueue.topLevelExec;java/util/concurrent/ForkJoinTask.doExec;java/util/concurrent/ForkJoinTask$RunnableExecuteAction.exec;java/lang/VirtualThread$$Lambda.0x00007d902c039c78.run;java/lang/VirtualThread.runContinuation;jdk/internal/vm/Continuation.run;jdk/internal/vm/Continuation.enterSpecial;jdk/internal/vm/Continuation.enter;jdk/internal/vm/Continuation.enter0;java/lang/VirtualThread$VThreadContinuation$1.run;java/lang/VirtualThread.run;_notify_jvmti_vthread_start;SharedRuntime::notify_jvmti_vthread_start;JvmtiVTMSTransitionDisabler::VTMS_vthread_start;JvmtiEventController::thread_started;JvmtiThreadState::JvmtiThreadState;AccessInternal::PostRuntimeDispatch<G1BarrierSet::AccessBarrier<548964ul, G1BarrierSet>, (AccessInternal::BarrierType)2, 548964ul>::oop_access_barrier 2
java/lang/Thread.run;java/lang/Thread.runWith;java/util/concurrent/ThreadPoolExecutor$Worker.run;java/util/concurrent/ThreadPoolExecutor.runWorker;java/util/concurrent/FutureTask.run;java/util/concurrent/Executors$RunnableAdapter.call;java/util/concurrent/FutureTask.run;org/openjdk/jmh/runner/BenchmarkHandler$BenchmarkTask.call;org/openjdk/jmh/runner/BenchmarkHandler$BenchmarkTask.call;java/lang/reflect/Method.invoke;jdk/internal/reflect/DirectMethodHandleAccessor.invoke;jdk/internal/reflect/DirectMethodHandleAccessor.invokeImpl;java/lang/invoke/LambdaForm$MH.0x00007d902c02e800.invokeExact_MT;java/lang/invoke/LambdaForm$MH.0x00007d902c02e400.invoke;java/lang/invoke/DirectMethodHandle$Holder.invokeSpecial;uk/ac/ncl/jensen/benchmark/jmh_generated/VThreadChurnBenchmark_churn_jmhTest.churn_AverageTime;uk/ac/ncl/jensen/benchmark/jmh_generated/VThreadChurnBenchmark_churn_jmhTest.churn_avgt_jmhStub;uk/ac/ncl/jensen/benchmark/VThreadChurnBenchmark.churn;java/lang/ThreadBuilders$VirtualThreadBuilder.start;java/lang/VirtualThread.start;java/lang/VirtualThread.start;jdk/internal/vm/ThreadContainers$RootContainer$TrackingRootContainer.onStart;java/util/concurrent/ConcurrentHashMap$KeySetView.add;java/util/concurrent/ConcurrentHashMap.putVal;java/util/concurrent/ConcurrentHashMap.addCount 18
java/util/concurrent/ForkJoinWorkerThread.run;java/util/concurrent/ForkJoinPool.runWorker;java/util/concurrent/ForkJoinPool.scan;java/util/concurrent/ForkJoinPool$WorkQueue.topLevelExec;java/util/concurrent/ForkJoinTask.doExec;java/util/concurrent/ForkJoinTask$RunnableExecuteAction.exec;java/lang/VirtualThread$$Lambda.0x00007d902c039c78.run;java/lang/VirtualThread.runContinuation;java/lang/VirtualThread.mount;_notify_jvmti_vthread_mount;SharedRuntime::notify_jvmti_vthread_mount;JvmtiVTMSTransitionDisabler::start_VTMS_transition;JavaThread::set_is_in_VTMS_transition 1
java/util/concurrent/ForkJoinWorkerThread.run;java/util/concurrent/ForkJoinPool.runWorker;java/util/concurrent/ForkJoinPool.scan;java/util/concurrent/ForkJoinPool.signalWork;java/util/concurrent/locks/LockSupport.unpark;jdk/internal/misc/Unsafe.unpark 2
java/util/concurrent/ForkJoinWorkerThread.run;java/util/concurrent/ForkJoinPool.runWorker;java/util/concurrent/ForkJoinPool.awaitWork;java/util/concurrent/locks/LockSupport.park;jdk/internal/misc/Unsafe.park;Unsafe_Park;Parker::park;__pthread_mutex_unlock;/usr/lib/x86_64-linux-gnu/libc.so.6 1
java/lang/Thread.run;java/lang/Thread.runWith;java/util/concurrent/ThreadPoolExecutor$Worker.run;java/util/concurrent/ThreadPoolExecutor.runWorker;java/util/concurrent/FutureTask.run;java/util/concurrent/Executors$RunnableAdapter.call;java/util/concurrent/FutureTask.run;org/openjdk/jmh/runner/BenchmarkHandler$BenchmarkTask.call;org/openjdk/jmh/runner/BenchmarkHandler$BenchmarkTask.call;java/lang/reflect/Method.invoke;jdk/internal/reflect/DirectMethodHandleAccessor.invoke;jdk/internal/reflect/DirectMethodHandleAccessor.invokeImpl;java/lang/invoke/LambdaForm$MH.0x00007d902c02e800.invokeExact_MT;java/lang/invoke/LambdaForm$MH.0x00007d902c02e400.invoke;java/lang/invoke/DirectMethodHandle$Holder.invokeSpecial;uk/ac/ncl/jensen/benchmark/jmh_generated/VThreadChurnBenchmark_churn_jmhTest.churn_AverageTime;uk/ac/ncl/jensen/benchmark/jmh_generated/VThreadChurnBenchmark_churn_jmhTest.churn_avgt_jmhStub;uk/ac/ncl/jensen/benchmark/VThreadChurnBenchmark.churn;java/lang/ThreadBuilders$VirtualThreadBuilder.start;java/lang/VirtualThread.start;java/lang/VirtualThread.start;jdk/internal/vm/ThreadContainers$RootContainer$TrackingRootContainer.onStart;java/util/concurrent/ConcurrentHashMap$KeySetView.add;java/util/concurrent/ConcurrentHashMap.putVal 1
java/util/concurrent/ForkJoinWorkerThread.run;java/util/concurrent/ForkJoinPool.runWorker;java/util/concurrent/ForkJoinPool.scan;java/util/concurrent/ForkJoinPool$WorkQueue.topLevelExec;java/util/concurrent/ForkJoinTask.doExec;java/util/concurrent/ForkJoinTask$RunnableExecuteAction.exec;java/lang/VirtualThread$$Lambda.0x00007d902c039c78.run;java/lang/VirtualThread.runContinuation;jdk/internal/vm/Continuation.run;jdk/internal/vm/Continuation.enterSpecial;jdk/internal/vm/Continuation.enter;jdk/internal/vm/Continuation.enter0;java/lang/VirtualThread$VThreadContinuation$1.run;java/lang/VirtualThread.run;_notify_jvmti_vthread_end;SharedRuntime::notify_jvmti_vthread_end;JvmtiVTMSTransitionDisabler::VTMS_vthread_end;JvmtiExport::cleanup_thread;JvmtiEventController::thread_ended;JvmtiThreadState::~JvmtiThreadState;__tls_get_addr 2
java/util/concurrent/ForkJoinWorkerThread.run;java/util/concurrent/ForkJoinPool.runWorker;java/util/concurrent/ForkJoinPool.awaitWork;java/util/concurrent/locks/LockSupport.park;jdk/internal/misc/Unsafe.park;Unsafe_Park;JavaThreadParkedState::JavaThreadParkedState;JavaThread::threadObj 1
java/util/concurrent/ForkJoinWorkerThread.run;java/util/concurrent/ForkJoinPool.runWorker;java/util/concurrent/ForkJoinPool.scan 1
java/lang/Thread.run;java/lang/Thread.runWith;java/util/concurrent/ThreadPoolExecutor$Worker.run;java/util/concurrent/ThreadPoolExecutor.runWorker;java/util/concurrent/FutureTask.run;java/util/concurrent/Executors$RunnableAdapter.call;java/util/concurrent/FutureTask.run;org/openjdk/jmh/runner/BenchmarkHandler$BenchmarkTask.call;org/openjdk/jmh/runner/BenchmarkHandler$BenchmarkTask.call;java/lang/reflect/Method.invoke;jdk/internal/reflect/DirectMethodHandleAccessor.invoke;jdk/internal/reflect/DirectMethodHandleAccessor.invokeImpl;java/lang/invoke/LambdaForm$MH.0x00007d902c02e800.invokeExact_MT;java/lang/invoke/LambdaForm$MH.0x00007d902c02e400.invoke;java/lang/invoke/DirectMethodHandle$Holder.invokeSpecial;uk/ac/ncl/jensen/benchmark/jmh_generated/VThreadChurnBenchmark_churn_jmhTest.churn_AverageTime;uk/ac/ncl/jensen/benchmark/jmh_generated/VThreadChurnBenchmark_churn_jmhTest.churn_avgt_jmhStub;uk/ac/ncl/jensen/benchmark/VThreadChurnBenchmark.churn;java/lang/ThreadBuilders$VirtualThreadBuilder.start;java/lang/ThreadBuilders$VirtualThreadBuilder.unstarted;java/lang/ThreadBuilders.newVirtualThread;java/lang/VirtualThread.<init>;java/lang/BaseVirtualThread.<init>;java/lang/Thread.<init> 31
java/lang/Thread.run;java/lang/Thread.runWith;java/util/concurrent/ThreadPoolExecutor$Worker.run;java/util/concurrent/ThreadPoolExecutor.runWorker;java/util/concurrent/FutureTask.run;java/util/concurrent/Executors$RunnableAdapter.call;java/util/concurrent/FutureTask.run;org/openjdk/jmh/runner/BenchmarkHandler$BenchmarkTask.call;org/openjdk/jmh/runner/BenchmarkHandler$BenchmarkTask.call;java/lang/reflect/Method.invoke;jdk/internal/reflect/DirectMethodHandleAccessor.invoke;jdk/internal/reflect/DirectMethodHandleAccessor.invokeImpl;java/lang/invoke/LambdaForm$MH.0x00007d902c02e800.invokeExact_MT;java/lang/invoke/LambdaForm$MH.0x00007d902c02e400.invoke;java/lang/invoke/DirectMethodHandle$Holder.invokeSpecial;uk/ac/ncl/jensen/benchmark/jmh_generated/VThreadChurnBenchmark_churn_jmhTest.churn_AverageTime;uk/ac/ncl/jensen/benchmark/jmh_generated/VThreadChurnBenchmark_churn_jmhTest.churn_avgt_jmhStub;uk/ac/ncl/jensen/benchmark/VThreadChurnBenchmark.churn;java/lang/ThreadBuilders$VirtualThreadBuilder.start;java/lang/ThreadBuilders$VirtualThreadBuilder.unstarted;java/lang/ThreadBuilders.newVirtualThread;java/lang/VirtualThread.<init>;java/lang/BaseVirtualThread.<init>;java/lang/Thread.<init>;java/lang/Thread.contextClassLoader;java/lang/Thread.getContextClassLoader 1
java/util/concurrent/ForkJoinWorkerThread.run;java/util/concurrent/ForkJoinPool.runWorker;java/util/concurrent/ForkJoinPool.scan;java/util/concurrent/ForkJoinPool$WorkQueue.topLevelExec;java/util/concurrent/ForkJoinTask.doExec;java/util/concurrent/ForkJoinTask$RunnableExecuteAction.exec;java/lang/VirtualThread$$Lambda.0x00007d902c039c78.run;java/lang/VirtualThread.runContinuation;java/lang/VirtualThread.mount;_notify_jvmti_vthread_mount;SharedRuntime::notify_jvmti_vthread_mount;JvmtiVTMSTransitionDisabler::VTMS_vthread_mount 1
java/util/concurrent/ForkJoinWorkerThread.run;java/util/concurrent/ForkJoinPool.runWorker;java/util/concurrent/ForkJoinPool.scan;java/util/concurrent/ForkJoinPool.signalWork;java/util/concurrent/locks/LockSupport.unpark;jdk/internal/misc/Unsafe.unpark;Unsafe_Unpark;ThreadInVMfromNative::ThreadInVMfromNative 2
java/util/concurrent/ForkJoinWorkerThread.run;java/util/concurrent/ForkJoinPool.runWorker;java/util/concurrent/ForkJoinPool.scan;java/util/concurrent/ForkJoinPool$WorkQueue.topLevelExec;java/util/concurrent/ForkJoinTask.doExec;java/util/concurrent/ForkJoinTask$RunnableExecuteAction.exec;java/lang/VirtualThread$$Lambda.0x00007d902c039c78.run;java/lang/VirtualThread.runContinuation 1
java/util/concurrent/ForkJoinWorkerThread.run;java/util/concurrent/ForkJoinPool.runWorker;java/util/concurrent/ForkJoinPool.scan;java/util/concurrent/ForkJoinPool$WorkQueue.topLevelExec;java/util/concurrent/ForkJoinTask.doExec;java/util/concurrent/ForkJoinTask$RunnableExecuteAction.exec;java/lang/VirtualThread$$Lambda.0x00007d902c039c78.run;java/lang/VirtualThread.runContinuation;jdk/internal/vm/Continuation.run;jdk/internal/vm/Continuation.mount;jdk/internal/vm/Continuation.compareAndSetMounted;jdk/internal/misc/Unsafe.compareAndSetBoolean 46
/usr/lib/x86_64-linux-gnu/libc.so.6;/usr/lib/x86_64-linux-gnu/libc.so.6;thread_native_entry;Thread::call_run;WorkerThread::run;G1EvacuateRegionsBaseTask::work;G1RemSet::scan_collection_set_code_roots;G1CollectedHeap::par_iterate_regions_array;G1ScanCodeRootsClosure::do_heap_region;G1CodeRootSet::nmethods_do;G1ScanAndCountCodeBlobClosure::do_code_blob;G1CodeBlobClosure::do_code_blob;nmethod::oops_do_process_weak;nmethod::fix_oop_relocations 1
java/util/concurrent/ForkJoinWorkerThread.run;java/util/concurrent/ForkJoinPool.runWorker;java/util/concurrent/ForkJoinPool.scan;java/util/concurrent/ForkJoinPool$WorkQueue.topLevelExec;java/util/concurrent/ForkJoinTask.doExec;java/util/concurrent/ForkJoinTask$RunnableExecuteAction.exec;java/lang/VirtualThread$$Lambda.0x00007d902c039c78.run;java/lang/VirtualThread.runContinuation;jdk/internal/vm/Continuation.run;jdk/internal/vm/Continuation.enterSpecial;jdk/internal/vm/Continuation.enter;jdk/internal/vm/Continuation.enter0;java/lang/VirtualThread$VThreadContinuation$1.run;java/lang/VirtualThread.run;_notify_jvmti_vthread_start;SharedRuntime::notify_jvmti_vthread_start;JvmtiVTMSTransitionDisabler::VTMS_vthread_start;JvmtiVTMSTransitionDisabler::VTMS_mount_end;Mutex::lock;ThreadBlockInVMPreprocess<InFlightMutexRelease>::~ThreadBlockInVMPreprocess 1
java/util/concurrent/ForkJoinWorkerThread.run;java/util/concurrent/ForkJoinPool.runWorker;java/util/concurrent/ForkJoinPool.scan;java/util/concurrent/ForkJoinPool$WorkQueue.topLevelExec;java/util/concurrent/ForkJoinTask.doExec;java/util/concurrent/ForkJoinTask$RunnableExecuteAction.exec;java/lang/VirtualThread$$Lambda.0x00007d902c039c78.run;java/lang/VirtualThread.runContinuation;jdk/internal/vm/Continuation.run;jdk/internal/vm/Continuation.enterSpecial;jdk/internal/vm/Continuation.enter;jdk/internal/vm/Continuation.enter0;java/lang/VirtualThread$VThreadContinuation$1.run;java/lang/VirtualThread.run;_notify_jvmti_vthread_end;SharedRuntime::notify_jvmti_vthread_end 9
java/util/concurrent/ForkJoinWorkerThread.run;java/util/concurrent/ForkJoinPool.runWorker;java/util/concurrent/ForkJoinPool.scan;java/util/concurrent/ForkJoinPool.signalWork;java/util/concurrent/locks/LockSupport.unpark;jdk/internal/misc/Unsafe.unpark;Unsafe_Unpark;FastThreadsListHandle::FastThreadsListHandle 5
java/util/concurrent/ForkJoinWorkerThread.run;java/util/concurrent/ForkJoinPool.runWorker;java/util/concurrent/ForkJoinPool.scan;java/util/concurrent/ForkJoinPool$WorkQueue.topLevelExec;java/util/concurrent/ForkJoinTask.doExec;java/util/concurrent/ForkJoinTask$RunnableExecuteAction.exec;java/lang/VirtualThread$$Lambda.0x00007d902c039c78.run;java/lang/VirtualThread.runContinuation;jdk/internal/vm/Continuation.run;jdk/internal/vm/Continuation.enterSpecial;jdk/internal/vm/Continuation.enter;jdk/internal/vm/Continuation.enter0;java/lang/VirtualThread$VThreadContinuation$1.run;java/lang/VirtualThread.run 1
java/util/concurrent/ForkJoinWorkerThread.run;java/util/concurrent/ForkJoinPool.runWorker;java/util/concurrent/ForkJoinPool.scan;java/util/concurrent/ForkJoinPool$WorkQueue.topLevelExec;java/util/concurrent/ForkJoinTask.doExec;java/util/concurrent/ForkJoinTask$RunnableExecuteAction.exec;java/lang/VirtualThread$$Lambda.0x00007d902c039c78.run;java/lang/VirtualThread.runContinuation;jdk/internal/vm/Continuation.run;jdk/internal/vm/Continuation.enterSpecial;jdk/internal/vm/Continuation.enter;jdk/internal/vm/Continuation.enter0;java/lang/VirtualThread$VThreadContinuation$1.run;java/lang/VirtualThread.run;_notify_jvmti_vthread_start;SharedRuntime::notify_jvmti_vthread_start;JvmtiVTMSTransitionDisabler::VTMS_vthread_start;JvmtiEventController::thread_started;JvmtiThreadState::JvmtiThreadState;AccessInternal::PostRuntimeDispatch<G1BarrierSet::AccessBarrier<548964ul, G1BarrierSet>, (AccessInternal::BarrierType)0, 548964ul>::oop_access_barrier 2
java/util/concurrent/ForkJoinWorkerThread.run;java/util/concurrent/ForkJoinPool.runWorker;java/util/concurrent/ForkJoinPool.scan;java/util/concurrent/ForkJoinPool$WorkQueue.topLevelExec;java/util/concurrent/ForkJoinTask.doExec;java/util/concurrent/ForkJoinTask$RunnableExecuteAction.exec;java/lang/VirtualThread$$Lambda.0x00007d902c039c78.run;java/lang/VirtualThread.runContinuation;jdk/internal/vm/Continuation.run;java/lang/System$2.setScopedValueCache 118
java/util/concurrent/ForkJoinWorkerThread.run;java/util/concurrent/ForkJoinPool.runWorker;java/util/concurrent/ForkJoinPool.scan;java/util/concurrent/ForkJoinPool$WorkQueue.topLevelExec;java/util/concurrent/ForkJoinTask.doExec;java/util/concurrent/ForkJoinTask$RunnableExecuteAction.exec;java/lang/VirtualThread$$Lambda.0x00007d902c039c78.run;java/lang/VirtualThread.runContinuation;jdk/internal/vm/Continuation.run;jdk/internal/vm/Continuation.enterSpecial;jdk/internal/vm/Continuation.enter;jdk/internal/vm/Continuation.enter0;java/lang/VirtualThread$VThreadContinuation$1.run;java/lang/VirtualThread.run;_notify_jvmti_vthread_start;SharedRuntime::notify_jvmti_vthread_start;JvmtiVTMSTransitionDisabler::VTMS_vthread_start;JvmtiEventController::thread_started;Mutex::lock;JavaThread::is_active_Java_thread 3
java/util/concurrent/ForkJoinWorkerThread.run;java/util/concurrent/ForkJoinPool.runWorker;java/util/concurrent/ForkJoinPool.scan;java/util/concurrent/ForkJoinPool$WorkQueue.topLevelExec;java/util/concurrent/ForkJoinTask.doExec;java/util/concurrent/ForkJoinTask$RunnableExecuteAction.exec;java/lang/VirtualThread$$Lambda.0x00007d902c039c78.run;java/lang/VirtualThread.runContinuation;jdk/internal/vm/Continuation.run;jdk/internal/vm/Continuation.enterSpecial;jdk/internal/vm/Continuation.enter;jdk/internal/vm/Continuation.enter0;java/lang/VirtualThread$VThreadContinuation$1.run;java/lang/VirtualThread.run;_notify_jvmti_vthread_end;SharedRuntime::notify_jvmti_vthread_end;JvmtiVTMSTransitionDisabler::VTMS_vthread_end;JavaThread::threadObj 1
java/lang/Thread.run;java/lang/Thread.runWith;java/util/concurrent/ThreadPoolExecutor$Worker.run;java/util/concurrent/ThreadPoolExecutor.runWorker;java/util/concurrent/FutureTask.run;java/util/concurrent/Executors$RunnableAdapter.call;java/util/concurrent/FutureTask.run;org/openjdk/jmh/runner/BenchmarkHandler$BenchmarkTask.call;org/openjdk/jmh/runner/BenchmarkHandler$BenchmarkTask.call;java/lang/reflect/Method.invoke;jdk/internal/reflect/DirectMethodHandleAccessor.invoke;jdk/internal/reflect/DirectMethodHandleAccessor.invokeImpl;java/lang/invoke/LambdaForm$MH.0x00007d902c02e800.invokeExact_MT;java/lang/invoke/LambdaForm$MH.0x00007d902c02e400.invoke;java/lang/invoke/DirectMethodHandle$Holder.invokeSpecial;uk/ac/ncl/jensen/benchmark/jmh_generated/VThreadChurnBenchmark_churn_jmhTest.churn_AverageTime;uk/ac/ncl/jensen/benchmark/jmh_generated/VThreadChurnBenchmark_churn_jmhTest.churn_avgt_jmhStub;uk/ac/ncl/jensen/benchmark/VThreadChurnBenchmark.churn;java/lang/ThreadBuilders$VirtualThreadBuilder.start;java/lang/VirtualThread.start;java/lang/VirtualThread.start;jdk/internal/vm/ThreadContainers$RootContainer$TrackingRootContainer.onStart;java/util/concurrent/ConcurrentHashMap$KeySetView.add;java/util/concurrent/ConcurrentHashMap.putVal;java/lang/VirtualThread.hashCode 2
java/util/concurrent/ForkJoinWorkerThread.run;java/util/concurrent/ForkJoinPool.runWorker;java/util/concurrent/ForkJoinPool.scan 2
java/util/concurrent/ForkJoinWorkerThread.run;java/util/concurrent/ForkJoinPool.runWorker;java/util/concurrent/ForkJoinPool.awaitWork 2
java/util/concurrent/ForkJoinWorkerThread.run;java/util/concurrent/ForkJoinPool.runWorker;java/util/concurrent/ForkJoinPool.scan;java/util/concurrent/ForkJoinPool$WorkQueue.topLevelExec;java/util/concurrent/ForkJoinTask.doExec;java/util/concurrent/ForkJoinTask$RunnableExecuteAction.exec;java/lang/VirtualThread$$Lambda.0x00007d902c039c78.run;java/lang/VirtualThread.runContinuation;jdk/internal/vm/Continuation.run;jdk/internal/vm/Continuation.enterSpecial;jdk/internal/vm/Continuation.enter;jdk/internal/vm/Continuation.enter0;java/lang/VirtualThread$VThreadContinuation$1.run;java/lang/VirtualThread.run;_notify_jvmti_vthread_start;SharedRuntime::notify_jvmti_vthread_start;JvmtiVTMSTransitionDisabler::VTMS_vthread_start;JvmtiEventController::thread_started;Mutex::lock;ThreadBlockInVMPreprocess<InFlightMutexRelease>::~ThreadBlockInVMPreprocess 1
java/lang/Thread.run;java/lang/Thread.runWith;java/util/concurrent/ThreadPoolExecutor$Worker.run;java/util/concurrent/ThreadPoolExecutor.runWorker;java/util/concurrent/FutureTask.run;java/util/concurrent/Executors$RunnableAdapter.call;java/util/concurrent/FutureTask.run;org/openjdk/jmh/runner/BenchmarkHandler$BenchmarkTask.call;org/openjdk/jmh/runner/BenchmarkHandler$BenchmarkTask.call;java/lang/reflect/Method.invoke;jdk/internal/reflect/DirectMethodHandleAccessor.invoke;jdk/internal/reflect/DirectMethodHandleAccessor.invokeImpl;java/lang/invoke/LambdaForm$MH.0x00007d902c02e800.invokeExact_MT;java/lang/invoke/LambdaForm$MH.0x00007d902c02e400.invoke;java/lang/invoke/DirectMethodHandle$Holder.invokeSpecial;uk/ac/ncl/jensen/benchmark/jmh_generated/VThreadChurnBenchmark_churn_jmhTest.churn_AverageTime;uk/ac/ncl/jensen/benchmark/jmh_generated/VThreadChurnBenchmark_churn_jmhTest.churn_avgt_jmhStub;uk/ac/ncl/jensen/benchmark/VThreadChurnBenchmark.churn;java/lang/ThreadBuilders$VirtualThreadBuilder.start;java/lang/VirtualThread.start;java/lang/VirtualThread.start;jdk/internal/misc/Unsafe.allocateMemory;jdk/internal/misc/Unsafe.allocateMemory0;Unsafe_AllocateMemory0;os::malloc 1
java/util/concurrent/ForkJoinWorkerThread.run;java/util/concurrent/ForkJoinPool.runWorker;java/util/concurrent/ForkJoinPool.scan;java/util/concurrent/ForkJoinPool$WorkQueue.topLevelExec;java/util/concurrent/ForkJoinTask.doExec;java/util/concurrent/ForkJoinTask$RunnableExecuteAction.exec;java/lang/VirtualThread$$Lambda.0x00007d902c039c78.run;java/lang/VirtualThread.runContinuation;jdk/internal/vm/Continuation.run;jdk/internal/vm/Continuation.enterSpecial;jdk/internal/vm/Continuation.enter;jdk/internal/vm/Continuation.enter0;java/lang/VirtualThread$VThreadContinuation$1.run;java/lang/VirtualThread.run;_notify_jvmti_vthread_start;SharedRuntime::notify_jvmti_vthread_start;JvmtiVTMSTransitionDisabler::VTMS_vthread_start;JvmtiVTMSTransitionDisabler::VTMS_mount_end;JavaThread::rebind_to_jvmti_thread_state_of 1
java/util/concurrent/ForkJoinWorkerThread.run;java/util/concurrent/ForkJoinPool.runWorker;java/util/concurrent/ForkJoinPool.awaitWork;InterpreterRuntime::frequency_counter_overflow;InterpreterRuntime::frequency_counter_overflow_inner 1
java/util/concurrent/ForkJoinWorkerThread.run;java/util/concurrent/ForkJoinPool.runWorker;java/util/concurrent/ForkJoinPool.scan;java/util/concurrent/ForkJoinPool$WorkQueue.topLevelExec;java/util/concurrent/ForkJoinTask.doExec;java/util/concurrent/ForkJoinTask$RunnableExecuteAction.exec;java/lang/VirtualThread$$Lambda.0x00007d902c039c78.run;java/lang/VirtualThread.runContinuation;java/lang/VirtualThread.afterDone;java/lang/VirtualThread.afterDone;jdk/internal/misc/Unsafe.freeMemory;jdk/internal/misc/Unsafe.freeMemory0;Unsafe_FreeMemory0;os::free 1
java/lang/Thread.run;java/lang/Thread.runWith;java/util/concurrent/ThreadPoolExecutor$Worker.run;java/util/concurrent/ThreadPoolExecutor.runWorker;java/util/concurrent/FutureTask.run;java/util/concurrent/Executors$RunnableAdapter.call;java/util/concurrent/FutureTask.run;org/openjdk/jmh/runner/BenchmarkHandler$BenchmarkTask.call;org/openjdk/jmh/runner/BenchmarkHandler$BenchmarkTask.call;java/lang/reflect/Method.invoke;jdk/internal/reflect/DirectMethodHandleAccessor.invoke;jdk/internal/reflect/DirectMethodHandleAccessor.invokeImpl;java/lang/invoke/LambdaForm$MH.0x00007d902c02e800.invokeExact_MT;java/lang/invoke/LambdaForm$MH.0x00007d902c02e400.invoke;java/lang/invoke/DirectMethodHandle$Holder.invokeSpecial;uk/ac/ncl/jensen/benchmark/jmh_generated/VThreadChurnBenchmark_churn_jmhTest.churn_AverageTime;uk/ac/ncl/jensen/benchmark/jmh_generated/VThreadChurnBenchmark_churn_jmhTest.churn_avgt_jmhStub;uk/ac/ncl/jensen/benchmark/VThreadChurnBenchmark.churn;java/lang/ThreadBuilders$VirtualThreadBuilder.start;java/lang/VirtualThread.start;java/lang/VirtualThread.start;java/lang/Thread.setThreadContainer 1
java/lang/Thread.run;java/lang/Thread.runWith;java/util/concurrent/ThreadPoolExecutor$Worker.run;java/util/concurrent/ThreadPoolExecutor.runWorker;java/util/concurrent/FutureTask.run;java/util/concurrent/Executors$RunnableAdapter.call;java/util/concurrent/FutureTask.run;org/openjdk/jmh/runner/BenchmarkHandler$BenchmarkTask.call;org/openjdk/jmh/runner/BenchmarkHandler$BenchmarkTask.call;java/lang/reflect/Method.invoke;jdk/internal/reflect/DirectMethodHandleAccessor.invoke;jdk/internal/reflect/DirectMethodHandleAccessor.invokeImpl;java/lang/invoke/LambdaForm$MH.0x00007d902c02e800.invokeExact_MT;java/lang/invoke/LambdaForm$MH.0x00007d902c02e400.invoke;java/lang/invoke/DirectMethodHandle$Holder.invokeSpecial;uk/ac/ncl/jensen/benchmark/jmh_generated/VThreadChurnBenchmark_churn_jmhTest.churn_AverageTime;uk/ac/ncl/jensen/benchmark/jmh_generated/VThreadChurnBenchmark_churn_jmhTest.churn_avgt_jmhStub;uk/ac/ncl/jensen/benchmark/VThreadChurnBenchmark.churn;java/lang/Thread.join;java/lang/Thread.join;java/lang/VirtualThread.joinNanos;java/util/concurrent/CountDownLatch.await;java/util/concurrent/locks/AbstractQueuedSynchronizer.acquireSharedInterruptibly;java/util/concurrent/locks/AbstractQueuedSynchronizer.acquire;java/util/concurrent/locks/LockSupport.park;jdk/internal/misc/Unsafe.park;Unsafe_Park;Parker::park 3
java/util/concurrent/ForkJoinWorkerThread.run;java/util/concurrent/ForkJoinPool.runWorker;java/util/concurrent/ForkJoinPool.awaitWork;java/util/concurrent/locks/LockSupport.park;jdk/internal/misc/Unsafe.park;Unsafe_Park;Parker::park;pthread_cond_wait;/usr/lib/x86_64-linux-gnu/libc.so.6 6
java/util/concurrent/ForkJoinWorkerThread.run;java/util/concurrent/ForkJoinPool.runWorker;java/util/concurrent/ForkJoinPool.scan 2
java/util/concurrent/ForkJoinWorkerThread.run;java/util/concurrent/ForkJoinPool.runWorker;java/util/concurrent/ForkJoinPool.scan;java/util/concurrent/ForkJoinPool$WorkQueue.topLevelExec;java/util/concurrent/ForkJoinTask.doExec;java/util/concurrent/ForkJoinTask$RunnableExecuteAction.exec;java/lang/VirtualThread$$Lambda.0x00007d902c039c78.run;java/lang/VirtualThread.runContinuation;jdk/internal/vm/Continuation.run 1
java/util/concurrent/ForkJoinWorkerThread.run;java/util/concurrent/ForkJoinPool.runWorker;java/util/concurrent/ForkJoinPool.scan;java/util/concurrent/ForkJoinPool$WorkQueue.topLevelExec;java/util/concurrent/ForkJoinTask.doExec;java/util/concurrent/ForkJoinTask$RunnableExecuteAction.exec;java/lang/VirtualThread$$Lambda.0x00007d902c039c78.run;java/lang/VirtualThread.runContinuation;jdk/internal/vm/Continuation.run;jdk/internal/vm/Continuation.enterSpecial;jdk/internal/vm/Continuation.enter;jdk/internal/vm/Continuation.enter0;java/lang/VirtualThread$VThreadContinuation$1.run;java/lang/VirtualThread.run;_notify_jvmti_vthread_start;SharedRuntime::notify_jvmti_vthread_start;JvmtiVTMSTransitionDisabler::VTMS_vthread_start;JvmtiEventController::thread_started;Mutex::lock;pthread_mutex_lock 1
java/util/concurrent/ForkJoinWorkerThread.run;java/util/concurrent/ForkJoinPool.runWorker;java/util/concurrent/ForkJoinPool.scan;java/util/concurrent/ForkJoinPool$WorkQueue.topLevelExec;java/util/concurrent/ForkJoinTask.doExec;java/util/concurrent/ForkJoinTask$RunnableExecuteAction.exec;java/lang/VirtualThread$$Lambda.0x00007d902c039c78.run;java/lang/VirtualThread.runContinuation;jdk/internal/vm/Continuation.run;jdk/internal/vm/Continuation.enterSpecial;jdk/internal/vm/Continuation.enter;jdk/internal/vm/Continuation.enter0;java/lang/VirtualThread$VThreadContinuation$1.run;java/lang/VirtualThread.run;_notify_jvmti_vthread_start;SharedRuntime::notify_jvmti_vthread_start;JvmtiVTMSTransitionDisabler::VTMS_vthread_start;JvmtiVTMSTransitionDisabler::VTMS_mount_end;Mutex::lock;pthread_mutex_trylock 4
java/util/concurrent/ForkJoinWorkerThread.run;java/util/concurrent/ForkJoinPool.runWorker;java/util/concurrent/ForkJoinPool.scan;java/util/concurrent/ForkJoinPool$WorkQueue.topLevelExec;java/util/concurrent/ForkJoinTask.doExec;java/util/concurrent/ForkJoinTask$RunnableExecuteAction.exec;java/lang/VirtualThread$$Lambda.0x00007d902c039c78.run;java/lang/VirtualThread.runContinuation;jdk/internal/vm/Continuation.run;jdk/internal/vm/Continuation.enterSpecial;jdk/internal/vm/Continuation.enter;jdk/internal/vm/Continuation.enter0;java/lang/VirtualThread$VThreadContinuation$1.run;java/lang/VirtualThread.run;_notify_jvmti_vthread_start;SharedRuntime::notify_jvmti_vthread_start;JvmtiVTMSTransitionDisabler::VTMS_vthread_start;JvmtiEventController::thread_started;Mutex::lock;pthread_mutex_lock;/usr/lib/x86_64-linux-gnu/libc.so.6 68
java/util/concurrent/ForkJoinWorkerThread.run;java/util/concurrent/ForkJoinPool.runWorker;java/util/concurrent/ForkJoinPool.scan;java/util/concurrent/ForkJoinPool$WorkQueue.topLevelExec;java/util/concurrent/ForkJoinPool$WorkQueue.tryPoll 1
java/util/concurrent/ForkJoinWorkerThread.run;java/util/concurrent/ForkJoinPool.runWorker;java/util/concurrent/ForkJoinPool.scan 8
java/util/concurrent/ForkJoinWorkerThread.run;java/util/concurrent/ForkJoinPool.runWorker;java/util/concurrent/ForkJoinPool.scan;java/util/concurrent/ForkJoinPool$WorkQueue.topLevelExec;java/util/concurrent/ForkJoinTask.doExec;java/util/concurrent/ForkJoinTask$RunnableExecuteAction.exec;java/lang/VirtualThread$$Lambda.0x00007d902c039c78.run;java/lang/VirtualThread.runContinuation;jdk/internal/vm/Continuation.run;jdk/internal/vm/Continuation.enterSpecial;jdk/internal/vm/Continuation.enter;jdk/internal/vm/Continuation.enter0;java/lang/VirtualThread$VThreadContinuation$1.run;java/lang/VirtualThread.run;_notify_jvmti_vthread_start;SharedRuntime::notify_jvmti_vthread_start;JvmtiVTMSTransitionDisabler::VTMS_vthread_start;JvmtiEventController::thread_started;Mutex::lock;pthread_mutex_lock 85
java/lang/Thread.run;java/lang/Thread.runWith;java/util/concurrent/ThreadPoolExecutor$Worker.run;java/util/concurrent/ThreadPoolExecutor.runWorker;java/util/concurrent/FutureTask.run;java/util/concurrent/Executors$RunnableAdapter.call;java/util/concurrent/FutureTask.run;org/openjdk/jmh/runner/BenchmarkHandler$BenchmarkTask.call;org/openjdk/jmh/runner/BenchmarkHandler$BenchmarkTask.call;java/lang/reflect/Method.invoke;jdk/internal/reflect/DirectMethodHandleAccessor.invoke;jdk/internal/reflect/DirectMethodHandleAccessor.invokeImpl;java/lang/invoke/LambdaForm$MH.0x00007d902c02e800.invokeExact_MT;java/lang/invoke/LambdaForm$MH.0x00007d902c02e400.invoke;java/lang/invoke/DirectMethodHandle$Holder.invokeSpecial;uk/ac/ncl/jensen/benchmark/jmh_generated/VThreadChurnBenchmark_churn_jmhTest.churn_AverageTime;uk/ac/ncl/jensen/benchmark/jmh_generated/VThreadChurnBenchmark_churn_jmhTest.churn_avgt_jmhStub;uk/ac/ncl/jensen/benchmark/VThreadChurnBenchmark.churn;java/lang/ThreadBuilders$VirtualThreadBuilder.start;java/lang/ThreadBuilders$VirtualThreadBuilder.unstarted;java/lang/ThreadBuilders.newVirtualThread;java/lang/VirtualThread.<init> 1
java/util/concurrent/ForkJoinWorkerThread.run;java/util/concurrent/ForkJoinPool.runWorker;java/util/concurrent/ForkJoinPool.scan;java/util/concurrent/ForkJoinPool$WorkQueue.topLevelExec;java/util/concurrent/ForkJoinTask.doExec;java/util/concurrent/ForkJoinTask$RunnableExecuteAction.exec;java/lang/VirtualThread$$Lambda.0x00007d902c039c78.run;java/lang/VirtualThread.runContinuation;java/lang/VirtualThread.unmount;_notify_jvmti_vthread_unmount;SharedRuntime::notify_jvmti_vthread_unmount;JNIHandles::make_local;__tls_get_addr 1
java/util/concurrent/ForkJoinWorkerThread.run;java/util/concurrent/ForkJoinPool.runWorker;java/util/concurrent/ForkJoinPool.scan;java/util/concurrent/ForkJoinPool$WorkQueue.topLevelExec;java/util/concurrent/ForkJoinTask.doExec;java/util/concurrent/ForkJoinTask$RunnableExecuteAction.exec;java/lang/VirtualThread$$Lambda.0x00007d902c039c78.run;java/lang/VirtualThread.runContinuation;jdk/internal/vm/Continuation.run;jdk/internal/vm/Continuation.enterSpecial;jdk/internal/vm/Continuation.enter;jdk/internal/vm/Continuation.enter0;java/lang/VirtualThread$VThreadContinuation$1.run;java/lang/VirtualThread.run;_notify_jvmti_vthread_start;SharedRuntime::notify_jvmti_vthread_start;JvmtiVTMSTransitionDisabler::VTMS_vthread_start;JvmtiEventController::thread_started;JvmtiThreadState::JvmtiThreadState;OopStorage::allocate;__pthread_mutex_unlock 3
java/util/concurrent/ForkJoinWorkerThread.run;java/util/concurrent/ForkJoinPool.runWorker;java/util/concurrent/ForkJoinPool.scan;java/util/concurrent/ForkJoinPool$WorkQueue.topLevelExec;java/util/concurrent/ForkJoinTask.doExec;java/util/concurrent/ForkJoinTask$RunnableExecuteAction.exec;java/lang/VirtualThread$$Lambda.0x00007d902c039c78.run;java/lang/VirtualThread.runContinuation;java/lang/VirtualThread.unmount;_notify_jvmti_vthread_unmount;SharedRuntime::notify_jvmti_vthread_unmount;JvmtiVTMSTransitionDisabler::finish_VTMS_transition 10
java/util/concurrent/ForkJoinWorkerThread.run;java/util/concurrent/ForkJoinPool.runWorker;java/util/concurrent/ForkJoinPool.scan;java/util/concurrent/ForkJoinPool$WorkQueue.topLevelExec;java/util/concurrent/ForkJoinTask.doExec;java/util/concurrent/ForkJoinTask$RunnableExecuteAction.exec 16
java/util/concurrent/ForkJoinWorkerThread.run;java/util/concurrent/ForkJoinPool.runWorker;java/util/concurrent/ForkJoinPool.scan;java/util/concurrent/ForkJoinPool$WorkQueue.topLevelExec;java/util/concurrent/ForkJoinTask.doExec;java/util/concurrent/ForkJoinTask$RunnableExecuteAction.exec;java/lang/VirtualThread$$Lambda.0x00007d902c039c78.run;java/lang/VirtualThread.runContinuation;jdk/internal/vm/Continuation.run;jdk/internal/vm/Continuation.enterSpecial;jdk/internal/vm/Continuation.enter;jdk/internal/vm/Continuation.enter0;java/lang/VirtualThread$VThreadContinuation$1.run;java/lang/VirtualThread.run;_notify_jvmti_vthread_start;SharedRuntime::notify_jvmti_vthread_start;JvmtiVTMSTransitionDisabler::VTMS_vthread_start;JvmtiVTMSTransitionDisabler::finish_VTMS_transition;JNIHandles::resolve_external_guard 2
java/util/concurrent/ForkJoinWorkerThread.run;java/util/concurrent/ForkJoinPool.runWorker;java/util/concurrent/ForkJoinPool.scan;java/util/concurrent/ForkJoinPool.signalWork;java/util/concurrent/locks/LockSupport.unpark;jdk/internal/misc/Unsafe.unpark;Unsafe_Unpark;pthread_cond_signal 82
java/util/concurrent/ForkJoinWorkerThread.run;java/util/concurrent/ForkJoinPool.runWorker;java/util/concurrent/ForkJoinPool.scan;java/util/concurrent/ForkJoinPool$WorkQueue.topLevelExec;java/util/concurrent/ForkJoinTask.doExec;java/util/concurrent/ForkJoinTask$RunnableExecuteAction.exec;java/lang/VirtualThread$$Lambda.0x00007d902c039c78.run;java/lang/VirtualThread.runContinuation;jdk/internal/vm/Continuation.run;jdk/internal/vm/Continuation.enterSpecial;jdk/internal/vm/Continuation.enter;jdk/internal/vm/Continuation.enter0;java/lang/VirtualThread$VThreadContinuation$1.run;java/lang/VirtualThread.run;_notify_jvmti_vthread_start;SharedRuntime::notify_jvmti_vthread_start;JvmtiVTMSTransitionDisabler::VTMS_vthread_start;JvmtiEventController::thread_started;Mutex::lock;__tls_get_addr@plt 1
java/util/concurrent/ForkJoinWorkerThread.run;java/util/concurrent/ForkJoinPool.runWorker;java/util/concurrent/ForkJoinPool.scan;java/util/concurrent/ForkJoinPool$WorkQueue.topLevelExec;java/util/concurrent/ForkJoinTask.doExec;java/util/concurrent/ForkJoinTask$RunnableExecuteAction.exec;java/lang/VirtualThread$$Lambda.0x00007d902c039c78.run;java/lang/VirtualThread.runContinuation;jdk/internal/vm/Continuation.run;jdk/internal/vm/Continuation.enterSpecial;jdk/internal/vm/Continuation.enter;jdk/internal/vm/Continuation.enter0;java/lang/VirtualThread$VThreadContinuation$1.run;java/lang/VirtualThread.run;_notify_jvmti_vthread_start;SharedRuntime::notify_jvmti_vthread_start;JvmtiVTMSTransitionDisabler::VTMS_vthread_start;JvmtiEventController::thread_started;AllocateHeap;os::malloc;malloc 15
java/util/concurrent/ForkJoinWorkerThread.run;java/util/concurrent/ForkJoinPool.runWorker;java/util/concurrent/ForkJoinPool.scan;java/util/concurrent/ForkJoinPool$WorkQueue.topLevelExec;java/util/concurrent/ForkJoinTask.doExec;java/util/concurrent/ForkJoinTask$RunnableExecuteAction.exec;java/lang/VirtualThread$$Lambda.0x00007d902c039c78.run;java/lang/VirtualThread.runContinuation;jdk/internal/vm/Continuation.run;jdk/internal/vm/Continuation.enterSpecial;jdk/internal/vm/Continuation.enter;jdk/internal/vm/Continuation.enter0;java/lang/VirtualThread$VThreadContinuation$1.run;java/lang/VirtualThread.run;_notify_jvmti_vthread_start;SharedRuntime::notify_jvmti_vthread_start;JNIHandleBlock::allocate_handle 7
java/util/concurrent/ForkJoinWorkerThread.run;java/util/concurrent/ForkJoinPool.runWorker;java/util/concurrent/ForkJoinPool.scan;java/util/concurrent/ForkJoinPool$WorkQueue.topLevelExec;java/util/concurrent/ForkJoinTask.doExec;java/util/concurrent/ForkJoinTask$RunnableExecuteAction.exec;java/lang/VirtualThread$$Lambda.0x00007d902c039c78.run;java/lang/VirtualThread.runContinuation;jdk/internal/vm/Continuation.run;jdk/internal/vm/Continuation.enterSpecial;jdk/internal/vm/Continuation.enter;jdk/internal/vm/Continuation.enter0;java/lang/VirtualThread$VThreadContinuation$1.run;java/lang/VirtualThread.run;_notify_jvmti_vthread_start;SharedRuntime::notify_jvmti_vthread_start;JvmtiVTMSTransitionDisabler::VTMS_vthread_start;JvmtiEventController::thread_started;JvmtiEventControllerPrivate::recompute_thread_enabled;__tls_get_addr 2
java/util/concurrent/ForkJoinWorkerThread.run;java/util/concurrent/ForkJoinPool.runWorker;java/util/concurrent/ForkJoinPool.scan 4
java/util/concurrent/ForkJoinWorkerThread.run;java/util/concurrent/ForkJoinPool.runWorker;java/util/concurrent/ForkJoinPool.scan;java/util/concurrent/ForkJoinPool$WorkQueue.topLevelExec;java/util/concurrent/ForkJoinTask.doExec;java/util/concurrent/ForkJoinTask$RunnableExecuteAction.exec;java/lang/VirtualThread$$Lambda.0x00007d902c039c78.run;java/lang/VirtualThread.runContinuation;jdk/internal/vm/Continuation.run;jdk/internal/vm/Continuation.enterSpecial;jdk/internal/vm/Continuation.enter;jdk/internal/vm/Continuation.enter0;java/lang/VirtualThread$VThreadContinuation$1.run;java/lang/VirtualThread.run;_notify_jvmti_vthread_start;SharedRuntime::notify_jvmti_vthread_start;JvmtiVTMSTransitionDisabler::VTMS_vthread_start;JvmtiVTMSTransitionDisabler::VTMS_mount_end;__pthread_mutex_unlock 2
java/util/concurrent/ForkJoinWorkerThread.run;java/util/concurrent/ForkJoinPool.runWorker;java/util/concurrent/ForkJoinPool.scan;java/util/concurrent/ForkJoinPool$WorkQueue.topLevelExec;java/util/concurrent/ForkJoinTask.doExec;java/util/concurrent/ForkJoinTask$RunnableExecuteAction.exec;java/lang/VirtualThread$$Lambda.0x00007d902c039c78.run;java/lang/VirtualThread.runContinuation;java/lang/VirtualThread.afterDone;java/lang/VirtualThread.afterDone;java/util/concurrent/CountDownLatch.countDown;java/util/concurrent/locks/AbstractQueuedSynchronizer.releaseShared;java/util/concurrent/locks/AbstractQueuedSynchronizer.signalNext;java/util/concurrent/locks/LockSupport.unpark;jdk/internal/misc/Unsafe.unpark;Unsafe_Unpark;FastThreadsListHandle::FastThreadsListHandle 1
java/util/concurrent/ForkJoinWorkerThread.run;java/util/concurrent/ForkJoinPool.runWorker;java/util/concurrent/ForkJoinPool.scan;java/util/concurrent/ForkJoinPool$WorkQueue.topLevelExec;java/util/concurrent/ForkJoinPool$WorkQueue.tryPoll 9
java/util/concurrent/ForkJoinWorkerThread.run;java/util/concurrent/ForkJoinPool.runWorker;java/util/concurrent/ForkJoinPool.scan;java/util/concurrent/ForkJoinPool.signalWork;java/util/concurrent/locks/LockSupport.unpark;jdk/internal/misc/Unsafe.unpark;Unsafe_Unpark;Parker::unpark 2
java/lang/Thread.run;java/lang/Thread.runWith;java/util/concurrent/ThreadPoolExecutor$Worker.run;java/util/concurrent/ThreadPoolExecutor.runWorker;java/util/concurrent/FutureTask.run;java/util/concurrent/Executors$RunnableAdapter.call;java/util/concurrent/FutureTask.run;org/openjdk/jmh/runner/BenchmarkHandler$BenchmarkTask.call;org/openjdk/jmh/runner/BenchmarkHandler$BenchmarkTask.call;java/lang/reflect/Method.invoke;jdk/internal/reflect/DirectMethodHandleAccessor.invoke;jdk/internal/reflect/DirectMethodHandleAccessor.invokeImpl;java/lang/invoke/LambdaForm$MH.0x00007d902c02e800.invokeExact_MT;java/lang/invoke/LambdaForm$MH.0x00007d902c02e400.invoke;java/lang/invoke/DirectMethodHandle$Holder.invokeSpecial;uk/ac/ncl/jensen/benchmark/jmh_generated/VThreadChurnBenchmark_churn_jmhTest.churn_AverageTime;uk/ac/ncl/jensen/benchmark/jmh_generated/VThreadChurnBenchmark_churn_jmhTest.churn_avgt_jmhStub;uk/ac/ncl/jensen/benchmark/VThreadChurnBenchmark.churn;java/lang/ThreadBuilders$VirtualThreadBuilder.start;java/lang/VirtualThread.start;java/lang/VirtualThread.start;java/lang/VirtualThread.submitRunContinuation;java/util/concurrent/ForkJoinPool.execute;java/util/concurrent/ForkJoinPool.poolSubmit;java/util/concurrent/ForkJoinPool$WorkQueue.push;java/util/concurrent/ForkJoinPool$WorkQueue.getAndSetAccess 8
java/util/concurrent/ForkJoinWorkerThread.run;java/util/concurrent/ForkJoinPool.runWorker;java/util/concurrent/ForkJoinPool.scan;java/util/concurrent/ForkJoinPool$WorkQueue.topLevelExec;java/util/concurrent/ForkJoinTask.doExec;java/util/concurrent/ForkJoinTask$RunnableExecuteAction.exec;java/lang/VirtualThread$$Lambda.0x00007d902c039c78.run;java/lang/VirtualThread.runContinuation;jdk/internal/vm/Continuation.run;jdk/internal/vm/Continuation.enterSpecial;jdk/internal/vm/Continuation.enter;jdk/internal/vm/Continuation.enter0;java/lang/VirtualThread$VThreadContinuation$1.run;java/lang/VirtualThread.run;_notify_jvmti_vthread_start;SharedRuntime::notify_jvmti_vthread_start;JvmtiVTMSTransitionDisabler::VTMS_vthread_start;JvmtiEventController::thread_started;Mutex::lock;ThreadBlockInVMPreprocess<InFlightMutexRelease>::~ThreadBlockInVMPreprocess 25
java/util/concurrent/ForkJoinWorkerThread.run;java/util/concurrent/ForkJoinPool.runWorker;java/util/concurrent/ForkJoinPool.scan;java/util/concurrent/ForkJoinPool$WorkQueue.topLevelExec;java/util/concurrent/ForkJoinTask.doExec;java/util/concurrent/ForkJoinTask$RunnableExecuteAction.exec;java/lang/VirtualThread$$Lambda.0x00007d902c039c78.run;java/lang/VirtualThread.runContinuation;jdk/internal/vm/Continuation.run;jdk/internal/vm/Continuation.enterSpecial;jdk/internal/vm/Continuation.enter;jdk/internal/vm/Continuation.enter0;java/lang/VirtualThread$VThreadContinuation$1.run;java/lang/VirtualThread.run;_notify_jvmti_vthread_end;SharedRuntime::notify_jvmti_vthread_end;JvmtiVTMSTransitionDisabler::VTMS_vthread_end;__tls_get_addr 1
java/util/concurrent/ForkJoinWorkerThread.run;java/util/concurrent/ForkJoinPool.runWorker;java/util/concurrent/ForkJoinPool.scan;java/util/concurrent/ForkJoinPool$WorkQueue.topLevelExec;java/util/concurrent/ForkJoinTask.doExec;java/util/concurrent/ForkJoinTask$RunnableExecuteAction.exec;java/lang/VirtualThread$$Lambda.0x00007d902c039c78.run;java/lang/VirtualThread.runContinuation;jdk/internal/vm/Continuation.run;jdk/internal/vm/Continuation.enterSpecial;jdk/internal/vm/Continuation.enter;jdk/internal/vm/Continuation.enter0;java/lang/VirtualThread$VThreadContinuation$1.run;java/lang/VirtualThread.run;_notify_jvmti_vthread_start;SharedRuntime::notify_jvmti_vthread_start;JvmtiVTMSTransitionDisabler::VTMS_vthread_start;JvmtiEventController::thread_started;Mutex::lock;ThreadBlockInVMPreprocess<InFlightMutexRelease>::~ThreadBlockInVMPreprocess 9
java/util/concurrent/ForkJoinWorkerThread.run;java/util/concurrent/ForkJoinPool.runWorker;java/util/concurrent/ForkJoinPool.scan 5
java/util/concurrent/ForkJoinWorkerThread.run;java/util/concurrent/ForkJoinPool.runWorker;java/util/concurrent/ForkJoinPool.scan;java/util/concurrent/ForkJoinPool$WorkQueue.topLevelExec;java/util/concurrent/ForkJoinTask.doExec;java/util/concurrent/ForkJoinTask$RunnableExecuteAction.exec;java/lang/VirtualThread$$Lambda.0x00007d902c039c78.run;java/lang/VirtualThread.runContinuation;java/lang/VirtualThread.unmount;_notify_jvmti_vthread_unmount;SharedRuntime::notify_jvmti_vthread_unmount;JvmtiVTMSTransitionDisabler::finish_VTMS_transition 113
java/util/concurrent/ForkJoinWorkerThread.run;java/util/concurrent/ForkJoinPool.runWorker;java/util/concurrent/ForkJoinPool.scan;java/util/concurrent/ForkJoinPool$WorkQueue.topLevelExec;java/util/concurrent/ForkJoinTask.doExec;java/util/concurrent/ForkJoinTask$RunnableExecuteAction.exec;java/lang/VirtualThread$$Lambda.0x00007d902c039c78.run;java/lang/VirtualThread.runContinuation;java/lang/VirtualThread.afterDone;java/lang/VirtualThread.afterDone;jdk/internal/vm/ThreadContainers$RootContainer$TrackingRootContainer.onExit;java/util/concurrent/ConcurrentHashMap$KeySetView.remove;java/util/concurrent/ConcurrentHashMap.remove;java/util/concurrent/ConcurrentHashMap.replaceNode 35
java/util/concurrent/ForkJoinWorkerThread.run;java/util/concurrent/ForkJoinPool.runWorker;java/util/concurrent/ForkJoinPool.scan;java/util/concurrent/ForkJoinPool$WorkQueue.topLevelExec;java/util/concurrent/ForkJoinTask.doExec;java/util/concurrent/ForkJoinTask$RunnableExecuteAction.exec;java/lang/VirtualThread$$Lambda.0x00007d902c039c78.run;java/lang/VirtualThread.runContinuation;jdk/internal/vm/Continuation.run;jdk/internal/vm/Continuation.enterSpecial;jdk/internal/vm/Continuation.enter;jdk/internal/vm/Continuation.enter0;java/lang/VirtualThread$VThreadContinuation$1.run;java/lang/VirtualThread.run;_notify_jvmti_vthread_end;SharedRuntime::notify_jvmti_vthread_end;JvmtiVTMSTransitionDisabler::VTMS_vthread_end;JvmtiExport::cleanup_thread;Mutex::lock;pthread_mutex_lock 4
java/util/concurrent/ForkJoinWorkerThread.run;java/util/concurrent/ForkJoinPool.runWorker;java/util/concurrent/ForkJoinPool.scan;java/util/concurrent/ForkJoinPool$WorkQueue.topLevelExec;java/util/concurrent/ForkJoinTask.doExec;java/util/concurrent/ForkJoinTask$RunnableExecuteAction.exec;java/lang/VirtualThread$$Lambda.0x00007d902c039c78.run;java/lang/VirtualThread.runContinuation;jdk/internal/vm/Continuation.run;jdk/internal/vm/Continuation.enterSpecial;jdk/internal/vm/Continuation.enter;jdk/internal/vm/Continuation.enter0;java/lang/VirtualThread$VThreadContinuation$1.run;java/lang/VirtualThread.run;_notify_jvmti_vthread_start;SharedRuntime::notify_jvmti_vthread_start;JvmtiVTMSTransitionDisabler::VTMS_vthread_start;JvmtiEventController::thread_started;Mutex::lock;__tls_get_addr 1
java/util/concurrent/ForkJoinWorkerThread.run;java/util/concurrent/ForkJoinPool.runWorker;java/util/concurrent/ForkJoinPool.scan;java/util/concurrent/ForkJoinPool$WorkQueue.topLevelExec;java/util/concurrent/ForkJoinTask.doExec;java/util/concurrent/ForkJoinTask$RunnableExecuteAction.exec;java/lang/VirtualThread$$Lambda.0x00007d902c039c78.run;java/lang/VirtualThread.runContinuation;jdk/internal/vm/Continuation.run;jdk/internal/vm/Continuation.enterSpecial;jdk/internal/vm/Continuation.enter;jdk/internal/vm/Continuation.enter0;java/lang/VirtualThread$VThreadContinuation$1.run;java/lang/VirtualThread.run;_notify_jvmti_vthread_start;SharedRuntime::notify_jvmti_vthread_start;JvmtiVTMSTransitionDisabler::VTMS_vthread_start;JvmtiEventController::thread_started;JvmtiThreadState::JvmtiThreadState;OopStorage::allocate;Mutex::lock_without_safepoint_check 3
java/util/concurrent/ForkJoinWorkerThread.run;java/util/concurrent/ForkJoinPool.runWorker;java/util/concurrent/ForkJoinPool.scan;java/util/concurrent/ForkJoinPool$WorkQueue.topLevelExec 1
java/util/concurrent/ForkJoinWorkerThread.run;java/util/concurrent/ForkJoinPool.runWorker;java/util/concurrent/ForkJoinPool.scan;java/util/concurrent/ForkJoinPool$WorkQueue.topLevelExec;java/util/concurrent/ForkJoinTask.doExec;java/util/concurrent/ForkJoinTask$RunnableExecuteAction.exec;java/lang/VirtualThread$$Lambda.0x00007d902c039c78.run;java/lang/VirtualThread.runContinuation;java/lang/VirtualThread.afterDone;java/lang/VirtualThread.afterDone;jdk/internal/vm/ThreadContainers$RootContainer$TrackingRootContainer.onExit;java/util/concurrent/ConcurrentHashMap$KeySetView.remove 1
java/util/concurrent/ForkJoinWorkerThread.run;java/util/concurrent/ForkJoinPool.runWorker;java/util/concurrent/ForkJoinPool.awaitWork;java/util/concurrent/locks/LockSupport.park;jdk/internal/misc/Unsafe.park;Unsafe_Park;Parker::park;pthread_mutex_trylock 2
java/util/concurrent/ForkJoinWorkerThread.run;java/util/concurrent/ForkJoinPool.runWorker;java/util/concurrent/ForkJoinPool.scan;java/util/concurrent/ForkJoinPool$WorkQueue.topLevelExec;java/util/concurrent/ForkJoinTask.doExec;java/util/concurrent/ForkJoinTask$RunnableExecuteAction.exec;java/lang/VirtualThread$$Lambda.0x00007d902c039c78.run;java/lang/VirtualThread.runContinuation;jdk/internal/vm/Continuation.run;jdk/internal/vm/Continuation.enterSpecial;jdk/internal/vm/Continuation.enter;jdk/internal/vm/Continuation.enter0;java/lang/VirtualThread$VThreadContinuation$1.run;java/lang/VirtualThread.run;_notify_jvmti_vthread_start;SharedRuntime::notify_jvmti_vthread_start;JvmtiVTMSTransitionDisabler::VTMS_vthread_start;JvmtiEventController::thread_started;Mutex::lock;pthread_mutex_lock@plt 1
java/util/concurrent/ForkJoinWorkerThread.run;java/util/concurrent/ForkJoinPool.runWorker;java/util/concurrent/ForkJoinPool.scan;java/util/concurrent/ForkJoinPool$WorkQueue.topLevelExec;java/util/concurrent/ForkJoinTask.doExec;java/util/concurrent/ForkJoinTask$RunnableExecuteAction.exec;java/lang/VirtualThread$$Lambda.0x00007d902c039c78.run;java/lang/VirtualThread.runContinuation;java/lang/VirtualThread.afterDone;java/lang/VirtualThread.afterDone;jdk/internal/misc/Unsafe.freeMemory;jdk/internal/misc/Unsafe.freeMemory0;Unsafe_FreeMemory0;JavaFrameAnchor::make_walkable 1
java/util/concurrent/ForkJoinWorkerThread.run;java/util/concurrent/ForkJoinPool.runWorker;java/util/concurrent/ForkJoinPool.scan;java/util/concurrent/ForkJoinPool$WorkQueue.topLevelExec;java/util/concurrent/ForkJoinTask.doExec;java/util/concurrent/ForkJoinTask$RunnableExecuteAction.exec;java/lang/VirtualThread$$Lambda.0x00007d902c039c78.run;java/lang/VirtualThread.runContinuation;java/lang/VirtualThread.afterDone;java/lang/VirtualThread.afterDone;jdk/internal/vm/ThreadContainers$RootContainer$TrackingRootContainer.onExit;java/util/concurrent/ConcurrentHashMap$KeySetView.remove;java/util/concurrent/ConcurrentHashMap.remove 1
java/util/concurrent/ForkJoinWorkerThread.run;java/util/concurrent/ForkJoinPool.runWorker;java/util/concurrent/ForkJoinPool.scan;java/util/concurrent/ForkJoinPool$WorkQueue.topLevelExec;java/util/concurrent/ForkJoinTask.doExec;java/util/concurrent/ForkJoinTask$RunnableExecuteAction.exec;java/lang/VirtualThread$$Lambda.0x00007d902c039c78.run;java/lang/VirtualThread.runContinuation;java/lang/VirtualThread.afterDone;java/lang/VirtualThread.afterDone;jdk/internal/vm/ThreadContainers$RootContainer$TrackingRootContainer.onExit;java/util/concurrent/ConcurrentHashMap$KeySetView.remove;java/util/concurrent/ConcurrentHashMap.remove;java/util/concurrent/ConcurrentHashMap.replaceNode 1
java/util/concurrent/ForkJoinWorkerThread.run;java/util/concurrent/ForkJoinPool.runWorker;java/util/concurrent/ForkJoinPool.scan;java/util/concurrent/ForkJoinPool$WorkQueue.topLevelExec;java/util/concurrent/ForkJoinTask.doExec;java/util/concurrent/ForkJoinTask$RunnableExecuteAction.exec;java/lang/VirtualThread$$Lambda.0x00007d902c039c78.run;java/lang/VirtualThread.runContinuation;jdk/internal/vm/Continuation.run;jdk/internal/vm/Continuation.enterSpecial;jdk/internal/vm/Continuation.enter;jdk/internal/vm/Continuation.enter0;java/lang/VirtualThread$VThreadContinuation$1.run;java/lang/VirtualThread.run;_notify_jvmti_vthread_end;SharedRuntime::notify_jvmti_vthread_end;JavaThread::rebind_to_jvmti_thread_state_of;oopDesc::address_field 1
java/util/concurrent/ForkJoinWorkerThread.run;java/util/concurrent/ForkJoinPool.runWorker;java/util/concurrent/ForkJoinPool.scan 17
java/util/concurrent/ForkJoinWorkerThread.run;java/util/concurrent/ForkJoinPool.runWorker;java/util/concurrent/ForkJoinPool.awaitWork 1
java/util/concurrent/ForkJoinWorkerThread.run;java/util/concurrent/ForkJoinPool.runWorker;java/util/concurrent/ForkJoinPool.scan;java/util/concurrent/ForkJoinPool$WorkQueue.topLevelExec;java/util/concurrent/ForkJoinTask.doExec;java/util/concurrent/ForkJoinTask$RunnableExecuteAction.exec;java/lang/VirtualThread$$Lambda.0x00007d902c039c78.run;java/lang/VirtualThread.runContinuation;jdk/internal/vm/Continuation.run;jdk/internal/vm/Continuation.isStarted 1
java/util/concurrent/ForkJoinWorkerThread.run;java/util/concurrent/ForkJoinPool.runWorker;java/util/concurrent/ForkJoinPool.scan;java/util/concurrent/ForkJoinPool$WorkQueue.topLevelExec;java/util/concurrent/ForkJoinTask.doExec;java/util/concurrent/ForkJoinTask$RunnableExecuteAction.exec;java/lang/VirtualThread$$Lambda.0x00007d902c039c78.run;java/lang/VirtualThread.runContinuation 18
java/util/concurrent/ForkJoinWorkerThread.run;java/util/concurrent/ForkJoinPool.runWorker;java/util/concurrent/ForkJoinPool.scan;java/util/concurrent/ForkJoinPool$WorkQueue.topLevelExec;java/util/concurrent/ForkJoinTask.doExec;java/util/concurrent/ForkJoinTask$RunnableExecuteAction.exec;java/lang/VirtualThread$$Lambda.0x00007d902c039c78.run;java/lang/VirtualThread.runContinuation;jdk/internal/vm/Continuation.run;jdk/internal/vm/Continuation.enterSpecial;jdk/internal/vm/Continuation.enter;jdk/internal/vm/Continuation.enter0;java/lang/VirtualThread$VThreadContinuation$1.run;java/lang/VirtualThread.run;_notify_jvmti_vthread_end;SharedRuntime::notify_jvmti_vthread_end;JvmtiVTMSTransitionDisabler::VTMS_vthread_end;JvmtiExport::cleanup_thread;JvmtiEventController::thread_ended;JvmtiThreadState::~JvmtiThreadState;AccessInternal::PostRuntimeDispatch<G1BarrierSet::AccessBarrier<548964ul, G1BarrierSet>, (AccessInternal::BarrierType)2, 548964ul>::oop_access_barrier 44
java/util/concurrent/ForkJoinWorkerThread.run;java/util/concurrent/ForkJoinPool.runWorker;java/util/concurrent/ForkJoinPool.scan;java/util/concurrent/ForkJoinPool$WorkQueue.topLevelExec;java/util/concurrent/ForkJoinTask.doExec;java/util/concurrent/ForkJoinTask$RunnableExecuteAction.exec;java/lang/VirtualThread$$Lambda.0x00007d902c039c78.run;java/lang/VirtualThread.runContinuation;java/lang/VirtualThread.unmount 27
java/util/concurrent/ForkJoinWorkerThread.run;java/util/concurrent/ForkJoinPool.runWorker;java/util/concurrent/ForkJoinPool.scan 1
java/util/concurrent/ForkJoinWorkerThread.run;java/util/concurrent/ForkJoinPool.runWorker;java/util/concurrent/ForkJoinPool.scan;java/util/concurrent/ForkJoinPool$WorkQueue.topLevelExec;java/util/concurrent/ForkJoinTask.doExec;java/util/concurrent/ForkJoinTask$RunnableExecuteAction.exec;java/lang/VirtualThread$$Lambda.0x00007d902c039c78.run;java/lang/VirtualThread.runContinuation;jdk/internal/vm/Continuation.run;jdk/internal/vm/Continuation.enterSpecial;jdk/internal/vm/Continuation.enter;jdk/internal/vm/Continuation.enter0;java/lang/VirtualThread$VThreadContinuation$1.run;java/lang/VirtualThread.run;_notify_jvmti_vthread_end;SharedRuntime::notify_jvmti_vthread_end;JvmtiVTMSTransitionDisabler::VTMS_vthread_end;JvmtiVTMSTransitionDisabler::start_VTMS_transition;__tls_get_addr@plt 1
java/util/concurrent/ForkJoinWorkerThread.run;java/util/concurrent/ForkJoinPool.runWorker;java/util/concurrent/ForkJoinPool.scan;java/util/concurrent/ForkJoinPool$WorkQueue.topLevelExec;java/util/concurrent/ForkJoinTask.doExec;java/util/concurrent/ForkJoinTask$RunnableExecuteAction.exec;java/lang/VirtualThread$$Lambda.0x00007d902c039c78.run;java/lang/VirtualThread.runContinuation;jdk/internal/vm/Continuation.run;jdk/internal/vm/Continuation.enterSpecial;jdk/internal/vm/Continuation.enter;jdk/internal/vm/Continuation.enter0;java/lang/VirtualThread$VThreadContinuation$1.run;java/lang/VirtualThread.run;_notify_jvmti_vthread_start;SharedRuntime::notify_jvmti_vthread_start;JvmtiVTMSTransitionDisabler::VTMS_vthread_start;JvmtiEventController::thread_started;JvmtiThreadState::JvmtiThreadState 175
java/util/concurrent/ForkJoinWorkerThread.run;java/util/concurrent/ForkJoinPool.runWorker;java/util/concurrent/ForkJoinPool.scan;java/util/concurrent/ForkJoinPool$WorkQueue.topLevelExec;java/util/concurrent/ForkJoinTask.doExec;java/util/concurrent/ForkJoinTask$RunnableExecuteAction.exec;java/lang/VirtualThread$$Lambda.0x00007d902c039c78.run;java/lang/VirtualThread.runContinuation;jdk/internal/vm/Continuation.run;jdk/internal/vm/Continuation.enterSpecial;jdk/internal/vm/Continuation.enter;jdk/internal/vm/Continuation.enter0;java/lang/VirtualThread$VThreadContinuation$1.run;java/lang/VirtualThread.run;_notify_jvmti_vthread_start;SharedRuntime::notify_jvmti_vthread_start;JvmtiVTMSTransitionDisabler::VTMS_vthread_start;__pthread_mutex_unlock;/usr/lib/x86_64-linux-gnu/libc.so.6 4428
java/util/concurrent/ForkJoinWorkerThread.run;java/util/concurrent/ForkJoinPool.runWorker;java/util/concurrent/ForkJoinPool.scan;java/util/concurrent/ForkJoinPool$WorkQueue.topLevelExec;java/util/concurrent/ForkJoinTask.doExec;java/util/concurrent/ForkJoinTask$RunnableExecuteAction.exec;java/lang/VirtualThread$$Lambda.0x00007d902c039c78.run;java/lang/VirtualThread.runContinuation;jdk/internal/vm/Continuation.run;jdk/internal/vm/Continuation.enterSpecial;jdk/internal/vm/Continuation.enter;jdk/internal/vm/Continuation.enter0;java/lang/VirtualThread$VThreadContinuation$1.run;java/lang/VirtualThread.run;_notify_jvmti_vthread_start;SharedRuntime::notify_jvmti_vthread_start;JvmtiVTMSTransitionDisabler::VTMS_vthread_start;JvmtiEventController::thread_started;Mutex::lock;pthread_mutex_lock 10
java/util/concurrent/ForkJoinWorkerThread.run;java/util/concurrent/ForkJoinPool.runWorker;java/util/concurrent/ForkJoinPool.scan;java/util/concurrent/ForkJoinPool$WorkQueue.topLevelExec;java/util/concurrent/ForkJoinTask.doExec;java/util/concurrent/ForkJoinTask$RunnableExecuteAction.exec;java/lang/VirtualThread$$Lambda.0x00007d902c039c78.run;java/lang/VirtualThread.runContinuation;java/lang/VirtualThread.afterDone;java/lang/VirtualThread.afterDone;java/lang/Thread.clearReferences 1
java/util/concurrent/ForkJoinWorkerThread.run;java/util/concurrent/ForkJoinPool.runWorker;java/util/concurrent/ForkJoinPool.scan;java/util/concurrent/ForkJoinPool$WorkQueue.topLevelExec;java/util/concurrent/ForkJoinTask.doExec;java/util/concurrent/ForkJoinTask$RunnableExecuteAction.exec;java/lang/VirtualThread$$Lambda.0x00007d902c039c78.run;java/lang/VirtualThread.runContinuation;java/lang/VirtualThread.mount;_notify_jvmti_vthread_mount;SharedRuntime::notify_jvmti_vthread_mount;JvmtiVTMSTransitionDisabler::start_VTMS_transition 12
java/lang/Thread.run;java/lang/Thread.runWith;java/util/concurrent/ThreadPoolExecutor$Worker.run;java/util/concurrent/ThreadPoolExecutor.runWorker;java/util/concurrent/FutureTask.run;java/util/concurrent/Executors$RunnableAdapter.call;java/util/concurrent/FutureTask.run;org/openjdk/jmh/runner/BenchmarkHandler$BenchmarkTask.call;org/openjdk/jmh/runner/BenchmarkHandler$BenchmarkTask.call;java/lang/reflect/Method.invoke;jdk/internal/reflect/DirectMethodHandleAccessor.invoke;jdk/internal/reflect/DirectMethodHandleAccessor.invokeImpl;java/lang/invoke/LambdaForm$MH.0x00007d902c02e800.invokeExact_MT;java/lang/invoke/LambdaForm$MH.0x00007d902c02e400.invoke;java/lang/invoke/DirectMethodHandle$Holder.invokeSpecial;uk/ac/ncl/jensen/benchmark/jmh_generated/VThreadChurnBenchmark_churn_jmhTest.churn_AverageTime;uk/ac/ncl/jensen/benchmark/jmh_generated/VThreadChurnBenchmark_churn_jmhTest.churn_avgt_jmhStub;uk/ac/ncl/jensen/benchmark/VThreadChurnBenchmark.churn;java/lang/Thread.join;java/lang/Thread.join;java/lang/VirtualThread.joinNanos;java/util/concurrent/CountDownLatch.await;java/util/concurrent/locks/AbstractQueuedSynchronizer.acquireSharedInterruptibly;java/util/concurrent/locks/AbstractQueuedSynchronizer.acquire;java/util/concurrent/locks/LockSupport.park;jdk/internal/misc/Unsafe.park;Unsafe_Park;Parker::park;__pthread_mutex_unlock;/usr/lib/x86_64-linux-gnu/libc.so.6 5
java/util/concurrent/ForkJoinWorkerThread.run;java/util/concurrent/ForkJoinPool.runWorker;java/util/concurrent/ForkJoinPool.scan;java/util/concurrent/ForkJoinPool$WorkQueue.topLevelExec;java/util/concurrent/ForkJoinTask.doExec;java/util/concurrent/ForkJoinTask$RunnableExecuteAction.exec;java/lang/VirtualThread$$Lambda.0x00007d902c039c78.run;java/lang/VirtualThread.runContinuation;jdk/internal/vm/Continuation.run;jdk/internal/vm/Continuation.enterSpecial;jdk/internal/vm/Continuation.enter;jdk/internal/vm/Continuation.enter0;java/lang/VirtualThread$VThreadContinuation$1.run;java/lang/VirtualThread.run;_notify_jvmti_vthread_start;SharedRuntime::notify_jvmti_vthread_start;JvmtiVTMSTransitionDisabler::VTMS_vthread_start;__tls_get_addr 1
java/lang/Thread.run;java/lang/Thread.runWith;java/util/concurrent/ThreadPoolExecutor$Worker.run;java/util/concurrent/ThreadPoolExecutor.runWorker;java/util/concurrent/FutureTask.run;java/util/concurrent/Executors$RunnableAdapter.call;java/util/concurrent/FutureTask.run;org/openjdk/jmh/runner/BenchmarkHandler$BenchmarkTask.call;org/openjdk/jmh/runner/BenchmarkHandler$BenchmarkTask.call;java/lang/reflect/Method.invoke;jdk/internal/reflect/DirectMethodHandleAccessor.invoke;jdk/internal/reflect/DirectMethodHandleAccessor.invokeImpl;java/lang/invoke/LambdaForm$MH.0x00007d902c02e800.invokeExact_MT;java/lang/invoke/LambdaForm$MH.0x00007d902c02e400.invoke;java/lang/invoke/DirectMethodHandle$Holder.invokeSpecial;uk/ac/ncl/jensen/benchmark/jmh_generated/VThreadChurnBenchmark_churn_jmhTest.churn_AverageTime;uk/ac/ncl/jensen/benchmark/jmh_generated/VThreadChurnBenchmark_churn_jmhTest.churn_avgt_jmhStub;uk/ac/ncl/jensen/benchmark/VThreadChurnBenchmark.churn;java/lang/Thread.join;java/lang/Thread.join;java/lang/VirtualThread.joinNanos;java/util/concurrent/CountDownLatch.await;java/util/concurrent/locks/AbstractQueuedSynchronizer.acquireSharedInterruptibly;java/util/concurrent/locks/AbstractQueuedSynchronizer.acquire 4
java/util/concurrent/ForkJoinWorkerThread.run;java/util/concurrent/ForkJoinPool.runWorker;java/util/concurrent/ForkJoinPool.scan;java/util/concurrent/ForkJoinPool$WorkQueue.topLevelExec;java/util/concurrent/ForkJoinTask.doExec;java/util/concurrent/ForkJoinTask$RunnableExecuteAction.exec;java/lang/VirtualThread$$Lambda.0x00007d902c039c78.run;java/lang/VirtualThread.runContinuation;jdk/internal/vm/Continuation.run;jdk/internal/vm/Continuation.enterSpecial;jdk/internal/vm/Continuation.enter;jdk/internal/vm/Continuation.enter0;java/lang/VirtualThread$VThreadContinuation$1.run;java/lang/VirtualThread.run;_notify_jvmti_vthread_end;SharedRuntime::notify_jvmti_vthread_end;JNIHandles::make_local 9
java/util/concurrent/ForkJoinWorkerThread.run;java/util/concurrent/ForkJoinPool.runWorker;java/util/concurrent/ForkJoinPool.scan;java/util/concurrent/ForkJoinPool$WorkQueue.topLevelExec;java/util/concurrent/ForkJoinTask.doExec;java/util/concurrent/ForkJoinTask$RunnableExecuteAction.exec;java/lang/VirtualThread$$Lambda.0x00007d902c039c78.run;java/lang/VirtualThread.runContinuation;jdk/internal/vm/Continuation.run;jdk/internal/vm/Continuation.enterSpecial;jdk/internal/vm/Continuation.enter;jdk/internal/vm/Continuation.enter0;java/lang/VirtualThread$VThreadContinuation$1.run;java/lang/VirtualThread.run;_notify_jvmti_vthread_start;SharedRuntime::notify_jvmti_vthread_start;JvmtiVTMSTransitionDisabler::VTMS_vthread_start;JvmtiEventController::thread_started;JvmtiThreadState::JvmtiThreadState;AllocateHeap;os::malloc;malloc 12
java/util/concurrent/ForkJoinWorkerThread.run;java/util/concurrent/ForkJoinPool.runWorker;java/util/concurrent/ForkJoinPool.scan;java/util/concurrent/ForkJoinPool$WorkQueue.topLevelExec;java/util/concurrent/ForkJoinTask.doExec;java/util/concurrent/ForkJoinTask$RunnableExecuteAction.exec;java/lang/VirtualThread$$Lambda.0x00007d902c039c78.run;java/lang/VirtualThread.runContinuation;jdk/internal/vm/Continuation.run;jdk/internal/vm/Continuation.enterSpecial;jdk/internal/vm/Continuation.enter;jdk/internal/vm/Continuation.enter0;java/lang/VirtualThread$VThreadContinuation$1.run;java/lang/VirtualThread.run;_notify_jvmti_vthread_end;SharedRuntime::notify_jvmti_vthread_end;JvmtiVTMSTransitionDisabler::VTMS_vthread_end;JvmtiExport::cleanup_thread;JvmtiEventController::thread_ended;JvmtiThreadState::~JvmtiThreadState;__libc_free 89
java/util/concurrent/ForkJoinWorkerThread.run;java/util/concurrent/ForkJoinPool.runWorker;java/util/concurrent/ForkJoinPool.awaitWork 3
java/util/concurrent/ForkJoinWorkerThread.run;java/util/concurrent/ForkJoinPool.runWorker;java/util/concurrent/ForkJoinPool.scan;java/util/concurrent/ForkJoinPool$WorkQueue.topLevelExec;java/util/concurrent/ForkJoinTask.doExec;java/util/concurrent/ForkJoinTask$RunnableExecuteAction.exec;java/lang/VirtualThread$$Lambda.0x00007d902c039c78.run;java/lang/VirtualThread.runContinuation;jdk/internal/vm/Continuation.run;jdk/internal/vm/Continuation.enterSpecial;jdk/internal/vm/Continuation.enter;jdk/internal/vm/Continuation.enter0;java/lang/VirtualThread$VThreadContinuation$1.run;java/lang/VirtualThread.run;_notify_jvmti_vthread_start;SharedRuntime::notify_jvmti_vthread_start;JvmtiVTMSTransitionDisabler::VTMS_vthread_start;JvmtiEventController::thread_started;Mutex::lock 16
java/util/concurrent/ForkJoinWorkerThread.run;java/util/concurrent/ForkJoinPool.runWorker;java/util/concurrent/ForkJoinPool.scan;java/util/concurrent/ForkJoinPool$WorkQueue.topLevelExec;java/util/concurrent/ForkJoinTask.doExec;java/util/concurrent/ForkJoinTask$RunnableExecuteAction.exec;java/lang/VirtualThread$$Lambda.0x00007d902c039c78.run;java/lang/VirtualThread.runContinuation;jdk/internal/vm/Continuation.run;jdk/internal/vm/Continuation.enterSpecial;jdk/internal/vm/Continuation.enter;jdk/internal/vm/Continuation.enter0;java/lang/VirtualThread$VThreadContinuation$1.run;java/lang/VirtualThread.run;_notify_jvmti_vthread_end;SharedRuntime::notify_jvmti_vthread_end;JvmtiVTMSTransitionDisabler::VTMS_vthread_end;JvmtiExport::cleanup_thread;Mutex::lock;ThreadBlockInVMPreprocess<InFlightMutexRelease>::~ThreadBlockInVMPreprocess 30
java/util/concurrent/ForkJoinWorkerThread.run;java/util/concurrent/ForkJoinPool.runWorker;java/util/concurrent/ForkJoinPool.scan;java/util/concurrent/ForkJoinPool$WorkQueue.topLevelExec;java/util/concurrent/ForkJoinTask.doExec;java/util/concurrent/ForkJoinTask$RunnableExecuteAction.exec;java/lang/VirtualThread$$Lambda.0x00007d902c039c78.run;java/lang/VirtualThread.runContinuation;jdk/internal/vm/Continuation.run;jdk/internal/vm/Continuation.enterSpecial;jdk/internal/vm/Continuation.enter;jdk/internal/vm/Continuation.enter0;java/lang/VirtualThread$VThreadContinuation$1.run;java/lang/VirtualThread.run;_notify_jvmti_vthread_end;SharedRuntime::notify_jvmti_vthread_end;JvmtiVTMSTransitionDisabler::VTMS_vthread_end;JvmtiExport::cleanup_thread;Mutex::lock;pthread_mutex_trylock 141
java/util/concurrent/ForkJoinWorkerThread.run;java/util/concurrent/ForkJoinPool.runWorker;java/util/concurrent/ForkJoinPool.scan;java/util/concurrent/ForkJoinPool$WorkQueue.topLevelExec;java/util/concurrent/ForkJoinTask.doExec;java/util/concurrent/ForkJoinTask$RunnableExecuteAction.exec;java/lang/VirtualThread$$Lambda.0x00007d902c039c78.run;java/lang/VirtualThread.runContinuation;java/lang/VirtualThread.unmount;_notify_jvmti_vthread_unmount;SharedRuntime::notify_jvmti_vthread_unmount;JvmtiVTMSTransitionDisabler::finish_VTMS_transition;java_lang_Thread::set_is_in_VTMS_transition 13
java/util/concurrent/ForkJoinWorkerThread.run;java/util/concurrent/ForkJoinPool.runWorker;java/util/concurrent/ForkJoinPool.scan;java/util/concurrent/ForkJoinPool$WorkQueue.topLevelExec;java/util/concurrent/ForkJoinTask.doExec;java/util/concurrent/ForkJoinTask$RunnableExecuteAction.exec;java/lang/VirtualThread$$Lambda.0x00007d902c039c78.run;java/lang/VirtualThread.runContinuation;jdk/internal/vm/Continuation.run;jdk/internal/vm/Continuation.enterSpecial;jdk/internal/vm/Continuation.enter;jdk/internal/vm/Continuation.enter0;java/lang/VirtualThread$VThreadContinuation$1.run;java/lang/VirtualThread.run;_notify_jvmti_vthread_start;SharedRuntime::notify_jvmti_vthread_start;JvmtiVTMSTransitionDisabler::VTMS_vthread_start;JvmtiVTMSTransitionDisabler::VTMS_mount_end;JavaThread::rebind_to_jvmti_thread_state_of;Continuation::set_cont_fastpath_thread_state 1
java/util/concurrent/ForkJoinWorkerThread.run;java/util/concurrent/ForkJoinPool.runWorker;java/util/concurrent/ForkJoinPool.awaitWork;java/util/concurrent/locks/LockSupport.park;jdk/internal/misc/Unsafe.park;Unsafe_Park;Parker::park;__pthread_mutex_unlock 1
java/util/concurrent/ForkJoinWorkerThread.run;java/util/concurrent/ForkJoinPool.runWorker;java/util/concurrent/ForkJoinPool.scan;java/util/concurrent/ForkJoinPool$WorkQueue.topLevelExec;java/util/concurrent/ForkJoinTask.doExec;java/util/concurrent/ForkJoinTask$RunnableExecuteAction.exec;java/lang/VirtualThread$$Lambda.0x00007d902c039c78.run;java/lang/VirtualThread.runContinuation;jdk/internal/vm/Continuation.run;jdk/internal/vm/Continuation.mount;jdk/internal/vm/Continuation.compareAndSetMounted;jdk/internal/misc/Unsafe.compareAndSetBoolean 4
java/util/concurrent/ForkJoinWorkerThread.run;java/util/concurrent/ForkJoinPool.runWorker;java/util/concurrent/ForkJoinPool.awaitWork 1
java/util/concurrent/ForkJoinWorkerThread.run;java/util/concurrent/ForkJoinPool.runWorker;java/util/concurrent/ForkJoinPool.scan;java/util/concurrent/ForkJoinPool$WorkQueue.topLevelExec;java/util/concurrent/ForkJoinTask.doExec;java/util/concurrent/ForkJoinTask$RunnableExecuteAction.exec;java/lang/VirtualThread$$Lambda.0x00007d902c039c78.run;java/lang/VirtualThread.runContinuation;jdk/internal/vm/Continuation.run;jdk/internal/vm/Continuation.enterSpecial;jdk/internal/vm/Continuation.enter;jdk/internal/vm/Continuation.enter0;java/lang/VirtualThread$VThreadContinuation$1.run;java/lang/VirtualThread.run;_notify_jvmti_vthread_start;SharedRuntime::notify_jvmti_vthread_start;JvmtiVTMSTransitionDisabler::VTMS_vthread_start;JvmtiVTMSTransitionDisabler::VTMS_mount_end;Mutex::lock;__tls_get_addr 1
java/util/concurrent/ForkJoinWorkerThread.run;java/util/concurrent/ForkJoinPool.runWorker;java/util/concurrent/ForkJoinPool.scan;java/util/concurrent/ForkJoinPool$WorkQueue.topLevelExec;java/util/concurrent/ForkJoinTask.doExec;java/util/concurrent/ForkJoinTask$RunnableExecuteAction.exec;java/lang/VirtualThread$$Lambda.0x00007d902c039c78.run;java/lang/VirtualThread.runContinuation;jdk/internal/vm/Continuation.run;jdk/internal/vm/Continuation.enterSpecial;jdk/internal/vm/Continuation.enter;jdk/internal/vm/Continuation.enter0;java/lang/VirtualThread$VThreadContinuation$1.run;java/lang/VirtualThread.run;java/lang/Thread.runWith 14
java/util/concurrent/ForkJoinWorkerThread.run;java/util/concurrent/ForkJoinPool.runWorker;java/util/concurrent/ForkJoinPool.scan;java/util/concurrent/ForkJoinPool$WorkQueue.topLevelExec;java/util/concurrent/ForkJoinTask.doExec;java/util/concurrent/ForkJoinTask$RunnableExecuteAction.exec;java/lang/VirtualThread$$Lambda.0x00007d902c039c78.run;java/lang/VirtualThread.runContinuation;java/lang/VirtualThread.state 3
java/util/concurrent/ForkJoinWorkerThread.run;java/util/concurrent/ForkJoinPool.runWorker;java/util/concurrent/ForkJoinPool.scan;java/util/concurrent/ForkJoinPool$WorkQueue.topLevelExec;java/util/concurrent/ForkJoinTask.doExec;java/util/concurrent/ForkJoinTask$RunnableExecuteAction.exec;java/lang/VirtualThread$$Lambda.0x00007d902c039c78.run;java/lang/VirtualThread.runContinuation;jdk/internal/vm/Continuation.run;jdk/internal/vm/Continuation.enterSpecial;jdk/internal/vm/Continuation.enter;jdk/internal/vm/Continuation.enter0;java/lang/VirtualThread$VThreadContinuation$1.run;java/lang/VirtualThread.run;_notify_jvmti_vthread_start;SharedRuntime::notify_jvmti_vthread_start;JvmtiVTMSTransitionDisabler::VTMS_vthread_start;JvmtiEventController::thread_started;JvmtiEventControllerPrivate::recompute_thread_enabled 60
java/util/concurrent/ForkJoinWorkerThread.run;java/util/concurrent/ForkJoinPool.runWorker;java/util/concurrent/ForkJoinPool.scan;java/util/concurrent/ForkJoinPool$WorkQueue.topLevelExec;java/util/concurrent/ForkJoinTask.doExec;java/util/concurrent/ForkJoinTask$RunnableExecuteAction.exec;java/lang/VirtualThread$$Lambda.0x00007d902c039c78.run;java/lang/VirtualThread.runContinuation;jdk/internal/vm/Continuation.run;jdk/internal/vm/Continuation.enterSpecial;jdk/internal/vm/Continuation.enter;jdk/internal/vm/Continuation.enter0;java/lang/VirtualThread$VThreadContinuation$1.run;java/lang/VirtualThread.run;_notify_jvmti_vthread_end;SharedRuntime::notify_jvmti_vthread_end;JvmtiVTMSTransitionDisabler::VTMS_vthread_end;JvmtiVTMSTransitionDisabler::start_VTMS_transition;HandleMark::initialize 5
java/util/concurrent/ForkJoinWorkerThread.run;java/util/concurrent/ForkJoinPool.runWorker;java/util/concurrent/ForkJoinPool.scan;java/util/concurrent/ForkJoinPool$WorkQueue.topLevelExec;java/util/concurrent/ForkJoinTask.doExec;java/util/concurrent/ForkJoinTask$RunnableExecuteAction.exec;java/lang/VirtualThread$$Lambda.0x00007d902c039c78.run;java/lang/VirtualThread.runContinuation;java/lang/VirtualThread.afterDone;java/lang/VirtualThread.afterDone 1
java/util/concurrent/ForkJoinWorkerThread.run;java/util/concurrent/ForkJoinPool.runWorker;java/util/concurrent/ForkJoinPool.scan;java/util/concurrent/ForkJoinPool$WorkQueue.topLevelExec;java/util/concurrent/ForkJoinTask.doExec;java/util/concurrent/ForkJoinTask$RunnableExecuteAction.exec;java/lang/VirtualThread$$Lambda.0x00007d902c039c78.run;java/lang/VirtualThread.runContinuation;jdk/internal/vm/Continuation.run;jdk/internal/vm/Continuation.enterSpecial;jdk/internal/vm/Continuation.enter;jdk/internal/vm/Continuation.enter0;java/lang/VirtualThread$VThreadContinuation$1.run;java/lang/VirtualThread.run;_notify_jvmti_vthread_start;SharedRuntime::notify_jvmti_vthread_start;JvmtiVTMSTransitionDisabler::VTMS_vthread_start;JvmtiVTMSTransitionDisabler::finish_VTMS_transition 90
java/util/concurrent/ForkJoinWorkerThread.run;java/util/concurrent/ForkJoinPool.runWorker;java/util/concurrent/ForkJoinPool.awaitWork 1
java/util/concurrent/ForkJoinWorkerThread.run;java/util/concurrent/ForkJoinPool.runWorker;java/util/concurrent/ForkJoinPool.scan;java/util/concurrent/ForkJoinPool$WorkQueue.topLevelExec;java/util/concurrent/ForkJoinTask.doExec;java/util/concurrent/ForkJoinTask$RunnableExecuteAction.exec;java/lang/VirtualThread$$Lambda.0x00007d902c039c78.run;java/lang/VirtualThread.runContinuation;jdk/internal/vm/Continuation.run;jdk/internal/vm/Continuation.enterSpecial;jdk/internal/vm/Continuation.enter;jdk/internal/vm/Continuation.enter0;java/lang/VirtualThread$VThreadContinuation$1.run;java/lang/VirtualThread.run;_notify_jvmti_vthread_start;SharedRuntime::notify_jvmti_vthread_start;JvmtiVTMSTransitionDisabler::VTMS_vthread_start;JvmtiEventController::thread_started;JvmtiThreadState::JvmtiThreadState;Klass::is_subclass_of 1
java/util/concurrent/ForkJoinWorkerThread.run;java/util/concurrent/ForkJoinPool.runWorker;java/util/concurrent/ForkJoinPool.scan;java/util/concurrent/ForkJoinPool$WorkQueue.topLevelExec;java/util/concurrent/ForkJoinTask.doExec;java/util/concurrent/ForkJoinTask$RunnableExecuteAction.exec;java/lang/VirtualThread$$Lambda.0x00007d902c039c78.run;java/lang/VirtualThread.runContinuation;jdk/internal/vm/Continuation.run;jdk/internal/vm/Continuation.enterSpecial;jdk/internal/vm/Continuation.enter;jdk/internal/vm/Continuation.enter0;java/lang/VirtualThread$VThreadContinuation$1.run;java/lang/VirtualThread.run;_notify_jvmti_vthread_start;SharedRuntime::notify_jvmti_vthread_start;JvmtiVTMSTransitionDisabler::VTMS_vthread_start;JvmtiEventController::thread_started;JvmtiThreadState::JvmtiThreadState;java_lang_VirtualThread::is_instance 21
java/util/concurrent/ForkJoinWorkerThread.run;java/util/concurrent/ForkJoinPool.runWorker;java/util/concurrent/ForkJoinPool.scan;java/util/concurrent/ForkJoinPool$WorkQueue.topLevelExec;java/util/concurrent/ForkJoinTask.doExec;java/util/concurrent/ForkJoinTask$RunnableExecuteAction.exec 90
java/util/concurrent/ForkJoinWorkerThread.run;java/util/concurrent/ForkJoinPool.runWorker;java/util/concurrent/ForkJoinPool.scan;java/util/concurrent/ForkJoinPool$WorkQueue.topLevelExec;java/util/concurrent/ForkJoinTask.doExec;java/util/concurrent/ForkJoinTask$RunnableExecuteAction.exec;java/lang/VirtualThread$$Lambda.0x00007d902c039c78.run;java/lang/VirtualThread.runContinuation;java/lang/VirtualThread.mount 1
java/util/concurrent/ForkJoinWorkerThread.run;java/util/concurrent/ForkJoinPool.runWorker;java/util/concurrent/ForkJoinPool.scan;java/util/concurrent/ForkJoinPool$WorkQueue.topLevelExec;java/util/concurrent/ForkJoinTask.doExec;java/util/concurrent/ForkJoinTask$RunnableExecuteAction.exec;java/lang/VirtualThread$$Lambda.0x00007d902c039c78.run;java/lang/VirtualThread.runContinuation;jdk/internal/vm/Continuation.run;jdk/internal/vm/Continuation.enterSpecial;jdk/internal/vm/Continuation.enter;jdk/internal/vm/Continuation.enter0;java/lang/VirtualThread$VThreadContinuation$1.run;java/lang/VirtualThread.run;_notify_jvmti_vthread_end;SharedRuntime::notify_jvmti_vthread_end;JvmtiVTMSTransitionDisabler::VTMS_vthread_end;JvmtiExport::cleanup_thread;Mutex::lock;ThreadBlockInVMPreprocess<InFlightMutexRelease>::~ThreadBlockInVMPreprocess 2
java/util/concurrent/ForkJoinWorkerThread.run;java/util/concurrent/ForkJoinPool.runWorker;java/util/concurrent/ForkJoinPool.scan;java/util/concurrent/ForkJoinPool$WorkQueue.topLevelExec;java/util/concurrent/ForkJoinTask.doExec;java/util/concurrent/ForkJoinTask$RunnableExecuteAction.exec;java/lang/VirtualThread$$Lambda.0x00007d902c039c78.run;java/lang/VirtualThread.runContinuation;jdk/internal/vm/Continuation.run;java/lang/System$2.setScopedValueCache 23
java/util/concurrent/ForkJoinWorkerThread.run;java/util/concurrent/ForkJoinPool.runWorker;java/util/concurrent/ForkJoinPool.scan;java/util/concurrent/ForkJoinPool$WorkQueue.topLevelExec;java/util/concurrent/ForkJoinTask.doExec;java/util/concurrent/ForkJoinTask$RunnableExecuteAction.exec;java/lang/VirtualThread$$Lambda.0x00007d902c039c78.run;java/lang/VirtualThread.runContinuation;java/lang/VirtualThread.afterDone;java/lang/VirtualThread.afterDone;jdk/internal/vm/ThreadContainers$RootContainer$TrackingRootContainer.onExit;java/util/concurrent/ConcurrentHashMap$KeySetView.remove;java/util/concurrent/ConcurrentHashMap.remove;java/util/concurrent/ConcurrentHashMap.replaceNode;java/util/concurrent/ConcurrentHashMap.addCount 78
java/util/concurrent/ForkJoinWorkerThread.run;java/util/concurrent/ForkJoinPool.runWorker;java/util/concurrent/ForkJoinPool.scan;java/util/concurrent/ForkJoinPool$WorkQueue.topLevelExec;java/util/concurrent/ForkJoinTask.doExec;java/util/concurrent/ForkJoinTask$RunnableExecuteAction.exec;java/lang/VirtualThread$$Lambda.0x00007d902c039c78.run;java/lang/VirtualThread.runContinuation;jdk/internal/vm/Continuation.run;jdk/internal/vm/Continuation.enterSpecial;jdk/internal/vm/Continuation.enter;jdk/internal/vm/Continuation.enter0;java/lang/VirtualThread$VThreadContinuation$1.run;java/lang/VirtualThread.run;_notify_jvmti_vthread_end;SharedRuntime::notify_jvmti_vthread_end;JvmtiVTMSTransitionDisabler::VTMS_vthread_end;JvmtiExport::cleanup_thread;JvmtiEventController::thread_ended;JvmtiThreadState::~JvmtiThreadState;OopStorage::release;OopStorage::Block::release_entries 90
java/util/concurrent/ForkJoinWorkerThread.run;java/util/concurrent/ForkJoinPool.runWorker;java/util/concurrent/ForkJoinPool.scan;java/util/concurrent/ForkJoinPool$WorkQueue.topLevelExec;java/util/concurrent/ForkJoinTask.doExec;java/util/concurrent/ForkJoinTask$RunnableExecuteAction.exec;java/lang/VirtualThread$$Lambda.0x00007d902c039c78.run;java/lang/VirtualThread.runContinuation 2
java/lang/Thread.run;java/lang/Thread.runWith;java/util/concurrent/ThreadPoolExecutor$Worker.run;java/util/concurrent/ThreadPoolExecutor.runWorker;java/util/concurrent/FutureTask.run;java/util/concurrent/Executors$RunnableAdapter.call;java/util/concurrent/FutureTask.run;org/openjdk/jmh/runner/BenchmarkHandler$BenchmarkTask.call;org/openjdk/jmh/runner/BenchmarkHandler$BenchmarkTask.call;java/lang/reflect/Method.invoke;jdk/internal/reflect/DirectMethodHandleAccessor.invoke;jdk/internal/reflect/DirectMethodHandleAccessor.invokeImpl;java/lang/invoke/LambdaForm$MH.0x00007d902c02e800.invokeExact_MT;java/lang/invoke/LambdaForm$MH.0x00007d902c02e400.invoke;java/lang/invoke/DirectMethodHandle$Holder.invokeSpecial;uk/ac/ncl/jensen/benchmark/jmh_generated/VThreadChurnBenchmark_churn_jmhTest.churn_AverageTime;uk/ac/ncl/jensen/benchmark/jmh_generated/VThreadChurnBenchmark_churn_jmhTest.churn_avgt_jmhStub;uk/ac/ncl/jensen/benchmark/VThreadChurnBenchmark.churn;java/lang/Thread.join;java/lang/Thread.join;java/lang/VirtualThread.joinNanos;java/util/concurrent/CountDownLatch.await;java/util/concurrent/locks/AbstractQueuedSynchronizer.acquireSharedInterruptibly;java/util/concurrent/locks/AbstractQueuedSynchronizer.acquire;java/util/concurrent/locks/AbstractQueuedSynchronizer$Node.clearStatus 1
java/util/concurrent/ForkJoinWorkerThread.run;java/util/concurrent/ForkJoinPool.runWorker;java/util/concurrent/ForkJoinPool.scan;java/util/concurrent/ForkJoinPool$WorkQueue.topLevelExec;java/util/concurrent/ForkJoinTask.doExec;java/util/concurrent/ForkJoinTask$RunnableExecuteAction.exec;java/lang/VirtualThread$$Lambda.0x00007d902c039c78.run;java/lang/VirtualThread.runContinuation;java/lang/VirtualThread.afterDone;java/lang/VirtualThread.afterDone;jdk/internal/misc/Unsafe.freeMemory 1
java/util/concurrent/ForkJoinWorkerThread.run;java/util/concurrent/ForkJoinPool.runWorker;java/util/concurrent/ForkJoinPool.scan;java/util/concurrent/ForkJoinPool$WorkQueue.topLevelExec;java/util/concurrent/ForkJoinTask.doExec;java/util/concurrent/ForkJoinTask$RunnableExecuteAction.exec;java/lang/VirtualThread$$Lambda.0x00007d902c039c78.run;java/lang/VirtualThread.runContinuation;java/lang/VirtualThread.mount;_notify_jvmti_vthread_mount;SharedRuntime::notify_jvmti_vthread_mount;JvmtiVTMSTransitionDisabler::start_VTMS_transition 2
java/util/concurrent/ForkJoinWorkerThread.run;java/util/concurrent/ForkJoinPool.runWorker;java/util/concurrent/ForkJoinPool.scan;java/util/concurrent/ForkJoinPool$WorkQueue.topLevelExec;java/util/concurrent/ForkJoinTask.doExec;java/util/concurrent/ForkJoinTask$RunnableExecuteAction.exec;java/lang/VirtualThread$$Lambda.0x00007d902c039c78.run;java/lang/VirtualThread.runContinuation;jdk/internal/vm/Continuation.run;jdk/internal/vm/Continuation.enterSpecial;jdk/internal/vm/Continuation.enter;jdk/internal/vm/Continuation.enter0;java/lang/VirtualThread$VThreadContinuation$1.run;java/lang/VirtualThread.run;_notify_jvmti_vthread_start;SharedRuntime::notify_jvmti_vthread_start;JvmtiVTMSTransitionDisabler::VTMS_vthread_start;JvmtiEventController::thread_started;JvmtiEventControllerPrivate::recompute_thread_enabled;JvmtiEnvThreadState::has_frame_pops 2
java/util/concurrent/ForkJoinWorkerThread.run;java/util/concurrent/ForkJoinPool.runWorker;java/util/concurrent/ForkJoinPool.scan;java/util/concurrent/ForkJoinPool$WorkQueue.topLevelExec;java/util/concurrent/ForkJoinTask.doExec;java/util/concurrent/ForkJoinTask$RunnableExecuteAction.exec;java/lang/VirtualThread$$Lambda.0x00007d902c039c78.run;java/lang/VirtualThread.runContinuation;java/lang/VirtualThread.mount;java/lang/VirtualThread.setCarrierThread 2
java/util/concurrent/ForkJoinWorkerThread.run;java/util/concurrent/ForkJoinPool.runWorker;java/util/concurrent/ForkJoinPool.scan;java/util/concurrent/ForkJoinPool$WorkQueue.topLevelExec;java/util/concurrent/ForkJoinTask.doExec;java/util/concurrent/ForkJoinTask$RunnableExecuteAction.exec;java/lang/VirtualThread$$Lambda.0x00007d902c039c78.run;java/lang/VirtualThread.runContinuation;jdk/internal/vm/Continuation.run;jdk/internal/vm/Continuation.enterSpecial;jdk/internal/vm/Continuation.enter;jdk/internal/vm/Continuation.enter0;java/lang/VirtualThread$VThreadContinuation$1.run;java/lang/VirtualThread.run;_notify_jvmti_vthread_start;SharedRuntime::notify_jvmti_vthread_start;JvmtiVTMSTransitionDisabler::VTMS_vthread_start;JvmtiEventController::thread_started;AccessInternal::PostRuntimeDispatch<G1BarrierSet::AccessBarrier<548964ul, G1BarrierSet>, (AccessInternal::BarrierType)2, 548964ul>::oop_access_barrier 3
java/util/concurrent/ForkJoinWorkerThread.run;java/util/concurrent/ForkJoinPool.runWorker;java/util/concurrent/ForkJoinPool.scan;java/util/concurrent/ForkJoinPool$WorkQueue.topLevelExec;java/util/concurrent/ForkJoinTask.doExec;java/util/concurrent/ForkJoinTask$RunnableExecuteAction.exec;java/lang/VirtualThread$$Lambda.0x00007d902c039c78.run;java/lang/VirtualThread.runContinuation;jdk/internal/vm/Continuation.run;jdk/internal/vm/Continuation.enterSpecial;jdk/internal/vm/Continuation.enter;jdk/internal/vm/Continuation.enter0;java/lang/VirtualThread$VThreadContinuation$1.run;java/lang/VirtualThread.run;_notify_jvmti_vthread_start;SharedRuntime::notify_jvmti_vthread_start;JvmtiVTMSTransitionDisabler::VTMS_vthread_start;JvmtiEventController::thread_started;java_lang_Thread::jvmti_thread_state 2
java/util/concurrent/ForkJoinWorkerThread.run;java/util/concurrent/ForkJoinPool.runWorker;java/util/concurrent/ForkJoinPool.scan;java/util/concurrent/ForkJoinPool$WorkQueue.topLevelExec;java/util/concurrent/ForkJoinTask.doExec;java/util/concurrent/ForkJoinTask$RunnableExecuteAction.exec;java/lang/VirtualThread$$Lambda.0x00007d902c039c78.run;java/lang/VirtualThread.runContinuation;jdk/internal/vm/Continuation.run;jdk/internal/vm/Continuation.enterSpecial;jdk/internal/vm/Continuation.enter;jdk/internal/vm/Continuation.enter0;java/lang/VirtualThread$VThreadContinuation$1.run;java/lang/VirtualThread.run;java/lang/Thread.runWith;uk/ac/ncl/jensen/benchmark/VThreadChurnBenchmark$$Lambda.0x00007d902c029bb0.run;uk/ac/ncl/jensen/benchmark/VThreadChurnBenchmark.lambda$churn$0 1
java/util/concurrent/ForkJoinWorkerThread.run;java/util/concurrent/ForkJoinPool.runWorker;java/util/concurrent/ForkJoinPool.scan;java/util/concurrent/ForkJoinPool$WorkQueue.topLevelExec;java/util/concurrent/ForkJoinTask.doExec;java/util/concurrent/ForkJoinTask$RunnableExecuteAction.exec;java/lang/VirtualThread$$Lambda.0x00007d902c039c78.run;java/lang/VirtualThread.runContinuation;java/lang/VirtualThread.afterDone;java/lang/VirtualThread.afterDone;java/lang/VirtualThread.setState 4
java/util/concurrent/ForkJoinWorkerThread.run;java/util/concurrent/ForkJoinPool.runWorker;java/util/concurrent/ForkJoinPool.scan 15
java/util/concurrent/ForkJoinWorkerThread.run;java/util/concurrent/ForkJoinPool.runWorker;java/util/concurrent/ForkJoinPool.scan;java/util/concurrent/ForkJoinPool$WorkQueue.topLevelExec;java/util/concurrent/ForkJoinTask.doExec;java/util/concurrent/ForkJoinTask$RunnableExecuteAction.exec;java/lang/VirtualThread$$Lambda.0x00007d902c039c78.run;java/lang/VirtualThread.runContinuation;jdk/internal/vm/Continuation.run;jdk/internal/vm/Continuation.enterSpecial;jdk/internal/vm/Continuation.enter;jdk/internal/vm/Continuation.enter0;java/lang/VirtualThread$VThreadContinuation$1.run;java/lang/VirtualThread.run;_notify_jvmti_vthread_start;SharedRuntime::notify_jvmti_vthread_start;JvmtiVTMSTransitionDisabler::VTMS_vthread_start;JvmtiEventController::thread_started;AllocateHeap 10
java/util/concurrent/ForkJoinWorkerThread.run;java/util/concurrent/ForkJoinPool.runWorker;java/util/concurrent/ForkJoinPool.scan;java/util/concurrent/ForkJoinPool$WorkQueue.topLevelExec;java/util/concurrent/ForkJoinTask.doExec;java/util/concurrent/ForkJoinTask$RunnableExecuteAction.exec;java/lang/VirtualThread$$Lambda.0x00007d902c039c78.run;java/lang/VirtualThread.runContinuation;jdk/internal/vm/Continuation.run;jdk/internal/vm/Continuation.enterSpecial;jdk/internal/vm/Continuation.enter;jdk/internal/vm/Continuation.enter0;java/lang/VirtualThread$VThreadContinuation$1.run;java/lang/VirtualThread.run;_notify_jvmti_vthread_start;SharedRuntime::notify_jvmti_vthread_start;JvmtiVTMSTransitionDisabler::VTMS_vthread_start;JvmtiEventController::thread_started;JvmtiThreadState::JvmtiThreadState;OopStorage::allocate;__pthread_mutex_unlock 22
java/util/concurrent/ForkJoinWorkerThread.run;java/util/concurrent/ForkJoinPool.runWorker;java/util/concurrent/ForkJoinPool.scan;java/util/concurrent/ForkJoinPool$WorkQueue.topLevelExec;java/util/concurrent/ForkJoinTask.doExec;java/util/concurrent/ForkJoinTask$RunnableExecuteAction.exec;java/lang/VirtualThread$$Lambda.0x00007d902c039c78.run;java/lang/VirtualThread.runContinuation;jdk/internal/vm/Continuation.run;jdk/internal/vm/Continuation.enterSpecial;jdk/internal/vm/Continuation.enter;jdk/internal/vm/Continuation.enter0;java/lang/VirtualThread$VThreadContinuation$1.run;java/lang/VirtualThread.run;_notify_jvmti_vthread_start;SharedRuntime::notify_jvmti_vthread_start;JvmtiVTMSTransitionDisabler::VTMS_vthread_start;JvmtiEventController::thread_started;JvmtiThreadState::JvmtiThreadState;AllocateHeap;os::malloc;malloc 1
/usr/lib/x86_64-linux-gnu/libc.so.6;/usr/lib/x86_64-linux-gnu/libc.so.6;thread_native_entry;Thread::call_run;JavaThread::thread_main_inner;CompileBroker::compiler_thread_loop;CompileBroker::invoke_compiler_on_method;C2Compiler::compile_method;Compile::Compile;Compile::Code_Gen;PhaseChaitin::Register_Allocate;PhaseIFG::Compute_Effective_Degree;PhaseIFG::effective_degree;IndexSetIterator::advance_and_next 1
java/util/concurrent/ForkJoinWorkerThread.run;java/util/concurrent/ForkJoinPool.runWorker;java/util/concurrent/ForkJoinPool.awaitWork 84
java/util/concurrent/ForkJoinWorkerThread.run;java/util/concurrent/ForkJoinPool.runWorker;java/util/concurrent/ForkJoinPool.scan;java/util/concurrent/ForkJoinPool$WorkQueue.topLevelExec;java/util/concurrent/ForkJoinTask.doExec;java/util/concurrent/ForkJoinTask$RunnableExecuteAction.exec;java/lang/VirtualThread$$Lambda.0x00007d902c039c78.run;java/lang/VirtualThread.runContinuation;java/lang/VirtualThread.unmount;_notify_jvmti_vthread_unmount;SharedRuntime::notify_jvmti_vthread_unmount;JNIHandles::make_local;__tls_get_addr@plt 2
java/util/concurrent/ForkJoinWorkerThread.run;java/util/concurrent/ForkJoinPool.runWorker;java/util/concurrent/ForkJoinPool.scan;java/util/concurrent/ForkJoinPool$WorkQueue.topLevelExec;java/util/concurrent/ForkJoinTask.doExec;java/util/concurrent/ForkJoinTask$RunnableExecuteAction.exec;java/lang/VirtualThread$$Lambda.0x00007d902c039c78.run;java/lang/VirtualThread.runContinuation;jdk/internal/vm/Continuation.run;jdk/internal/vm/Continuation.enterSpecial;jdk/internal/vm/Continuation.enter;jdk/internal/vm/Continuation.enter0;java/lang/VirtualThread$VThreadContinuation$1.run;java/lang/VirtualThread.run;_notify_jvmti_vthread_start;SharedRuntime::notify_jvmti_vthread_start;JvmtiVTMSTransitionDisabler::VTMS_vthread_start;JvmtiVTMSTransitionDisabler::VTMS_mount_end;__pthread_mutex_unlock;/usr/lib/x86_64-linux-gnu/libc.so.6 2520
java/util/concurrent/ForkJoinWorkerThread.run;java/util/concurrent/ForkJoinPool.runWorker;java/util/concurrent/ForkJoinPool.scan;java/util/concurrent/ForkJoinPool$WorkQueue.topLevelExec;java/util/concurrent/ForkJoinTask.doExec;java/util/concurrent/ForkJoinTask$RunnableExecuteAction.exec;java/lang/VirtualThread$$Lambda.0x00007d902c039c78.run;java/lang/VirtualThread.runContinuation;jdk/internal/vm/Continuation.run;jdk/internal/vm/Continuation.enterSpecial;jdk/internal/vm/Continuation.enter;jdk/internal/vm/Continuation.enter0;java/lang/VirtualThread$VThreadContinuation$1.run;java/lang/VirtualThread.run;_notify_jvmti_vthread_end;SharedRuntime::notify_jvmti_vthread_end;JvmtiVTMSTransitionDisabler::VTMS_vthread_end;JvmtiVTMSTransitionDisabler::start_VTMS_transition;HandleMark::~HandleMark 5
java/util/concurrent/ForkJoinWorkerThread.run;java/util/concurrent/ForkJoinPool.runWorker;java/util/concurrent/ForkJoinPool.scan;java/util/concurrent/ForkJoinPool$WorkQueue.topLevelExec;java/util/concurrent/ForkJoinTask.doExec;java/util/concurrent/ForkJoinTask$RunnableExecuteAction.exec;java/lang/VirtualThread$$Lambda.0x00007d902c039c78.run;java/lang/VirtualThread.runContinuation;java/lang/VirtualThread.mount;java/lang/VirtualThread.setCarrierThread 1
java/util/concurrent/ForkJoinWorkerThread.run;java/util/concurrent/ForkJoinPool.runWorker;java/util/concurrent/ForkJoinPool.scan;java/util/concurrent/ForkJoinPool$WorkQueue.topLevelExec;java/util/concurrent/ForkJoinTask.doExec;java/util/concurrent/ForkJoinTask$RunnableExecuteAction.exec;java/lang/VirtualThread$$Lambda.0x00007d902c039c78.run;java/lang/VirtualThread.runContinuation;java/lang/VirtualThread.afterDone;java/lang/VirtualThread.afterDone;java/util/concurrent/CountDownLatch.countDown 1
java/util/concurrent/ForkJoinWorkerThread.run;java/util/concurrent/ForkJoinPool.runWorker;java/util/concurrent/ForkJoinPool.awaitWork;java/util/concurrent/locks/LockSupport.park;jdk/internal/misc/Unsafe.park;Unsafe_Park;Parker::park;pthread_cond_wait 11
java/util/concurrent/ForkJoinWorkerThread.run;java/util/concurrent/ForkJoinPool.runWorker;java/util/concurrent/ForkJoinPool.scan;java/util/concurrent/ForkJoinPool$WorkQueue.topLevelExec;java/util/concurrent/ForkJoinTask.doExec;java/util/concurrent/ForkJoinTask$RunnableExecuteAction.exec;java/lang/VirtualThread$$Lambda.0x00007d902c039c78.run;java/lang/VirtualThread.runContinuation;jdk/internal/vm/Continuation.run;jdk/internal/vm/Continuation.enterSpecial;jdk/internal/vm/Continuation.enter;jdk/internal/vm/Continuation.enter0;java/lang/VirtualThread$VThreadContinuation$1.run;java/lang/VirtualThread.run;_notify_jvmti_vthread_start;SharedRuntime::notify_jvmti_vthread_start;JvmtiVTMSTransitionDisabler::VTMS_vthread_start;JvmtiEventController::thread_started 27
java/util/concurrent/ForkJoinWorkerThread.run;java/util/concurrent/ForkJoinPool.runWorker;java/util/concurrent/ForkJoinPool.scan;java/util/concurrent/ForkJoinPool$WorkQueue.topLevelExec;java/util/concurrent/ForkJoinTask.doExec;java/util/concurrent/ForkJoinTask$RunnableExecuteAction.exec;java/lang/VirtualThread$$Lambda.0x00007d902c039c78.run;java/lang/VirtualThread.runContinuation;jdk/internal/vm/Continuation.run;jdk/internal/vm/Continuation.enterSpecial;jdk/internal/vm/Continuation.enter;jdk/internal/vm/Continuation.enter0;java/lang/VirtualThread$VThreadContinuation$1.run;java/lang/VirtualThread.run;_notify_jvmti_vthread_end;SharedRuntime::notify_jvmti_vthread_end;JvmtiVTMSTransitionDisabler::VTMS_vthread_end;JvmtiVTMSTransitionDisabler::start_VTMS_transition;java_lang_Thread::set_is_in_VTMS_transition 1
java/util/concurrent/ForkJoinWorkerThread.run;java/util/concurrent/ForkJoinPool.runWorker;java/util/concurrent/ForkJoinPool.scan;java/util/concurrent/ForkJoinPool$WorkQueue.topLevelExec;java/util/concurrent/ForkJoinTask.doExec;java/util/concurrent/ForkJoinTask$RunnableExecuteAction.exec;java/lang/VirtualThread$$Lambda.0x00007d902c039c78.run;java/lang/VirtualThread.runContinuation;jdk/internal/vm/Continuation.run;jdk/internal/vm/Continuation.enterSpecial;jdk/internal/vm/Continuation.enter;jdk/internal/vm/Continuation.enter0;java/lang/VirtualThread$VThreadContinuation$1.run;java/lang/VirtualThread.run;_notify_jvmti_vthread_end;SharedRuntime::notify_jvmti_vthread_end;JvmtiVTMSTransitionDisabler::VTMS_vthread_end;JvmtiExport::cleanup_thread;Mutex::lock;pthread_mutex_trylock 4
java/lang/Thread.run;java/lang/Thread.runWith;java/util/concurrent/ThreadPoolExecutor$Worker.run;java/util/concurrent/ThreadPoolExecutor.runWorker;java/util/concurrent/FutureTask.run;java/util/concurrent/Executors$RunnableAdapter.call;java/util/concurrent/FutureTask.run;org/openjdk/jmh/runner/BenchmarkHandler$BenchmarkTask.call;org/openjdk/jmh/runner/BenchmarkHandler$BenchmarkTask.call;java/lang/reflect/Method.invoke;jdk/internal/reflect/DirectMethodHandleAccessor.invoke;jdk/internal/reflect/DirectMethodHandleAccessor.invokeImpl;java/lang/invoke/LambdaForm$MH.0x00007d902c02e800.invokeExact_MT;java/lang/invoke/LambdaForm$MH.0x00007d902c02e400.invoke;java/lang/invoke/DirectMethodHandle$Holder.invokeSpecial;uk/ac/ncl/jensen/benchmark/jmh_generated/VThreadChurnBenchmark_churn_jmhTest.churn_AverageTime;uk/ac/ncl/jensen/benchmark/jmh_generated/VThreadChurnBenchmark_churn_jmhTest.churn_avgt_jmhStub;uk/ac/ncl/jensen/benchmark/VThreadChurnBenchmark.churn;java/lang/Thread.join;java/lang/Thread.join;java/lang/VirtualThread.joinNanos;java/util/concurrent/CountDownLatch.await;java/util/concurrent/locks/AbstractQueuedSynchronizer.acquireSharedInterruptibly;java/util/concurrent/locks/AbstractQueuedSynchronizer.acquire;java/util/concurrent/locks/LockSupport.park;jdk/internal/misc/Unsafe.park;Unsafe_Park;Parker::park;pthread_cond_wait;/usr/lib/x86_64-linux-gnu/libc.so.6;/usr/lib/x86_64-linux-gnu/libc.so.6 3
java/util/concurrent/ForkJoinWorkerThread.run;java/util/concurrent/ForkJoinPool.runWorker;java/util/concurrent/ForkJoinPool.scan;java/util/concurrent/ForkJoinPool$WorkQueue.topLevelExec;java/util/concurrent/ForkJoinTask.doExec;java/util/concurrent/ForkJoinTask$RunnableExecuteAction.exec;java/lang/VirtualThread$$Lambda.0x00007d902c039c78.run;java/lang/VirtualThread.runContinuation;jdk/internal/vm/Continuation.run;jdk/internal/vm/Continuation.enterSpecial;jdk/internal/vm/Continuation.enter;jdk/internal/vm/Continuation.enter0;java/lang/VirtualThread$VThreadContinuation$1.run;java/lang/VirtualThread.run;_notify_jvmti_vthread_end;SharedRuntime::notify_jvmti_vthread_end;JvmtiVTMSTransitionDisabler::VTMS_vthread_end;__pthread_mutex_unlock;/usr/lib/x86_64-linux-gnu/libc.so.6 90
java/util/concurrent/ForkJoinWorkerThread.run;java/util/concurrent/ForkJoinPool.runWorker;java/util/concurrent/ForkJoinPool.scan 4
java/util/concurrent/ForkJoinWorkerThread.run;java/util/concurrent/ForkJoinPool.runWorker;java/util/concurrent/ForkJoinPool.awaitWork;java/util/concurrent/locks/LockSupport.park;jdk/internal/misc/Unsafe.park;Unsafe_Park;Parker::park;pthread_cond_wait;/usr/lib/x86_64-linux-gnu/libc.so.6 2
java/util/concurrent/ForkJoinWorkerThread.run;java/util/concurrent/ForkJoinPool.runWorker;java/util/concurrent/ForkJoinPool.scan;java/util/concurrent/ForkJoinPool$WorkQueue.topLevelExec;java/util/concurrent/ForkJoinPool$WorkQueue.tryPoll 11
java/util/concurrent/ForkJoinWorkerThread.run;java/util/concurrent/ForkJoinPool.runWorker;java/util/concurrent/ForkJoinPool.scan;java/util/concurrent/ForkJoinPool$WorkQueue.topLevelExec;java/util/concurrent/ForkJoinTask.doExec;java/util/concurrent/ForkJoinTask$RunnableExecuteAction.exec;java/lang/VirtualThread$$Lambda.0x00007d902c039c78.run;java/lang/VirtualThread.runContinuation;jdk/internal/vm/Continuation.run;jdk/internal/vm/Continuation.enterSpecial;jdk/internal/vm/Continuation.enter 1
java/util/concurrent/ForkJoinWorkerThread.run;java/util/concurrent/ForkJoinPool.runWorker;java/util/concurrent/ForkJoinPool.awaitWork 17
java/util/concurrent/ForkJoinWorkerThread.run;java/util/concurrent/ForkJoinPool.runWorker;java/util/concurrent/ForkJoinPool.scan;java/util/concurrent/ForkJoinPool$WorkQueue.topLevelExec;java/util/concurrent/ForkJoinTask.doExec;java/util/concurrent/ForkJoinTask$RunnableExecuteAction.exec;java/lang/VirtualThread$$Lambda.0x00007d902c039c78.run;java/lang/VirtualThread.runContinuation;java/lang/VirtualThread.afterDone;java/lang/VirtualThread.afterDone;jdk/internal/vm/ThreadContainers$RootContainer$TrackingRootContainer.onExit;java/util/concurrent/ConcurrentHashMap$KeySetView.remove;java/util/concurrent/ConcurrentHashMap.remove;java/util/concurrent/ConcurrentHashMap.replaceNode;java/util/concurrent/ConcurrentHashMap.tabAt 21
java/util/concurrent/ForkJoinWorkerThread.run;java/util/concurrent/ForkJoinPool.runWorker;java/util/concurrent/ForkJoinPool.scan;java/util/concurrent/ForkJoinPool$WorkQueue.topLevelExec;java/util/concurrent/ForkJoinTask.doExec;java/util/concurrent/ForkJoinTask$RunnableExecuteAction.exec;java/lang/VirtualThread$$Lambda.0x00007d902c039c78.run;java/lang/VirtualThread.runContinuation;jdk/internal/vm/Continuation.run;jdk/internal/vm/Continuation.enterSpecial;jdk/internal/vm/Continuation.enter;jdk/internal/vm/Continuation.enter0;java/lang/VirtualThread$VThreadContinuation$1.run;java/lang/VirtualThread.run;_notify_jvmti_vthread_start;SharedRuntime::notify_jvmti_vthread_start;JvmtiVTMSTransitionDisabler::VTMS_vthread_start;__pthread_mutex_unlock 6
java/util/concurrent/ForkJoinWorkerThread.run;java/util/concurrent/ForkJoinPool.runWorker;java/util/concurrent/ForkJoinPool.scan;java/util/concurrent/ForkJoinPool$WorkQueue.topLevelExec;java/util/concurrent/ForkJoinTask.doExec;java/util/concurrent/ForkJoinTask$RunnableExecuteAction.exec;java/lang/VirtualThread$$Lambda.0x00007d902c039c78.run;java/lang/VirtualThread.runContinuation;jdk/internal/vm/Continuation.run;jdk/internal/vm/Continuation.enterSpecial;jdk/internal/vm/Continuation.enter;jdk/internal/vm/Continuation.enter0;java/lang/VirtualThread$VThreadContinuation$1.run;java/lang/VirtualThread.run;_notify_jvmti_vthread_end;SharedRuntime::notify_jvmti_vthread_end;JNIHandles::make_local;__tls_get_addr 5
java/util/concurrent/ForkJoinWorkerThread.run;java/util/concurrent/ForkJoinPool.runWorker;java/util/concurrent/ForkJoinPool.scan;java/util/concurrent/ForkJoinPool$WorkQueue.topLevelExec;java/util/concurrent/ForkJoinTask.doExec;java/util/concurrent/ForkJoinTask$RunnableExecuteAction.exec;java/lang/VirtualThread$$Lambda.0x00007d902c039c78.run;java/lang/VirtualThread.runContinuation;jdk/internal/vm/Continuation.run;jdk/internal/vm/Continuation.enterSpecial;jdk/internal/vm/Continuation.enter;jdk/internal/vm/Continuation.enter0;java/lang/VirtualThread$VThreadContinuation$1.run;java/lang/VirtualThread.run;_notify_jvmti_vthread_end;SharedRuntime::notify_jvmti_vthread_end;JvmtiVTMSTransitionDisabler::VTMS_vthread_end;JvmtiVTMSTransitionDisabler::start_VTMS_transition 138
java/util/concurrent/ForkJoinWorkerThread.run;java/util/concurrent/ForkJoinPool.runWorker;java/util/concurrent/ForkJoinPool.scan;java/util/concurrent/ForkJoinPool$WorkQueue.topLevelExec;java/util/concurrent/ForkJoinTask.doExec;java/util/concurrent/ForkJoinTask$RunnableExecuteAction.exec;java/lang/VirtualThread$$Lambda.0x00007d902c039c78.run;java/lang/VirtualThread.runContinuation;jdk/internal/vm/Continuation.run;jdk/internal/vm/Continuation.enterSpecial;jdk/internal/vm/Continuation.enter;jdk/internal/vm/Continuation.enter0;java/lang/VirtualThread$VThreadContinuation$1.run;java/lang/VirtualThread.run;_notify_jvmti_vthread_start;SharedRuntime::notify_jvmti_vthread_start;JvmtiVTMSTransitionDisabler::VTMS_vthread_start;JvmtiEventController::thread_started 1
java/util/concurrent/ForkJoinWorkerThread.run;java/util/concurrent/ForkJoinPool.runWorker;java/util/concurrent/ForkJoinPool.scan;java/util/concurrent/ForkJoinPool$WorkQueue.topLevelExec;java/util/concurrent/ForkJoinTask.doExec;java/util/concurrent/ForkJoinTask$RunnableExecuteAction.exec;java/lang/VirtualThread$$Lambda.0x00007d902c039c78.run;java/lang/VirtualThread.runContinuation;java/lang/VirtualThread.afterDone;java/lang/VirtualThread.afterDone;jdk/internal/misc/Unsafe.freeMemory;jdk/internal/misc/Unsafe.freeMemory0;Unsafe_FreeMemory0;__libc_free 6
java/util/concurrent/ForkJoinWorkerThread.run;java/util/concurrent/ForkJoinPool.runWorker;java/util/concurrent/ForkJoinPool.scan;java/util/concurrent/ForkJoinPool$WorkQueue.topLevelExec;java/util/concurrent/ForkJoinTask.doExec;java/util/concurrent/ForkJoinTask$RunnableExecuteAction.exec;java/lang/VirtualThread$$Lambda.0x00007d902c039c78.run;java/lang/VirtualThread.runContinuation;java/lang/VirtualThread.unmount;_notify_jvmti_vthread_unmount;SharedRuntime::notify_jvmti_vthread_unmount;JvmtiVTMSTransitionDisabler::finish_VTMS_transition;__tls_get_addr 1
java/util/concurrent/ForkJoinWorkerThread.run;java/util/concurrent/ForkJoinPool.runWorker;java/util/concurrent/ForkJoinPool.scan;java/util/concurrent/ForkJoinPool$WorkQueue.topLevelExec;java/util/concurrent/ForkJoinTask.doExec;java/util/concurrent/ForkJoinTask$RunnableExecuteAction.exec;java/lang/VirtualThread$$Lambda.0x00007d902c039c78.run;java/lang/VirtualThread.runContinuation;jdk/internal/vm/Continuation.run;jdk/internal/vm/Continuation.enterSpecial;jdk/internal/vm/Continuation.enter;jdk/internal/vm/Continuation.enter0;java/lang/VirtualThread$VThreadContinuation$1.run;java/lang/VirtualThread.run;_notify_jvmti_vthread_start;SharedRuntime::notify_jvmti_vthread_start;JvmtiVTMSTransitionDisabler::VTMS_vthread_start;JvmtiVTMSTransitionDisabler::VTMS_mount_end;Mutex::lock;pthread_mutex_lock@plt 1
java/util/concurrent/ForkJoinWorkerThread.run;java/util/concurrent/ForkJoinPool.runWorker;java/util/concurrent/ForkJoinPool.scan 3
java/util/concurrent/ForkJoinWorkerThread.run;java/util/concurrent/ForkJoinPool.runWorker;java/util/concurrent/ForkJoinPool.scan;java/util/concurrent/ForkJoinPool$WorkQueue.topLevelExec;java/util/concurrent/ForkJoinTask.doExec;java/util/concurrent/ForkJoinTask$RunnableExecuteAction.exec;java/lang/VirtualThread$$Lambda.0x00007d902c039c78.run;java/lang/VirtualThread.runContinuation;jdk/internal/vm/Continuation.run;jdk/internal/vm/Continuation.enterSpecial;jdk/internal/vm/Continuation.enter;jdk/internal/vm/Continuation.enter0;java/lang/VirtualThread$VThreadContinuation$1.run;java/lang/VirtualThread.run;jdk/internal/vm/StackableScope.popAll;jdk/internal/vm/StackableScope.head;java/lang/System$2.headStackableScope;java/lang/Thread.headStackableScopes 7
java/lang/Thread.run;java/lang/Thread.runWith;java/util/concurrent/ThreadPoolExecutor$Worker.run;java/util/concurrent/ThreadPoolExecutor.runWorker;java/util/concurrent/FutureTask.run;java/util/concurrent/Executors$RunnableAdapter.call;java/util/concurrent/FutureTask.run;org/openjdk/jmh/runner/BenchmarkHandler$BenchmarkTask.call;org/openjdk/jmh/runner/BenchmarkHandler$BenchmarkTask.call;java/lang/reflect/Method.invoke;jdk/internal/reflect/DirectMethodHandleAccessor.invoke;jdk/internal/reflect/DirectMethodHandleAccessor.invokeImpl;java/lang/invoke/LambdaForm$MH.0x00007d902c02e800.invokeExact_MT;java/lang/invoke/LambdaForm$MH.0x00007d902c02e400.invoke;java/lang/invoke/DirectMethodHandle$Holder.invokeSpecial;uk/ac/ncl/jensen/benchmark/jmh_generated/VThreadChurnBenchmark_churn_jmhTest.churn_AverageTime;uk/ac/ncl/jensen/benchmark/jmh_generated/VThreadChurnBenchmark_churn_jmhTest.churn_avgt_jmhStub;uk/ac/ncl/jensen/benchmark/VThreadChurnBenchmark.churn;java/lang/ThreadBuilders$VirtualThreadBuilder.start;java/lang/VirtualThread.start;java/lang/VirtualThread.start;java/lang/VirtualThread.submitRunContinuation;java/util/concurrent/ForkJoinPool.execute;java/util/concurrent/ForkJoinPool.poolSubmit;java/util/concurrent/ForkJoinPool$WorkQueue.push 1
java/util/concurrent/ForkJoinWorkerThread.run;java/util/concurrent/ForkJoinPool.runWorker;java/util/concurrent/ForkJoinPool.scan;java/util/concurrent/ForkJoinPool$WorkQueue.topLevelExec;java/util/concurrent/ForkJoinTask.doExec;java/util/concurrent/ForkJoinTask$RunnableExecuteAction.exec;java/lang/VirtualThread$$Lambda.0x00007d902c039c78.run;java/lang/VirtualThread.runContinuation;jdk/internal/vm/Continuation.run;jdk/internal/vm/Continuation.enterSpecial;jdk/internal/vm/Continuation.enter;jdk/internal/vm/Continuation.enter0;java/lang/VirtualThread$VThreadContinuation$1.run;java/lang/VirtualThread.run;_notify_jvmti_vthread_start;SharedRuntime::notify_jvmti_vthread_start;JvmtiVTMSTransitionDisabler::VTMS_vthread_start;Mutex::unlock 1
java/util/concurrent/ForkJoinWorkerThread.run;java/util/concurrent/ForkJoinPool.runWorker;java/util/concurrent/ForkJoinPool.scan;java/util/concurrent/ForkJoinPool$WorkQueue.topLevelExec;java/util/concurrent/ForkJoinTask.doExec;java/util/concurrent/ForkJoinTask$RunnableExecuteAction.exec;java/lang/VirtualThread$$Lambda.0x00007d902c039c78.run;java/lang/VirtualThread.runContinuation;jdk/internal/vm/Continuation.run;jdk/internal/vm/Continuation.enterSpecial;jdk/internal/vm/Continuation.enter;jdk/internal/vm/Continuation.enter0;java/lang/VirtualThread$VThreadContinuation$1.run;java/lang/VirtualThread.run;_notify_jvmti_vthread_end;SharedRuntime::notify_jvmti_vthread_end;JvmtiVTMSTransitionDisabler::VTMS_vthread_end;JvmtiExport::cleanup_thread;__libc_free;/usr/lib/x86_64-linux-gnu/libc.so.6 1
java/util/concurrent/ForkJoinWorkerThread.run;java/util/concurrent/ForkJoinPool.runWorker;java/util/concurrent/ForkJoinPool.scan;java/util/concurrent/ForkJoinPool$WorkQueue.topLevelExec;java/util/concurrent/ForkJoinTask.doExec;java/util/concurrent/ForkJoinTask$RunnableExecuteAction.exec;java/lang/VirtualThread$$Lambda.0x00007d902c039c78.run;java/lang/VirtualThread.runContinuation;jdk/internal/vm/Continuation.run;jdk/internal/vm/Continuation.enterSpecial;jdk/internal/vm/Continuation.enter;jdk/internal/vm/Continuation.enter0;java/lang/VirtualThread$VThreadContinuation$1.run;java/lang/VirtualThread.run;_notify_jvmti_vthread_start;SharedRuntime::notify_jvmti_vthread_start;JvmtiVTMSTransitionDisabler::VTMS_vthread_start;JvmtiEventController::thread_started;JvmtiEventControllerPrivate::recompute_thread_enabled 14
java/util/concurrent/ForkJoinWorkerThread.run;java/util/concurrent/ForkJoinPool.runWorker;java/util/concurrent/ForkJoinPool.scan 1
java/util/concurrent/ForkJoinWorkerThread.run;java/util/concurrent/ForkJoinPool.runWorker;java/util/concurrent/ForkJoinPool.scan;java/util/concurrent/ForkJoinPool.signalWork 1
java/util/concurrent/ForkJoinWorkerThread.run;java/util/concurrent/ForkJoinPool.runWorker;java/util/concurrent/ForkJoinPool.scan;java/util/concurrent/ForkJoinPool$WorkQueue.topLevelExec;java/util/concurrent/ForkJoinTask.doExec;java/util/concurrent/ForkJoinTask$RunnableExecuteAction.exec;java/lang/VirtualThread$$Lambda.0x00007d902c039c78.run;java/lang/VirtualThread.runContinuation;jdk/internal/vm/Continuation.run;jdk/internal/vm/Continuation.enterSpecial;jdk/internal/vm/Continuation.enter;jdk/internal/vm/Continuation.enter0;java/lang/VirtualThread$VThreadContinuation$1.run;java/lang/VirtualThread.run;_notify_jvmti_vthread_start;SharedRuntime::notify_jvmti_vthread_start;JvmtiVTMSTransitionDisabler::VTMS_vthread_start;JvmtiEventController::thread_started;JvmtiThreadState::JvmtiThreadState;OopStorage::allocate;Mutex::unlock 1
java/util/concurrent/ForkJoinWorkerThread.run;java/util/concurrent/ForkJoinPool.runWorker;java/util/concurrent/ForkJoinPool.awaitWork;java/util/concurrent/locks/LockSupport.park;jdk/internal/misc/Unsafe.park 4
java/util/concurrent/ForkJoinWorkerThread.run;java/util/concurrent/ForkJoinPool.runWorker;java/util/concurrent/ForkJoinPool.scan;java/util/concurrent/ForkJoinPool$WorkQueue.topLevelExec;java/util/concurrent/ForkJoinTask.doExec;java/util/concurrent/ForkJoinTask$RunnableExecuteAction.exec;java/lang/VirtualThread$$Lambda.0x00007d902c039c78.run;java/lang/VirtualThread.runContinuation;java/lang/VirtualThread.mount;java/lang/VirtualThread.setCarrierThread 43
java/util/concurrent/ForkJoinWorkerThread.run;java/util/concurrent/ForkJoinPool.runWorker;java/util/concurrent/ForkJoinPool.scan;java/util/concurrent/ForkJoinPool$WorkQueue.topLevelExec;java/util/concurrent/ForkJoinTask.doExec;java/util/concurrent/ForkJoinTask$RunnableExecuteAction.exec;java/lang/VirtualThread$$Lambda.0x00007d902c039c78.run;java/lang/VirtualThread.runContinuation;java/lang/VirtualThread.afterDone;java/lang/VirtualThread.afterDone;java/util/concurrent/CountDownLatch.countDown;java/util/concurrent/locks/AbstractQueuedSynchronizer.releaseShared;java/util/concurrent/locks/AbstractQueuedSynchronizer.signalNext 1
java/util/concurrent/ForkJoinWorkerThread.run;java/util/concurrent/ForkJoinPool.runWorker;java/util/concurrent/ForkJoinPool.awaitWork 260
java/lang/Thread.run;java/lang/Thread.runWith;java/util/concurrent/ThreadPoolExecutor$Worker.run;java/util/concurrent/ThreadPoolExecutor.runWorker;java/util/concurrent/FutureTask.run;java/util/concurrent/Executors$RunnableAdapter.call;java/util/concurrent/FutureTask.run;org/openjdk/jmh/runner/BenchmarkHandler$BenchmarkTask.call;org/openjdk/jmh/runner/BenchmarkHandler$BenchmarkTask.call;java/lang/reflect/Method.invoke;jdk/internal/reflect/DirectMethodHandleAccessor.invoke;jdk/internal/reflect/DirectMethodHandleAccessor.invokeImpl;java/lang/invoke/LambdaForm$MH.0x00007d902c02e800.invokeExact_MT;java/lang/invoke/LambdaForm$MH.0x00007d902c02e400.invoke;java/lang/invoke/DirectMethodHandle$Holder.invokeSpecial;uk/ac/ncl/jensen/benchmark/jmh_generated/VThreadChurnBenchmark_churn_jmhTest.churn_AverageTime;uk/ac/ncl/jensen/benchmark/jmh_generated/VThreadChurnBenchmark_churn_jmhTest.churn_avgt_jmhStub;uk/ac/ncl/jensen/benchmark/VThreadChurnBenchmark.churn;java/lang/Thread.join;java/lang/Thread.join;java/lang/VirtualThread.joinNanos;java/util/concurrent/CountDownLatch.await;java/util/concurrent/locks/AbstractQueuedSynchronizer.acquireSharedInterruptibly;java/util/concurrent/locks/AbstractQueuedSynchronizer.acquire;java/util/concurrent/locks/LockSupport.park;jdk/internal/misc/Unsafe.park;Unsafe_Park;Parker::park;pthread_cond_wait;_pthread_cleanup_pop 1
java/util/concurrent/ForkJoinWorkerThread.run;java/util/concurrent/ForkJoinPool.runWorker;java/util/concurrent/ForkJoinPool.scan;java/util/concurrent/ForkJoinPool$WorkQueue.topLevelExec;java/util/concurrent/ForkJoinTask.doExec;java/util/concurrent/ForkJoinTask$RunnableExecuteAction.exec;java/lang/VirtualThread$$Lambda.0x00007d902c039c78.run;java/lang/VirtualThread.runContinuation;java/lang/VirtualThread.afterDone;java/lang/VirtualThread.afterDone;jdk/internal/misc/Unsafe.freeMemory;jdk/internal/misc/Unsafe.freeMemory0;Unsafe_FreeMemory0 2
java/lang/Thread.run;java/lang/Thread.runWith;java/util/concurrent/ThreadPoolExecutor$Worker.run;java/util/concurrent/ThreadPoolExecutor.runWorker;java/util/concurrent/FutureTask.run;java/util/concurrent/Executors$RunnableAdapter.call;java/util/concurrent/FutureTask.run;org/openjdk/jmh/runner/BenchmarkHandler$BenchmarkTask.call;org/openjdk/jmh/runner/BenchmarkHandler$BenchmarkTask.call;java/lang/reflect/Method.invoke;jdk/internal/reflect/DirectMethodHandleAccessor.invoke;jdk/internal/reflect/DirectMethodHandleAccessor.invokeImpl;java/lang/invoke/LambdaForm$MH.0x00007d902c02e800.invokeExact_MT;java/lang/invoke/LambdaForm$MH.0x00007d902c02e400.invoke;java/lang/invoke/DirectMethodHandle$Holder.invokeSpecial;uk/ac/ncl/jensen/benchmark/jmh_generated/VThreadChurnBenchmark_churn_jmhTest.churn_AverageTime;uk/ac/ncl/jensen/benchmark/jmh_generated/VThreadChurnBenchmark_churn_jmhTest.churn_avgt_jmhStub;uk/ac/ncl/jensen/benchmark/VThreadChurnBenchmark.churn;java/lang/ThreadBuilders$VirtualThreadBuilder.start;java/lang/VirtualThread.start;java/lang/VirtualThread.start;java/lang/VirtualThread.submitRunContinuation;java/util/concurrent/ForkJoinPool.execute;java/util/concurrent/ForkJoinPool.poolSubmit;java/util/concurrent/ForkJoinPool$WorkQueue.push;java/util/concurrent/ForkJoinPool.signalWork;java/util/concurrent/locks/LockSupport.unpark;jdk/internal/misc/Unsafe.unpark;Unsafe_Unpark;Parker::unpark;__pthread_mutex_unlock;/usr/lib/x86_64-linux-gnu/libc.so.6 1
java/util/concurrent/ForkJoinWorkerThread.run;java/util/concurrent/ForkJoinPool.runWorker;java/util/concurrent/ForkJoinPool.awaitWork;java/util/concurrent/locks/LockSupport.park;jdk/internal/misc/Unsafe.park;Unsafe_Park;Parker::park;pthread_cond_wait;/usr/lib/x86_64-linux-gnu/libc.so.6 88
java/util/concurrent/ForkJoinWorkerThread.run;java/util/concurrent/ForkJoinPool.runWorker;java/util/concurrent/ForkJoinPool.scan;java/util/concurrent/ForkJoinPool$WorkQueue.topLevelExec;java/util/concurrent/ForkJoinTask.doExec;java/util/concurrent/ForkJoinTask$RunnableExecuteAction.exec;java/lang/VirtualThread$$Lambda.0x00007d902c039c78.run;java/lang/VirtualThread.runContinuation;java/lang/VirtualThread.mount;_notify_jvmti_vthread_mount;SharedRuntime::notify_jvmti_vthread_mount;JvmtiVTMSTransitionDisabler::start_VTMS_transition;__tls_get_addr 3
java/util/concurrent/ForkJoinWorkerThread.run;java/util/concurrent/ForkJoinPool.runWorker;java/util/concurrent/ForkJoinPool.scan;java/util/concurrent/ForkJoinPool.signalWork 2
java/util/concurrent/ForkJoinWorkerThread.run;java/util/concurrent/ForkJoinPool.runWorker;java/util/concurrent/ForkJoinPool.scan;java/util/concurrent/ForkJoinPool$WorkQueue.topLevelExec;java/util/concurrent/ForkJoinTask.doExec;java/util/concurrent/ForkJoinTask$RunnableExecuteAction.exec;java/lang/VirtualThread$$Lambda.0x00007d902c039c78.run;java/lang/VirtualThread.runContinuation;jdk/internal/vm/Continuation.run;jdk/internal/vm/Continuation.enterSpecial;jdk/internal/vm/Continuation.enter;jdk/internal/vm/Continuation.enter0;java/lang/VirtualThread$VThreadContinuation$1.run;java/lang/VirtualThread.run;_notify_jvmti_vthread_start;SharedRuntime::notify_jvmti_vthread_start;JvmtiVTMSTransitionDisabler::VTMS_vthread_start;JvmtiVTMSTransitionDisabler::VTMS_mount_end;Mutex::lock 5
java/util/concurrent/ForkJoinWorkerThread.run;java/util/concurrent/ForkJoinPool.runWorker;java/util/concurrent/ForkJoinPool.scan;java/util/concurrent/ForkJoinPool$WorkQueue.topLevelExec;java/util/concurrent/ForkJoinPool$WorkQueue.tryPoll 3
java/util/concurrent/ForkJoinWorkerThread.run;java/util/concurrent/ForkJoinPool.runWorker;java/util/concurrent/ForkJoinPool.scan;java/util/concurrent/ForkJoinPool$WorkQueue.topLevelExec;java/util/concurrent/ForkJoinTask.doExec;java/util/concurrent/ForkJoinTask$RunnableExecuteAction.exec;java/lang/VirtualThread$$Lambda.0x00007d902c039c78.run;java/lang/VirtualThread.runContinuation;java/lang/VirtualThread.unmount 2
java/util/concurrent/ForkJoinWorkerThread.run;java/util/concurrent/ForkJoinPool.runWorker;java/util/concurrent/ForkJoinPool.scan;java/util/concurrent/ForkJoinPool$WorkQueue.topLevelExec;java/util/concurrent/ForkJoinTask.doExec;java/util/concurrent/ForkJoinTask$RunnableExecuteAction.exec;java/lang/VirtualThread$$Lambda.0x00007d902c039c78.run;java/lang/VirtualThread.runContinuation;java/lang/VirtualThread.mount 1
java/util/concurrent/ForkJoinWorkerThread.run;java/util/concurrent/ForkJoinPool.runWorker;java/util/concurrent/ForkJoinPool.scan;java/util/concurrent/ForkJoinPool$WorkQueue.topLevelExec;java/util/concurrent/ForkJoinTask.doExec;java/util/concurrent/ForkJoinTask$RunnableExecuteAction.exec;java/lang/VirtualThread$$Lambda.0x00007d902c039c78.run;java/lang/VirtualThread.runContinuation;jdk/internal/vm/Continuation.run;jdk/internal/vm/Continuation.enterSpecial;jdk/internal/vm/Continuation.enter;jdk/internal/vm/Continuation.enter0;java/lang/VirtualThread$VThreadContinuation$1.run;java/lang/VirtualThread.run;_notify_jvmti_vthread_end;SharedRuntime::notify_jvmti_vthread_end;JvmtiVTMSTransitionDisabler::VTMS_vthread_end;JvmtiExport::cleanup_thread;JvmtiEventController::thread_ended;JvmtiThreadState::~JvmtiThreadState;os::free 3
java/util/concurrent/ForkJoinWorkerThread.run;java/util/concurrent/ForkJoinPool.runWorker;java/util/concurrent/ForkJoinPool.scan;java/util/concurrent/ForkJoinPool$WorkQueue.topLevelExec;java/util/concurrent/ForkJoinTask.doExec;java/util/concurrent/ForkJoinTask$RunnableExecuteAction.exec;java/lang/VirtualThread$$Lambda.0x00007d902c039c78.run;java/lang/VirtualThread.runContinuation;jdk/internal/vm/Continuation.run;jdk/internal/vm/Continuation.enterSpecial;jdk/internal/vm/Continuation.enter;jdk/internal/vm/Continuation.enter0;java/lang/VirtualThread$VThreadContinuation$1.run;java/lang/VirtualThread.run;_notify_jvmti_vthread_end;SharedRuntime::notify_jvmti_vthread_end;JvmtiVTMSTransitionDisabler::VTMS_vthread_end;JvmtiExport::cleanup_thread;JvmtiEventController::thread_ended;JvmtiThreadState::~JvmtiThreadState;AccessInternal::PostRuntimeDispatch<G1BarrierSet::AccessBarrier<548964ul, G1BarrierSet>, (AccessInternal::BarrierType)0, 548964ul>::oop_access_barrier 17
java/util/concurrent/ForkJoinWorkerThread.run;java/util/concurrent/ForkJoinPool.runWorker;java/util/concurrent/ForkJoinPool.scan;java/util/concurrent/ForkJoinPool$WorkQueue.topLevelExec;java/util/concurrent/ForkJoinTask.doExec;java/util/concurrent/ForkJoinTask$RunnableExecuteAction.exec;java/lang/VirtualThread$$Lambda.0x00007d902c039c78.run;java/lang/VirtualThread.runContinuation;jdk/internal/vm/Continuation.run;jdk/internal/vm/Continuation.enterSpecial;jdk/internal/vm/Continuation.enter;jdk/internal/vm/Continuation.enter0;java/lang/VirtualThread$VThreadContinuation$1.run;java/lang/VirtualThread.run;_notify_jvmti_vthread_end;SharedRuntime::notify_jvmti_vthread_end;JvmtiVTMSTransitionDisabler::VTMS_vthread_end;JvmtiExport::cleanup_thread;Mutex::lock;pthread_mutex_lock@plt 1
java/util/concurrent/ForkJoinWorkerThread.run;java/util/concurrent/ForkJoinPool.runWorker;java/util/concurrent/ForkJoinPool.scan;java/util/concurrent/ForkJoinPool$WorkQueue.topLevelExec;java/util/concurrent/ForkJoinTask.doExec;java/util/concurrent/ForkJoinTask$RunnableExecuteAction.exec;java/lang/VirtualThread$$Lambda.0x00007d902c039c78.run;java/lang/VirtualThread.runContinuation;jdk/internal/vm/Continuation.run;jdk/internal/vm/Continuation.enterSpecial;jdk/internal/vm/Continuation.enter;jdk/internal/vm/Continuation.enter0;java/lang/VirtualThread$VThreadContinuation$1.run;java/lang/VirtualThread.run;_notify_jvmti_vthread_start;SharedRuntime::notify_jvmti_vthread_start;JvmtiVTMSTransitionDisabler::VTMS_vthread_start;JvmtiVTMSTransitionDisabler::VTMS_mount_end;Mutex::lock;ThreadBlockInVMPreprocess<InFlightMutexRelease>::~ThreadBlockInVMPreprocess 42
java/util/concurrent/ForkJoinWorkerThread.run;java/util/concurrent/ForkJoinPool.runWorker;java/util/concurrent/ForkJoinPool.scan;java/util/concurrent/ForkJoinPool$WorkQueue.topLevelExec;java/util/concurrent/ForkJoinTask.doExec;java/util/concurrent/ForkJoinTask$RunnableExecuteAction.exec;java/lang/VirtualThread$$Lambda.0x00007d902c039c78.run;java/lang/VirtualThread.runContinuation;jdk/internal/vm/Continuation.run;jdk/internal/vm/Continuation.enterSpecial;jdk/internal/vm/Continuation.enter;jdk/internal/vm/Continuation.enter0;java/lang/VirtualThread$VThreadContinuation$1.run;java/lang/VirtualThread.run;_notify_jvmti_vthread_start;SharedRuntime::notify_jvmti_vthread_start;JvmtiVTMSTransitionDisabler::VTMS_vthread_start;JvmtiVTMSTransitionDisabler::VTMS_mount_end;JavaThread::rebind_to_jvmti_thread_state_of;AccessInternal::PostRuntimeDispatch<G1BarrierSet::AccessBarrier<548964ul, G1BarrierSet>, (AccessInternal::BarrierType)0, 548964ul>::oop_access_barrier 3
java/util/concurrent/ForkJoinWorkerThread.run;java/util/concurrent/ForkJoinPool.runWorker;java/util/concurrent/ForkJoinPool.scan;java/util/concurrent/ForkJoinPool$WorkQueue.topLevelExec;java/util/concurrent/ForkJoinPool$WorkQueue.tryPoll 1
java/lang/Thread.run;java/lang/Thread.runWith;java/util/concurrent/ThreadPoolExecutor$Worker.run;java/util/concurrent/ThreadPoolExecutor.runWorker;java/util/concurrent/FutureTask.run;java/util/concurrent/Executors$RunnableAdapter.call;java/util/concurrent/FutureTask.run;org/openjdk/jmh/runner/BenchmarkHandler$BenchmarkTask.call;org/openjdk/jmh/runner/BenchmarkHandler$BenchmarkTask.call;java/lang/reflect/Method.invoke;jdk/internal/reflect/DirectMethodHandleAccessor.invoke;jdk/internal/reflect/DirectMethodHandleAccessor.invokeImpl;java/lang/invoke/LambdaForm$MH.0x00007d902c02e800.invokeExact_MT;java/lang/invoke/LambdaForm$MH.0x00007d902c02e400.invoke;java/lang/invoke/DirectMethodHandle$Holder.invokeSpecial;uk/ac/ncl/jensen/benchmark/jmh_generated/VThreadChurnBenchmark_churn_jmhTest.churn_AverageTime;uk/ac/ncl/jensen/benchmark/jmh_generated/VThreadChurnBenchmark_churn_jmhTest.churn_avgt_jmhStub;uk/ac/ncl/jensen/benchmark/VThreadChurnBenchmark.churn;java/lang/Thread.join;java/lang/Thread.join;java/lang/VirtualThread.joinNanos;java/util/concurrent/CountDownLatch.await;java/util/concurrent/locks/AbstractQueuedSynchronizer.acquireSharedInterruptibly;java/util/concurrent/locks/AbstractQueuedSynchronizer.acquire;java/util/concurrent/locks/LockSupport.park;jdk/internal/misc/Unsafe.park;Unsafe_Park 1
java/util/concurrent/ForkJoinWorkerThread.run;java/util/concurrent/ForkJoinPool.runWorker;java/util/concurrent/ForkJoinPool.scan;java/util/concurrent/ForkJoinPool$WorkQueue.topLevelExec;java/util/concurrent/ForkJoinTask.doExec;java/util/concurrent/ForkJoinTask$RunnableExecuteAction.exec;java/lang/VirtualThread$$Lambda.0x00007d902c039c78.run;java/lang/VirtualThread.runContinuation;jdk/internal/vm/Continuation.run;jdk/internal/vm/Continuation.enterSpecial;jdk/internal/vm/Continuation.enter;jdk/internal/vm/Continuation.enter0;java/lang/VirtualThread$VThreadContinuation$1.run;java/lang/VirtualThread.run;_notify_jvmti_vthread_start;SharedRuntime::notify_jvmti_vthread_start;JvmtiVTMSTransitionDisabler::VTMS_vthread_start;JvmtiEventController::thread_started;Mutex::lock 1
java/util/concurrent/ForkJoinWorkerThread.run;java/util/concurrent/ForkJoinPool.runWorker;java/util/concurrent/ForkJoinPool.scan;java/util/concurrent/ForkJoinPool$WorkQueue.topLevelExec;java/util/concurrent/ForkJoinTask.doExec;java/util/concurrent/ForkJoinTask$RunnableExecuteAction.exec;java/lang/VirtualThread$$Lambda.0x00007d902c039c78.run;java/lang/VirtualThread.runContinuation;java/lang/VirtualThread.afterDone;java/lang/VirtualThread.afterDone;jdk/internal/vm/ThreadContainers$RootContainer$TrackingRootContainer.onExit;java/util/concurrent/ConcurrentHashMap$KeySetView.remove 1
java/util/concurrent/ForkJoinWorkerThread.run;java/util/concurrent/ForkJoinPool.runWorker;java/util/concurrent/ForkJoinPool.scan;java/util/concurrent/ForkJoinPool$WorkQueue.topLevelExec;java/util/concurrent/ForkJoinTask.doExec;java/util/concurrent/ForkJoinTask$RunnableExecuteAction.exec;java/lang/VirtualThread$$Lambda.0x00007d902c039c78.run;java/lang/VirtualThread.runContinuation;jdk/internal/vm/Continuation.run;jdk/internal/vm/Continuation.enterSpecial;jdk/internal/vm/Continuation.enter;jdk/internal/vm/Continuation.enter0;java/lang/VirtualThread$VThreadContinuation$1.run;java/lang/VirtualThread.run;java/lang/Thread.runWith;uk/ac/ncl/jensen/benchmark/VThreadChurnBenchmark$$Lambda.0x00007d902c029bb0.run;uk/ac/ncl/jensen/benchmark/VThreadChurnBenchmark.lambda$churn$0;org/openjdk/jmh/infra/Blackhole.consumeCPU 1
java/lang/Thread.run;java/lang/Thread.runWith;java/util/concurrent/ThreadPoolExecutor$Worker.run;java/util/concurrent/ThreadPoolExecutor.runWorker;java/util/concurrent/FutureTask.run;java/util/concurrent/Executors$RunnableAdapter.call;java/util/concurrent/FutureTask.run;org/openjdk/jmh/runner/BenchmarkHandler$BenchmarkTask.call;org/openjdk/jmh/runner/BenchmarkHandler$BenchmarkTask.call;java/lang/reflect/Method.invoke;jdk/internal/reflect/DirectMethodHandleAccessor.invoke;jdk/internal/reflect/DirectMethodHandleAccessor.invokeImpl;java/lang/invoke/LambdaForm$MH.0x00007d902c02e800.invokeExact_MT;java/lang/invoke/LambdaForm$MH.0x00007d902c02e400.invoke;java/lang/invoke/DirectMethodHandle$Holder.invokeSpecial;uk/ac/ncl/jensen/benchmark/jmh_generated/VThreadChurnBenchmark_churn_jmhTest.churn_AverageTime;uk/ac/ncl/jensen/benchmark/jmh_generated/VThreadChurnBenchmark_churn_jmhTest.churn_avgt_jmhStub;uk/ac/ncl/jensen/benchmark/VThreadChurnBenchmark.churn;java/lang/Thread.join;java/lang/Thread.join;java/lang/VirtualThread.joinNanos;java/util/concurrent/CountDownLatch.await;java/util/concurrent/locks/AbstractQueuedSynchronizer.acquireSharedInterruptibly;java/util/concurrent/locks/AbstractQueuedSynchronizer.acquire;java/util/concurrent/locks/LockSupport.park;jdk/internal/misc/Unsafe.park;Unsafe_Park;Parker::park;pthread_cond_wait 2
java/util/concurrent/ForkJoinWorkerThread.run;java/util/concurrent/ForkJoinPool.runWorker;java/util/concurrent/ForkJoinPool.scan;java/util/concurrent/ForkJoinPool$WorkQueue.topLevelExec;java/util/concurrent/ForkJoinTask.doExec;java/util/concurrent/ForkJoinTask$RunnableExecuteAction.exec;java/lang/VirtualThread$$Lambda.0x00007d902c039c78.run;java/lang/VirtualThread.runContinuation;jdk/internal/vm/Continuation.run;jdk/internal/vm/Continuation.enterSpecial;jdk/internal/vm/Continuation.enter;jdk/internal/vm/Continuation.enter0;java/lang/VirtualThread$VThreadContinuation$1.run;java/lang/VirtualThread.run;_notify_jvmti_vthread_end;SharedRuntime::notify_jvmti_vthread_end;JvmtiVTMSTransitionDisabler::VTMS_vthread_end;JvmtiExport::cleanup_thread;Mutex::lock 2
/usr/lib/x86_64-linux-gnu/libc.so.6;/usr/lib/x86_64-linux-gnu/libc.so.6;thread_native_entry;Thread::call_run;JavaThread::thread_main_inner;CompileBroker::compiler_thread_loop;CompileBroker::invoke_compiler_on_method;ciEnv::cache_jvmti_state;Mutex::lock;pthread_mutex_trylock 1
java/util/concurrent/ForkJoinWorkerThread.run;java/util/concurrent/ForkJoinPool.runWorker;java/util/concurrent/ForkJoinPool.scan;java/util/concurrent/ForkJoinPool$WorkQueue.topLevelExec;java/util/concurrent/ForkJoinPool$WorkQueue.tryPoll;java/util/concurrent/ForkJoinPool$WorkQueue.casSlotToNull 4
java/util/concurrent/ForkJoinWorkerThread.run;java/util/concurrent/ForkJoinPool.runWorker;java/util/concurrent/ForkJoinPool.awaitWork;java/util/concurrent/locks/LockSupport.park;jdk/internal/misc/Unsafe.park;Unsafe_Park;JavaThreadParkedState::JavaThreadParkedState;java_lang_Thread::get_thread_status 1
java/util/concurrent/ForkJoinWorkerThread.run;java/util/concurrent/ForkJoinPool.runWorker;java/util/concurrent/ForkJoinPool.scan 6
java/util/concurrent/ForkJoinWorkerThread.run;java/util/concurrent/ForkJoinPool.runWorker;java/util/concurrent/ForkJoinPool.scan;java/util/concurrent/ForkJoinPool$WorkQueue.topLevelExec;java/util/concurrent/ForkJoinTask.doExec;java/util/concurrent/ForkJoinTask$RunnableExecuteAction.exec;java/lang/VirtualThread$$Lambda.0x00007d902c039c78.run;java/lang/VirtualThread.runContinuation;jdk/internal/vm/Continuation.run;jdk/internal/vm/Continuation.enterSpecial;jdk/internal/vm/Continuation.enter;jdk/internal/vm/Continuation.enter0;java/lang/VirtualThread$VThreadContinuation$1.run;java/lang/VirtualThread.run;_notify_jvmti_vthread_end;SharedRuntime::notify_jvmti_vthread_end;JvmtiVTMSTransitionDisabler::VTMS_vthread_end;JvmtiExport::cleanup_thread;JvmtiEventController::thread_ended;JvmtiThreadState::~JvmtiThreadState;OopStorage::release;OopStorage::Block::release_entries 13
java/util/concurrent/ForkJoinWorkerThread.run;java/util/concurrent/ForkJoinPool.runWorker;java/util/concurrent/ForkJoinPool.scan 11
java/util/concurrent/ForkJoinWorkerThread.run;java/util/concurrent/ForkJoinPool.runWorker;java/util/concurrent/ForkJoinPool.scan 1
java/util/concurrent/ForkJoinWorkerThread.run;java/util/concurrent/ForkJoinPool.runWorker;java/util/concurrent/ForkJoinPool.scan;java/util/concurrent/ForkJoinPool$WorkQueue.topLevelExec;java/util/concurrent/ForkJoinTask.doExec;java/util/concurrent/ForkJoinTask$RunnableExecuteAction.exec;java/lang/VirtualThread$$Lambda.0x00007d902c039c78.run;java/lang/VirtualThread.runContinuation;jdk/internal/vm/Continuation.run;jdk/internal/vm/Continuation.enterSpecial;jdk/internal/vm/Continuation.enter;jdk/internal/vm/Continuation.enter0;java/lang/VirtualThread$VThreadContinuation$1.run;java/lang/VirtualThread.run;_notify_jvmti_vthread_start;SharedRuntime::notify_jvmti_vthread_start;JvmtiVTMSTransitionDisabler::VTMS_vthread_start;JvmtiVTMSTransitionDisabler::VTMS_mount_end;Mutex::lock;pthread_mutex_trylock 258
java/util/concurrent/ForkJoinWorkerThread.run;java/util/concurrent/ForkJoinPool.runWorker;java/util/concurrent/ForkJoinPool.scan;java/util/concurrent/ForkJoinPool$WorkQueue.topLevelExec;java/util/concurrent/ForkJoinTask.doExec;java/util/concurrent/ForkJoinTask$RunnableExecuteAction.exec;java/lang/VirtualThread$$Lambda.0x00007d902c039c78.run;java/lang/VirtualThread.runContinuation;jdk/internal/vm/Continuation.run;jdk/internal/vm/Continuation.enterSpecial;jdk/internal/vm/Continuation.enter;jdk/internal/vm/Continuation.enter0;java/lang/VirtualThread$VThreadContinuation$1.run;java/lang/VirtualThread.run;java/lang/Thread.runWith;uk/ac/ncl/jensen/benchmark/VThreadChurnBenchmark$$Lambda.0x00007d902c029bb0.run;uk/ac/ncl/jensen/benchmark/VThreadChurnBenchmark.lambda$churn$0;org/openjdk/jmh/infra/Blackhole.consumeCPU 1
[unknown];jdk/internal/misc/Unsafe.freeMemory0 1
java/util/concurrent/ForkJoinWorkerThread.run;java/util/concurrent/ForkJoinPool.runWorker;java/util/concurrent/ForkJoinPool.scan;java/util/concurrent/ForkJoinPool$WorkQueue.topLevelExec;java/util/concurrent/ForkJoinTask.doExec;java/util/concurrent/ForkJoinTask$RunnableExecuteAction.exec;java/lang/VirtualThread$$Lambda.0x00007d902c039c78.run;java/lang/VirtualThread.runContinuation;jdk/internal/vm/Continuation.run;jdk/internal/vm/Continuation.enterSpecial;jdk/internal/vm/Continuation.enter;jdk/internal/vm/Continuation.enter0;java/lang/VirtualThread$VThreadContinuation$1.run;java/lang/VirtualThread.run;_notify_jvmti_vthread_end;SharedRuntime::notify_jvmti_vthread_end;JvmtiVTMSTransitionDisabler::VTMS_vthread_end;pthread_mutex_unlock@plt 3
java/util/concurrent/ForkJoinWorkerThread.run;java/util/concurrent/ForkJoinPool.runWorker;java/util/concurrent/ForkJoinPool.scan;java/util/concurrent/ForkJoinPool$WorkQueue.topLevelExec;java/util/concurrent/ForkJoinTask.doExec;java/util/concurrent/ForkJoinTask$RunnableExecuteAction.exec;java/lang/VirtualThread$$Lambda.0x00007d902c039c78.run;java/lang/VirtualThread.runContinuation;jdk/internal/vm/Continuation.run;jdk/internal/vm/Continuation.enterSpecial;jdk/internal/vm/Continuation.enter;jdk/internal/vm/Continuation.enter0;java/lang/VirtualThread$VThreadContinuation$1.run;java/lang/VirtualThread.run;_notify_jvmti_vthread_start;SharedRuntime::notify_jvmti_vthread_start 32
java/lang/Thread.run;java/lang/Thread.runWith;java/util/concurrent/ThreadPoolExecutor$Worker.run;java/util/concurrent/ThreadPoolExecutor.runWorker;java/util/concurrent/FutureTask.run;java/util/concurrent/Executors$RunnableAdapter.call;java/util/concurrent/FutureTask.run;org/openjdk/jmh/runner/BenchmarkHandler$BenchmarkTask.call;org/openjdk/jmh/runner/BenchmarkHandler$BenchmarkTask.call;java/lang/reflect/Method.invoke;jdk/internal/reflect/DirectMethodHandleAccessor.invoke;jdk/internal/reflect/DirectMethodHandleAccessor.invokeImpl;java/lang/invoke/LambdaForm$MH.0x00007d902c02e800.invokeExact_MT;java/lang/invoke/LambdaForm$MH.0x00007d902c02e400.invoke;java/lang/invoke/DirectMethodHandle$Holder.invokeSpecial;uk/ac/ncl/jensen/benchmark/jmh_generated/VThreadChurnBenchmark_churn_jmhTest.churn_AverageTime;uk/ac/ncl/jensen/benchmark/jmh_generated/VThreadChurnBenchmark_churn_jmhTest.churn_avgt_jmhStub;uk/ac/ncl/jensen/benchmark/VThreadChurnBenchmark.churn;java/lang/ThreadBuilders$VirtualThreadBuilder.start;java/lang/VirtualThread.start;java/lang/VirtualThread.start;jdk/internal/misc/Unsafe.allocateMemory;jdk/internal/misc/Unsafe.allocateMemory0 19
java/util/concurrent/ForkJoinWorkerThread.run;java/util/concurrent/ForkJoinPool.runWorker;java/util/concurrent/ForkJoinPool.scan;java/util/concurrent/ForkJoinPool$WorkQueue.topLevelExec;java/util/concurrent/ForkJoinTask.doExec;java/util/concurrent/ForkJoinTask$RunnableExecuteAction.exec;java/lang/VirtualThread$$Lambda.0x00007d902c039c78.run;java/lang/VirtualThread.runContinuation;jdk/internal/vm/Continuation.run;jdk/internal/vm/Continuation.enterSpecial;jdk/internal/vm/Continuation.enter;jdk/internal/vm/Continuation.enter0;java/lang/VirtualThread$VThreadContinuation$1.run;java/lang/VirtualThread.run;_notify_jvmti_vthread_end;SharedRuntime::notify_jvmti_vthread_end;JavaThread::rebind_to_jvmti_thread_state_of;JvmtiThreadState::set_thread 1
java/lang/Thread.run;java/lang/Thread.runWith;java/util/concurrent/ThreadPoolExecutor$Worker.run;java/util/concurrent/ThreadPoolExecutor.runWorker;java/util/concurrent/FutureTask.run;java/util/concurrent/Executors$RunnableAdapter.call;java/util/concurrent/FutureTask.run;org/openjdk/jmh/runner/BenchmarkHandler$BenchmarkTask.call;org/openjdk/jmh/runner/BenchmarkHandler$BenchmarkTask.call;java/lang/reflect/Method.invoke;jdk/internal/reflect/DirectMethodHandleAccessor.invoke;jdk/internal/reflect/DirectMethodHandleAccessor.invokeImpl;java/lang/invoke/LambdaForm$MH.0x00007d902c02e800.invokeExact_MT;java/lang/invoke/LambdaForm$MH.0x00007d902c02e400.invoke;java/lang/invoke/DirectMethodHandle$Holder.invokeSpecial;uk/ac/ncl/jensen/benchmark/jmh_generated/VThreadChurnBenchmark_churn_jmhTest.churn_AverageTime;uk/ac/ncl/jensen/benchmark/jmh_generated/VThreadChurnBenchmark_churn_jmhTest.churn_avgt_jmhStub;uk/ac/ncl/jensen/benchmark/VThreadChurnBenchmark.churn;java/lang/ThreadBuilders$VirtualThreadBuilder.start;java/lang/VirtualThread.start;java/lang/VirtualThread.start;jdk/internal/vm/ThreadContainers$RootContainer$TrackingRootContainer.onStart;java/util/concurrent/ConcurrentHashMap$KeySetView.add;java/util/concurrent/ConcurrentHashMap.putVal 7
java/lang/Thread.run;java/lang/Thread.runWith;java/util/concurrent/ThreadPoolExecutor$Worker.run;java/util/concurrent/ThreadPoolExecutor.runWorker;java/util/concurrent/FutureTask.run;java/util/concurrent/Executors$RunnableAdapter.call;java/util/concurrent/FutureTask.run;org/openjdk/jmh/runner/BenchmarkHandler$BenchmarkTask.call;org/openjdk/jmh/runner/BenchmarkHandler$BenchmarkTask.call;java/lang/reflect/Method.invoke;jdk/internal/reflect/DirectMethodHandleAccessor.invoke;jdk/internal/reflect/DirectMethodHandleAccessor.invokeImpl;java/lang/invoke/LambdaForm$MH.0x00007d902c02e800.invokeExact_MT;java/lang/invoke/LambdaForm$MH.0x00007d902c02e400.invoke;java/lang/invoke/DirectMethodHandle$Holder.invokeSpecial;uk/ac/ncl/jensen/benchmark/jmh_generated/VThreadChurnBenchmark_churn_jmhTest.churn_AverageTime;uk/ac/ncl/jensen/benchmark/jmh_generated/VThreadChurnBenchmark_churn_jmhTest.churn_avgt_jmhStub;uk/ac/ncl/jensen/benchmark/VThreadChurnBenchmark.churn;java/lang/ThreadBuilders$VirtualThreadBuilder.start;java/lang/VirtualThread.start;java/lang/VirtualThread.start;jdk/internal/misc/Unsafe.setMemory;jdk/internal/misc/Unsafe.setMemory;jdk/internal/misc/Unsafe.setMemory0;Unsafe_SetMemory0 14
java/util/concurrent/ForkJoinWorkerThread.run;java/util/concurrent/ForkJoinPool.runWorker;java/util/concurrent/ForkJoinPool.awaitWork 10
java/util/concurrent/ForkJoinWorkerThread.run;java/util/concurrent/ForkJoinPool.runWorker;java/util/concurrent/ForkJoinPool.scan;java/util/concurrent/ForkJoinPool$WorkQueue.topLevelExec;java/util/concurrent/ForkJoinTask.doExec;java/util/concurrent/ForkJoinTask$RunnableExecuteAction.exec;java/lang/VirtualThread$$Lambda.0x00007d902c039c78.run;java/lang/VirtualThread.runContinuation;java/lang/VirtualThread.mount;_notify_jvmti_vthread_mount;SharedRuntime::notify_jvmti_vthread_mount;JvmtiVTMSTransitionDisabler::start_VTMS_transition;java_lang_Thread::set_is_in_VTMS_transition 1
java/util/concurrent/ForkJoinWorkerThread.run;java/util/concurrent/ForkJoinPool.runWorker;java/util/concurrent/ForkJoinPool.scan;java/util/concurrent/ForkJoinPool$WorkQueue.topLevelExec;java/util/concurrent/ForkJoinTask.doExec;java/util/concurrent/ForkJoinTask$RunnableExecuteAction.exec;java/lang/VirtualThread$$Lambda.0x00007d902c039c78.run;java/lang/VirtualThread.runContinuation;java/lang/VirtualThread.mount;_notify_jvmti_vthread_mount;SharedRuntime::notify_jvmti_vthread_mount;JvmtiVTMSTransitionDisabler::start_VTMS_transition;HandleMark::~HandleMark 1
java/util/concurrent/ForkJoinWorkerThread.run;java/util/concurrent/ForkJoinPool.runWorker;java/util/concurrent/ForkJoinPool.scan;java/util/concurrent/ForkJoinPool$WorkQueue.topLevelExec;java/util/concurrent/ForkJoinTask.doExec;java/util/concurrent/ForkJoinTask$RunnableExecuteAction.exec;java/lang/VirtualThread$$Lambda.0x00007d902c039c78.run;java/lang/VirtualThread.runContinuation;jdk/internal/vm/Continuation.run;jdk/internal/vm/Continuation.enterSpecial;jdk/internal/vm/Continuation.enter;jdk/internal/vm/Continuation.enter0;java/lang/VirtualThread$VThreadContinuation$1.run;java/lang/VirtualThread.run;_notify_jvmti_vthread_end;SharedRuntime::notify_jvmti_vthread_end;JvmtiVTMSTransitionDisabler::VTMS_vthread_end;JvmtiExport::cleanup_thread;Mutex::lock;pthread_mutex_trylock 18
java/util/concurrent/ForkJoinWorkerThread.run;java/util/concurrent/ForkJoinPool.runWorker;java/util/concurrent/ForkJoinPool.scan 9
java/util/concurrent/ForkJoinWorkerThread.run;java/util/concurrent/ForkJoinPool.runWorker;java/util/concurrent/ForkJoinPool.scan;java/util/concurrent/ForkJoinPool$WorkQueue.topLevelExec;java/util/concurrent/ForkJoinTask.doExec;java/util/concurrent/ForkJoinTask$RunnableExecuteAction.exec;java/lang/VirtualThread$$Lambda.0x00007d902c039c78.run;java/lang/VirtualThread.runContinuation;jdk/internal/vm/Continuation.run;jdk/internal/vm/Continuation.enterSpecial;jdk/internal/vm/Continuation.enter;jdk/internal/vm/Continuation.enter0;java/lang/VirtualThread$VThreadContinuation$1.run;java/lang/VirtualThread.run;_notify_jvmti_vthread_start;SharedRuntime::notify_jvmti_vthread_start;JvmtiVTMSTransitionDisabler::VTMS_vthread_start;JvmtiVTMSTransitionDisabler::VTMS_mount_end;__tls_get_addr@plt 1
java/util/concurrent/ForkJoinWorkerThread.run;java/util/concurrent/ForkJoinPool.runWorker;java/util/concurrent/ForkJoinPool.scan;java/util/concurrent/ForkJoinPool$WorkQueue.topLevelExec;java/util/concurrent/ForkJoinTask.doExec;java/util/concurrent/ForkJoinTask$RunnableExecuteAction.exec;java/lang/VirtualThread$$Lambda.0x00007d902c039c78.run;java/lang/VirtualThread.runContinuation;java/lang/VirtualThread.afterDone;java/lang/VirtualThread.afterDone;jdk/internal/misc/Unsafe.freeMemory;jdk/internal/misc/Unsafe.freeMemory0 3
java/util/concurrent/ForkJoinWorkerThread.run;java/util/concurrent/ForkJoinPool.runWorker;java/util/concurrent/ForkJoinPool.scan;java/util/concurrent/ForkJoinPool$WorkQueue.topLevelExec;java/util/concurrent/ForkJoinPool$WorkQueue.tryPoll;java/util/concurrent/ForkJoinPool$WorkQueue.casSlotToNull 13
java/util/concurrent/ForkJoinWorkerThread.run;java/util/concurrent/ForkJoinPool.runWorker;java/util/concurrent/ForkJoinPool.scan;java/util/concurrent/ForkJoinPool$WorkQueue.topLevelExec;java/util/concurrent/ForkJoinTask.doExec;java/util/concurrent/ForkJoinTask$RunnableExecuteAction.exec;java/lang/VirtualThread$$Lambda.0x00007d902c039c78.run;java/lang/VirtualThread.runContinuation;jdk/internal/vm/Continuation.run;jdk/internal/vm/Continuation.enterSpecial;jdk/internal/vm/Continuation.enter;jdk/internal/vm/Continuation.enter0;java/lang/VirtualThread$VThreadContinuation$1.run;java/lang/VirtualThread.run;_notify_jvmti_vthread_start;SharedRuntime::notify_jvmti_vthread_start;JvmtiVTMSTransitionDisabler::VTMS_vthread_start;JvmtiVTMSTransitionDisabler::VTMS_mount_end;Mutex::lock;pthread_mutex_lock 1
java/util/concurrent/ForkJoinWorkerThread.run;java/util/concurrent/ForkJoinPool.runWorker;java/util/concurrent/ForkJoinPool.scan;java/util/concurrent/ForkJoinPool$WorkQueue.topLevelExec;java/util/concurrent/ForkJoinTask.doExec;java/util/concurrent/ForkJoinTask$RunnableExecuteAction.exec;java/lang/VirtualThread$$Lambda.0x00007d902c039c78.run;java/lang/VirtualThread.runContinuation;jdk/internal/vm/Continuation.run;jdk/internal/vm/Continuation.enterSpecial;jdk/internal/vm/Continuation.enter;jdk/internal/vm/Continuation.enter0;java/lang/VirtualThread$VThreadContinuation$1.run;java/lang/VirtualThread.run;_notify_jvmti_vthread_start;SharedRuntime::notify_jvmti_vthread_start;JvmtiVTMSTransitionDisabler::VTMS_vthread_start;__pthread_mutex_unlock 302
java/util/concurrent/ForkJoinWorkerThread.run;java/util/concurrent/ForkJoinPool.runWorker;java/util/concurrent/ForkJoinPool.scan;java/util/concurrent/ForkJoinPool$WorkQueue.topLevelExec;java/util/concurrent/ForkJoinTask.doExec;java/util/concurrent/ForkJoinTask$RunnableExecuteAction.exec;java/lang/VirtualThread$$Lambda.0x00007d902c039c78.run;java/lang/VirtualThread.runContinuation;jdk/internal/vm/Continuation.run;jdk/internal/vm/Continuation.enterSpecial;jdk/internal/vm/Continuation.enter;jdk/internal/vm/Continuation.enter0;java/lang/VirtualThread$VThreadContinuation$1.run;java/lang/VirtualThread.run;_notify_jvmti_vthread_start;SharedRuntime::notify_jvmti_vthread_start;JvmtiVTMSTransitionDisabler::VTMS_vthread_start;JvmtiVTMSTransitionDisabler::VTMS_mount_end;JavaThread::rebind_to_jvmti_thread_state_of;oopDesc::address_field 1
java/util/concurrent/ForkJoinWorkerThread.run;java/util/concurrent/ForkJoinPool.runWorker;java/util/concurrent/ForkJoinPool.scan;java/util/concurrent/ForkJoinPool$WorkQueue.topLevelExec;java/util/concurrent/ForkJoinTask.doExec;java/util/concurrent/ForkJoinTask$RunnableExecuteAction.exec;java/lang/VirtualThread$$Lambda.0x00007d902c039c78.run;java/lang/VirtualThread.runContinuation;jdk/internal/vm/Continuation.run;jdk/internal/vm/Continuation.enterSpecial;jdk/internal/vm/Continuation.enter;jdk/internal/vm/Continuation.enter0;java/lang/VirtualThread$VThreadContinuation$1.run;java/lang/VirtualThread.run;_notify_jvmti_vthread_start;SharedRuntime::notify_jvmti_vthread_start;JvmtiVTMSTransitionDisabler::VTMS_vthread_start;JvmtiVTMSTransitionDisabler::finish_VTMS_transition;JavaThread::set_is_in_VTMS_transition 1
java/util/concurrent/ForkJoinWorkerThread.run;java/util/concurrent/ForkJoinPool.runWorker;java/util/concurrent/ForkJoinPool.scan;java/util/concurrent/ForkJoinPool$WorkQueue.topLevelExec;java/util/concurrent/ForkJoinTask.doExec;java/util/concurrent/ForkJoinTask$RunnableExecuteAction.exec;java/lang/VirtualThread$$Lambda.0x00007d902c039c78.run;java/lang/VirtualThread.runContinuation;jdk/internal/vm/Continuation.run;jdk/internal/vm/Continuation.enterSpecial;jdk/internal/vm/Continuation.enter;jdk/internal/vm/Continuation.enter0;java/lang/VirtualThread$VThreadContinuation$1.run;java/lang/VirtualThread.run;_notify_jvmti_vthread_end;SharedRuntime::notify_jvmti_vthread_end;JavaThread::rebind_to_jvmti_thread_state_of;oopDesc::address_field 7
java/util/concurrent/ForkJoinWorkerThread.run;java/util/concurrent/ForkJoinPool.runWorker;java/util/concurrent/ForkJoinPool.scan;java/util/concurrent/ForkJoinPool$WorkQueue.topLevelExec;java/util/concurrent/ForkJoinTask.doExec;java/util/concurrent/ForkJoinTask$RunnableExecuteAction.exec 2
java/lang/Thread.run;java/lang/Thread.runWith;java/util/concurrent/ThreadPoolExecutor$Worker.run;java/util/concurrent/ThreadPoolExecutor.runWorker;java/util/concurrent/FutureTask.run;java/util/concurrent/Executors$RunnableAdapter.call;java/util/concurrent/FutureTask.run;org/openjdk/jmh/runner/BenchmarkHandler$BenchmarkTask.call;org/openjdk/jmh/runner/BenchmarkHandler$BenchmarkTask.call;java/lang/reflect/Method.invoke;jdk/internal/reflect/DirectMethodHandleAccessor.invoke;jdk/internal/reflect/DirectMethodHandleAccessor.invokeImpl;java/lang/invoke/LambdaForm$MH.0x00007d902c02e800.invokeExact_MT;java/lang/invoke/LambdaForm$MH.0x00007d902c02e400.invoke;java/lang/invoke/DirectMethodHandle$Holder.invokeSpecial;uk/ac/ncl/jensen/benchmark/jmh_generated/VThreadChurnBenchmark_churn_jmhTest.churn_AverageTime;uk/ac/ncl/jensen/benchmark/jmh_generated/VThreadChurnBenchmark_churn_jmhTest.churn_avgt_jmhStub;uk/ac/ncl/jensen/benchmark/VThreadChurnBenchmark.churn;java/lang/ThreadBuilders$VirtualThreadBuilder.start;java/lang/VirtualThread.start;java/lang/VirtualThread.start;java/lang/VirtualThread.submitRunContinuation;java/util/concurrent/ForkJoinPool.execute;java/util/concurrent/ForkJoinPool.poolSubmit;java/util/concurrent/ForkJoinTask.markPoolSubmission;java/util/concurrent/ForkJoinTask.getAndBitwiseOrStatus;jdk/internal/misc/Unsafe.getAndBitwiseOrInt 13
java/util/concurrent/ForkJoinWorkerThread.run;java/util/concurrent/ForkJoinPool.runWorker;java/util/concurrent/ForkJoinPool.scan;java/util/concurrent/ForkJoinPool$WorkQueue.topLevelExec;java/util/concurrent/ForkJoinTask.doExec;java/util/concurrent/ForkJoinTask$RunnableExecuteAction.exec;java/lang/VirtualThread$$Lambda.0x00007d902c039c78.run;java/lang/VirtualThread.runContinuation;jdk/internal/vm/Continuation.run;jdk/internal/vm/Continuation.enterSpecial;jdk/internal/vm/Continuation.enter;jdk/internal/vm/Continuation.enter0;java/lang/VirtualThread$VThreadContinuation$1.run;java/lang/VirtualThread.run;_notify_jvmti_vthread_end;SharedRuntime::notify_jvmti_vthread_end;JavaThread::rebind_to_jvmti_thread_state_of;AccessInternal::PostRuntimeDispatch<G1BarrierSet::AccessBarrier<548964ul, G1BarrierSet>, (AccessInternal::BarrierType)0, 548964ul>::oop_access_barrier 2
java/util/concurrent/ForkJoinWorkerThread.run;java/util/concurrent/ForkJoinPool.runWorker;java/util/concurrent/ForkJoinPool.scan;java/util/concurrent/ForkJoinPool$WorkQueue.topLevelExec;java/util/concurrent/ForkJoinTask.doExec;java/util/concurrent/ForkJoinTask$RunnableExecuteAction.exec;java/lang/VirtualThread$$Lambda.0x00007d902c039c78.run;java/lang/VirtualThread.runContinuation;jdk/internal/vm/Continuation.run;jdk/internal/vm/Continuation.enterSpecial;jdk/internal/vm/Continuation.enter;jdk/internal/vm/Continuation.enter0;java/lang/VirtualThread$VThreadContinuation$1.run;java/lang/VirtualThread.run;_notify_jvmti_vthread_end;SharedRuntime::notify_jvmti_vthread_end;JvmtiVTMSTransitionDisabler::VTMS_vthread_end;__tls_get_addr@plt 1
java/util/concurrent/ForkJoinWorkerThread.run;java/util/concurrent/ForkJoinPool.runWorker;java/util/concurrent/ForkJoinPool.scan;java/util/concurrent/ForkJoinPool$WorkQueue.topLevelExec;java/util/concurrent/ForkJoinTask.doExec;java/util/concurrent/ForkJoinTask$RunnableExecuteAction.exec;java/lang/VirtualThread$$Lambda.0x00007d902c039c78.run;java/lang/VirtualThread.runContinuation;java/lang/VirtualThread.unmount;_notify_jvmti_vthread_unmount;SharedRuntime::notify_jvmti_vthread_unmount 12
java/util/concurrent/ForkJoinWorkerThread.run;java/util/concurrent/ForkJoinPool.runWorker;java/util/concurrent/ForkJoinPool.scan 3
java/util/concurrent/ForkJoinWorkerThread.run;java/util/concurrent/ForkJoinPool.runWorker;java/util/concurrent/ForkJoinPool.scan;java/util/concurrent/ForkJoinPool$WorkQueue.topLevelExec;java/util/concurrent/ForkJoinPool$WorkQueue.nextLocalTask 1
java/util/concurrent/ForkJoinWorkerThread.run;java/util/concurrent/ForkJoinPool.runWorker;java/util/concurrent/ForkJoinPool.scan;java/util/concurrent/ForkJoinPool$WorkQueue.topLevelExec;java/util/concurrent/ForkJoinTask.doExec;java/util/concurrent/ForkJoinTask$RunnableExecuteAction.exec;java/lang/VirtualThread$$Lambda.0x00007d902c039c78.run;java/lang/VirtualThread.runContinuation;java/lang/VirtualThread.unmount;_notify_jvmti_vthread_unmount;SharedRuntime::notify_jvmti_vthread_unmount;JvmtiVTMSTransitionDisabler::finish_VTMS_transition 2
java/util/concurrent/ForkJoinWorkerThread.run;java/util/concurrent/ForkJoinPool.runWorker;java/util/concurrent/ForkJoinPool.scan;java/util/concurrent/ForkJoinPool.signalWork 9
java/lang/Thread.run;java/lang/Thread.runWith;java/util/concurrent/ThreadPoolExecutor$Worker.run;java/util/concurrent/ThreadPoolExecutor.runWorker;java/util/concurrent/FutureTask.run;java/util/concurrent/Executors$RunnableAdapter.call;java/util/concurrent/FutureTask.run;org/openjdk/jmh/runner/BenchmarkHandler$BenchmarkTask.call;org/openjdk/jmh/runner/BenchmarkHandler$BenchmarkTask.call;java/lang/reflect/Method.invoke;jdk/internal/reflect/DirectMethodHandleAccessor.invoke;jdk/internal/reflect/DirectMethodHandleAccessor.invokeImpl;java/lang/invoke/LambdaForm$MH.0x00007d902c02e800.invokeExact_MT;java/lang/invoke/LambdaForm$MH.0x00007d902c02e400.invoke;java/lang/invoke/DirectMethodHandle$Holder.invokeSpecial;uk/ac/ncl/jensen/benchmark/jmh_generated/VThreadChurnBenchmark_churn_jmhTest.churn_AverageTime;uk/ac/ncl/jensen/benchmark/jmh_generated/VThreadChurnBenchmark_churn_jmhTest.churn_avgt_jmhStub;uk/ac/ncl/jensen/benchmark/VThreadChurnBenchmark.churn;java/lang/ThreadBuilders$VirtualThreadBuilder.start;java/lang/VirtualThread.start;java/lang/VirtualThread.start;java/lang/VirtualThread.submitRunContinuation;java/util/concurrent/ForkJoinPool.execute;java/util/concurrent/ForkJoinPool.poolSubmit;java/util/concurrent/ForkJoinPool$WorkQueue.push 1
java/util/concurrent/ForkJoinWorkerThread.run;java/util/concurrent/ForkJoinPool.runWorker;java/util/concurrent/ForkJoinPool.scan;java/util/concurrent/ForkJoinPool.signalWork;java/util/concurrent/locks/LockSupport.unpark;jdk/internal/misc/Unsafe.unpark;Unsafe_Unpark;pthread_cond_signal 2
java/util/concurrent/ForkJoinWorkerThread.run;java/util/concurrent/ForkJoinPool.runWorker;java/util/concurrent/ForkJoinPool.scan;java/util/concurrent/ForkJoinPool$WorkQueue.topLevelExec;java/util/concurrent/ForkJoinTask.doExec;java/util/concurrent/ForkJoinTask$RunnableExecuteAction.exec;java/lang/VirtualThread$$Lambda.0x00007d902c039c78.run;java/lang/VirtualThread.runContinuation;java/lang/VirtualThread.afterDone;java/lang/VirtualThread.afterDone;java/util/concurrent/CountDownLatch.countDown;java/util/concurrent/locks/AbstractQueuedSynchronizer.releaseShared;java/util/concurrent/CountDownLatch$Sync.tryReleaseShared;java/util/concurrent/locks/AbstractQueuedSynchronizer.getState 1
java/util/concurrent/ForkJoinWorkerThread.run;java/util/concurrent/ForkJoinPool.runWorker;java/util/concurrent/ForkJoinPool.scan;java/util/concurrent/ForkJoinPool$WorkQueue.topLevelExec;java/util/concurrent/ForkJoinTask.doExec;java/util/concurrent/ForkJoinTask$RunnableExecuteAction.exec;java/lang/VirtualThread$$Lambda.0x00007d902c039c78.run;java/lang/VirtualThread.runContinuation;java/lang/VirtualThread.mount;_notify_jvmti_vthread_mount;SharedRuntime::notify_jvmti_vthread_mount;JvmtiVTMSTransitionDisabler::start_VTMS_transition;HandleMark::~HandleMark 3
java/util/concurrent/ForkJoinWorkerThread.run;java/util/concurrent/ForkJoinPool.runWorker;java/util/concurrent/ForkJoinPool.scan;java/util/concurrent/ForkJoinPool$WorkQueue.topLevelExec;java/util/concurrent/ForkJoinTask.doExec;java/util/concurrent/ForkJoinTask$RunnableExecuteAction.exec;java/lang/VirtualThread$$Lambda.0x00007d902c039c78.run;java/lang/VirtualThread.runContinuation;jdk/internal/vm/Continuation.run;jdk/internal/vm/Continuation.enterSpecial;jdk/internal/vm/Continuation.enter;jdk/internal/vm/Continuation.enter0;java/lang/VirtualThread$VThreadContinuation$1.run;java/lang/VirtualThread.run;_notify_jvmti_vthread_start;SharedRuntime::notify_jvmti_vthread_start;JvmtiVTMSTransitionDisabler::VTMS_vthread_start;JvmtiEventController::thread_started;JavaThread::jvmti_vthread 3
java/util/concurrent/ForkJoinWorkerThread.run;java/util/concurrent/ForkJoinPool.runWorker;java/util/concurrent/ForkJoinPool.scan;java/util/concurrent/ForkJoinPool$WorkQueue.topLevelExec;java/util/concurrent/ForkJoinTask.doExec;java/util/concurrent/ForkJoinTask$RunnableExecuteAction.exec;java/lang/VirtualThread$$Lambda.0x00007d902c039c78.run;java/lang/VirtualThread.runContinuation;jdk/internal/vm/Continuation.run;jdk/internal/vm/Continuation.enterSpecial;jdk/internal/vm/Continuation.enter;jdk/internal/vm/Continuation.enter0;java/lang/VirtualThread$VThreadContinuation$1.run;java/lang/VirtualThread.run;_notify_jvmti_vthread_end;SharedRuntime::notify_jvmti_vthread_end;JvmtiVTMSTransitionDisabler::VTMS_vthread_end;JvmtiExport::cleanup_thread;JvmtiEventController::thread_ended;JvmtiThreadState::~JvmtiThreadState;oopDesc::address_field_put 1
java/util/concurrent/ForkJoinWorkerThread.run;java/util/concurrent/ForkJoinPool.runWorker;java/util/concurrent/ForkJoinPool.scan;java/util/concurrent/ForkJoinPool$WorkQueue.topLevelExec;java/util/concurrent/ForkJoinTask.doExec;java/util/concurrent/ForkJoinTask$RunnableExecuteAction.exec;java/lang/VirtualThread$$Lambda.0x00007d902c039c78.run;java/lang/VirtualThread.runContinuation;java/lang/VirtualThread.afterDone;java/lang/VirtualThread.afterDone;java/util/concurrent/CountDownLatch.countDown;java/util/concurrent/locks/AbstractQueuedSynchronizer.releaseShared;java/util/concurrent/locks/AbstractQueuedSynchronizer.signalNext;java/util/concurrent/locks/LockSupport.unpark;jdk/internal/misc/Unsafe.unpark;Unsafe_Unpark;pthread_cond_signal 1
java/lang/Thread.run;java/lang/Thread.runWith;java/util/concurrent/ThreadPoolExecutor$Worker.run;java/util/concurrent/ThreadPoolExecutor.runWorker;java/util/concurrent/FutureTask.run;java/util/concurrent/Executors$RunnableAdapter.call;java/util/concurrent/FutureTask.run;org/openjdk/jmh/runner/BenchmarkHandler$BenchmarkTask.call;org/openjdk/jmh/runner/BenchmarkHandler$BenchmarkTask.call;java/lang/reflect/Method.invoke;jdk/internal/reflect/DirectMethodHandleAccessor.invoke;jdk/internal/reflect/DirectMethodHandleAccessor.invokeImpl;java/lang/invoke/LambdaForm$MH.0x00007d902c02e800.invokeExact_MT;java/lang/invoke/LambdaForm$MH.0x00007d902c02e400.invoke;java/lang/invoke/DirectMethodHandle$Holder.invokeSpecial;uk/ac/ncl/jensen/benchmark/jmh_generated/VThreadChurnBenchmark_churn_jmhTest.churn_AverageTime;uk/ac/ncl/jensen/benchmark/jmh_generated/VThreadChurnBenchmark_churn_jmhTest.churn_avgt_jmhStub;uk/ac/ncl/jensen/benchmark/VThreadChurnBenchmark.churn;java/lang/Thread.join;java/lang/Thread.join;java/lang/VirtualThread.joinNanos;java/util/concurrent/CountDownLatch.await;java/util/concurrent/locks/AbstractQueuedSynchronizer.acquireSharedInterruptibly;java/util/concurrent/locks/AbstractQueuedSynchronizer.acquire 1
java/lang/Thread.run;java/lang/Thread.runWith;java/util/concurrent/ThreadPoolExecutor$Worker.run;java/util/concurrent/ThreadPoolExecutor.runWorker;java/util/concurrent/FutureTask.run;java/util/concurrent/Executors$RunnableAdapter.call;java/util/concurrent/FutureTask.run;org/openjdk/jmh/runner/BenchmarkHandler$BenchmarkTask.call;org/openjdk/jmh/runner/BenchmarkHandler$BenchmarkTask.call;java/lang/reflect/Method.invoke;jdk/internal/reflect/DirectMethodHandleAccessor.invoke;jdk/internal/reflect/DirectMethodHandleAccessor.invokeImpl;java/lang/invoke/LambdaForm$MH.0x00007d902c02e800.invokeExact_MT;java/lang/invoke/LambdaForm$MH.0x00007d902c02e400.invoke;java/lang/invoke/DirectMethodHandle$Holder.invokeSpecial;uk/ac/ncl/jensen/benchmark/jmh_generated/VThreadChurnBenchmark_churn_jmhTest.churn_AverageTime;uk/ac/ncl/jensen/benchmark/jmh_generated/VThreadChurnBenchmark_churn_jmhTest.churn_avgt_jmhStub;uk/ac/ncl/jensen/benchmark/VThreadChurnBenchmark.churn;java/lang/Thread.join;java/lang/Thread.join;java/lang/VirtualThread.joinNanos;java/util/concurrent/CountDownLatch.await;java/util/concurrent/locks/AbstractQueuedSynchronizer.acquireSharedInterruptibly;java/util/concurrent/locks/AbstractQueuedSynchronizer.acquire;java/util/concurrent/locks/LockSupport.park;jdk/internal/misc/Unsafe.park;Unsafe_Park;AccessInternal::PostRuntimeDispatch<G1BarrierSet::AccessBarrier<548964ul, G1BarrierSet>, (AccessInternal::BarrierType)2, 548964ul>::oop_access_barrier 1
java/lang/Thread.run;java/lang/Thread.runWith;java/util/concurrent/ThreadPoolExecutor$Worker.run;java/util/concurrent/ThreadPoolExecutor.runWorker;java/util/concurrent/FutureTask.run;java/util/concurrent/Executors$RunnableAdapter.call;java/util/concurrent/FutureTask.run;org/openjdk/jmh/runner/BenchmarkHandler$BenchmarkTask.call;org/openjdk/jmh/runner/BenchmarkHandler$BenchmarkTask.call;java/lang/reflect/Method.invoke;jdk/internal/reflect/DirectMethodHandleAccessor.invoke;jdk/internal/reflect/DirectMethodHandleAccessor.invokeImpl;java/lang/invoke/LambdaForm$MH.0x00007d902c02e800.invokeExact_MT;java/lang/invoke/LambdaForm$MH.0x00007d902c02e400.invoke;java/lang/invoke/DirectMethodHandle$Holder.invokeSpecial;uk/ac/ncl/jensen/benchmark/jmh_generated/VThreadChurnBenchmark_churn_jmhTest.churn_AverageTime;uk/ac/ncl/jensen/benchmark/jmh_generated/VThreadChurnBenchmark_churn_jmhTest.churn_avgt_jmhStub;uk/ac/ncl/jensen/benchmark/VThreadChurnBenchmark.churn;java/lang/ThreadBuilders$VirtualThreadBuilder.start;java/lang/ThreadBuilders$VirtualThreadBuilder.unstarted;java/lang/ThreadBuilders.newVirtualThread;java/lang/VirtualThread.<init>;java/lang/VirtualThread$VThreadContinuation.<init>;java/lang/VirtualThread$VThreadContinuation.wrap 1
java/util/concurrent/ForkJoinWorkerThread.run;java/util/concurrent/ForkJoinPool.runWorker;java/util/concurrent/ForkJoinPool.scan 1
java/util/concurrent/ForkJoinWorkerThread.run;java/util/concurrent/ForkJoinPool.runWorker;java/util/concurrent/ForkJoinPool.scan;java/util/concurrent/ForkJoinPool$WorkQueue.topLevelExec;java/util/concurrent/ForkJoinTask.doExec;java/util/concurrent/ForkJoinTask$RunnableExecuteAction.exec;java/lang/VirtualThread$$Lambda.0x00007d902c039c78.run;java/lang/VirtualThread.runContinuation;jdk/internal/vm/Continuation.run;jdk/internal/vm/Continuation.enterSpecial;jdk/internal/vm/Continuation.enter;jdk/internal/vm/Continuation.enter0;java/lang/VirtualThread$VThreadContinuation$1.run;java/lang/VirtualThread.run;_notify_jvmti_vthread_end;SharedRuntime::notify_jvmti_vthread_end;JvmtiVTMSTransitionDisabler::VTMS_vthread_end;JvmtiVTMSTransitionDisabler::start_VTMS_transition 6
java/util/concurrent/ForkJoinWorkerThread.run;java/util/concurrent/ForkJoinPool.runWorker;java/util/concurrent/ForkJoinPool.scan;java/util/concurrent/ForkJoinPool$WorkQueue.topLevelExec;java/util/concurrent/ForkJoinTask.doExec;java/util/concurrent/ForkJoinTask$RunnableExecuteAction.exec;java/lang/VirtualThread$$Lambda.0x00007d902c039c78.run;java/lang/VirtualThread.runContinuation;jdk/internal/vm/Continuation.run;jdk/internal/vm/Continuation.enterSpecial;jdk/internal/vm/Continuation.enter;jdk/internal/vm/Continuation.enter0;java/lang/VirtualThread$VThreadContinuation$1.run;java/lang/VirtualThread.run;_notify_jvmti_vthread_start;SharedRuntime::notify_jvmti_vthread_start;JvmtiVTMSTransitionDisabler::VTMS_vthread_start;JvmtiEventController::thread_started;JvmtiThreadState::JvmtiThreadState;OopStorage::allocate 14
java/util/concurrent/ForkJoinWorkerThread.run;java/util/concurrent/ForkJoinPool.runWorker;java/util/concurrent/ForkJoinPool.scan;java/util/concurrent/ForkJoinPool$WorkQueue.topLevelExec;java/util/concurrent/ForkJoinTask.doExec;java/util/concurrent/ForkJoinTask$RunnableExecuteAction.exec;java/lang/VirtualThread$$Lambda.0x00007d902c039c78.run;java/lang/VirtualThread.runContinuation;jdk/internal/vm/Continuation.run;jdk/internal/vm/Continuation.enterSpecial;jdk/internal/vm/Continuation.enter;jdk/internal/vm/Continuation.enter0;java/lang/VirtualThread$VThreadContinuation$1.run;java/lang/VirtualThread.run;_notify_jvmti_vthread_start;SharedRuntime::notify_jvmti_vthread_start;JvmtiVTMSTransitionDisabler::VTMS_vthread_start;JvmtiVTMSTransitionDisabler::VTMS_mount_end 10
java/lang/Thread.run;java/lang/Thread.runWith;java/util/concurrent/ThreadPoolExecutor$Worker.run;java/util/concurrent/ThreadPoolExecutor.runWorker;java/util/concurrent/FutureTask.run;java/util/concurrent/Executors$RunnableAdapter.call;java/util/concurrent/FutureTask.run;org/openjdk/jmh/runner/BenchmarkHandler$BenchmarkTask.call;org/openjdk/jmh/runner/BenchmarkHandler$BenchmarkTask.call;java/lang/reflect/Method.invoke;jdk/internal/reflect/DirectMethodHandleAccessor.invoke;jdk/internal/reflect/DirectMethodHandleAccessor.invokeImpl;java/lang/invoke/LambdaForm$MH.0x00007d902c02e800.invokeExact_MT;java/lang/invoke/LambdaForm$MH.0x00007d902c02e400.invoke;java/lang/invoke/DirectMethodHandle$Holder.invokeSpecial;uk/ac/ncl/jensen/benchmark/jmh_generated/VThreadChurnBenchmark_churn_jmhTest.churn_AverageTime;uk/ac/ncl/jensen/benchmark/jmh_generated/VThreadChurnBenchmark_churn_jmhTest.churn_avgt_jmhStub;uk/ac/ncl/jensen/benchmark/VThreadChurnBenchmark.churn;java/lang/ThreadBuilders$VirtualThreadBuilder.start;java/lang/VirtualThread.start;java/lang/VirtualThread.start;jdk/internal/vm/ThreadContainers$RootContainer$TrackingRootContainer.onStart;java/util/concurrent/ConcurrentHashMap$KeySetView.add;java/util/concurrent/ConcurrentHashMap.putVal 7
java/util/concurrent/ForkJoinWorkerThread.run;java/util/concurrent/ForkJoinPool.runWorker;java/util/concurrent/ForkJoinPool.awaitWork;java/util/concurrent/ForkJoinPool.compareAndExchangeCtl 1
java/util/concurrent/ForkJoinWorkerThread.run;java/util/concurrent/ForkJoinPool.runWorker;java/util/concurrent/ForkJoinPool.scan;java/util/concurrent/ForkJoinPool$WorkQueue.topLevelExec;java/util/concurrent/ForkJoinTask.doExec;java/util/concurrent/ForkJoinTask$RunnableExecuteAction.exec;java/lang/VirtualThread$$Lambda.0x00007d902c039c78.run;java/lang/VirtualThread.runContinuation;jdk/internal/vm/Continuation.run;jdk/internal/vm/Continuation.enterSpecial;jdk/internal/vm/Continuation.enter;jdk/internal/vm/Continuation.enter0;java/lang/VirtualThread$VThreadContinuation$1.run;java/lang/VirtualThread.run;_notify_jvmti_vthread_end;SharedRuntime::notify_jvmti_vthread_end;JvmtiVTMSTransitionDisabler::VTMS_vthread_end;JvmtiExport::cleanup_thread;JvmtiEventController::thread_ended;JvmtiThreadState::~JvmtiThreadState;FreeHeap 1
java/util/concurrent/ForkJoinWorkerThread.run;java/util/concurrent/ForkJoinPool.runWorker;java/util/concurrent/ForkJoinPool.scan;java/util/concurrent/ForkJoinPool$WorkQueue.topLevelExec;java/util/concurrent/ForkJoinTask.doExec;java/util/concurrent/ForkJoinTask$RunnableExecuteAction.exec;java/lang/VirtualThread$$Lambda.0x00007d902c039c78.run;java/lang/VirtualThread.runContinuation;jdk/internal/vm/Continuation.run;jdk/internal/vm/Continuation.enterSpecial;jdk/internal/vm/Continuation.enter;jdk/internal/vm/Continuation.enter0;java/lang/VirtualThread$VThreadContinuation$1.run;java/lang/VirtualThread.run;_notify_jvmti_vthread_start;SharedRuntime::notify_jvmti_vthread_start;JvmtiVTMSTransitionDisabler::VTMS_vthread_start;JvmtiVTMSTransitionDisabler::VTMS_mount_end;JavaThread::rebind_to_jvmti_thread_state_of;java_lang_Thread::jvmti_thread_state 1
java/util/concurrent/ForkJoinWorkerThread.run;java/util/concurrent/ForkJoinPool.runWorker;java/util/concurrent/ForkJoinPool.scan;java/util/concurrent/ForkJoinPool$WorkQueue.topLevelExec;java/util/concurrent/ForkJoinTask.doExec;java/util/concurrent/ForkJoinTask$RunnableExecuteAction.exec;java/lang/VirtualThread$$Lambda.0x00007d902c039c78.run;java/lang/VirtualThread.runContinuation;java/lang/VirtualThread.state 29
/usr/lib/x86_64-linux-gnu/libc.so.6;/usr/lib/x86_64-linux-gnu/libc.so.6;thread_native_entry;Thread::call_run;WorkerThread::run;G1EvacuateRegionsBaseTask::work;G1RemSet::scan_collection_set_code_roots;G1CollectedHeap::par_iterate_regions_array;G1ScanCodeRootsClosure::do_heap_region;G1CodeRootSet::nmethods_do;G1ScanAndCountCodeBlobClosure::do_code_blob;G1CodeBlobClosure::do_code_blob;nmethod::oops_do_process_weak;G1NmethodProcessor::do_regular_processing;nmethod::oops_do;G1CodeRootSet::add 1
java/util/concurrent/ForkJoinWorkerThread.run;java/util/concurrent/ForkJoinPool.runWorker;java/util/concurrent/ForkJoinPool.scan;java/util/concurrent/ForkJoinPool$WorkQueue.topLevelExec;java/util/concurrent/ForkJoinTask.doExec;java/util/concurrent/ForkJoinTask$RunnableExecuteAction.exec;java/lang/VirtualThread$$Lambda.0x00007d902c039c78.run;java/lang/VirtualThread.runContinuation;jdk/internal/vm/Continuation.run;jdk/internal/vm/Continuation.enterSpecial;jdk/internal/vm/Continuation.enter;jdk/internal/vm/Continuation.enter0;java/lang/VirtualThread$VThreadContinuation$1.run;java/lang/VirtualThread.run;_notify_jvmti_vthread_start;SharedRuntime::notify_jvmti_vthread_start;JvmtiVTMSTransitionDisabler::VTMS_vthread_start;JvmtiVTMSTransitionDisabler::VTMS_mount_end;Mutex::lock 1
java/util/concurrent/ForkJoinWorkerThread.run;java/util/concurrent/ForkJoinPool.runWorker;java/util/concurrent/ForkJoinPool.scan;java/util/concurrent/ForkJoinPool$WorkQueue.topLevelExec;java/util/concurrent/ForkJoinTask.doExec;java/util/concurrent/ForkJoinTask$RunnableExecuteAction.exec;java/lang/VirtualThread$$Lambda.0x00007d902c039c78.run;java/lang/VirtualThread.runContinuation;jdk/internal/vm/Continuation.run;jdk/internal/vm/Continuation.enterSpecial;jdk/internal/vm/Continuation.enter;jdk/internal/vm/Continuation.enter0;java/lang/VirtualThread$VThreadContinuation$1.run;java/lang/VirtualThread.run;_notify_jvmti_vthread_start;SharedRuntime::notify_jvmti_vthread_start;JvmtiVTMSTransitionDisabler::VTMS_vthread_start;__tls_get_addr@plt 1
java/util/concurrent/ForkJoinWorkerThread.run;java/util/concurrent/ForkJoinPool.runWorker;java/util/concurrent/ForkJoinPool.awaitWork;java/util/concurrent/locks/LockSupport.park;jdk/internal/misc/Unsafe.park;Unsafe_Park;JavaThread::threadObj 1
java/util/concurrent/ForkJoinWorkerThread.run;java/util/concurrent/ForkJoinPool.runWorker;java/util/concurrent/ForkJoinPool.scan;java/util/concurrent/ForkJoinPool$WorkQueue.topLevelExec;java/util/concurrent/ForkJoinTask.doExec;java/util/concurrent/ForkJoinTask$RunnableExecuteAction.exec;java/lang/VirtualThread$$Lambda.0x00007d902c039c78.run;java/lang/VirtualThread.runContinuation;jdk/internal/vm/Continuation.run;jdk/internal/vm/Continuation.enterSpecial;jdk/internal/vm/Continuation.enter;jdk/internal/vm/Continuation.enter0;java/lang/VirtualThread$VThreadContinuation$1.run;java/lang/VirtualThread.run;_notify_jvmti_vthread_end;SharedRuntime::notify_jvmti_vthread_end;JvmtiVTMSTransitionDisabler::VTMS_vthread_end;JvmtiExport::cleanup_thread;__libc_free;/usr/lib/x86_64-linux-gnu/libc.so.6 6
java/lang/Thread.run;java/lang/Thread.runWith;java/util/concurrent/ThreadPoolExecutor$Worker.run;java/util/concurrent/ThreadPoolExecutor.runWorker;java/util/concurrent/FutureTask.run;java/util/concurrent/Executors$RunnableAdapter.call;java/util/concurrent/FutureTask.run;org/openjdk/jmh/runner/BenchmarkHandler$BenchmarkTask.call;org/openjdk/jmh/runner/BenchmarkHandler$BenchmarkTask.call;java/lang/reflect/Method.invoke;jdk/internal/reflect/DirectMethodHandleAccessor.invoke;jdk/internal/reflect/DirectMethodHandleAccessor.invokeImpl;java/lang/invoke/LambdaForm$MH.0x00007d902c02e800.invokeExact_MT;java/lang/invoke/LambdaForm$MH.0x00007d902c02e400.invoke;java/lang/invoke/DirectMethodHandle$Holder.invokeSpecial;uk/ac/ncl/jensen/benchmark/jmh_generated/VThreadChurnBenchmark_churn_jmhTest.churn_AverageTime;uk/ac/ncl/jensen/benchmark/jmh_generated/VThreadChurnBenchmark_churn_jmhTest.churn_avgt_jmhStub;uk/ac/ncl/jensen/benchmark/VThreadChurnBenchmark.churn;java/lang/ThreadBuilders$VirtualThreadBuilder.start;java/lang/VirtualThread.start;java/lang/VirtualThread.start;jdk/internal/vm/ThreadContainers$RootContainer$TrackingRootContainer.onStart;java/util/concurrent/ConcurrentHashMap$KeySetView.add;java/util/concurrent/ConcurrentHashMap.putVal;java/util/concurrent/ConcurrentHashMap.addCount 2
java/util/concurrent/ForkJoinWorkerThread.run;java/util/concurrent/ForkJoinPool.runWorker;java/util/concurrent/ForkJoinPool.scan;java/util/concurrent/ForkJoinPool$WorkQueue.casSlotToNull 1
java/util/concurrent/ForkJoinWorkerThread.run;java/util/concurrent/ForkJoinPool.runWorker;java/util/concurrent/ForkJoinPool.scan;java/util/concurrent/ForkJoinPool$WorkQueue.topLevelExec;java/util/concurrent/ForkJoinTask.doExec;java/util/concurrent/ForkJoinTask$RunnableExecuteAction.exec;java/lang/VirtualThread$$Lambda.0x00007d902c039c78.run;java/lang/VirtualThread.runContinuation;jdk/internal/vm/Continuation.run;jdk/internal/vm/Continuation.enterSpecial;jdk/internal/vm/Continuation.enter;jdk/internal/vm/Continuation.enter0;java/lang/VirtualThread$VThreadContinuation$1.run;java/lang/VirtualThread.run;_notify_jvmti_vthread_end;SharedRuntime::notify_jvmti_vthread_end;JavaThread::rebind_to_jvmti_thread_state_of;Continuation::set_cont_fastpath_thread_state 1
java/util/concurrent/ForkJoinWorkerThread.run;java/util/concurrent/ForkJoinPool.runWorker;java/util/concurrent/ForkJoinPool.scan 1
java/util/concurrent/ForkJoinWorkerThread.run;java/util/concurrent/ForkJoinPool.runWorker;java/util/concurrent/ForkJoinPool.awaitWork;java/util/concurrent/locks/LockSupport.park;jdk/internal/misc/Unsafe.park;Unsafe_Park;AccessInternal::PostRuntimeDispatch<G1BarrierSet::AccessBarrier<548964ul, G1BarrierSet>, (AccessInternal::BarrierType)2, 548964ul>::oop_access_barrier 4
java/util/concurrent/ForkJoinWorkerThread.run;java/util/concurrent/ForkJoinPool.runWorker;java/util/concurrent/ForkJoinPool.scan;java/util/concurrent/ForkJoinPool$WorkQueue.topLevelExec;java/util/concurrent/ForkJoinTask.doExec;java/util/concurrent/ForkJoinTask$RunnableExecuteAction.exec;java/lang/VirtualThread$$Lambda.0x00007d902c039c78.run;java/lang/VirtualThread.runContinuation;jdk/internal/vm/Continuation.run;jdk/internal/vm/Continuation.enterSpecial;jdk/internal/vm/Continuation.enter;jdk/internal/vm/Continuation.enter0;java/lang/VirtualThread$VThreadContinuation$1.run;java/lang/VirtualThread.run;_notify_jvmti_vthread_end;SharedRuntime::notify_jvmti_vthread_end;JvmtiVTMSTransitionDisabler::VTMS_vthread_end;JvmtiExport::cleanup_thread;__libc_free;/usr/lib/x86_64-linux-gnu/libc.so.6 1
java/util/concurrent/ForkJoinWorkerThread.run;java/util/concurrent/ForkJoinPool.runWorker;java/util/concurrent/ForkJoinPool.scan;java/util/concurrent/ForkJoinPool$WorkQueue.topLevelExec;java/util/concurrent/ForkJoinTask.doExec;java/util/concurrent/ForkJoinTask$RunnableExecuteAction.exec;java/lang/VirtualThread$$Lambda.0x00007d902c039c78.run;java/lang/VirtualThread.runContinuation;jdk/internal/vm/Continuation.run;jdk/internal/vm/Continuation.enterSpecial;jdk/internal/vm/Continuation.enter;jdk/internal/vm/Continuation.enter0;java/lang/VirtualThread$VThreadContinuation$1.run;java/lang/VirtualThread.run;_notify_jvmti_vthread_start;SharedRuntime::notify_jvmti_vthread_start;JvmtiVTMSTransitionDisabler::VTMS_vthread_start;JvmtiVTMSTransitionDisabler::VTMS_mount_end 3
java/lang/Thread.run;java/lang/Thread.runWith;java/util/concurrent/ThreadPoolExecutor$Worker.run;java/util/concurrent/ThreadPoolExecutor.runWorker;java/util/concurrent/FutureTask.run;java/util/concurrent/Executors$RunnableAdapter.call;java/util/concurrent/FutureTask.run;org/openjdk/jmh/runner/BenchmarkHandler$BenchmarkTask.call;org/openjdk/jmh/runner/BenchmarkHandler$BenchmarkTask.call;java/lang/reflect/Method.invoke;jdk/internal/reflect/DirectMethodHandleAccessor.invoke;jdk/internal/reflect/DirectMethodHandleAccessor.invokeImpl;java/lang/invoke/LambdaForm$MH.0x00007d902c02e800.invokeExact_MT;java/lang/invoke/LambdaForm$MH.0x00007d902c02e400.invoke;java/lang/invoke/DirectMethodHandle$Holder.invokeSpecial;uk/ac/ncl/jensen/benchmark/jmh_generated/VThreadChurnBenchmark_churn_jmhTest.churn_AverageTime;uk/ac/ncl/jensen/benchmark/jmh_generated/VThreadChurnBenchmark_churn_jmhTest.churn_avgt_jmhStub;uk/ac/ncl/jensen/benchmark/VThreadChurnBenchmark.churn;java/lang/ThreadBuilders$VirtualThreadBuilder.start;java/lang/VirtualThread.start;java/lang/VirtualThread.start;java/lang/VirtualThread.submitRunContinuation;java/util/concurrent/ForkJoinPool.execute;java/util/concurrent/ForkJoinPool.poolSubmit;java/util/concurrent/ForkJoinPool.submissionQueue 1
java/util/concurrent/ForkJoinWorkerThread.run;java/util/concurrent/ForkJoinPool.runWorker;java/util/concurrent/ForkJoinPool.scan;java/util/concurrent/ForkJoinPool$WorkQueue.topLevelExec;java/util/concurrent/ForkJoinTask.doExec;java/util/concurrent/ForkJoinTask$RunnableExecuteAction.exec;java/lang/VirtualThread$$Lambda.0x00007d902c039c78.run;java/lang/VirtualThread.runContinuation;java/lang/VirtualThread.compareAndSetState 16
java/util/concurrent/ForkJoinWorkerThread.run;java/util/concurrent/ForkJoinPool.runWorker;java/util/concurrent/ForkJoinPool.scan;java/util/concurrent/ForkJoinPool$WorkQueue.topLevelExec;java/util/concurrent/ForkJoinTask.doExec;java/util/concurrent/ForkJoinTask$RunnableExecuteAction.exec;java/lang/VirtualThread$$Lambda.0x00007d902c039c78.run;java/lang/VirtualThread.runContinuation;jdk/internal/vm/Continuation.run;jdk/internal/vm/Continuation.enterSpecial;jdk/internal/vm/Continuation.enter;jdk/internal/vm/Continuation.enter0;java/lang/VirtualThread$VThreadContinuation$1.run;java/lang/VirtualThread.run;_notify_jvmti_vthread_start;SharedRuntime::notify_jvmti_vthread_start;JvmtiVTMSTransitionDisabler::VTMS_vthread_start;JvmtiEventController::thread_started;oopDesc::address_field 14
java/lang/Thread.run;java/lang/Thread.runWith;java/util/concurrent/ThreadPoolExecutor$Worker.run;java/util/concurrent/ThreadPoolExecutor.runWorker;java/util/concurrent/FutureTask.run;java/util/concurrent/Executors$RunnableAdapter.call;java/util/concurrent/FutureTask.run;org/openjdk/jmh/runner/BenchmarkHandler$BenchmarkTask.call;org/openjdk/jmh/runner/BenchmarkHandler$BenchmarkTask.call;java/lang/reflect/Method.invoke;jdk/internal/reflect/DirectMethodHandleAccessor.invoke;jdk/internal/reflect/DirectMethodHandleAccessor.invokeImpl;java/lang/invoke/LambdaForm$MH.0x00007d902c02e800.invokeExact_MT;java/lang/invoke/LambdaForm$MH.0x00007d902c02e400.invoke;java/lang/invoke/DirectMethodHandle$Holder.invokeSpecial;uk/ac/ncl/jensen/benchmark/jmh_generated/VThreadChurnBenchmark_churn_jmhTest.churn_AverageTime;uk/ac/ncl/jensen/benchmark/jmh_generated/VThreadChurnBenchmark_churn_jmhTest.churn_avgt_jmhStub;uk/ac/ncl/jensen/benchmark/VThreadChurnBenchmark.churn;java/lang/ThreadBuilders$VirtualThreadBuilder.start;java/lang/VirtualThread.start;java/lang/VirtualThread.start;java/lang/VirtualThread.submitRunContinuation 1
java/util/concurrent/ForkJoinWorkerThread.run;java/util/concurrent/ForkJoinPool.runWorker;java/util/concurrent/ForkJoinPool.scan;java/util/concurrent/ForkJoinPool$WorkQueue.topLevelExec;java/util/concurrent/ForkJoinTask.doExec;java/util/concurrent/ForkJoinTask$RunnableExecuteAction.exec;java/lang/VirtualThread$$Lambda.0x00007d902c039c78.run;java/lang/VirtualThread.runContinuation;jdk/internal/vm/Continuation.run;jdk/internal/vm/Continuation.enterSpecial;jdk/internal/vm/Continuation.enter;jdk/internal/vm/Continuation.enter0;java/lang/VirtualThread$VThreadContinuation$1.run;java/lang/VirtualThread.run;_notify_jvmti_vthread_start;SharedRuntime::notify_jvmti_vthread_start;JvmtiVTMSTransitionDisabler::VTMS_vthread_start;JvmtiEventController::thread_started;JvmtiThreadState::JvmtiThreadState;OopStorage::allocate;Mutex::lock_without_safepoint_check;__tls_get_addr 4
