run-batch: formal batch definition (SKIP_MATRIX=0)
RUNINFO: /home/ubuntu/ebpf-vthread-correlate/result/benchmark/RUNINFO-20260705-201731.txt
LOG:     /home/ubuntu/ebpf-vthread-correlate/result/benchmark/run-batch-20260705-201731.log


[1m==== batch step 1/8 oslevel Transition A/C/B  (#13 publish residual, #14 observation cost, sentinel) ====[0m
measure-oslevel: A/C/B OS-level observation overhead  (DIRECTIONAL, VM-only — not citable)
  C - A = publish residual (expected ~0);  B - C = observation cost

JMH jar: /home/ubuntu/ebpf-vthread-correlate/target/ebpf-vthread-correlate-1.0-SNAPSHOT.jar
JDK:     /home/ubuntu/ebpf-vthread-correlate/.vthread-jdk/jdk
JAVA:    /home/ubuntu/ebpf-vthread-correlate/.vthread-jdk/jdk/bin/java
LIBJVM:  /home/ubuntu/ebpf-vthread-correlate/.vthread-jdk/jdk/lib/server/libjvm.so
BENCH:   transition
CLASS:   uk.ac.ncl.jensen.benchmark.VThreadTransitionBenchmark
WI/I:    3 / 5   (small — orchestration check only)
OUT:     /home/ubuntu/ebpf-vthread-correlate/result/benchmark/oslevel
RUNINFO: /home/ubuntu/ebpf-vthread-correlate/result/benchmark/oslevel/RUNINFO-20260705-201731.txt
LOG:     /home/ubuntu/ebpf-vthread-correlate/result/benchmark/oslevel/measure-oslevel-transition-20260705-201731.log

A — baseline (flag off, no bpftrace)
  /home/ubuntu/ebpf-vthread-correlate/.vthread-jdk/jdk/bin/java -jar /home/ubuntu/ebpf-vthread-correlate/target/benchmarks.jar uk.ac.ncl.jensen.benchmark.VThreadTransitionBenchmark -f 2 -wi 3 -i 5 -jvmArgsAppend -XX:-VThreadTraceProbes 
# JMH version: 1.37
# VM version: JDK 21.0.12-internal, OpenJDK 64-Bit Server VM, 21.0.12-internal-adhoc.root.src
# VM invoker: /home/ubuntu/ebpf-vthread-correlate/.vthread-jdk/jdk/bin/java
# VM options: --enable-preview --enable-native-access=ALL-UNNAMED -XX:-VThreadTraceProbes
# Blackhole mode: compiler (auto-detected, use -Djmh.blackhole.autoDetect=false to disable)
# Warmup: 3 iterations, 1 s each
# Measurement: 5 iterations, 1 s each
# Timeout: 10 min per iteration
# Threads: 1 thread, will synchronize iterations
# Benchmark mode: Average time, time/op
# Benchmark: uk.ac.ncl.jensen.benchmark.VThreadTransitionBenchmark.transition_yield
# Parameters: (yieldsPerVthread = 10000)

# Run progress: 0.00% complete, ETA 00:00:16
# Fork: 1 of 2
# Warmup Iteration   1: 11421.878 us/op
# Warmup Iteration   2: 8966.087 us/op
# Warmup Iteration   3: 8511.884 us/op
Iteration   1: 8540.179 us/op
Iteration   2: 8602.647 us/op
Iteration   3: 8603.257 us/op
Iteration   4: 8660.513 us/op
Iteration   5: 8646.143 us/op

# Run progress: 50.00% complete, ETA 00:00:08
# Fork: 2 of 2
# Warmup Iteration   1: 10504.140 us/op
# Warmup Iteration   2: 8539.911 us/op
# Warmup Iteration   3: 8597.916 us/op
Iteration   1: 8644.324 us/op
Iteration   2: 8739.119 us/op
Iteration   3: 8865.969 us/op
Iteration   4: 8824.585 us/op
Iteration   5: 8862.845 us/op


Result "uk.ac.ncl.jensen.benchmark.VThreadTransitionBenchmark.transition_yield":
  8698.958 ±(99.9%) 176.775 us/op [Average]
  (min, avg, max) = (8540.179, 8698.958, 8865.969), stdev = 116.926
  CI (99.9%): [8522.183, 8875.733] (assumes normal distribution)


# Run complete. Total time: 00:00:16

REMEMBER: The numbers below are just data. To gain reusable insights, you need to follow up on
why the numbers are the way they are. Use profilers (see -prof, -lprof), design factorial
experiments, perform baseline and negative tests that provide experimental control, make sure
the benchmarking environment is safe on JVM/OS/HW level, ask for reviews from the domain experts.
Do not assume the numbers tell you what you want them to tell.

NOTE: Current JVM experimentally supports Compiler Blackholes, and they are in use. Please exercise
extra caution when trusting the results, look into the generated code to check the benchmark still
works, and factor in a small probability of new VM bugs. Additionally, while comparisons between
different JVMs are already problematic, the performance difference caused by different Blackhole
modes can be very significant. Please make sure you use the consistent Blackhole mode for comparisons.

Benchmark                                    (yieldsPerVthread)  Mode  Cnt     Score     Error  Units
VThreadTransitionBenchmark.transition_yield               10000  avgt   10  8698.958 ± 176.775  us/op

C — publish-on (flag on, no consumer)
  /home/ubuntu/ebpf-vthread-correlate/.vthread-jdk/jdk/bin/java -jar /home/ubuntu/ebpf-vthread-correlate/target/benchmarks.jar uk.ac.ncl.jensen.benchmark.VThreadTransitionBenchmark -f 2 -wi 3 -i 5 -jvmArgsAppend -XX:+VThreadTraceProbes 
# JMH version: 1.37
# VM version: JDK 21.0.12-internal, OpenJDK 64-Bit Server VM, 21.0.12-internal-adhoc.root.src
# VM invoker: /home/ubuntu/ebpf-vthread-correlate/.vthread-jdk/jdk/bin/java
# VM options: --enable-preview --enable-native-access=ALL-UNNAMED -XX:+VThreadTraceProbes
# Blackhole mode: compiler (auto-detected, use -Djmh.blackhole.autoDetect=false to disable)
# Warmup: 3 iterations, 1 s each
# Measurement: 5 iterations, 1 s each
# Timeout: 10 min per iteration
# Threads: 1 thread, will synchronize iterations
# Benchmark mode: Average time, time/op
# Benchmark: uk.ac.ncl.jensen.benchmark.VThreadTransitionBenchmark.transition_yield
# Parameters: (yieldsPerVthread = 10000)

# Run progress: 0.00% complete, ETA 00:00:16
# Fork: 1 of 2
# Warmup Iteration   1: 11703.991 us/op
# Warmup Iteration   2: 9439.313 us/op
# Warmup Iteration   3: 9005.082 us/op
Iteration   1: 8856.068 us/op
Iteration   2: 9048.613 us/op
Iteration   3: 9231.390 us/op
Iteration   4: 9252.158 us/op
Iteration   5: 9279.047 us/op

# Run progress: 50.00% complete, ETA 00:00:08
# Fork: 2 of 2
# Warmup Iteration   1: 9963.658 us/op
# Warmup Iteration   2: 8687.235 us/op
# Warmup Iteration   3: 8691.926 us/op
Iteration   1: 8699.897 us/op
Iteration   2: 8842.771 us/op
Iteration   3: 8989.349 us/op
Iteration   4: 8956.480 us/op
Iteration   5: 8954.802 us/op


Result "uk.ac.ncl.jensen.benchmark.VThreadTransitionBenchmark.transition_yield":
  9011.058 ±(99.9%) 291.981 us/op [Average]
  (min, avg, max) = (8699.897, 9011.058, 9279.047), stdev = 193.127
  CI (99.9%): [8719.077, 9303.038] (assumes normal distribution)


# Run complete. Total time: 00:00:16

REMEMBER: The numbers below are just data. To gain reusable insights, you need to follow up on
why the numbers are the way they are. Use profilers (see -prof, -lprof), design factorial
experiments, perform baseline and negative tests that provide experimental control, make sure
the benchmarking environment is safe on JVM/OS/HW level, ask for reviews from the domain experts.
Do not assume the numbers tell you what you want them to tell.

NOTE: Current JVM experimentally supports Compiler Blackholes, and they are in use. Please exercise
extra caution when trusting the results, look into the generated code to check the benchmark still
works, and factor in a small probability of new VM bugs. Additionally, while comparisons between
different JVMs are already problematic, the performance difference caused by different Blackhole
modes can be very significant. Please make sure you use the consistent Blackhole mode for comparisons.

Benchmark                                    (yieldsPerVthread)  Mode  Cnt     Score     Error  Units
VThreadTransitionBenchmark.transition_yield               10000  avgt   10  9011.058 ± 291.981  us/op

B — observed (flag on, cropped bpftrace attached by libjvm path)
  bpftrace attached after 1s via libjvm path — no -c, no PID scope

  /home/ubuntu/ebpf-vthread-correlate/.vthread-jdk/jdk/bin/java -jar /home/ubuntu/ebpf-vthread-correlate/target/benchmarks.jar uk.ac.ncl.jensen.benchmark.VThreadTransitionBenchmark -f 2 -wi 3 -i 5 -jvmArgsAppend -XX:+VThreadTraceProbes 
# JMH version: 1.37
# VM version: JDK 21.0.12-internal, OpenJDK 64-Bit Server VM, 21.0.12-internal-adhoc.root.src
# VM invoker: /home/ubuntu/ebpf-vthread-correlate/.vthread-jdk/jdk/bin/java
# VM options: --enable-preview --enable-native-access=ALL-UNNAMED -XX:+VThreadTraceProbes
# Blackhole mode: compiler (auto-detected, use -Djmh.blackhole.autoDetect=false to disable)
# Warmup: 3 iterations, 1 s each
# Measurement: 5 iterations, 1 s each
# Timeout: 10 min per iteration
# Threads: 1 thread, will synchronize iterations
# Benchmark mode: Average time, time/op
# Benchmark: uk.ac.ncl.jensen.benchmark.VThreadTransitionBenchmark.transition_yield
# Parameters: (yieldsPerVthread = 10000)

# Run progress: 0.00% complete, ETA 00:00:16
# Fork: 1 of 2
# Warmup Iteration   1: 18688.123 us/op
# Warmup Iteration   2: 16559.492 us/op
# Warmup Iteration   3: 16657.097 us/op
Iteration   1: 16592.437 us/op
Iteration   2: 16663.214 us/op
Iteration   3: 16637.029 us/op
Iteration   4: 16491.778 us/op
Iteration   5: 16491.283 us/op

# Run progress: 50.00% complete, ETA 00:00:08
# Fork: 2 of 2
# Warmup Iteration   1: 18340.896 us/op
# Warmup Iteration   2: 15860.430 us/op
# Warmup Iteration   3: 15792.576 us/op
Iteration   1: 15999.944 us/op
Iteration   2: 16134.144 us/op
Iteration   3: 16051.732 us/op
Iteration   4: 15890.933 us/op
Iteration   5: 15918.493 us/op


Result "uk.ac.ncl.jensen.benchmark.VThreadTransitionBenchmark.transition_yield":
  16287.099 ±(99.9%) 476.708 us/op [Average]
  (min, avg, max) = (15890.933, 16287.099, 16663.214), stdev = 315.313
  CI (99.9%): [15810.391, 16763.807] (assumes normal distribution)


# Run complete. Total time: 00:00:16

REMEMBER: The numbers below are just data. To gain reusable insights, you need to follow up on
why the numbers are the way they are. Use profilers (see -prof, -lprof), design factorial
experiments, perform baseline and negative tests that provide experimental control, make sure
the benchmarking environment is safe on JVM/OS/HW level, ask for reviews from the domain experts.
Do not assume the numbers tell you what you want them to tell.

NOTE: Current JVM experimentally supports Compiler Blackholes, and they are in use. Please exercise
extra caution when trusting the results, look into the generated code to check the benchmark still
works, and factor in a small probability of new VM bugs. Additionally, while comparisons between
different JVMs are already problematic, the performance difference caused by different Blackhole
modes can be very significant. Please make sure you use the consistent Blackhole mode for comparisons.

Benchmark                                    (yieldsPerVthread)  Mode  Cnt      Score     Error  Units
VThreadTransitionBenchmark.transition_yield               10000  avgt   10  16287.099 ± 476.708  us/op

============================================================
Summary — DIRECTIONAL, VM-only — NOT citable as absolute overhead
  C - A = publish residual (expected ~0);  B - C = observation cost

  A  baseline   : 8698.958 us/op   (directional, VM-only — not citable)
  C  publish-on : 9011.058 us/op   (directional, VM-only — not citable)
  B  observed   : 16287.099 us/op   (directional, VM-only — not citable)

  C - A  publish residual : 312.100 us/op   (directional, VM-only — not citable)
  B - C  observation cost : 7276.041 us/op   (directional, VM-only — not citable)

  probe firings in forked JVM: @freeze_total=9780000  @thaw_total=9939528  @start_total=978  @end_total=978  @end_unmatched=0

RESULT: OK — orchestration validated (probes fired in the -f 2 child). Still directional/VM-only.

[1m==== batch step 2/8 oslevel Churn A/C (RUN_B=0)  (#16 lifecycle probe flag-on pricing) ====[0m
measure-oslevel: A/C/B OS-level observation overhead  (DIRECTIONAL, VM-only — not citable)
  C - A = publish residual (expected ~0);  B - C = observation cost

JMH jar: /home/ubuntu/ebpf-vthread-correlate/target/ebpf-vthread-correlate-1.0-SNAPSHOT.jar
JDK:     /home/ubuntu/ebpf-vthread-correlate/.vthread-jdk/jdk
JAVA:    /home/ubuntu/ebpf-vthread-correlate/.vthread-jdk/jdk/bin/java
LIBJVM:  /home/ubuntu/ebpf-vthread-correlate/.vthread-jdk/jdk/lib/server/libjvm.so
BENCH:   churn
CLASS:   uk.ac.ncl.jensen.benchmark.VThreadChurnBenchmark
WI/I:    3 / 5   (small — orchestration check only)
RUN_B:   0   (A/C only — no observed state, no probe self-check this run)
OUT:     /home/ubuntu/ebpf-vthread-correlate/result/benchmark/oslevel
RUNINFO: /home/ubuntu/ebpf-vthread-correlate/result/benchmark/oslevel/RUNINFO-20260705-201828.txt
LOG:     /home/ubuntu/ebpf-vthread-correlate/result/benchmark/oslevel/measure-oslevel-churn-20260705-201828.log

A — baseline (flag off, no bpftrace)
  /home/ubuntu/ebpf-vthread-correlate/.vthread-jdk/jdk/bin/java -jar /home/ubuntu/ebpf-vthread-correlate/target/benchmarks.jar uk.ac.ncl.jensen.benchmark.VThreadChurnBenchmark -f 2 -wi 3 -i 5 -jvmArgsAppend -XX:-VThreadTraceProbes 
# JMH version: 1.37
# VM version: JDK 21.0.12-internal, OpenJDK 64-Bit Server VM, 21.0.12-internal-adhoc.root.src
# VM invoker: /home/ubuntu/ebpf-vthread-correlate/.vthread-jdk/jdk/bin/java
# VM options: --enable-preview --enable-native-access=ALL-UNNAMED -XX:-VThreadTraceProbes
# Blackhole mode: compiler (auto-detected, use -Djmh.blackhole.autoDetect=false to disable)
# Warmup: 3 iterations, 1 s each
# Measurement: 5 iterations, 1 s each
# Timeout: 10 min per iteration
# Threads: 1 thread, will synchronize iterations
# Benchmark mode: Average time, time/op
# Benchmark: uk.ac.ncl.jensen.benchmark.VThreadChurnBenchmark.churn
# Parameters: (vthreadsPerOp = 1000)

# Run progress: 0.00% complete, ETA 00:00:16
# Fork: 1 of 2
# Warmup Iteration   1: 427.524 us/op
# Warmup Iteration   2: 460.628 us/op
# Warmup Iteration   3: 387.051 us/op
Iteration   1: 304.849 us/op
Iteration   2: 268.957 us/op
Iteration   3: 271.007 us/op
Iteration   4: 270.491 us/op
Iteration   5: 272.572 us/op

# Run progress: 50.00% complete, ETA 00:00:08
# Fork: 2 of 2
# Warmup Iteration   1: 431.846 us/op
# Warmup Iteration   2: 418.390 us/op
# Warmup Iteration   3: 355.683 us/op
Iteration   1: 350.216 us/op
Iteration   2: 354.524 us/op
Iteration   3: 349.098 us/op
Iteration   4: 356.058 us/op
Iteration   5: 362.276 us/op


Result "uk.ac.ncl.jensen.benchmark.VThreadChurnBenchmark.churn":
  316.005 ±(99.9%) 63.376 us/op [Average]
  (min, avg, max) = (268.957, 316.005, 362.276), stdev = 41.920
  CI (99.9%): [252.628, 379.381] (assumes normal distribution)


# Run complete. Total time: 00:00:16

REMEMBER: The numbers below are just data. To gain reusable insights, you need to follow up on
why the numbers are the way they are. Use profilers (see -prof, -lprof), design factorial
experiments, perform baseline and negative tests that provide experimental control, make sure
the benchmarking environment is safe on JVM/OS/HW level, ask for reviews from the domain experts.
Do not assume the numbers tell you what you want them to tell.

NOTE: Current JVM experimentally supports Compiler Blackholes, and they are in use. Please exercise
extra caution when trusting the results, look into the generated code to check the benchmark still
works, and factor in a small probability of new VM bugs. Additionally, while comparisons between
different JVMs are already problematic, the performance difference caused by different Blackhole
modes can be very significant. Please make sure you use the consistent Blackhole mode for comparisons.

Benchmark                    (vthreadsPerOp)  Mode  Cnt    Score    Error  Units
VThreadChurnBenchmark.churn             1000  avgt   10  316.005 ± 63.376  us/op

C — publish-on (flag on, no consumer)
  /home/ubuntu/ebpf-vthread-correlate/.vthread-jdk/jdk/bin/java -jar /home/ubuntu/ebpf-vthread-correlate/target/benchmarks.jar uk.ac.ncl.jensen.benchmark.VThreadChurnBenchmark -f 2 -wi 3 -i 5 -jvmArgsAppend -XX:+VThreadTraceProbes 
# JMH version: 1.37
# VM version: JDK 21.0.12-internal, OpenJDK 64-Bit Server VM, 21.0.12-internal-adhoc.root.src
# VM invoker: /home/ubuntu/ebpf-vthread-correlate/.vthread-jdk/jdk/bin/java
# VM options: --enable-preview --enable-native-access=ALL-UNNAMED -XX:+VThreadTraceProbes
# Blackhole mode: compiler (auto-detected, use -Djmh.blackhole.autoDetect=false to disable)
# Warmup: 3 iterations, 1 s each
# Measurement: 5 iterations, 1 s each
# Timeout: 10 min per iteration
# Threads: 1 thread, will synchronize iterations
# Benchmark mode: Average time, time/op
# Benchmark: uk.ac.ncl.jensen.benchmark.VThreadChurnBenchmark.churn
# Parameters: (vthreadsPerOp = 1000)

# Run progress: 0.00% complete, ETA 00:00:16
# Fork: 1 of 2
# Warmup Iteration   1: 334.369 us/op
# Warmup Iteration   2: 399.076 us/op
# Warmup Iteration   3: 378.334 us/op
Iteration   1: 374.023 us/op
Iteration   2: 314.037 us/op
Iteration   3: 292.860 us/op
Iteration   4: 291.622 us/op
Iteration   5: 287.769 us/op

# Run progress: 50.00% complete, ETA 00:00:08
# Fork: 2 of 2
# Warmup Iteration   1: 429.216 us/op
# Warmup Iteration   2: 369.164 us/op
# Warmup Iteration   3: 283.173 us/op
Iteration   1: 288.121 us/op
Iteration   2: 349.965 us/op
Iteration   3: 374.323 us/op
Iteration   4: 308.356 us/op
Iteration   5: 283.614 us/op


Result "uk.ac.ncl.jensen.benchmark.VThreadChurnBenchmark.churn":
  316.469 ±(99.9%) 54.592 us/op [Average]
  (min, avg, max) = (283.614, 316.469, 374.323), stdev = 36.109
  CI (99.9%): [261.877, 371.061] (assumes normal distribution)


# Run complete. Total time: 00:00:16

REMEMBER: The numbers below are just data. To gain reusable insights, you need to follow up on
why the numbers are the way they are. Use profilers (see -prof, -lprof), design factorial
experiments, perform baseline and negative tests that provide experimental control, make sure
the benchmarking environment is safe on JVM/OS/HW level, ask for reviews from the domain experts.
Do not assume the numbers tell you what you want them to tell.

NOTE: Current JVM experimentally supports Compiler Blackholes, and they are in use. Please exercise
extra caution when trusting the results, look into the generated code to check the benchmark still
works, and factor in a small probability of new VM bugs. Additionally, while comparisons between
different JVMs are already problematic, the performance difference caused by different Blackhole
modes can be very significant. Please make sure you use the consistent Blackhole mode for comparisons.

Benchmark                    (vthreadsPerOp)  Mode  Cnt    Score    Error  Units
VThreadChurnBenchmark.churn             1000  avgt   10  316.469 ± 54.592  us/op

============================================================
Summary — DIRECTIONAL, VM-only — NOT citable as absolute overhead
  C - A = publish residual (expected ~0);  B - C = observation cost

  A  baseline   : 316.005 us/op   (directional, VM-only — not citable)
  C  publish-on : 316.469 us/op   (directional, VM-only — not citable)

  C - A  publish residual : 0.464 us/op   (directional, VM-only — not citable)

  (RUN_B=0: no observed state — no probe-firing counters this run)

RESULT: OK — A/C states completed (RUN_B=0: B skipped, no probe self-check — pair with a COUNT run). Still directional/VM-only.

[1m==== batch step 3/8 oslevel Churn COUNT  (#16 precondition: freeze_total == 0) ====[0m
measure-oslevel: A/C/B OS-level observation overhead  (DIRECTIONAL, VM-only — not citable)
  C - A = publish residual (expected ~0);  B - C = observation cost

JMH jar: /home/ubuntu/ebpf-vthread-correlate/target/ebpf-vthread-correlate-1.0-SNAPSHOT.jar
JDK:     /home/ubuntu/ebpf-vthread-correlate/.vthread-jdk/jdk
JAVA:    /home/ubuntu/ebpf-vthread-correlate/.vthread-jdk/jdk/bin/java
LIBJVM:  /home/ubuntu/ebpf-vthread-correlate/.vthread-jdk/jdk/lib/server/libjvm.so
BENCH:   churn
CLASS:   uk.ac.ncl.jensen.benchmark.VThreadChurnBenchmark
MODE:    COUNT MODE — time figures meaningless, counters only (B state only, -f 1 -wi 0 -i 5)
OUT:     /home/ubuntu/ebpf-vthread-correlate/result/benchmark/oslevel
RUNINFO: /home/ubuntu/ebpf-vthread-correlate/result/benchmark/oslevel/RUNINFO-20260705-201901.txt
LOG:     /home/ubuntu/ebpf-vthread-correlate/result/benchmark/oslevel/measure-oslevel-churn-count-20260705-201901.log

COUNT MODE — time figures meaningless, counters only. Skipping A and C.

B — observed (flag on, cropped bpftrace attached by libjvm path)
  bpftrace attached after 1s via libjvm path — no -c, no PID scope

  /home/ubuntu/ebpf-vthread-correlate/.vthread-jdk/jdk/bin/java -jar /home/ubuntu/ebpf-vthread-correlate/target/benchmarks.jar uk.ac.ncl.jensen.benchmark.VThreadChurnBenchmark -f 1 -wi 0 -i 5 -jvmArgsAppend -XX:+VThreadTraceProbes 
# JMH version: 1.37
# VM version: JDK 21.0.12-internal, OpenJDK 64-Bit Server VM, 21.0.12-internal-adhoc.root.src
# VM invoker: /home/ubuntu/ebpf-vthread-correlate/.vthread-jdk/jdk/bin/java
# VM options: --enable-preview --enable-native-access=ALL-UNNAMED -XX:+VThreadTraceProbes
# Blackhole mode: compiler (auto-detected, use -Djmh.blackhole.autoDetect=false to disable)
# Warmup: <none>
# Measurement: 5 iterations, 1 s each
# Timeout: 10 min per iteration
# Threads: 1 thread, will synchronize iterations
# Benchmark mode: Average time, time/op
# Benchmark: uk.ac.ncl.jensen.benchmark.VThreadChurnBenchmark.churn
# Parameters: (vthreadsPerOp = 1000)

# Run progress: 0.00% complete, ETA 00:00:05
# Fork: 1 of 1
Iteration   1: 487.102 us/op
Iteration   2: 434.076 us/op
Iteration   3: 427.689 us/op
Iteration   4: 420.602 us/op
Iteration   5: 422.802 us/op


Result "uk.ac.ncl.jensen.benchmark.VThreadChurnBenchmark.churn":
  438.454 ±(99.9%) 106.596 us/op [Average]
  (min, avg, max) = (420.602, 438.454, 487.102), stdev = 27.683
  CI (99.9%): [331.858, 545.051] (assumes normal distribution)


# Run complete. Total time: 00:00:05

REMEMBER: The numbers below are just data. To gain reusable insights, you need to follow up on
why the numbers are the way they are. Use profilers (see -prof, -lprof), design factorial
experiments, perform baseline and negative tests that provide experimental control, make sure
the benchmarking environment is safe on JVM/OS/HW level, ask for reviews from the domain experts.
Do not assume the numbers tell you what you want them to tell.

NOTE: Current JVM experimentally supports Compiler Blackholes, and they are in use. Please exercise
extra caution when trusting the results, look into the generated code to check the benchmark still
works, and factor in a small probability of new VM bugs. Additionally, while comparisons between
different JVMs are already problematic, the performance difference caused by different Blackhole
modes can be very significant. Please make sure you use the consistent Blackhole mode for comparisons.

Benchmark                    (vthreadsPerOp)  Mode  Cnt    Score     Error  Units
VThreadChurnBenchmark.churn             1000  avgt    5  438.454 ± 106.596  us/op

  (churn self-check: @freeze_total=0 recorded, NOT asserted — zero is a legitimate no-blocking outcome)
============================================================
COUNT MODE — time figures meaningless, counters only
  ops estimated from avgt iteration scores (~±1 op per 1s iteration)

  ops (measured iterations only, wi=0): 11438
  @freeze_total=0  @thaw_total=0  @thaw_kind[0]=0
  @start_total=11442000  @end_total=11442000  @end_unmatched=0

COUNT RESULT: bench=churn class=uk.ac.ncl.jensen.benchmark.VThreadChurnBenchmark ops=11438 freeze_total=0 thaw_total=0 thaw_top=0 start_total=11442000 end_total=11442000 end_unmatched=0 freezes_per_op=0.0000 top_thaws_per_op=0.0000 starts_per_op=1000.3497 extra_jvmargs=''
  (archived: /home/ubuntu/ebpf-vthread-correlate/result/benchmark/oslevel/COUNT-churn-count-20260705-201901.txt)

RESULT: OK — COUNT mode counters harvested (time figures meaningless by design).

[1m==== batch step 4/8 oslevel ParkUnpark COUNT, baseline  (#11 true denominator) ====[0m
measure-oslevel: A/C/B OS-level observation overhead  (DIRECTIONAL, VM-only — not citable)
  C - A = publish residual (expected ~0);  B - C = observation cost

JMH jar: /home/ubuntu/ebpf-vthread-correlate/target/ebpf-vthread-correlate-1.0-SNAPSHOT.jar
JDK:     /home/ubuntu/ebpf-vthread-correlate/.vthread-jdk/jdk
JAVA:    /home/ubuntu/ebpf-vthread-correlate/.vthread-jdk/jdk/bin/java
LIBJVM:  /home/ubuntu/ebpf-vthread-correlate/.vthread-jdk/jdk/lib/server/libjvm.so
BENCH:   parkunpark
CLASS:   uk.ac.ncl.jensen.benchmark.VThreadParkUnparkBenchmark
MODE:    COUNT MODE — time figures meaningless, counters only (B state only, -f 1 -wi 0 -i 5)
OUT:     /home/ubuntu/ebpf-vthread-correlate/result/benchmark/oslevel
RUNINFO: /home/ubuntu/ebpf-vthread-correlate/result/benchmark/oslevel/RUNINFO-20260705-201913.txt
LOG:     /home/ubuntu/ebpf-vthread-correlate/result/benchmark/oslevel/measure-oslevel-parkunpark-count-20260705-201913.log

COUNT MODE — time figures meaningless, counters only. Skipping A and C.

B — observed (flag on, cropped bpftrace attached by libjvm path)
  bpftrace attached after 1s via libjvm path — no -c, no PID scope

  /home/ubuntu/ebpf-vthread-correlate/.vthread-jdk/jdk/bin/java -jar /home/ubuntu/ebpf-vthread-correlate/target/benchmarks.jar uk.ac.ncl.jensen.benchmark.VThreadParkUnparkBenchmark -f 1 -wi 0 -i 5 -jvmArgsAppend -XX:+VThreadTraceProbes 
# JMH version: 1.37
# VM version: JDK 21.0.12-internal, OpenJDK 64-Bit Server VM, 21.0.12-internal-adhoc.root.src
# VM invoker: /home/ubuntu/ebpf-vthread-correlate/.vthread-jdk/jdk/bin/java
# VM options: --enable-preview --enable-native-access=ALL-UNNAMED -XX:+VThreadTraceProbes
# Blackhole mode: compiler (auto-detected, use -Djmh.blackhole.autoDetect=false to disable)
# Warmup: <none>
# Measurement: 5 iterations, 1 s each
# Timeout: 10 min per iteration
# Threads: 1 thread, will synchronize iterations
# Benchmark mode: Average time, time/op
# Benchmark: uk.ac.ncl.jensen.benchmark.VThreadParkUnparkBenchmark.parkUnpark_pingPong
# Parameters: (rounds = 10000)

# Run progress: 0.00% complete, ETA 00:00:05
# Fork: 1 of 1
Iteration   1: 44930.484 us/op
Iteration   2: 31699.044 us/op
Iteration   3: 33541.752 us/op
Iteration   4: 31613.449 us/op
Iteration   5: 31283.010 us/op


Result "uk.ac.ncl.jensen.benchmark.VThreadParkUnparkBenchmark.parkUnpark_pingPong":
  34613.548 ±(99.9%) 22467.388 us/op [Average]
  (min, avg, max) = (31283.010, 34613.548, 44930.484), stdev = 5834.709
  CI (99.9%): [12146.160, 57080.936] (assumes normal distribution)


# Run complete. Total time: 00:00:05

REMEMBER: The numbers below are just data. To gain reusable insights, you need to follow up on
why the numbers are the way they are. Use profilers (see -prof, -lprof), design factorial
experiments, perform baseline and negative tests that provide experimental control, make sure
the benchmarking environment is safe on JVM/OS/HW level, ask for reviews from the domain experts.
Do not assume the numbers tell you what you want them to tell.

NOTE: Current JVM experimentally supports Compiler Blackholes, and they are in use. Please exercise
extra caution when trusting the results, look into the generated code to check the benchmark still
works, and factor in a small probability of new VM bugs. Additionally, while comparisons between
different JVMs are already problematic, the performance difference caused by different Blackhole
modes can be very significant. Please make sure you use the consistent Blackhole mode for comparisons.

Benchmark                                       (rounds)  Mode  Cnt      Score       Error  Units
VThreadParkUnparkBenchmark.parkUnpark_pingPong     10000  avgt    5  34613.548 ± 22467.388  us/op

============================================================
COUNT MODE — time figures meaningless, counters only
  ops estimated from avgt iteration scores (~±1 op per 1s iteration)

  ops (measured iterations only, wi=0): 148
  @freeze_total=2740232  @thaw_total=2822449  @thaw_kind[0]=2740232
  @start_total=298  @end_total=298  @end_unmatched=0

COUNT RESULT: bench=parkunpark class=uk.ac.ncl.jensen.benchmark.VThreadParkUnparkBenchmark ops=148 freeze_total=2740232 thaw_total=2822449 thaw_top=2740232 start_total=298 end_total=298 end_unmatched=0 freezes_per_op=18515.0811 top_thaws_per_op=18515.0811 starts_per_op=2.0135 extra_jvmargs=''
  (archived: /home/ubuntu/ebpf-vthread-correlate/result/benchmark/oslevel/COUNT-parkunpark-count-20260705-201913.txt)

RESULT: OK — COUNT mode counters harvested (time figures meaningless by design).

[1m==== batch step 5/8 oslevel ParkUnpark COUNT, publish=jvmti  (#11 true denominator) ====[0m
measure-oslevel: A/C/B OS-level observation overhead  (DIRECTIONAL, VM-only — not citable)
  C - A = publish residual (expected ~0);  B - C = observation cost

JMH jar: /home/ubuntu/ebpf-vthread-correlate/target/ebpf-vthread-correlate-1.0-SNAPSHOT.jar
JDK:     /home/ubuntu/ebpf-vthread-correlate/.vthread-jdk/jdk
JAVA:    /home/ubuntu/ebpf-vthread-correlate/.vthread-jdk/jdk/bin/java
LIBJVM:  /home/ubuntu/ebpf-vthread-correlate/.vthread-jdk/jdk/lib/server/libjvm.so
BENCH:   parkunpark
CLASS:   uk.ac.ncl.jensen.benchmark.VThreadParkUnparkBenchmark
MODE:    COUNT MODE — time figures meaningless, counters only (B state only, -f 1 -wi 0 -i 5)
EXTRA:   -agentpath:/home/ubuntu/ebpf-vthread-correlate/JVMTI-agent/libvthread_trace_agent.so=publish=jvmti   (via -jvmArgsAppend, all states)
OUT:     /home/ubuntu/ebpf-vthread-correlate/result/benchmark/oslevel
RUNINFO: /home/ubuntu/ebpf-vthread-correlate/result/benchmark/oslevel/RUNINFO-20260705-201926.txt
LOG:     /home/ubuntu/ebpf-vthread-correlate/result/benchmark/oslevel/measure-oslevel-parkunpark-count-20260705-201926.log

COUNT MODE — time figures meaningless, counters only. Skipping A and C.

B — observed (flag on, cropped bpftrace attached by libjvm path)
  bpftrace attached after 1s via libjvm path — no -c, no PID scope

  /home/ubuntu/ebpf-vthread-correlate/.vthread-jdk/jdk/bin/java -jar /home/ubuntu/ebpf-vthread-correlate/target/benchmarks.jar uk.ac.ncl.jensen.benchmark.VThreadParkUnparkBenchmark -f 1 -wi 0 -i 5 -jvmArgsAppend -XX:+VThreadTraceProbes -jvmArgsAppend -agentpath:/home/ubuntu/ebpf-vthread-correlate/JVMTI-agent/libvthread_trace_agent.so=publish=jvmti 
# JMH version: 1.37
# VM version: JDK 21.0.12-internal, OpenJDK 64-Bit Server VM, 21.0.12-internal-adhoc.root.src
# VM invoker: /home/ubuntu/ebpf-vthread-correlate/.vthread-jdk/jdk/bin/java
# VM options: --enable-preview --enable-native-access=ALL-UNNAMED -XX:+VThreadTraceProbes -agentpath:/home/ubuntu/ebpf-vthread-correlate/JVMTI-agent/libvthread_trace_agent.so=publish=jvmti
# Blackhole mode: compiler (auto-detected, use -Djmh.blackhole.autoDetect=false to disable)
# Warmup: <none>
# Measurement: 5 iterations, 1 s each
# Timeout: 10 min per iteration
# Threads: 1 thread, will synchronize iterations
# Benchmark mode: Average time, time/op
# Benchmark: uk.ac.ncl.jensen.benchmark.VThreadParkUnparkBenchmark.parkUnpark_pingPong
# Parameters: (rounds = 10000)

# Run progress: 0.00% complete, ETA 00:00:05
# Fork: 1 of 1
[vthread-trace-agent] loading, options=publish=jvmti
[vthread-trace-agent] loaded
[vthread-trace-agent] found mount ext event: id=com.sun.hotspot.events.VirtualThreadMount index=48
[vthread-trace-agent] found unmount ext event: id=com.sun.hotspot.events.VirtualThreadUnmount index=47
[vthread-trace-agent] JVMTI mount/unmount publish enabled (carrier-resident TLS)
[vthread-trace-agent] ready (fieldID=0x1e2 methodID=0x7714b0228178 publish_jvmti=1)
Iteration   1: 40121.736 us/op
Iteration   2: 34367.375 us/op
Iteration   3: 34223.795 us/op
Iteration   4: 34933.226 us/op
Iteration   5: 33754.035 us/op
[vthread-trace-agent] unloading


Result "uk.ac.ncl.jensen.benchmark.VThreadParkUnparkBenchmark.parkUnpark_pingPong":
  35480.033 ±(99.9%) 10122.072 us/op [Average]
  (min, avg, max) = (33754.035, 35480.033, 40121.736), stdev = 2628.670
  CI (99.9%): [25357.961, 45602.105] (assumes normal distribution)


# Run complete. Total time: 00:00:05

REMEMBER: The numbers below are just data. To gain reusable insights, you need to follow up on
why the numbers are the way they are. Use profilers (see -prof, -lprof), design factorial
experiments, perform baseline and negative tests that provide experimental control, make sure
the benchmarking environment is safe on JVM/OS/HW level, ask for reviews from the domain experts.
Do not assume the numbers tell you what you want them to tell.

NOTE: Current JVM experimentally supports Compiler Blackholes, and they are in use. Please exercise
extra caution when trusting the results, look into the generated code to check the benchmark still
works, and factor in a small probability of new VM bugs. Additionally, while comparisons between
different JVMs are already problematic, the performance difference caused by different Blackhole
modes can be very significant. Please make sure you use the consistent Blackhole mode for comparisons.

Benchmark                                       (rounds)  Mode  Cnt      Score       Error  Units
VThreadParkUnparkBenchmark.parkUnpark_pingPong     10000  avgt    5  35480.033 ± 10122.072  us/op

============================================================
COUNT MODE — time figures meaningless, counters only
  ops estimated from avgt iteration scores (~±1 op per 1s iteration)

  ops (measured iterations only, wi=0): 142
  @freeze_total=2810523  @thaw_total=2893767  @thaw_kind[0]=2810523
  @start_total=288  @end_total=288  @end_unmatched=0

COUNT RESULT: bench=parkunpark class=uk.ac.ncl.jensen.benchmark.VThreadParkUnparkBenchmark ops=142 freeze_total=2810523 thaw_total=2893767 thaw_top=2810523 start_total=288 end_total=288 end_unmatched=0 freezes_per_op=19792.4155 top_thaws_per_op=19792.4155 starts_per_op=2.0282 extra_jvmargs='-agentpath:/home/ubuntu/ebpf-vthread-correlate/JVMTI-agent/libvthread_trace_agent.so=publish=jvmti'
  (archived: /home/ubuntu/ebpf-vthread-correlate/result/benchmark/oslevel/COUNT-parkunpark-count-20260705-201926.txt)

RESULT: OK — COUNT mode counters harvested (time figures meaningless by design).

[1m==== batch step 6/8 oslevel ParkUnpark COUNT, jvmAlloc  (#11 true denominator) ====[0m
measure-oslevel: A/C/B OS-level observation overhead  (DIRECTIONAL, VM-only — not citable)
  C - A = publish residual (expected ~0);  B - C = observation cost

JMH jar: /home/ubuntu/ebpf-vthread-correlate/target/ebpf-vthread-correlate-1.0-SNAPSHOT.jar
JDK:     /home/ubuntu/ebpf-vthread-correlate/.vthread-jdk/jdk
JAVA:    /home/ubuntu/ebpf-vthread-correlate/.vthread-jdk/jdk/bin/java
LIBJVM:  /home/ubuntu/ebpf-vthread-correlate/.vthread-jdk/jdk/lib/server/libjvm.so
BENCH:   parkunpark
CLASS:   uk.ac.ncl.jensen.benchmark.VThreadParkUnparkBenchmark
MODE:    COUNT MODE — time figures meaningless, counters only (B state only, -f 1 -wi 0 -i 5)
EXTRA:   -Dvthread.trace.jvmAlloc=true   (via -jvmArgsAppend, all states)
OUT:     /home/ubuntu/ebpf-vthread-correlate/result/benchmark/oslevel
RUNINFO: /home/ubuntu/ebpf-vthread-correlate/result/benchmark/oslevel/RUNINFO-20260705-201938.txt
LOG:     /home/ubuntu/ebpf-vthread-correlate/result/benchmark/oslevel/measure-oslevel-parkunpark-count-20260705-201938.log

COUNT MODE — time figures meaningless, counters only. Skipping A and C.

B — observed (flag on, cropped bpftrace attached by libjvm path)
  bpftrace attached after 1s via libjvm path — no -c, no PID scope

  /home/ubuntu/ebpf-vthread-correlate/.vthread-jdk/jdk/bin/java -jar /home/ubuntu/ebpf-vthread-correlate/target/benchmarks.jar uk.ac.ncl.jensen.benchmark.VThreadParkUnparkBenchmark -f 1 -wi 0 -i 5 -jvmArgsAppend -XX:+VThreadTraceProbes -jvmArgsAppend -Dvthread.trace.jvmAlloc=true 
# JMH version: 1.37
# VM version: JDK 21.0.12-internal, OpenJDK 64-Bit Server VM, 21.0.12-internal-adhoc.root.src
# VM invoker: /home/ubuntu/ebpf-vthread-correlate/.vthread-jdk/jdk/bin/java
# VM options: --enable-preview --enable-native-access=ALL-UNNAMED -XX:+VThreadTraceProbes -Dvthread.trace.jvmAlloc=true
# Blackhole mode: compiler (auto-detected, use -Djmh.blackhole.autoDetect=false to disable)
# Warmup: <none>
# Measurement: 5 iterations, 1 s each
# Timeout: 10 min per iteration
# Threads: 1 thread, will synchronize iterations
# Benchmark mode: Average time, time/op
# Benchmark: uk.ac.ncl.jensen.benchmark.VThreadParkUnparkBenchmark.parkUnpark_pingPong
# Parameters: (rounds = 10000)

# Run progress: 0.00% complete, ETA 00:00:05
# Fork: 1 of 1
Iteration   1: 38788.270 us/op
Iteration   2: 32821.675 us/op
Iteration   3: 32121.102 us/op
Iteration   4: 32200.239 us/op
Iteration   5: 30606.744 us/op


Result "uk.ac.ncl.jensen.benchmark.VThreadParkUnparkBenchmark.parkUnpark_pingPong":
  33307.606 ±(99.9%) 12207.591 us/op [Average]
  (min, avg, max) = (30606.744, 33307.606, 38788.270), stdev = 3170.273
  CI (99.9%): [21100.015, 45515.197] (assumes normal distribution)


# Run complete. Total time: 00:00:05

REMEMBER: The numbers below are just data. To gain reusable insights, you need to follow up on
why the numbers are the way they are. Use profilers (see -prof, -lprof), design factorial
experiments, perform baseline and negative tests that provide experimental control, make sure
the benchmarking environment is safe on JVM/OS/HW level, ask for reviews from the domain experts.
Do not assume the numbers tell you what you want them to tell.

NOTE: Current JVM experimentally supports Compiler Blackholes, and they are in use. Please exercise
extra caution when trusting the results, look into the generated code to check the benchmark still
works, and factor in a small probability of new VM bugs. Additionally, while comparisons between
different JVMs are already problematic, the performance difference caused by different Blackhole
modes can be very significant. Please make sure you use the consistent Blackhole mode for comparisons.

Benchmark                                       (rounds)  Mode  Cnt      Score       Error  Units
VThreadParkUnparkBenchmark.parkUnpark_pingPong     10000  avgt    5  33307.606 ± 12207.591  us/op

============================================================
COUNT MODE — time figures meaningless, counters only
  ops estimated from avgt iteration scores (~±1 op per 1s iteration)

  ops (measured iterations only, wi=0): 151
  @freeze_total=2948309  @thaw_total=3030618  @thaw_kind[0]=2948309
  @start_total=308  @end_total=308  @end_unmatched=0

COUNT RESULT: bench=parkunpark class=uk.ac.ncl.jensen.benchmark.VThreadParkUnparkBenchmark ops=151 freeze_total=2948309 thaw_total=3030618 thaw_top=2948309 start_total=308 end_total=308 end_unmatched=0 freezes_per_op=19525.2252 top_thaws_per_op=19525.2252 starts_per_op=2.0397 extra_jvmargs='-Dvthread.trace.jvmAlloc=true'
  (archived: /home/ubuntu/ebpf-vthread-correlate/result/benchmark/oslevel/COUNT-parkunpark-count-20260705-201938.txt)

RESULT: OK — COUNT mode counters harvested (time figures meaningless by design).

[1m==== batch step 7/8 Transition N-sweep, gc pass only  (GAP-9 convergence curve) ====[0m

[1m== environment ==[0m
JAVA_HOME = /home/ubuntu/ebpf-vthread-correlate/.vthread-jdk/jdk
agent     = /home/ubuntu/ebpf-vthread-correlate/JVMTI-agent/libvthread_trace_agent.so
java      = openjdk version "21.0.12-internal" 2026-07-21
RUNINFO   = /home/ubuntu/ebpf-vthread-correlate/result/benchmark/nsweep-20260705-201731/RUNINFO-20260705-201951.txt

[1m== build ==[0m
+ make -C JVMTI-agent
make: Entering directory '/home/ubuntu/ebpf-vthread-correlate/JVMTI-agent'
make: 'libvthread_trace_agent.so' is up to date.
make: Leaving directory '/home/ubuntu/ebpf-vthread-correlate/JVMTI-agent'
+ mvn -q clean package

[1m== VThreadTransitionBenchmark / baseline ==[0m
+ /home/ubuntu/ebpf-vthread-correlate/.vthread-jdk/jdk/bin/java -Djmh.ignoreLock=true -jar /home/ubuntu/ebpf-vthread-correlate/target/ebpf-vthread-correlate-1.0-SNAPSHOT.jar VThreadTransitionBenchmark -p yieldsPerVthread=1000,10000,100000 -prof gc -rf json -rff /home/ubuntu/ebpf-vthread-correlate/result/benchmark/nsweep-20260705-201731/VThreadTransitionBenchmark_baseline_gc.json
# WARNING: JMH lock is ignored by user request, make sure no other JMH instances are running
# JMH version: 1.37
# VM version: JDK 21.0.12-internal, OpenJDK 64-Bit Server VM, 21.0.12-internal-adhoc.root.src
# VM invoker: /home/ubuntu/ebpf-vthread-correlate/.vthread-jdk/jdk/bin/java
# VM options: --enable-preview --enable-native-access=ALL-UNNAMED
# Blackhole mode: compiler (auto-detected, use -Djmh.blackhole.autoDetect=false to disable)
# Warmup: 5 iterations, 1 s each
# Measurement: 10 iterations, 1 s each
# Timeout: 10 min per iteration
# Threads: 1 thread, will synchronize iterations
# Benchmark mode: Average time, time/op
# Benchmark: uk.ac.ncl.jensen.benchmark.VThreadTransitionBenchmark.transition_yield
# Parameters: (yieldsPerVthread = 1000)

# Run progress: 0.00% complete, ETA 00:01:30
# Fork: 1 of 2
# Warmup Iteration   1: 1208.528 us/op
# Warmup Iteration   2: 931.660 us/op
# Warmup Iteration   3: 892.738 us/op
# Warmup Iteration   4: 901.080 us/op
# Warmup Iteration   5: 898.681 us/op
Iteration   1: 877.420 us/op
                 gc.alloc.rate:      26.913 MB/sec
                 gc.alloc.rate.norm: 24762.751 B/op
                 gc.count:           ≈ 0 counts

Iteration   2: 870.269 us/op
                 gc.alloc.rate:      27.041 MB/sec
                 gc.alloc.rate.norm: 24677.990 B/op
                 gc.count:           ≈ 0 counts

Iteration   3: 872.105 us/op
                 gc.alloc.rate:      26.983 MB/sec
                 gc.alloc.rate.norm: 24678.005 B/op
                 gc.count:           ≈ 0 counts

Iteration   4: 871.119 us/op
                 gc.alloc.rate:      27.014 MB/sec
                 gc.alloc.rate.norm: 24677.995 B/op
                 gc.count:           ≈ 0 counts

Iteration   5: 869.658 us/op
                 gc.alloc.rate:      27.060 MB/sec
                 gc.alloc.rate.norm: 24678.012 B/op
                 gc.count:           ≈ 0 counts

Iteration   6: 875.429 us/op
                 gc.alloc.rate:      26.882 MB/sec
                 gc.alloc.rate.norm: 24678.306 B/op
                 gc.count:           1.000 counts
                 gc.time:            2.000 ms

Iteration   7: 868.988 us/op
                 gc.alloc.rate:      27.081 MB/sec
                 gc.alloc.rate.norm: 24678.012 B/op
                 gc.count:           ≈ 0 counts

Iteration   8: 861.962 us/op
                 gc.alloc.rate:      27.302 MB/sec
                 gc.alloc.rate.norm: 24677.905 B/op
                 gc.count:           ≈ 0 counts

Iteration   9: 868.679 us/op
                 gc.alloc.rate:      27.091 MB/sec
                 gc.alloc.rate.norm: 24678.007 B/op
                 gc.count:           ≈ 0 counts

Iteration  10: 869.251 us/op
                 gc.alloc.rate:      27.073 MB/sec
                 gc.alloc.rate.norm: 24678.012 B/op
                 gc.count:           ≈ 0 counts


# Run progress: 16.67% complete, ETA 00:01:16
# Fork: 2 of 2
# Warmup Iteration   1: 1130.489 us/op
# Warmup Iteration   2: 897.766 us/op
# Warmup Iteration   3: 893.901 us/op
# Warmup Iteration   4: 883.163 us/op
# Warmup Iteration   5: 883.863 us/op
Iteration   1: 872.562 us/op
                 gc.alloc.rate:      27.012 MB/sec
                 gc.alloc.rate.norm: 24716.366 B/op
                 gc.count:           ≈ 0 counts

Iteration   2: 865.161 us/op
                 gc.alloc.rate:      27.201 MB/sec
                 gc.alloc.rate.norm: 24677.931 B/op
                 gc.count:           ≈ 0 counts

Iteration   3: 870.140 us/op
                 gc.alloc.rate:      27.045 MB/sec
                 gc.alloc.rate.norm: 24677.990 B/op
                 gc.count:           ≈ 0 counts

Iteration   4: 872.926 us/op
                 gc.alloc.rate:      26.958 MB/sec
                 gc.alloc.rate.norm: 24678.010 B/op
                 gc.count:           ≈ 0 counts

Iteration   5: 873.239 us/op
                 gc.alloc.rate:      26.948 MB/sec
                 gc.alloc.rate.norm: 24678.290 B/op
                 gc.count:           1.000 counts
                 gc.time:            2.000 ms

Iteration   6: 868.056 us/op
                 gc.alloc.rate:      27.110 MB/sec
                 gc.alloc.rate.norm: 24677.974 B/op
                 gc.count:           ≈ 0 counts

Iteration   7: 867.051 us/op
                 gc.alloc.rate:      27.142 MB/sec
                 gc.alloc.rate.norm: 24677.969 B/op
                 gc.count:           ≈ 0 counts

Iteration   8: 868.777 us/op
                 gc.alloc.rate:      27.088 MB/sec
                 gc.alloc.rate.norm: 24677.979 B/op
                 gc.count:           ≈ 0 counts

Iteration   9: 863.654 us/op
                 gc.alloc.rate:      27.248 MB/sec
                 gc.alloc.rate.norm: 24677.948 B/op
                 gc.count:           ≈ 0 counts

Iteration  10: 869.237 us/op
                 gc.alloc.rate:      27.073 MB/sec
                 gc.alloc.rate.norm: 24677.984 B/op
                 gc.count:           ≈ 0 counts



Result "uk.ac.ncl.jensen.benchmark.VThreadTransitionBenchmark.transition_yield":
  869.784 ±(99.9%) 3.220 us/op [Average]
  (min, avg, max) = (861.962, 869.784, 877.420), stdev = 3.708
  CI (99.9%): [866.564, 873.004] (assumes normal distribution)

Secondary result "uk.ac.ncl.jensen.benchmark.VThreadTransitionBenchmark.transition_yield:gc.alloc.rate":
  27.063 ±(99.9%) 0.092 MB/sec [Average]
  (min, avg, max) = (26.882, 27.063, 27.302), stdev = 0.106
  CI (99.9%): [26.971, 27.155] (assumes normal distribution)

Secondary result "uk.ac.ncl.jensen.benchmark.VThreadTransitionBenchmark.transition_yield:gc.alloc.rate.norm":
  24684.172 ±(99.9%) 17.699 B/op [Average]
  (min, avg, max) = (24677.905, 24684.172, 24762.751), stdev = 20.382
  CI (99.9%): [24666.473, 24701.871] (assumes normal distribution)

Secondary result "uk.ac.ncl.jensen.benchmark.VThreadTransitionBenchmark.transition_yield:gc.count":
  2.000 ±(99.9%) 0.001 counts [Sum]
  (min, avg, max) = (≈ 0, 0.100, 1.000), stdev = 0.308
  CI (99.9%): [2.000, 2.000] (assumes normal distribution)

Secondary result "uk.ac.ncl.jensen.benchmark.VThreadTransitionBenchmark.transition_yield:gc.time":
  4.000 ±(99.9%) 0.001 ms [Sum]
  (min, avg, max) = (≈ 0, 0.200, 2.000), stdev = 0.616
  CI (99.9%): [4.000, 4.000] (assumes normal distribution)


# JMH version: 1.37
# VM version: JDK 21.0.12-internal, OpenJDK 64-Bit Server VM, 21.0.12-internal-adhoc.root.src
# VM invoker: /home/ubuntu/ebpf-vthread-correlate/.vthread-jdk/jdk/bin/java
# VM options: --enable-preview --enable-native-access=ALL-UNNAMED
# Blackhole mode: compiler (auto-detected, use -Djmh.blackhole.autoDetect=false to disable)
# Warmup: 5 iterations, 1 s each
# Measurement: 10 iterations, 1 s each
# Timeout: 10 min per iteration
# Threads: 1 thread, will synchronize iterations
# Benchmark mode: Average time, time/op
# Benchmark: uk.ac.ncl.jensen.benchmark.VThreadTransitionBenchmark.transition_yield
# Parameters: (yieldsPerVthread = 10000)

# Run progress: 33.33% complete, ETA 00:01:00
# Fork: 1 of 2
# Warmup Iteration   1: 10893.421 us/op
# Warmup Iteration   2: 8535.375 us/op
# Warmup Iteration   3: 8529.083 us/op
# Warmup Iteration   4: 8566.262 us/op
# Warmup Iteration   5: 8658.847 us/op
Iteration   1: 8708.853 us/op
                 gc.alloc.rate:      26.401 MB/sec
                 gc.alloc.rate.norm: 241115.896 B/op
                 gc.count:           ≈ 0 counts

Iteration   2: 8672.100 us/op
                 gc.alloc.rate:      26.513 MB/sec
                 gc.alloc.rate.norm: 241115.379 B/op
                 gc.count:           ≈ 0 counts

Iteration   3: 8710.619 us/op
                 gc.alloc.rate:      26.395 MB/sec
                 gc.alloc.rate.norm: 241115.896 B/op
                 gc.count:           ≈ 0 counts

Iteration   4: 8737.085 us/op
                 gc.alloc.rate:      26.315 MB/sec
                 gc.alloc.rate.norm: 241115.896 B/op
                 gc.count:           ≈ 0 counts

Iteration   5: 8634.732 us/op
                 gc.alloc.rate:      26.628 MB/sec
                 gc.alloc.rate.norm: 241117.586 B/op
                 gc.count:           1.000 counts
                 gc.time:            2.000 ms

Iteration   6: 8499.101 us/op
                 gc.alloc.rate:      27.052 MB/sec
                 gc.alloc.rate.norm: 241114.373 B/op
                 gc.count:           ≈ 0 counts

Iteration   7: 8535.435 us/op
                 gc.alloc.rate:      26.937 MB/sec
                 gc.alloc.rate.norm: 241114.373 B/op
                 gc.count:           ≈ 0 counts

Iteration   8: 8567.286 us/op
                 gc.alloc.rate:      26.837 MB/sec
                 gc.alloc.rate.norm: 241114.872 B/op
                 gc.count:           ≈ 0 counts

Iteration   9: 8505.150 us/op
                 gc.alloc.rate:      27.033 MB/sec
                 gc.alloc.rate.norm: 241114.373 B/op
                 gc.count:           ≈ 0 counts

Iteration  10: 8510.064 us/op
                 gc.alloc.rate:      27.018 MB/sec
                 gc.alloc.rate.norm: 241114.373 B/op
                 gc.count:           ≈ 0 counts


# Run progress: 50.00% complete, ETA 00:00:45
# Fork: 2 of 2
# Warmup Iteration   1: 10271.841 us/op
# Warmup Iteration   2: 8776.159 us/op
# Warmup Iteration   3: 8853.067 us/op
# Warmup Iteration   4: 8978.953 us/op
# Warmup Iteration   5: 9068.042 us/op
Iteration   1: 9115.477 us/op
                 gc.alloc.rate:      25.223 MB/sec
                 gc.alloc.rate.norm: 241118.618 B/op
                 gc.count:           ≈ 0 counts

Iteration   2: 9160.381 us/op
                 gc.alloc.rate:      25.100 MB/sec
                 gc.alloc.rate.norm: 241118.618 B/op
                 gc.count:           ≈ 0 counts

Iteration   3: 9130.734 us/op
                 gc.alloc.rate:      25.181 MB/sec
                 gc.alloc.rate.norm: 241118.618 B/op
                 gc.count:           ≈ 0 counts

Iteration   4: 9034.428 us/op
                 gc.alloc.rate:      25.446 MB/sec
                 gc.alloc.rate.norm: 241118.054 B/op
                 gc.count:           ≈ 0 counts

Iteration   5: 8996.983 us/op
                 gc.alloc.rate:      25.555 MB/sec
                 gc.alloc.rate.norm: 241117.500 B/op
                 gc.count:           ≈ 0 counts

Iteration   6: 9081.660 us/op
                 gc.alloc.rate:      25.318 MB/sec
                 gc.alloc.rate.norm: 241120.360 B/op
                 gc.count:           1.000 counts
                 gc.time:            2.000 ms

Iteration   7: 8809.218 us/op
                 gc.alloc.rate:      26.100 MB/sec
                 gc.alloc.rate.norm: 241116.421 B/op
                 gc.count:           ≈ 0 counts

Iteration   8: 8899.080 us/op
                 gc.alloc.rate:      25.834 MB/sec
                 gc.alloc.rate.norm: 241116.956 B/op
                 gc.count:           ≈ 0 counts

Iteration   9: 8903.405 us/op
                 gc.alloc.rate:      25.824 MB/sec
                 gc.alloc.rate.norm: 241116.956 B/op
                 gc.count:           ≈ 0 counts

Iteration  10: 9000.249 us/op
                 gc.alloc.rate:      25.546 MB/sec
                 gc.alloc.rate.norm: 241117.500 B/op
                 gc.count:           ≈ 0 counts



Result "uk.ac.ncl.jensen.benchmark.VThreadTransitionBenchmark.transition_yield":
  8810.602 ±(99.9%) 201.191 us/op [Average]
  (min, avg, max) = (8499.101, 8810.602, 9160.381), stdev = 231.692
  CI (99.9%): [8609.411, 9011.793] (assumes normal distribution)

Secondary result "uk.ac.ncl.jensen.benchmark.VThreadTransitionBenchmark.transition_yield:gc.alloc.rate":
  26.113 ±(99.9%) 0.596 MB/sec [Average]
  (min, avg, max) = (25.100, 26.113, 27.052), stdev = 0.686
  CI (99.9%): [25.517, 26.708] (assumes normal distribution)

Secondary result "uk.ac.ncl.jensen.benchmark.VThreadTransitionBenchmark.transition_yield:gc.alloc.rate.norm":
  241116.631 ±(99.9%) 1.506 B/op [Average]
  (min, avg, max) = (241114.373, 241116.631, 241120.360), stdev = 1.734
  CI (99.9%): [241115.125, 241118.137] (assumes normal distribution)

Secondary result "uk.ac.ncl.jensen.benchmark.VThreadTransitionBenchmark.transition_yield:gc.count":
  2.000 ±(99.9%) 0.001 counts [Sum]
  (min, avg, max) = (≈ 0, 0.100, 1.000), stdev = 0.308
  CI (99.9%): [2.000, 2.000] (assumes normal distribution)

Secondary result "uk.ac.ncl.jensen.benchmark.VThreadTransitionBenchmark.transition_yield:gc.time":
  4.000 ±(99.9%) 0.001 ms [Sum]
  (min, avg, max) = (≈ 0, 0.200, 2.000), stdev = 0.616
  CI (99.9%): [4.000, 4.000] (assumes normal distribution)


# JMH version: 1.37
# VM version: JDK 21.0.12-internal, OpenJDK 64-Bit Server VM, 21.0.12-internal-adhoc.root.src
# VM invoker: /home/ubuntu/ebpf-vthread-correlate/.vthread-jdk/jdk/bin/java
# VM options: --enable-preview --enable-native-access=ALL-UNNAMED
# Blackhole mode: compiler (auto-detected, use -Djmh.blackhole.autoDetect=false to disable)
# Warmup: 5 iterations, 1 s each
# Measurement: 10 iterations, 1 s each
# Timeout: 10 min per iteration
# Threads: 1 thread, will synchronize iterations
# Benchmark mode: Average time, time/op
# Benchmark: uk.ac.ncl.jensen.benchmark.VThreadTransitionBenchmark.transition_yield
# Parameters: (yieldsPerVthread = 100000)

# Run progress: 66.67% complete, ETA 00:00:30
# Fork: 1 of 2
# Warmup Iteration   1: 97865.545 us/op
# Warmup Iteration   2: 85005.729 us/op
# Warmup Iteration   3: 84370.113 us/op
# Warmup Iteration   4: 84023.700 us/op
# Warmup Iteration   5: 84797.713 us/op
Iteration   1: 85294.409 us/op
                 gc.alloc.rate:      26.853 MB/sec
                 gc.alloc.rate.norm: 2402155.333 B/op
                 gc.count:           ≈ 0 counts

Iteration   2: 85603.534 us/op
                 gc.alloc.rate:      26.756 MB/sec
                 gc.alloc.rate.norm: 2402155.333 B/op
                 gc.count:           ≈ 0 counts

Iteration   3: 85479.327 us/op
                 gc.alloc.rate:      26.795 MB/sec
                 gc.alloc.rate.norm: 2402155.333 B/op
                 gc.count:           ≈ 0 counts

Iteration   4: 85507.501 us/op
                 gc.alloc.rate:      26.786 MB/sec
                 gc.alloc.rate.norm: 2402155.333 B/op
                 gc.count:           ≈ 0 counts

Iteration   5: 86276.508 us/op
                 gc.alloc.rate:      26.548 MB/sec
                 gc.alloc.rate.norm: 2402176.667 B/op
                 gc.count:           1.000 counts
                 gc.time:            2.000 ms

Iteration   6: 86616.545 us/op
                 gc.alloc.rate:      26.443 MB/sec
                 gc.alloc.rate.norm: 2402155.333 B/op
                 gc.count:           ≈ 0 counts

Iteration   7: 85885.665 us/op
                 gc.alloc.rate:      26.669 MB/sec
                 gc.alloc.rate.norm: 2402155.333 B/op
                 gc.count:           ≈ 0 counts

Iteration   8: 87893.280 us/op
                 gc.alloc.rate:      26.059 MB/sec
                 gc.alloc.rate.norm: 2402155.333 B/op
                 gc.count:           ≈ 0 counts

Iteration   9: 85994.781 us/op
                 gc.alloc.rate:      26.634 MB/sec
                 gc.alloc.rate.norm: 2402155.333 B/op
                 gc.count:           ≈ 0 counts

Iteration  10: 85992.756 us/op
                 gc.alloc.rate:      26.634 MB/sec
                 gc.alloc.rate.norm: 2402155.333 B/op
                 gc.count:           ≈ 0 counts


# Run progress: 83.33% complete, ETA 00:00:15
# Fork: 2 of 2
# Warmup Iteration   1: 97550.055 us/op
# Warmup Iteration   2: 85256.639 us/op
# Warmup Iteration   3: 84985.221 us/op
# Warmup Iteration   4: 84724.537 us/op
# Warmup Iteration   5: 84416.946 us/op
Iteration   1: 85748.672 us/op
                 gc.alloc.rate:      26.710 MB/sec
                 gc.alloc.rate.norm: 2402155.333 B/op
                 gc.count:           ≈ 0 counts

Iteration   2: 84628.674 us/op
                 gc.alloc.rate:      27.067 MB/sec
                 gc.alloc.rate.norm: 2402158.000 B/op
                 gc.count:           ≈ 0 counts

Iteration   3: 86419.305 us/op
                 gc.alloc.rate:      26.502 MB/sec
                 gc.alloc.rate.norm: 2402155.333 B/op
                 gc.count:           ≈ 0 counts

Iteration   4: 86844.999 us/op
                 gc.alloc.rate:      26.374 MB/sec
                 gc.alloc.rate.norm: 2402155.333 B/op
                 gc.count:           ≈ 0 counts

Iteration   5: 87193.088 us/op
                 gc.alloc.rate:      26.268 MB/sec
                 gc.alloc.rate.norm: 2402155.333 B/op
                 gc.count:           ≈ 0 counts

Iteration   6: 85488.593 us/op
                 gc.alloc.rate:      26.795 MB/sec
                 gc.alloc.rate.norm: 2402179.333 B/op
                 gc.count:           1.000 counts
                 gc.time:            2.000 ms

Iteration   7: 84502.012 us/op
                 gc.alloc.rate:      27.105 MB/sec
                 gc.alloc.rate.norm: 2402155.333 B/op
                 gc.count:           ≈ 0 counts

Iteration   8: 83974.586 us/op
                 gc.alloc.rate:      27.278 MB/sec
                 gc.alloc.rate.norm: 2402158.000 B/op
                 gc.count:           ≈ 0 counts

Iteration   9: 85252.266 us/op
                 gc.alloc.rate:      26.866 MB/sec
                 gc.alloc.rate.norm: 2402155.333 B/op
                 gc.count:           ≈ 0 counts

Iteration  10: 84039.429 us/op
                 gc.alloc.rate:      27.257 MB/sec
                 gc.alloc.rate.norm: 2402158.000 B/op
                 gc.count:           ≈ 0 counts



Result "uk.ac.ncl.jensen.benchmark.VThreadTransitionBenchmark.transition_yield":
  85731.797 ±(99.9%) 869.544 us/op [Average]
  (min, avg, max) = (83974.586, 85731.797, 87893.280), stdev = 1001.368
  CI (99.9%): [84862.252, 86601.341] (assumes normal distribution)

Secondary result "uk.ac.ncl.jensen.benchmark.VThreadTransitionBenchmark.transition_yield:gc.alloc.rate":
  26.720 ±(99.9%) 0.271 MB/sec [Average]
  (min, avg, max) = (26.059, 26.720, 27.278), stdev = 0.312
  CI (99.9%): [26.449, 26.991] (assumes normal distribution)

Secondary result "uk.ac.ncl.jensen.benchmark.VThreadTransitionBenchmark.transition_yield:gc.alloc.rate.norm":
  2402158.000 ±(99.9%) 6.010 B/op [Average]
  (min, avg, max) = (2402155.333, 2402158.000, 2402179.333), stdev = 6.921
  CI (99.9%): [2402151.990, 2402164.010] (assumes normal distribution)

Secondary result "uk.ac.ncl.jensen.benchmark.VThreadTransitionBenchmark.transition_yield:gc.count":
  2.000 ±(99.9%) 0.001 counts [Sum]
  (min, avg, max) = (≈ 0, 0.100, 1.000), stdev = 0.308
  CI (99.9%): [2.000, 2.000] (assumes normal distribution)

Secondary result "uk.ac.ncl.jensen.benchmark.VThreadTransitionBenchmark.transition_yield:gc.time":
  4.000 ±(99.9%) 0.001 ms [Sum]
  (min, avg, max) = (≈ 0, 0.200, 2.000), stdev = 0.616
  CI (99.9%): [4.000, 4.000] (assumes normal distribution)


# Run complete. Total time: 00:01:32

REMEMBER: The numbers below are just data. To gain reusable insights, you need to follow up on
why the numbers are the way they are. Use profilers (see -prof, -lprof), design factorial
experiments, perform baseline and negative tests that provide experimental control, make sure
the benchmarking environment is safe on JVM/OS/HW level, ask for reviews from the domain experts.
Do not assume the numbers tell you what you want them to tell.

NOTE: Current JVM experimentally supports Compiler Blackholes, and they are in use. Please exercise
extra caution when trusting the results, look into the generated code to check the benchmark still
works, and factor in a small probability of new VM bugs. Additionally, while comparisons between
different JVMs are already problematic, the performance difference caused by different Blackhole
modes can be very significant. Please make sure you use the consistent Blackhole mode for comparisons.

Benchmark                                                       (yieldsPerVthread)  Mode  Cnt        Score     Error   Units
VThreadTransitionBenchmark.transition_yield                                   1000  avgt   20      869.784 ±   3.220   us/op
VThreadTransitionBenchmark.transition_yield:gc.alloc.rate                     1000  avgt   20       27.063 ±   0.092  MB/sec
VThreadTransitionBenchmark.transition_yield:gc.alloc.rate.norm                1000  avgt   20    24684.172 ±  17.699    B/op
VThreadTransitionBenchmark.transition_yield:gc.count                          1000  avgt   20        2.000            counts
VThreadTransitionBenchmark.transition_yield:gc.time                           1000  avgt   20        4.000                ms
VThreadTransitionBenchmark.transition_yield                                  10000  avgt   20     8810.602 ± 201.191   us/op
VThreadTransitionBenchmark.transition_yield:gc.alloc.rate                    10000  avgt   20       26.113 ±   0.596  MB/sec
VThreadTransitionBenchmark.transition_yield:gc.alloc.rate.norm               10000  avgt   20   241116.631 ±   1.506    B/op
VThreadTransitionBenchmark.transition_yield:gc.count                         10000  avgt   20        2.000            counts
VThreadTransitionBenchmark.transition_yield:gc.time                          10000  avgt   20        4.000                ms
VThreadTransitionBenchmark.transition_yield                                 100000  avgt   20    85731.797 ± 869.544   us/op
VThreadTransitionBenchmark.transition_yield:gc.alloc.rate                   100000  avgt   20       26.720 ±   0.271  MB/sec
VThreadTransitionBenchmark.transition_yield:gc.alloc.rate.norm              100000  avgt   20  2402158.000 ±   6.010    B/op
VThreadTransitionBenchmark.transition_yield:gc.count                        100000  avgt   20        2.000            counts
VThreadTransitionBenchmark.transition_yield:gc.time                         100000  avgt   20        4.000                ms

Benchmark result is saved to /home/ubuntu/ebpf-vthread-correlate/result/benchmark/nsweep-20260705-201731/VThreadTransitionBenchmark_baseline_gc.json

[1m== VThreadTransitionBenchmark / agent ==[0m
+ /home/ubuntu/ebpf-vthread-correlate/.vthread-jdk/jdk/bin/java -Djmh.ignoreLock=true -jar /home/ubuntu/ebpf-vthread-correlate/target/ebpf-vthread-correlate-1.0-SNAPSHOT.jar VThreadTransitionBenchmark -jvmArgsAppend -agentpath:/home/ubuntu/ebpf-vthread-correlate/JVMTI-agent/libvthread_trace_agent.so -p yieldsPerVthread=1000,10000,100000 -prof gc -rf json -rff /home/ubuntu/ebpf-vthread-correlate/result/benchmark/nsweep-20260705-201731/VThreadTransitionBenchmark_agent_gc.json
# WARNING: JMH lock is ignored by user request, make sure no other JMH instances are running
# JMH version: 1.37
# VM version: JDK 21.0.12-internal, OpenJDK 64-Bit Server VM, 21.0.12-internal-adhoc.root.src
# VM invoker: /home/ubuntu/ebpf-vthread-correlate/.vthread-jdk/jdk/bin/java
# VM options: --enable-preview --enable-native-access=ALL-UNNAMED -agentpath:/home/ubuntu/ebpf-vthread-correlate/JVMTI-agent/libvthread_trace_agent.so
# Blackhole mode: compiler (auto-detected, use -Djmh.blackhole.autoDetect=false to disable)
# Warmup: 5 iterations, 1 s each
# Measurement: 10 iterations, 1 s each
# Timeout: 10 min per iteration
# Threads: 1 thread, will synchronize iterations
# Benchmark mode: Average time, time/op
# Benchmark: uk.ac.ncl.jensen.benchmark.VThreadTransitionBenchmark.transition_yield
# Parameters: (yieldsPerVthread = 1000)

# Run progress: 0.00% complete, ETA 00:01:30
# Fork: 1 of 2
[vthread-trace-agent] loading, options=(none)
[vthread-trace-agent] loaded
[vthread-trace-agent] ready (fieldID=0x1e2 methodID=0x72d17c228128 publish_jvmti=0)
# Warmup Iteration   1: 1251.162 us/op
# Warmup Iteration   2: 1072.363 us/op
# Warmup Iteration   3: 1058.650 us/op
# Warmup Iteration   4: 1053.709 us/op
# Warmup Iteration   5: 1041.558 us/op
Iteration   1: 1045.649 us/op
                 gc.alloc.rate:      22.838 MB/sec
                 gc.alloc.rate.norm: 25043.202 B/op
                 gc.count:           ≈ 0 counts

Iteration   2: 1035.793 us/op
                 gc.alloc.rate:      22.720 MB/sec
                 gc.alloc.rate.norm: 24679.130 B/op
                 gc.count:           ≈ 0 counts

Iteration   3: 1040.059 us/op
                 gc.alloc.rate:      22.627 MB/sec
                 gc.alloc.rate.norm: 24679.160 B/op
                 gc.count:           ≈ 0 counts

Iteration   4: 1038.664 us/op
                 gc.alloc.rate:      22.657 MB/sec
                 gc.alloc.rate.norm: 24679.153 B/op
                 gc.count:           ≈ 0 counts

Iteration   5: 1043.174 us/op
                 gc.alloc.rate:      22.560 MB/sec
                 gc.alloc.rate.norm: 24679.182 B/op
                 gc.count:           ≈ 0 counts

Iteration   6: 1046.994 us/op
                 gc.alloc.rate:      22.478 MB/sec
                 gc.alloc.rate.norm: 24679.205 B/op
                 gc.count:           ≈ 0 counts

Iteration   7: 1043.862 us/op
                 gc.alloc.rate:      22.544 MB/sec
                 gc.alloc.rate.norm: 24679.216 B/op
                 gc.count:           ≈ 0 counts

Iteration   8: 1032.427 us/op
                 gc.alloc.rate:      22.795 MB/sec
                 gc.alloc.rate.norm: 24679.406 B/op
                 gc.count:           1.000 counts
                 gc.time:            2.000 ms

Iteration   9: 1044.115 us/op
                 gc.alloc.rate:      22.540 MB/sec
                 gc.alloc.rate.norm: 24679.190 B/op
                 gc.count:           ≈ 0 counts

Iteration  10: 1056.179 us/op
                 gc.alloc.rate:      22.283 MB/sec
                 gc.alloc.rate.norm: 24679.273 B/op
                 gc.count:           ≈ 0 counts

[vthread-trace-agent] unloading

# Run progress: 16.67% complete, ETA 00:01:16
# Fork: 2 of 2
[vthread-trace-agent] loading, options=(none)
[vthread-trace-agent] loaded
[vthread-trace-agent] ready (fieldID=0x1e2 methodID=0x7d0714228148 publish_jvmti=0)
# Warmup Iteration   1: 1413.274 us/op
# Warmup Iteration   2: 1137.067 us/op
# Warmup Iteration   3: 1124.388 us/op
# Warmup Iteration   4: 1110.701 us/op
# Warmup Iteration   5: 1100.143 us/op
Iteration   1: 1103.868 us/op
                 gc.alloc.rate:      21.652 MB/sec
                 gc.alloc.rate.norm: 25063.638 B/op
                 gc.count:           ≈ 0 counts

Iteration   2: 1094.662 us/op
                 gc.alloc.rate:      21.646 MB/sec
                 gc.alloc.rate.norm: 24847.956 B/op
                 gc.count:           ≈ 0 counts

Iteration   3: 1090.408 us/op
                 gc.alloc.rate:      21.601 MB/sec
                 gc.alloc.rate.norm: 24699.965 B/op
                 gc.count:           ≈ 0 counts

Iteration   4: 1087.327 us/op
                 gc.alloc.rate:      21.645 MB/sec
                 gc.alloc.rate.norm: 24679.487 B/op
                 gc.count:           ≈ 0 counts

Iteration   5: 1090.699 us/op
                 gc.alloc.rate:      21.578 MB/sec
                 gc.alloc.rate.norm: 24679.511 B/op
                 gc.count:           ≈ 0 counts

Iteration   6: 1083.542 us/op
                 gc.alloc.rate:      21.720 MB/sec
                 gc.alloc.rate.norm: 24679.428 B/op
                 gc.count:           ≈ 0 counts

Iteration   7: 1082.249 us/op
                 gc.alloc.rate:      21.746 MB/sec
                 gc.alloc.rate.norm: 24679.412 B/op
                 gc.count:           ≈ 0 counts

Iteration   8: 1084.753 us/op
                 gc.alloc.rate:      21.696 MB/sec
                 gc.alloc.rate.norm: 24679.783 B/op
                 gc.count:           1.000 counts
                 gc.time:            2.000 ms

Iteration   9: 1082.260 us/op
                 gc.alloc.rate:      21.746 MB/sec
                 gc.alloc.rate.norm: 24679.412 B/op
                 gc.count:           ≈ 0 counts

Iteration  10: 1085.268 us/op
                 gc.alloc.rate:      21.686 MB/sec
                 gc.alloc.rate.norm: 24679.436 B/op
                 gc.count:           ≈ 0 counts

[vthread-trace-agent] unloading


Result "uk.ac.ncl.jensen.benchmark.VThreadTransitionBenchmark.transition_yield":
  1065.598 ±(99.9%) 21.171 us/op [Average]
  (min, avg, max) = (1032.427, 1065.598, 1103.868), stdev = 24.380
  CI (99.9%): [1044.427, 1086.768] (assumes normal distribution)

Secondary result "uk.ac.ncl.jensen.benchmark.VThreadTransitionBenchmark.transition_yield:gc.alloc.rate":
  22.138 ±(99.9%) 0.428 MB/sec [Average]
  (min, avg, max) = (21.578, 22.138, 22.838), stdev = 0.493
  CI (99.9%): [21.710, 22.566] (assumes normal distribution)

Secondary result "uk.ac.ncl.jensen.benchmark.VThreadTransitionBenchmark.transition_yield:gc.alloc.rate.norm":
  24726.207 ±(99.9%) 102.553 B/op [Average]
  (min, avg, max) = (24679.130, 24726.207, 25063.638), stdev = 118.100
  CI (99.9%): [24623.654, 24828.761] (assumes normal distribution)

Secondary result "uk.ac.ncl.jensen.benchmark.VThreadTransitionBenchmark.transition_yield:gc.count":
  2.000 ±(99.9%) 0.001 counts [Sum]
  (min, avg, max) = (≈ 0, 0.100, 1.000), stdev = 0.308
  CI (99.9%): [2.000, 2.000] (assumes normal distribution)

Secondary result "uk.ac.ncl.jensen.benchmark.VThreadTransitionBenchmark.transition_yield:gc.time":
  4.000 ±(99.9%) 0.001 ms [Sum]
  (min, avg, max) = (≈ 0, 0.200, 2.000), stdev = 0.616
  CI (99.9%): [4.000, 4.000] (assumes normal distribution)


# JMH version: 1.37
# VM version: JDK 21.0.12-internal, OpenJDK 64-Bit Server VM, 21.0.12-internal-adhoc.root.src
# VM invoker: /home/ubuntu/ebpf-vthread-correlate/.vthread-jdk/jdk/bin/java
# VM options: --enable-preview --enable-native-access=ALL-UNNAMED -agentpath:/home/ubuntu/ebpf-vthread-correlate/JVMTI-agent/libvthread_trace_agent.so
# Blackhole mode: compiler (auto-detected, use -Djmh.blackhole.autoDetect=false to disable)
# Warmup: 5 iterations, 1 s each
# Measurement: 10 iterations, 1 s each
# Timeout: 10 min per iteration
# Threads: 1 thread, will synchronize iterations
# Benchmark mode: Average time, time/op
# Benchmark: uk.ac.ncl.jensen.benchmark.VThreadTransitionBenchmark.transition_yield
# Parameters: (yieldsPerVthread = 10000)

# Run progress: 33.33% complete, ETA 00:01:00
# Fork: 1 of 2
[vthread-trace-agent] loading, options=(none)
[vthread-trace-agent] loaded
[vthread-trace-agent] ready (fieldID=0x1e2 methodID=0x7fe734228128 publish_jvmti=0)
# Warmup Iteration   1: 13170.751 us/op
# Warmup Iteration   2: 10397.792 us/op
# Warmup Iteration   3: 10459.237 us/op
# Warmup Iteration   4: 10488.794 us/op
# Warmup Iteration   5: 10537.739 us/op
Iteration   1: 10595.841 us/op
                 gc.alloc.rate:      21.700 MB/sec
                 gc.alloc.rate.norm: 241128.505 B/op
                 gc.count:           ≈ 0 counts

Iteration   2: 10660.584 us/op
                 gc.alloc.rate:      21.568 MB/sec
                 gc.alloc.rate.norm: 241129.277 B/op
                 gc.count:           ≈ 0 counts

Iteration   3: 10781.470 us/op
                 gc.alloc.rate:      21.327 MB/sec
                 gc.alloc.rate.norm: 241130.065 B/op
                 gc.count:           ≈ 0 counts

Iteration   4: 10702.160 us/op
                 gc.alloc.rate:      21.484 MB/sec
                 gc.alloc.rate.norm: 241129.277 B/op
                 gc.count:           ≈ 0 counts

Iteration   5: 10756.765 us/op
                 gc.alloc.rate:      21.376 MB/sec
                 gc.alloc.rate.norm: 241130.065 B/op
                 gc.count:           ≈ 0 counts

Iteration   6: 10720.130 us/op
                 gc.alloc.rate:      21.449 MB/sec
                 gc.alloc.rate.norm: 241129.277 B/op
                 gc.count:           ≈ 0 counts

Iteration   7: 10572.217 us/op
                 gc.alloc.rate:      21.749 MB/sec
                 gc.alloc.rate.norm: 241131.200 B/op
                 gc.count:           1.000 counts
                 gc.time:            2.000 ms

Iteration   8: 10458.386 us/op
                 gc.alloc.rate:      21.985 MB/sec
                 gc.alloc.rate.norm: 241127.750 B/op
                 gc.count:           ≈ 0 counts

Iteration   9: 10372.907 us/op
                 gc.alloc.rate:      22.167 MB/sec
                 gc.alloc.rate.norm: 241127.010 B/op
                 gc.count:           ≈ 0 counts

Iteration  10: 10430.826 us/op
                 gc.alloc.rate:      22.044 MB/sec
                 gc.alloc.rate.norm: 241127.750 B/op
                 gc.count:           ≈ 0 counts

[vthread-trace-agent] unloading

# Run progress: 50.00% complete, ETA 00:00:45
# Fork: 2 of 2
[vthread-trace-agent] loading, options=(none)
[vthread-trace-agent] loaded
[vthread-trace-agent] ready (fieldID=0x1e2 methodID=0x7a1b68228148 publish_jvmti=0)
# Warmup Iteration   1: 13023.122 us/op
# Warmup Iteration   2: 11215.878 us/op
# Warmup Iteration   3: 10711.309 us/op
# Warmup Iteration   4: 10692.860 us/op
# Warmup Iteration   5: 10840.895 us/op
Iteration   1: 10829.146 us/op
                 gc.alloc.rate:      21.233 MB/sec
                 gc.alloc.rate.norm: 241130.065 B/op
                 gc.count:           ≈ 0 counts

Iteration   2: 10958.647 us/op
                 gc.alloc.rate:      20.982 MB/sec
                 gc.alloc.rate.norm: 241130.870 B/op
                 gc.count:           ≈ 0 counts

Iteration   3: 10845.907 us/op
                 gc.alloc.rate:      21.200 MB/sec
                 gc.alloc.rate.norm: 241130.065 B/op
                 gc.count:           ≈ 0 counts

Iteration   4: 10918.638 us/op
                 gc.alloc.rate:      21.059 MB/sec
                 gc.alloc.rate.norm: 241130.870 B/op
                 gc.count:           ≈ 0 counts

Iteration   5: 10999.427 us/op
                 gc.alloc.rate:      20.904 MB/sec
                 gc.alloc.rate.norm: 241131.692 B/op
                 gc.count:           ≈ 0 counts

Iteration   6: 10961.939 us/op
                 gc.alloc.rate:      20.976 MB/sec
                 gc.alloc.rate.norm: 241130.870 B/op
                 gc.count:           ≈ 0 counts

Iteration   7: 11004.919 us/op
                 gc.alloc.rate:      20.894 MB/sec
                 gc.alloc.rate.norm: 241131.692 B/op
                 gc.count:           ≈ 0 counts

Iteration   8: 10961.842 us/op
                 gc.alloc.rate:      20.976 MB/sec
                 gc.alloc.rate.norm: 241133.652 B/op
                 gc.count:           1.000 counts
                 gc.time:            2.000 ms

Iteration   9: 10944.638 us/op
                 gc.alloc.rate:      21.009 MB/sec
                 gc.alloc.rate.norm: 241130.870 B/op
                 gc.count:           ≈ 0 counts

Iteration  10: 10995.924 us/op
                 gc.alloc.rate:      20.911 MB/sec
                 gc.alloc.rate.norm: 241131.692 B/op
                 gc.count:           ≈ 0 counts

[vthread-trace-agent] unloading


Result "uk.ac.ncl.jensen.benchmark.VThreadTransitionBenchmark.transition_yield":
  10773.616 ±(99.9%) 176.878 us/op [Average]
  (min, avg, max) = (10372.907, 10773.616, 11004.919), stdev = 203.694
  CI (99.9%): [10596.737, 10950.494] (assumes normal distribution)

Secondary result "uk.ac.ncl.jensen.benchmark.VThreadTransitionBenchmark.transition_yield:gc.alloc.rate":
  21.350 ±(99.9%) 0.354 MB/sec [Average]
  (min, avg, max) = (20.894, 21.350, 22.167), stdev = 0.408
  CI (99.9%): [20.995, 21.704] (assumes normal distribution)

Secondary result "uk.ac.ncl.jensen.benchmark.VThreadTransitionBenchmark.transition_yield:gc.alloc.rate.norm":
  241130.126 ±(99.9%) 1.394 B/op [Average]
  (min, avg, max) = (241127.010, 241130.126, 241133.652), stdev = 1.605
  CI (99.9%): [241128.732, 241131.520] (assumes normal distribution)

Secondary result "uk.ac.ncl.jensen.benchmark.VThreadTransitionBenchmark.transition_yield:gc.count":
  2.000 ±(99.9%) 0.001 counts [Sum]
  (min, avg, max) = (≈ 0, 0.100, 1.000), stdev = 0.308
  CI (99.9%): [2.000, 2.000] (assumes normal distribution)

Secondary result "uk.ac.ncl.jensen.benchmark.VThreadTransitionBenchmark.transition_yield:gc.time":
  4.000 ±(99.9%) 0.001 ms [Sum]
  (min, avg, max) = (≈ 0, 0.200, 2.000), stdev = 0.616
  CI (99.9%): [4.000, 4.000] (assumes normal distribution)


# JMH version: 1.37
# VM version: JDK 21.0.12-internal, OpenJDK 64-Bit Server VM, 21.0.12-internal-adhoc.root.src
# VM invoker: /home/ubuntu/ebpf-vthread-correlate/.vthread-jdk/jdk/bin/java
# VM options: --enable-preview --enable-native-access=ALL-UNNAMED -agentpath:/home/ubuntu/ebpf-vthread-correlate/JVMTI-agent/libvthread_trace_agent.so
# Blackhole mode: compiler (auto-detected, use -Djmh.blackhole.autoDetect=false to disable)
# Warmup: 5 iterations, 1 s each
# Measurement: 10 iterations, 1 s each
# Timeout: 10 min per iteration
# Threads: 1 thread, will synchronize iterations
# Benchmark mode: Average time, time/op
# Benchmark: uk.ac.ncl.jensen.benchmark.VThreadTransitionBenchmark.transition_yield
# Parameters: (yieldsPerVthread = 100000)

# Run progress: 66.67% complete, ETA 00:00:30
# Fork: 1 of 2
[vthread-trace-agent] loading, options=(none)
[vthread-trace-agent] loaded
[vthread-trace-agent] ready (fieldID=0x1e2 methodID=0x7d8714228128 publish_jvmti=0)
# Warmup Iteration   1: 128342.985 us/op
# Warmup Iteration   2: 102560.864 us/op
# Warmup Iteration   3: 100740.694 us/op
# Warmup Iteration   4: 99485.927 us/op
# Warmup Iteration   5: 99590.111 us/op
Iteration   1: 100377.722 us/op
                 gc.alloc.rate:      22.821 MB/sec
                 gc.alloc.rate.norm: 2402272.800 B/op
                 gc.count:           ≈ 0 counts

Iteration   2: 100613.883 us/op
                 gc.alloc.rate:      22.767 MB/sec
                 gc.alloc.rate.norm: 2402272.800 B/op
                 gc.count:           ≈ 0 counts

Iteration   3: 100455.335 us/op
                 gc.alloc.rate:      22.804 MB/sec
                 gc.alloc.rate.norm: 2402272.800 B/op
                 gc.count:           ≈ 0 counts

Iteration   4: 101398.740 us/op
                 gc.alloc.rate:      22.589 MB/sec
                 gc.alloc.rate.norm: 2402269.600 B/op
                 gc.count:           ≈ 0 counts

Iteration   5: 100753.435 us/op
                 gc.alloc.rate:      22.736 MB/sec
                 gc.alloc.rate.norm: 2402272.800 B/op
                 gc.count:           ≈ 0 counts

Iteration   6: 100995.931 us/op
                 gc.alloc.rate:      22.682 MB/sec
                 gc.alloc.rate.norm: 2402272.800 B/op
                 gc.count:           ≈ 0 counts

Iteration   7: 100423.936 us/op
                 gc.alloc.rate:      22.811 MB/sec
                 gc.alloc.rate.norm: 2402272.800 B/op
                 gc.count:           ≈ 0 counts

Iteration   8: 101964.732 us/op
                 gc.alloc.rate:      22.466 MB/sec
                 gc.alloc.rate.norm: 2402298.400 B/op
                 gc.count:           1.000 counts
                 gc.time:            2.000 ms

Iteration   9: 101814.999 us/op
                 gc.alloc.rate:      22.499 MB/sec
                 gc.alloc.rate.norm: 2402272.800 B/op
                 gc.count:           ≈ 0 counts

Iteration  10: 101186.730 us/op
                 gc.alloc.rate:      22.639 MB/sec
                 gc.alloc.rate.norm: 2402272.800 B/op
                 gc.count:           ≈ 0 counts

[vthread-trace-agent] unloading

# Run progress: 83.33% complete, ETA 00:00:15
# Fork: 2 of 2
[vthread-trace-agent] loading, options=(none)
[vthread-trace-agent] loaded
[vthread-trace-agent] ready (fieldID=0x1e2 methodID=0x7a914c228148 publish_jvmti=0)
# Warmup Iteration   1: 120351.603 us/op
# Warmup Iteration   2: 105181.716 us/op
# Warmup Iteration   3: 101283.140 us/op
# Warmup Iteration   4: 101351.020 us/op
# Warmup Iteration   5: 101714.256 us/op
Iteration   1: 101595.420 us/op
                 gc.alloc.rate:      22.546 MB/sec
                 gc.alloc.rate.norm: 2402269.600 B/op
                 gc.count:           ≈ 0 counts

Iteration   2: 101875.703 us/op
                 gc.alloc.rate:      22.484 MB/sec
                 gc.alloc.rate.norm: 2402269.600 B/op
                 gc.count:           ≈ 0 counts

Iteration   3: 101524.336 us/op
                 gc.alloc.rate:      22.561 MB/sec
                 gc.alloc.rate.norm: 2402269.600 B/op
                 gc.count:           ≈ 0 counts

Iteration   4: 101463.274 us/op
                 gc.alloc.rate:      22.574 MB/sec
                 gc.alloc.rate.norm: 2402269.600 B/op
                 gc.count:           ≈ 0 counts

Iteration   5: 102337.699 us/op
                 gc.alloc.rate:      22.382 MB/sec
                 gc.alloc.rate.norm: 2402269.600 B/op
                 gc.count:           ≈ 0 counts

Iteration   6: 101574.689 us/op
                 gc.alloc.rate:      22.551 MB/sec
                 gc.alloc.rate.norm: 2402295.200 B/op
                 gc.count:           1.000 counts
                 gc.time:            2.000 ms

Iteration   7: 97855.437 us/op
                 gc.alloc.rate:      23.407 MB/sec
                 gc.alloc.rate.norm: 2402207.273 B/op
                 gc.count:           ≈ 0 counts

Iteration   8: 99406.493 us/op
                 gc.alloc.rate:      23.042 MB/sec
                 gc.alloc.rate.norm: 2402207.273 B/op
                 gc.count:           ≈ 0 counts

Iteration   9: 98799.338 us/op
                 gc.alloc.rate:      23.184 MB/sec
                 gc.alloc.rate.norm: 2402207.273 B/op
                 gc.count:           ≈ 0 counts

Iteration  10: 99652.136 us/op
                 gc.alloc.rate:      22.985 MB/sec
                 gc.alloc.rate.norm: 2402207.273 B/op
                 gc.count:           ≈ 0 counts

[vthread-trace-agent] unloading


Result "uk.ac.ncl.jensen.benchmark.VThreadTransitionBenchmark.transition_yield":
  100803.498 ±(99.9%) 997.267 us/op [Average]
  (min, avg, max) = (97855.437, 100803.498, 102337.699), stdev = 1148.454
  CI (99.9%): [99806.231, 101800.766] (assumes normal distribution)

Secondary result "uk.ac.ncl.jensen.benchmark.VThreadTransitionBenchmark.transition_yield:gc.alloc.rate":
  22.726 ±(99.9%) 0.227 MB/sec [Average]
  (min, avg, max) = (22.382, 22.726, 23.407), stdev = 0.262
  CI (99.9%): [22.499, 22.954] (assumes normal distribution)

Secondary result "uk.ac.ncl.jensen.benchmark.VThreadTransitionBenchmark.transition_yield:gc.alloc.rate.norm":
  2402261.135 ±(99.9%) 24.939 B/op [Average]
  (min, avg, max) = (2402207.273, 2402261.135, 2402298.400), stdev = 28.720
  CI (99.9%): [2402236.195, 2402286.074] (assumes normal distribution)

Secondary result "uk.ac.ncl.jensen.benchmark.VThreadTransitionBenchmark.transition_yield:gc.count":
  2.000 ±(99.9%) 0.001 counts [Sum]
  (min, avg, max) = (≈ 0, 0.100, 1.000), stdev = 0.308
  CI (99.9%): [2.000, 2.000] (assumes normal distribution)

Secondary result "uk.ac.ncl.jensen.benchmark.VThreadTransitionBenchmark.transition_yield:gc.time":
  4.000 ±(99.9%) 0.001 ms [Sum]
  (min, avg, max) = (≈ 0, 0.200, 2.000), stdev = 0.616
  CI (99.9%): [4.000, 4.000] (assumes normal distribution)


# Run complete. Total time: 00:01:32

REMEMBER: The numbers below are just data. To gain reusable insights, you need to follow up on
why the numbers are the way they are. Use profilers (see -prof, -lprof), design factorial
experiments, perform baseline and negative tests that provide experimental control, make sure
the benchmarking environment is safe on JVM/OS/HW level, ask for reviews from the domain experts.
Do not assume the numbers tell you what you want them to tell.

NOTE: Current JVM experimentally supports Compiler Blackholes, and they are in use. Please exercise
extra caution when trusting the results, look into the generated code to check the benchmark still
works, and factor in a small probability of new VM bugs. Additionally, while comparisons between
different JVMs are already problematic, the performance difference caused by different Blackhole
modes can be very significant. Please make sure you use the consistent Blackhole mode for comparisons.

Benchmark                                                       (yieldsPerVthread)  Mode  Cnt        Score     Error   Units
VThreadTransitionBenchmark.transition_yield                                   1000  avgt   20     1065.598 ±  21.171   us/op
VThreadTransitionBenchmark.transition_yield:gc.alloc.rate                     1000  avgt   20       22.138 ±   0.428  MB/sec
VThreadTransitionBenchmark.transition_yield:gc.alloc.rate.norm                1000  avgt   20    24726.207 ± 102.553    B/op
VThreadTransitionBenchmark.transition_yield:gc.count                          1000  avgt   20        2.000            counts
VThreadTransitionBenchmark.transition_yield:gc.time                           1000  avgt   20        4.000                ms
VThreadTransitionBenchmark.transition_yield                                  10000  avgt   20    10773.616 ± 176.878   us/op
VThreadTransitionBenchmark.transition_yield:gc.alloc.rate                    10000  avgt   20       21.350 ±   0.354  MB/sec
VThreadTransitionBenchmark.transition_yield:gc.alloc.rate.norm               10000  avgt   20   241130.126 ±   1.394    B/op
VThreadTransitionBenchmark.transition_yield:gc.count                         10000  avgt   20        2.000            counts
VThreadTransitionBenchmark.transition_yield:gc.time                          10000  avgt   20        4.000                ms
VThreadTransitionBenchmark.transition_yield                                 100000  avgt   20   100803.498 ± 997.267   us/op
VThreadTransitionBenchmark.transition_yield:gc.alloc.rate                   100000  avgt   20       22.726 ±   0.227  MB/sec
VThreadTransitionBenchmark.transition_yield:gc.alloc.rate.norm              100000  avgt   20  2402261.135 ±  24.939    B/op
VThreadTransitionBenchmark.transition_yield:gc.count                        100000  avgt   20        2.000            counts
VThreadTransitionBenchmark.transition_yield:gc.time                         100000  avgt   20        4.000                ms

Benchmark result is saved to /home/ubuntu/ebpf-vthread-correlate/result/benchmark/nsweep-20260705-201731/VThreadTransitionBenchmark_agent_gc.json

[1m== VThreadTransitionBenchmark / jvmtipublish ==[0m
+ /home/ubuntu/ebpf-vthread-correlate/.vthread-jdk/jdk/bin/java -Djmh.ignoreLock=true -jar /home/ubuntu/ebpf-vthread-correlate/target/ebpf-vthread-correlate-1.0-SNAPSHOT.jar VThreadTransitionBenchmark -jvmArgsAppend -agentpath:/home/ubuntu/ebpf-vthread-correlate/JVMTI-agent/libvthread_trace_agent.so=publish=jvmti -p yieldsPerVthread=1000,10000,100000 -prof gc -rf json -rff /home/ubuntu/ebpf-vthread-correlate/result/benchmark/nsweep-20260705-201731/VThreadTransitionBenchmark_jvmtipublish_gc.json
# WARNING: JMH lock is ignored by user request, make sure no other JMH instances are running
# JMH version: 1.37
# VM version: JDK 21.0.12-internal, OpenJDK 64-Bit Server VM, 21.0.12-internal-adhoc.root.src
# VM invoker: /home/ubuntu/ebpf-vthread-correlate/.vthread-jdk/jdk/bin/java
# VM options: --enable-preview --enable-native-access=ALL-UNNAMED -agentpath:/home/ubuntu/ebpf-vthread-correlate/JVMTI-agent/libvthread_trace_agent.so=publish=jvmti
# Blackhole mode: compiler (auto-detected, use -Djmh.blackhole.autoDetect=false to disable)
# Warmup: 5 iterations, 1 s each
# Measurement: 10 iterations, 1 s each
# Timeout: 10 min per iteration
# Threads: 1 thread, will synchronize iterations
# Benchmark mode: Average time, time/op
# Benchmark: uk.ac.ncl.jensen.benchmark.VThreadTransitionBenchmark.transition_yield
# Parameters: (yieldsPerVthread = 1000)

# Run progress: 0.00% complete, ETA 00:01:30
# Fork: 1 of 2
[vthread-trace-agent] loading, options=publish=jvmti
[vthread-trace-agent] loaded
[vthread-trace-agent] found mount ext event: id=com.sun.hotspot.events.VirtualThreadMount index=48
[vthread-trace-agent] found unmount ext event: id=com.sun.hotspot.events.VirtualThreadUnmount index=47
[vthread-trace-agent] JVMTI mount/unmount publish enabled (carrier-resident TLS)
[vthread-trace-agent] ready (fieldID=0x1e2 methodID=0x71e0fc228168 publish_jvmti=1)
# Warmup Iteration   1: 1265.701 us/op
# Warmup Iteration   2: 1060.831 us/op
# Warmup Iteration   3: 1027.540 us/op
# Warmup Iteration   4: 1020.801 us/op
# Warmup Iteration   5: 1010.183 us/op
Iteration   1: 1011.186 us/op
                 gc.alloc.rate:      23.573 MB/sec
                 gc.alloc.rate.norm: 24996.307 B/op
                 gc.count:           ≈ 0 counts

Iteration   2: 1005.214 us/op
                 gc.alloc.rate:      23.411 MB/sec
                 gc.alloc.rate.norm: 24678.923 B/op
                 gc.count:           ≈ 0 counts

Iteration   3: 1011.445 us/op
                 gc.alloc.rate:      23.268 MB/sec
                 gc.alloc.rate.norm: 24678.965 B/op
                 gc.count:           ≈ 0 counts

Iteration   4: 1016.514 us/op
                 gc.alloc.rate:      23.152 MB/sec
                 gc.alloc.rate.norm: 24679.000 B/op
                 gc.count:           ≈ 0 counts

Iteration   5: 1014.094 us/op
                 gc.alloc.rate:      23.207 MB/sec
                 gc.alloc.rate.norm: 24678.979 B/op
                 gc.count:           ≈ 0 counts

Iteration   6: 1022.495 us/op
                 gc.alloc.rate:      23.016 MB/sec
                 gc.alloc.rate.norm: 24679.036 B/op
                 gc.count:           ≈ 0 counts

Iteration   7: 1025.980 us/op
                 gc.alloc.rate:      22.938 MB/sec
                 gc.alloc.rate.norm: 24679.360 B/op
                 gc.count:           1.000 counts
                 gc.time:            2.000 ms

Iteration   8: 1025.960 us/op
                 gc.alloc.rate:      22.938 MB/sec
                 gc.alloc.rate.norm: 24679.065 B/op
                 gc.count:           ≈ 0 counts

Iteration   9: 1029.663 us/op
                 gc.alloc.rate:      22.856 MB/sec
                 gc.alloc.rate.norm: 24679.086 B/op
                 gc.count:           ≈ 0 counts

Iteration  10: 1029.244 us/op
                 gc.alloc.rate:      22.865 MB/sec
                 gc.alloc.rate.norm: 24679.086 B/op
                 gc.count:           ≈ 0 counts

[vthread-trace-agent] unloading

# Run progress: 16.67% complete, ETA 00:01:16
# Fork: 2 of 2
[vthread-trace-agent] loading, options=publish=jvmti
[vthread-trace-agent] loaded
[vthread-trace-agent] found mount ext event: id=com.sun.hotspot.events.VirtualThreadMount index=48
[vthread-trace-agent] found unmount ext event: id=com.sun.hotspot.events.VirtualThreadUnmount index=47
[vthread-trace-agent] JVMTI mount/unmount publish enabled (carrier-resident TLS)
[vthread-trace-agent] ready (fieldID=0x1e2 methodID=0x784ab8228188 publish_jvmti=1)
# Warmup Iteration   1: 1150.840 us/op
# Warmup Iteration   2: 1067.311 us/op
# Warmup Iteration   3: 1065.369 us/op
# Warmup Iteration   4: 1064.631 us/op
# Warmup Iteration   5: 1061.093 us/op
Iteration   1: 1052.394 us/op
                 gc.alloc.rate:      22.684 MB/sec
                 gc.alloc.rate.norm: 25034.095 B/op
                 gc.count:           ≈ 0 counts

Iteration   2: 1065.714 us/op
                 gc.alloc.rate:      22.133 MB/sec
                 gc.alloc.rate.norm: 24735.463 B/op
                 gc.count:           ≈ 0 counts

Iteration   3: 1054.796 us/op
                 gc.alloc.rate:      22.312 MB/sec
                 gc.alloc.rate.norm: 24679.258 B/op
                 gc.count:           ≈ 0 counts

Iteration   4: 1055.491 us/op
                 gc.alloc.rate:      22.297 MB/sec
                 gc.alloc.rate.norm: 24679.300 B/op
                 gc.count:           ≈ 0 counts

Iteration   5: 1064.030 us/op
                 gc.alloc.rate:      22.118 MB/sec
                 gc.alloc.rate.norm: 24679.362 B/op
                 gc.count:           ≈ 0 counts

Iteration   6: 1060.498 us/op
                 gc.alloc.rate:      22.192 MB/sec
                 gc.alloc.rate.norm: 24679.297 B/op
                 gc.count:           ≈ 0 counts

Iteration   7: 1068.608 us/op
                 gc.alloc.rate:      22.024 MB/sec
                 gc.alloc.rate.norm: 24679.667 B/op
                 gc.count:           1.000 counts
                 gc.time:            2.000 ms

Iteration   8: 1074.751 us/op
                 gc.alloc.rate:      21.898 MB/sec
                 gc.alloc.rate.norm: 24679.398 B/op
                 gc.count:           ≈ 0 counts

Iteration   9: 1066.925 us/op
                 gc.alloc.rate:      22.059 MB/sec
                 gc.alloc.rate.norm: 24679.343 B/op
                 gc.count:           ≈ 0 counts

Iteration  10: 1073.555 us/op
                 gc.alloc.rate:      21.922 MB/sec
                 gc.alloc.rate.norm: 24679.391 B/op
                 gc.count:           ≈ 0 counts

[vthread-trace-agent] unloading


Result "uk.ac.ncl.jensen.benchmark.VThreadTransitionBenchmark.transition_yield":
  1041.428 ±(99.9%) 20.997 us/op [Average]
  (min, avg, max) = (1005.214, 1041.428, 1074.751), stdev = 24.180
  CI (99.9%): [1020.431, 1062.424] (assumes normal distribution)

Secondary result "uk.ac.ncl.jensen.benchmark.VThreadTransitionBenchmark.transition_yield:gc.alloc.rate":
  22.643 ±(99.9%) 0.471 MB/sec [Average]
  (min, avg, max) = (21.898, 22.643, 23.573), stdev = 0.543
  CI (99.9%): [22.172, 23.114] (assumes normal distribution)

Secondary result "uk.ac.ncl.jensen.benchmark.VThreadTransitionBenchmark.transition_yield:gc.alloc.rate.norm":
  24715.619 ±(99.9%) 89.790 B/op [Average]
  (min, avg, max) = (24678.923, 24715.619, 25034.095), stdev = 103.402
  CI (99.9%): [24625.829, 24805.408] (assumes normal distribution)

Secondary result "uk.ac.ncl.jensen.benchmark.VThreadTransitionBenchmark.transition_yield:gc.count":
  2.000 ±(99.9%) 0.001 counts [Sum]
  (min, avg, max) = (≈ 0, 0.100, 1.000), stdev = 0.308
  CI (99.9%): [2.000, 2.000] (assumes normal distribution)

Secondary result "uk.ac.ncl.jensen.benchmark.VThreadTransitionBenchmark.transition_yield:gc.time":
  4.000 ±(99.9%) 0.001 ms [Sum]
  (min, avg, max) = (≈ 0, 0.200, 2.000), stdev = 0.616
  CI (99.9%): [4.000, 4.000] (assumes normal distribution)


# JMH version: 1.37
# VM version: JDK 21.0.12-internal, OpenJDK 64-Bit Server VM, 21.0.12-internal-adhoc.root.src
# VM invoker: /home/ubuntu/ebpf-vthread-correlate/.vthread-jdk/jdk/bin/java
# VM options: --enable-preview --enable-native-access=ALL-UNNAMED -agentpath:/home/ubuntu/ebpf-vthread-correlate/JVMTI-agent/libvthread_trace_agent.so=publish=jvmti
# Blackhole mode: compiler (auto-detected, use -Djmh.blackhole.autoDetect=false to disable)
# Warmup: 5 iterations, 1 s each
# Measurement: 10 iterations, 1 s each
# Timeout: 10 min per iteration
# Threads: 1 thread, will synchronize iterations
# Benchmark mode: Average time, time/op
# Benchmark: uk.ac.ncl.jensen.benchmark.VThreadTransitionBenchmark.transition_yield
# Parameters: (yieldsPerVthread = 10000)

# Run progress: 33.33% complete, ETA 00:01:00
# Fork: 1 of 2
[vthread-trace-agent] loading, options=publish=jvmti
[vthread-trace-agent] loaded
[vthread-trace-agent] found mount ext event: id=com.sun.hotspot.events.VirtualThreadMount index=48
[vthread-trace-agent] found unmount ext event: id=com.sun.hotspot.events.VirtualThreadUnmount index=47
[vthread-trace-agent] JVMTI mount/unmount publish enabled (carrier-resident TLS)
[vthread-trace-agent] ready (fieldID=0x1e2 methodID=0x7ddbf0228168 publish_jvmti=1)
# Warmup Iteration   1: 12667.090 us/op
# Warmup Iteration   2: 10881.289 us/op
# Warmup Iteration   3: 10515.374 us/op
# Warmup Iteration   4: 10440.084 us/op
# Warmup Iteration   5: 10392.233 us/op
Iteration   1: 10619.140 us/op
                 gc.alloc.rate:      21.653 MB/sec
                 gc.alloc.rate.norm: 241128.505 B/op
                 gc.count:           ≈ 0 counts

Iteration   2: 10626.108 us/op
                 gc.alloc.rate:      21.635 MB/sec
                 gc.alloc.rate.norm: 241128.505 B/op
                 gc.count:           ≈ 0 counts

Iteration   3: 10621.425 us/op
                 gc.alloc.rate:      21.648 MB/sec
                 gc.alloc.rate.norm: 241128.505 B/op
                 gc.count:           ≈ 0 counts

Iteration   4: 10664.720 us/op
                 gc.alloc.rate:      21.560 MB/sec
                 gc.alloc.rate.norm: 241129.277 B/op
                 gc.count:           ≈ 0 counts

Iteration   5: 10724.427 us/op
                 gc.alloc.rate:      21.440 MB/sec
                 gc.alloc.rate.norm: 241129.277 B/op
                 gc.count:           ≈ 0 counts

Iteration   6: 10780.075 us/op
                 gc.alloc.rate:      21.330 MB/sec
                 gc.alloc.rate.norm: 241130.065 B/op
                 gc.count:           ≈ 0 counts

Iteration   7: 10553.823 us/op
                 gc.alloc.rate:      21.787 MB/sec
                 gc.alloc.rate.norm: 241131.200 B/op
                 gc.count:           1.000 counts
                 gc.time:            2.000 ms

Iteration   8: 10544.979 us/op
                 gc.alloc.rate:      21.805 MB/sec
                 gc.alloc.rate.norm: 241128.505 B/op
                 gc.count:           ≈ 0 counts

Iteration   9: 10484.519 us/op
                 gc.alloc.rate:      21.930 MB/sec
                 gc.alloc.rate.norm: 241127.750 B/op
                 gc.count:           ≈ 0 counts

Iteration  10: 10499.848 us/op
                 gc.alloc.rate:      21.899 MB/sec
                 gc.alloc.rate.norm: 241127.750 B/op
                 gc.count:           ≈ 0 counts

[vthread-trace-agent] unloading

# Run progress: 50.00% complete, ETA 00:00:45
# Fork: 2 of 2
[vthread-trace-agent] loading, options=publish=jvmti
[vthread-trace-agent] loaded
[vthread-trace-agent] found mount ext event: id=com.sun.hotspot.events.VirtualThreadMount index=48
[vthread-trace-agent] found unmount ext event: id=com.sun.hotspot.events.VirtualThreadUnmount index=47
[vthread-trace-agent] JVMTI mount/unmount publish enabled (carrier-resident TLS)
[vthread-trace-agent] ready (fieldID=0x1e2 methodID=0x7af16c228188 publish_jvmti=1)
# Warmup Iteration   1: 13906.585 us/op
# Warmup Iteration   2: 11065.759 us/op
# Warmup Iteration   3: 10501.616 us/op
# Warmup Iteration   4: 10330.209 us/op
# Warmup Iteration   5: 10355.520 us/op
Iteration   1: 10432.791 us/op
                 gc.alloc.rate:      22.039 MB/sec
                 gc.alloc.rate.norm: 241127.750 B/op
                 gc.count:           ≈ 0 counts

Iteration   2: 10606.056 us/op
                 gc.alloc.rate:      21.679 MB/sec
                 gc.alloc.rate.norm: 241128.505 B/op
                 gc.count:           ≈ 0 counts

Iteration   3: 10520.009 us/op
                 gc.alloc.rate:      21.853 MB/sec
                 gc.alloc.rate.norm: 241127.750 B/op
                 gc.count:           ≈ 0 counts

Iteration   4: 10551.744 us/op
                 gc.alloc.rate:      21.791 MB/sec
                 gc.alloc.rate.norm: 241128.505 B/op
                 gc.count:           ≈ 0 counts

Iteration   5: 10479.178 us/op
                 gc.alloc.rate:      21.942 MB/sec
                 gc.alloc.rate.norm: 241127.750 B/op
                 gc.count:           ≈ 0 counts

Iteration   6: 10457.115 us/op
                 gc.alloc.rate:      21.988 MB/sec
                 gc.alloc.rate.norm: 241127.750 B/op
                 gc.count:           ≈ 0 counts

Iteration   7: 10509.377 us/op
                 gc.alloc.rate:      21.879 MB/sec
                 gc.alloc.rate.norm: 241127.750 B/op
                 gc.count:           ≈ 0 counts

Iteration   8: 10504.974 us/op
                 gc.alloc.rate:      21.888 MB/sec
                 gc.alloc.rate.norm: 241130.417 B/op
                 gc.count:           1.000 counts
                 gc.time:            2.000 ms

Iteration   9: 10409.805 us/op
                 gc.alloc.rate:      22.086 MB/sec
                 gc.alloc.rate.norm: 241126.680 B/op
                 gc.count:           ≈ 0 counts

Iteration  10: 10423.441 us/op
                 gc.alloc.rate:      22.059 MB/sec
                 gc.alloc.rate.norm: 241127.750 B/op
                 gc.count:           ≈ 0 counts

[vthread-trace-agent] unloading


Result "uk.ac.ncl.jensen.benchmark.VThreadTransitionBenchmark.transition_yield":
  10550.678 ±(99.9%) 86.791 us/op [Average]
  (min, avg, max) = (10409.805, 10550.678, 10780.075), stdev = 99.948
  CI (99.9%): [10463.887, 10637.468] (assumes normal distribution)

Secondary result "uk.ac.ncl.jensen.benchmark.VThreadTransitionBenchmark.transition_yield:gc.alloc.rate":
  21.795 ±(99.9%) 0.178 MB/sec [Average]
  (min, avg, max) = (21.330, 21.795, 22.086), stdev = 0.205
  CI (99.9%): [21.616, 21.973] (assumes normal distribution)

Secondary result "uk.ac.ncl.jensen.benchmark.VThreadTransitionBenchmark.transition_yield:gc.alloc.rate.norm":
  241128.497 ±(99.9%) 0.943 B/op [Average]
  (min, avg, max) = (241126.680, 241128.497, 241131.200), stdev = 1.086
  CI (99.9%): [241127.554, 241129.441] (assumes normal distribution)

Secondary result "uk.ac.ncl.jensen.benchmark.VThreadTransitionBenchmark.transition_yield:gc.count":
  2.000 ±(99.9%) 0.001 counts [Sum]
  (min, avg, max) = (≈ 0, 0.100, 1.000), stdev = 0.308
  CI (99.9%): [2.000, 2.000] (assumes normal distribution)

Secondary result "uk.ac.ncl.jensen.benchmark.VThreadTransitionBenchmark.transition_yield:gc.time":
  4.000 ±(99.9%) 0.001 ms [Sum]
  (min, avg, max) = (≈ 0, 0.200, 2.000), stdev = 0.616
  CI (99.9%): [4.000, 4.000] (assumes normal distribution)


# JMH version: 1.37
# VM version: JDK 21.0.12-internal, OpenJDK 64-Bit Server VM, 21.0.12-internal-adhoc.root.src
# VM invoker: /home/ubuntu/ebpf-vthread-correlate/.vthread-jdk/jdk/bin/java
# VM options: --enable-preview --enable-native-access=ALL-UNNAMED -agentpath:/home/ubuntu/ebpf-vthread-correlate/JVMTI-agent/libvthread_trace_agent.so=publish=jvmti
# Blackhole mode: compiler (auto-detected, use -Djmh.blackhole.autoDetect=false to disable)
# Warmup: 5 iterations, 1 s each
# Measurement: 10 iterations, 1 s each
# Timeout: 10 min per iteration
# Threads: 1 thread, will synchronize iterations
# Benchmark mode: Average time, time/op
# Benchmark: uk.ac.ncl.jensen.benchmark.VThreadTransitionBenchmark.transition_yield
# Parameters: (yieldsPerVthread = 100000)

# Run progress: 66.67% complete, ETA 00:00:30
# Fork: 1 of 2
[vthread-trace-agent] loading, options=publish=jvmti
[vthread-trace-agent] loaded
[vthread-trace-agent] found mount ext event: id=com.sun.hotspot.events.VirtualThreadMount index=48
[vthread-trace-agent] found unmount ext event: id=com.sun.hotspot.events.VirtualThreadUnmount index=47
[vthread-trace-agent] JVMTI mount/unmount publish enabled (carrier-resident TLS)
[vthread-trace-agent] ready (fieldID=0x1e2 methodID=0x747d0c228188 publish_jvmti=1)
# Warmup Iteration   1: 135858.578 us/op
# Warmup Iteration   2: 113682.498 us/op
# Warmup Iteration   3: 106977.985 us/op
# Warmup Iteration   4: 104802.898 us/op
# Warmup Iteration   5: 102687.576 us/op
Iteration   1: 102084.257 us/op
                 gc.alloc.rate:      22.440 MB/sec
                 gc.alloc.rate.norm: 2402272.800 B/op
                 gc.count:           ≈ 0 counts

Iteration   2: 102450.175 us/op
                 gc.alloc.rate:      22.359 MB/sec
                 gc.alloc.rate.norm: 2402272.800 B/op
                 gc.count:           ≈ 0 counts

Iteration   3: 103049.589 us/op
                 gc.alloc.rate:      22.230 MB/sec
                 gc.alloc.rate.norm: 2402272.800 B/op
                 gc.count:           ≈ 0 counts

Iteration   4: 103846.451 us/op
                 gc.alloc.rate:      22.058 MB/sec
                 gc.alloc.rate.norm: 2402272.800 B/op
                 gc.count:           ≈ 0 counts

Iteration   5: 104262.132 us/op
                 gc.alloc.rate:      21.971 MB/sec
                 gc.alloc.rate.norm: 2402272.800 B/op
                 gc.count:           ≈ 0 counts

Iteration   6: 103268.948 us/op
                 gc.alloc.rate:      22.182 MB/sec
                 gc.alloc.rate.norm: 2402272.800 B/op
                 gc.count:           ≈ 0 counts

Iteration   7: 101327.248 us/op
                 gc.alloc.rate:      22.607 MB/sec
                 gc.alloc.rate.norm: 2402298.400 B/op
                 gc.count:           1.000 counts
                 gc.time:            2.000 ms

Iteration   8: 101155.420 us/op
                 gc.alloc.rate:      22.646 MB/sec
                 gc.alloc.rate.norm: 2402272.800 B/op
                 gc.count:           ≈ 0 counts

Iteration   9: 102462.611 us/op
                 gc.alloc.rate:      22.357 MB/sec
                 gc.alloc.rate.norm: 2402272.800 B/op
                 gc.count:           ≈ 0 counts

Iteration  10: 103112.066 us/op
                 gc.alloc.rate:      22.216 MB/sec
                 gc.alloc.rate.norm: 2402272.800 B/op
                 gc.count:           ≈ 0 counts

[vthread-trace-agent] unloading

# Run progress: 83.33% complete, ETA 00:00:15
# Fork: 2 of 2
[vthread-trace-agent] loading, options=publish=jvmti
[vthread-trace-agent] loaded
[vthread-trace-agent] found mount ext event: id=com.sun.hotspot.events.VirtualThreadMount index=48
[vthread-trace-agent] found unmount ext event: id=com.sun.hotspot.events.VirtualThreadUnmount index=47
[vthread-trace-agent] JVMTI mount/unmount publish enabled (carrier-resident TLS)
[vthread-trace-agent] ready (fieldID=0x1e2 methodID=0x70d154228188 publish_jvmti=1)
# Warmup Iteration   1: 135438.956 us/op
# Warmup Iteration   2: 109079.876 us/op
# Warmup Iteration   3: 105615.498 us/op
# Warmup Iteration   4: 105919.852 us/op
# Warmup Iteration   5: 105296.634 us/op
Iteration   1: 106940.868 us/op
                 gc.alloc.rate:      21.418 MB/sec
                 gc.alloc.rate.norm: 2402269.600 B/op
                 gc.count:           ≈ 0 counts

Iteration   2: 105684.594 us/op
                 gc.alloc.rate:      21.673 MB/sec
                 gc.alloc.rate.norm: 2402269.600 B/op
                 gc.count:           ≈ 0 counts

Iteration   3: 105096.950 us/op
                 gc.alloc.rate:      21.795 MB/sec
                 gc.alloc.rate.norm: 2402269.600 B/op
                 gc.count:           ≈ 0 counts

Iteration   4: 106599.509 us/op
                 gc.alloc.rate:      21.487 MB/sec
                 gc.alloc.rate.norm: 2402269.600 B/op
                 gc.count:           ≈ 0 counts

Iteration   5: 107116.978 us/op
                 gc.alloc.rate:      21.384 MB/sec
                 gc.alloc.rate.norm: 2402269.600 B/op
                 gc.count:           ≈ 0 counts

Iteration   6: 107503.022 us/op
                 gc.alloc.rate:      21.307 MB/sec
                 gc.alloc.rate.norm: 2402295.200 B/op
                 gc.count:           1.000 counts
                 gc.time:            2.000 ms

Iteration   7: 103072.164 us/op
                 gc.alloc.rate:      22.223 MB/sec
                 gc.alloc.rate.norm: 2402269.600 B/op
                 gc.count:           ≈ 0 counts

Iteration   8: 101999.320 us/op
                 gc.alloc.rate:      22.456 MB/sec
                 gc.alloc.rate.norm: 2402269.600 B/op
                 gc.count:           ≈ 0 counts

Iteration   9: 102395.800 us/op
                 gc.alloc.rate:      22.369 MB/sec
                 gc.alloc.rate.norm: 2402269.600 B/op
                 gc.count:           ≈ 0 counts

Iteration  10: 102825.499 us/op
                 gc.alloc.rate:      22.276 MB/sec
                 gc.alloc.rate.norm: 2402269.600 B/op
                 gc.count:           ≈ 0 counts

[vthread-trace-agent] unloading


Result "uk.ac.ncl.jensen.benchmark.VThreadTransitionBenchmark.transition_yield":
  103812.680 ±(99.9%) 1731.425 us/op [Average]
  (min, avg, max) = (101155.420, 103812.680, 107503.022), stdev = 1993.912
  CI (99.9%): [102081.254, 105544.105] (assumes normal distribution)

Secondary result "uk.ac.ncl.jensen.benchmark.VThreadTransitionBenchmark.transition_yield:gc.alloc.rate":
  22.073 ±(99.9%) 0.364 MB/sec [Average]
  (min, avg, max) = (21.307, 22.073, 22.646), stdev = 0.420
  CI (99.9%): [21.708, 22.437] (assumes normal distribution)

Secondary result "uk.ac.ncl.jensen.benchmark.VThreadTransitionBenchmark.transition_yield:gc.alloc.rate.norm":
  2402273.760 ±(99.9%) 6.989 B/op [Average]
  (min, avg, max) = (2402269.600, 2402273.760, 2402298.400), stdev = 8.049
  CI (99.9%): [2402266.771, 2402280.749] (assumes normal distribution)

Secondary result "uk.ac.ncl.jensen.benchmark.VThreadTransitionBenchmark.transition_yield:gc.count":
  2.000 ±(99.9%) 0.001 counts [Sum]
  (min, avg, max) = (≈ 0, 0.100, 1.000), stdev = 0.308
  CI (99.9%): [2.000, 2.000] (assumes normal distribution)

Secondary result "uk.ac.ncl.jensen.benchmark.VThreadTransitionBenchmark.transition_yield:gc.time":
  4.000 ±(99.9%) 0.001 ms [Sum]
  (min, avg, max) = (≈ 0, 0.200, 2.000), stdev = 0.616
  CI (99.9%): [4.000, 4.000] (assumes normal distribution)


# Run complete. Total time: 00:01:32

REMEMBER: The numbers below are just data. To gain reusable insights, you need to follow up on
why the numbers are the way they are. Use profilers (see -prof, -lprof), design factorial
experiments, perform baseline and negative tests that provide experimental control, make sure
the benchmarking environment is safe on JVM/OS/HW level, ask for reviews from the domain experts.
Do not assume the numbers tell you what you want them to tell.

NOTE: Current JVM experimentally supports Compiler Blackholes, and they are in use. Please exercise
extra caution when trusting the results, look into the generated code to check the benchmark still
works, and factor in a small probability of new VM bugs. Additionally, while comparisons between
different JVMs are already problematic, the performance difference caused by different Blackhole
modes can be very significant. Please make sure you use the consistent Blackhole mode for comparisons.

Benchmark                                                       (yieldsPerVthread)  Mode  Cnt        Score      Error   Units
VThreadTransitionBenchmark.transition_yield                                   1000  avgt   20     1041.428 ±   20.997   us/op
VThreadTransitionBenchmark.transition_yield:gc.alloc.rate                     1000  avgt   20       22.643 ±    0.471  MB/sec
VThreadTransitionBenchmark.transition_yield:gc.alloc.rate.norm                1000  avgt   20    24715.619 ±   89.790    B/op
VThreadTransitionBenchmark.transition_yield:gc.count                          1000  avgt   20        2.000             counts
VThreadTransitionBenchmark.transition_yield:gc.time                           1000  avgt   20        4.000                 ms
VThreadTransitionBenchmark.transition_yield                                  10000  avgt   20    10550.678 ±   86.791   us/op
VThreadTransitionBenchmark.transition_yield:gc.alloc.rate                    10000  avgt   20       21.795 ±    0.178  MB/sec
VThreadTransitionBenchmark.transition_yield:gc.alloc.rate.norm               10000  avgt   20   241128.497 ±    0.943    B/op
VThreadTransitionBenchmark.transition_yield:gc.count                         10000  avgt   20        2.000             counts
VThreadTransitionBenchmark.transition_yield:gc.time                          10000  avgt   20        4.000                 ms
VThreadTransitionBenchmark.transition_yield                                 100000  avgt   20   103812.680 ± 1731.425   us/op
VThreadTransitionBenchmark.transition_yield:gc.alloc.rate                   100000  avgt   20       22.073 ±    0.364  MB/sec
VThreadTransitionBenchmark.transition_yield:gc.alloc.rate.norm              100000  avgt   20  2402273.760 ±    6.989    B/op
VThreadTransitionBenchmark.transition_yield:gc.count                        100000  avgt   20        2.000             counts
VThreadTransitionBenchmark.transition_yield:gc.time                         100000  avgt   20        4.000                 ms

Benchmark result is saved to /home/ubuntu/ebpf-vthread-correlate/result/benchmark/nsweep-20260705-201731/VThreadTransitionBenchmark_jvmtipublish_gc.json

[1m== VThreadTransitionBenchmark / jvmalloc ==[0m
+ /home/ubuntu/ebpf-vthread-correlate/.vthread-jdk/jdk/bin/java -Djmh.ignoreLock=true -jar /home/ubuntu/ebpf-vthread-correlate/target/ebpf-vthread-correlate-1.0-SNAPSHOT.jar VThreadTransitionBenchmark -jvmArgsAppend -Dvthread.trace.jvmAlloc=true -p yieldsPerVthread=1000,10000,100000 -prof gc -rf json -rff /home/ubuntu/ebpf-vthread-correlate/result/benchmark/nsweep-20260705-201731/VThreadTransitionBenchmark_jvmalloc_gc.json
# WARNING: JMH lock is ignored by user request, make sure no other JMH instances are running
# JMH version: 1.37
# VM version: JDK 21.0.12-internal, OpenJDK 64-Bit Server VM, 21.0.12-internal-adhoc.root.src
# VM invoker: /home/ubuntu/ebpf-vthread-correlate/.vthread-jdk/jdk/bin/java
# VM options: --enable-preview --enable-native-access=ALL-UNNAMED -Dvthread.trace.jvmAlloc=true
# Blackhole mode: compiler (auto-detected, use -Djmh.blackhole.autoDetect=false to disable)
# Warmup: 5 iterations, 1 s each
# Measurement: 10 iterations, 1 s each
# Timeout: 10 min per iteration
# Threads: 1 thread, will synchronize iterations
# Benchmark mode: Average time, time/op
# Benchmark: uk.ac.ncl.jensen.benchmark.VThreadTransitionBenchmark.transition_yield
# Parameters: (yieldsPerVthread = 1000)

# Run progress: 0.00% complete, ETA 00:01:30
# Fork: 1 of 2
# Warmup Iteration   1: 1144.121 us/op
# Warmup Iteration   2: 911.157 us/op
# Warmup Iteration   3: 898.277 us/op
# Warmup Iteration   4: 889.514 us/op
# Warmup Iteration   5: 893.107 us/op
Iteration   1: 885.343 us/op
                 gc.alloc.rate:      26.641 MB/sec
                 gc.alloc.rate.norm: 24734.400 B/op
                 gc.count:           ≈ 0 counts

Iteration   2: 882.391 us/op
                 gc.alloc.rate:      26.669 MB/sec
                 gc.alloc.rate.norm: 24678.102 B/op
                 gc.count:           ≈ 0 counts

Iteration   3: 881.770 us/op
                 gc.alloc.rate:      26.689 MB/sec
                 gc.alloc.rate.norm: 24678.069 B/op
                 gc.count:           ≈ 0 counts

Iteration   4: 881.437 us/op
                 gc.alloc.rate:      26.699 MB/sec
                 gc.alloc.rate.norm: 24678.041 B/op
                 gc.count:           ≈ 0 counts

Iteration   5: 866.637 us/op
                 gc.alloc.rate:      27.155 MB/sec
                 gc.alloc.rate.norm: 24678.213 B/op
                 gc.count:           1.000 counts
                 gc.time:            2.000 ms

Iteration   6: 858.041 us/op
                 gc.alloc.rate:      27.427 MB/sec
                 gc.alloc.rate.norm: 24677.907 B/op
                 gc.count:           ≈ 0 counts

Iteration   7: 859.457 us/op
                 gc.alloc.rate:      27.382 MB/sec
                 gc.alloc.rate.norm: 24677.918 B/op
                 gc.count:           ≈ 0 counts

Iteration   8: 864.920 us/op
                 gc.alloc.rate:      27.209 MB/sec
                 gc.alloc.rate.norm: 24677.926 B/op
                 gc.count:           ≈ 0 counts

Iteration   9: 857.636 us/op
                 gc.alloc.rate:      27.440 MB/sec
                 gc.alloc.rate.norm: 24677.875 B/op
                 gc.count:           ≈ 0 counts

Iteration  10: 848.673 us/op
                 gc.alloc.rate:      27.729 MB/sec
                 gc.alloc.rate.norm: 24677.842 B/op
                 gc.count:           ≈ 0 counts


# Run progress: 16.67% complete, ETA 00:01:16
# Fork: 2 of 2
# Warmup Iteration   1: 1215.695 us/op
# Warmup Iteration   2: 948.657 us/op
# Warmup Iteration   3: 898.161 us/op
# Warmup Iteration   4: 892.082 us/op
# Warmup Iteration   5: 897.737 us/op
Iteration   1: 888.573 us/op
                 gc.alloc.rate:      26.583 MB/sec
                 gc.alloc.rate.norm: 24770.018 B/op
                 gc.count:           ≈ 0 counts

Iteration   2: 884.568 us/op
                 gc.alloc.rate:      26.604 MB/sec
                 gc.alloc.rate.norm: 24678.090 B/op
                 gc.count:           ≈ 0 counts

Iteration   3: 878.502 us/op
                 gc.alloc.rate:      26.787 MB/sec
                 gc.alloc.rate.norm: 24678.076 B/op
                 gc.count:           ≈ 0 counts

Iteration   4: 881.241 us/op
                 gc.alloc.rate:      26.705 MB/sec
                 gc.alloc.rate.norm: 24678.069 B/op
                 gc.count:           ≈ 0 counts

Iteration   5: 877.791 us/op
                 gc.alloc.rate:      26.810 MB/sec
                 gc.alloc.rate.norm: 24678.323 B/op
                 gc.count:           1.000 counts
                 gc.time:            2.000 ms

Iteration   6: 865.562 us/op
                 gc.alloc.rate:      27.188 MB/sec
                 gc.alloc.rate.norm: 24677.958 B/op
                 gc.count:           ≈ 0 counts

Iteration   7: 860.411 us/op
                 gc.alloc.rate:      27.351 MB/sec
                 gc.alloc.rate.norm: 24677.950 B/op
                 gc.count:           ≈ 0 counts

Iteration   8: 867.111 us/op
                 gc.alloc.rate:      27.140 MB/sec
                 gc.alloc.rate.norm: 24677.941 B/op
                 gc.count:           ≈ 0 counts

Iteration   9: 865.146 us/op
                 gc.alloc.rate:      27.201 MB/sec
                 gc.alloc.rate.norm: 24677.986 B/op
                 gc.count:           ≈ 0 counts

Iteration  10: 868.445 us/op
                 gc.alloc.rate:      27.098 MB/sec
                 gc.alloc.rate.norm: 24677.979 B/op
                 gc.count:           ≈ 0 counts



Result "uk.ac.ncl.jensen.benchmark.VThreadTransitionBenchmark.transition_yield":
  871.183 ±(99.9%) 9.944 us/op [Average]
  (min, avg, max) = (848.673, 871.183, 888.573), stdev = 11.452
  CI (99.9%): [861.238, 881.127] (assumes normal distribution)

Secondary result "uk.ac.ncl.jensen.benchmark.VThreadTransitionBenchmark.transition_yield:gc.alloc.rate":
  27.025 ±(99.9%) 0.300 MB/sec [Average]
  (min, avg, max) = (26.583, 27.025, 27.729), stdev = 0.345
  CI (99.9%): [26.726, 27.325] (assumes normal distribution)

Secondary result "uk.ac.ncl.jensen.benchmark.VThreadTransitionBenchmark.transition_yield:gc.alloc.rate.norm":
  24685.434 ±(99.9%) 20.455 B/op [Average]
  (min, avg, max) = (24677.842, 24685.434, 24770.018), stdev = 23.556
  CI (99.9%): [24664.979, 24705.889] (assumes normal distribution)

Secondary result "uk.ac.ncl.jensen.benchmark.VThreadTransitionBenchmark.transition_yield:gc.count":
  2.000 ±(99.9%) 0.001 counts [Sum]
  (min, avg, max) = (≈ 0, 0.100, 1.000), stdev = 0.308
  CI (99.9%): [2.000, 2.000] (assumes normal distribution)

Secondary result "uk.ac.ncl.jensen.benchmark.VThreadTransitionBenchmark.transition_yield:gc.time":
  4.000 ±(99.9%) 0.001 ms [Sum]
  (min, avg, max) = (≈ 0, 0.200, 2.000), stdev = 0.616
  CI (99.9%): [4.000, 4.000] (assumes normal distribution)


# JMH version: 1.37
# VM version: JDK 21.0.12-internal, OpenJDK 64-Bit Server VM, 21.0.12-internal-adhoc.root.src
# VM invoker: /home/ubuntu/ebpf-vthread-correlate/.vthread-jdk/jdk/bin/java
# VM options: --enable-preview --enable-native-access=ALL-UNNAMED -Dvthread.trace.jvmAlloc=true
# Blackhole mode: compiler (auto-detected, use -Djmh.blackhole.autoDetect=false to disable)
# Warmup: 5 iterations, 1 s each
# Measurement: 10 iterations, 1 s each
# Timeout: 10 min per iteration
# Threads: 1 thread, will synchronize iterations
# Benchmark mode: Average time, time/op
# Benchmark: uk.ac.ncl.jensen.benchmark.VThreadTransitionBenchmark.transition_yield
# Parameters: (yieldsPerVthread = 10000)

# Run progress: 33.33% complete, ETA 00:01:00
# Fork: 1 of 2
# Warmup Iteration   1: 11123.032 us/op
# Warmup Iteration   2: 9195.707 us/op
# Warmup Iteration   3: 8697.040 us/op
# Warmup Iteration   4: 8671.194 us/op
# Warmup Iteration   5: 8917.004 us/op
Iteration   1: 8866.214 us/op
                 gc.alloc.rate:      25.932 MB/sec
                 gc.alloc.rate.norm: 241116.956 B/op
                 gc.count:           ≈ 0 counts

Iteration   2: 8844.097 us/op
                 gc.alloc.rate:      25.997 MB/sec
                 gc.alloc.rate.norm: 241116.421 B/op
                 gc.count:           ≈ 0 counts

Iteration   3: 8895.922 us/op
                 gc.alloc.rate:      25.842 MB/sec
                 gc.alloc.rate.norm: 241116.956 B/op
                 gc.count:           ≈ 0 counts

Iteration   4: 9010.735 us/op
                 gc.alloc.rate:      25.516 MB/sec
                 gc.alloc.rate.norm: 241118.054 B/op
                 gc.count:           ≈ 0 counts

Iteration   5: 8989.196 us/op
                 gc.alloc.rate:      25.578 MB/sec
                 gc.alloc.rate.norm: 241119.786 B/op
                 gc.count:           1.000 counts
                 gc.time:            2.000 ms

Iteration   6: 8960.383 us/op
                 gc.alloc.rate:      25.660 MB/sec
                 gc.alloc.rate.norm: 241117.500 B/op
                 gc.count:           ≈ 0 counts

Iteration   7: 8856.343 us/op
                 gc.alloc.rate:      25.958 MB/sec
                 gc.alloc.rate.norm: 241116.956 B/op
                 gc.count:           ≈ 0 counts

Iteration   8: 8844.588 us/op
                 gc.alloc.rate:      25.996 MB/sec
                 gc.alloc.rate.norm: 241116.421 B/op
                 gc.count:           ≈ 0 counts

Iteration   9: 8848.886 us/op
                 gc.alloc.rate:      25.983 MB/sec
                 gc.alloc.rate.norm: 241116.421 B/op
                 gc.count:           ≈ 0 counts

Iteration  10: 8800.341 us/op
                 gc.alloc.rate:      26.126 MB/sec
                 gc.alloc.rate.norm: 241116.421 B/op
                 gc.count:           ≈ 0 counts


# Run progress: 50.00% complete, ETA 00:00:45
# Fork: 2 of 2
# Warmup Iteration   1: 10679.865 us/op
# Warmup Iteration   2: 8957.865 us/op
# Warmup Iteration   3: 8897.762 us/op
# Warmup Iteration   4: 8854.599 us/op
# Warmup Iteration   5: 9033.584 us/op
Iteration   1: 9093.344 us/op
                 gc.alloc.rate:      25.282 MB/sec
                 gc.alloc.rate.norm: 241118.618 B/op
                 gc.count:           ≈ 0 counts

Iteration   2: 8965.111 us/op
                 gc.alloc.rate:      25.643 MB/sec
                 gc.alloc.rate.norm: 241117.500 B/op
                 gc.count:           ≈ 0 counts

Iteration   3: 8919.429 us/op
                 gc.alloc.rate:      25.777 MB/sec
                 gc.alloc.rate.norm: 241116.956 B/op
                 gc.count:           ≈ 0 counts

Iteration   4: 8953.923 us/op
                 gc.alloc.rate:      25.678 MB/sec
                 gc.alloc.rate.norm: 241117.500 B/op
                 gc.count:           ≈ 0 counts

Iteration   5: 9032.161 us/op
                 gc.alloc.rate:      25.456 MB/sec
                 gc.alloc.rate.norm: 241120.360 B/op
                 gc.count:           1.000 counts
                 gc.time:            2.000 ms

Iteration   6: 9106.656 us/op
                 gc.alloc.rate:      25.248 MB/sec
                 gc.alloc.rate.norm: 241118.618 B/op
                 gc.count:           ≈ 0 counts

Iteration   7: 9041.321 us/op
                 gc.alloc.rate:      25.430 MB/sec
                 gc.alloc.rate.norm: 241118.054 B/op
                 gc.count:           ≈ 0 counts

Iteration   8: 9001.352 us/op
                 gc.alloc.rate:      25.543 MB/sec
                 gc.alloc.rate.norm: 241117.500 B/op
                 gc.count:           ≈ 0 counts

Iteration   9: 9063.258 us/op
                 gc.alloc.rate:      25.366 MB/sec
                 gc.alloc.rate.norm: 241118.054 B/op
                 gc.count:           ≈ 0 counts

Iteration  10: 9033.635 us/op
                 gc.alloc.rate:      25.452 MB/sec
                 gc.alloc.rate.norm: 241118.054 B/op
                 gc.count:           ≈ 0 counts



Result "uk.ac.ncl.jensen.benchmark.VThreadTransitionBenchmark.transition_yield":
  8956.345 ±(99.9%) 80.184 us/op [Average]
  (min, avg, max) = (8800.341, 8956.345, 9106.656), stdev = 92.341
  CI (99.9%): [8876.160, 9036.529] (assumes normal distribution)

Secondary result "uk.ac.ncl.jensen.benchmark.VThreadTransitionBenchmark.transition_yield:gc.alloc.rate":
  25.673 ±(99.9%) 0.230 MB/sec [Average]
  (min, avg, max) = (25.248, 25.673, 26.126), stdev = 0.265
  CI (99.9%): [25.443, 25.903] (assumes normal distribution)

Secondary result "uk.ac.ncl.jensen.benchmark.VThreadTransitionBenchmark.transition_yield:gc.alloc.rate.norm":
  241117.655 ±(99.9%) 0.945 B/op [Average]
  (min, avg, max) = (241116.421, 241117.655, 241120.360), stdev = 1.088
  CI (99.9%): [241116.710, 241118.600] (assumes normal distribution)

Secondary result "uk.ac.ncl.jensen.benchmark.VThreadTransitionBenchmark.transition_yield:gc.count":
  2.000 ±(99.9%) 0.001 counts [Sum]
  (min, avg, max) = (≈ 0, 0.100, 1.000), stdev = 0.308
  CI (99.9%): [2.000, 2.000] (assumes normal distribution)

Secondary result "uk.ac.ncl.jensen.benchmark.VThreadTransitionBenchmark.transition_yield:gc.time":
  4.000 ±(99.9%) 0.001 ms [Sum]
  (min, avg, max) = (≈ 0, 0.200, 2.000), stdev = 0.616
  CI (99.9%): [4.000, 4.000] (assumes normal distribution)


# JMH version: 1.37
# VM version: JDK 21.0.12-internal, OpenJDK 64-Bit Server VM, 21.0.12-internal-adhoc.root.src
# VM invoker: /home/ubuntu/ebpf-vthread-correlate/.vthread-jdk/jdk/bin/java
# VM options: --enable-preview --enable-native-access=ALL-UNNAMED -Dvthread.trace.jvmAlloc=true
# Blackhole mode: compiler (auto-detected, use -Djmh.blackhole.autoDetect=false to disable)
# Warmup: 5 iterations, 1 s each
# Measurement: 10 iterations, 1 s each
# Timeout: 10 min per iteration
# Threads: 1 thread, will synchronize iterations
# Benchmark mode: Average time, time/op
# Benchmark: uk.ac.ncl.jensen.benchmark.VThreadTransitionBenchmark.transition_yield
# Parameters: (yieldsPerVthread = 100000)

# Run progress: 66.67% complete, ETA 00:00:30
# Fork: 1 of 2
# Warmup Iteration   1: 108763.985 us/op
# Warmup Iteration   2: 89319.559 us/op
# Warmup Iteration   3: 87684.738 us/op
# Warmup Iteration   4: 86216.973 us/op
# Warmup Iteration   5: 87008.675 us/op
Iteration   1: 87879.663 us/op
                 gc.alloc.rate:      26.063 MB/sec
                 gc.alloc.rate.norm: 2402155.333 B/op
                 gc.count:           ≈ 0 counts

Iteration   2: 86595.826 us/op
                 gc.alloc.rate:      26.450 MB/sec
                 gc.alloc.rate.norm: 2402155.333 B/op
                 gc.count:           ≈ 0 counts

Iteration   3: 86453.472 us/op
                 gc.alloc.rate:      26.493 MB/sec
                 gc.alloc.rate.norm: 2402155.333 B/op
                 gc.count:           ≈ 0 counts

Iteration   4: 87628.264 us/op
                 gc.alloc.rate:      26.138 MB/sec
                 gc.alloc.rate.norm: 2402155.333 B/op
                 gc.count:           ≈ 0 counts

Iteration   5: 85219.531 us/op
                 gc.alloc.rate:      26.877 MB/sec
                 gc.alloc.rate.norm: 2402176.667 B/op
                 gc.count:           1.000 counts
                 gc.time:            2.000 ms

Iteration   6: 85178.908 us/op
                 gc.alloc.rate:      26.889 MB/sec
                 gc.alloc.rate.norm: 2402155.333 B/op
                 gc.count:           ≈ 0 counts

Iteration   7: 85127.125 us/op
                 gc.alloc.rate:      26.905 MB/sec
                 gc.alloc.rate.norm: 2402155.333 B/op
                 gc.count:           ≈ 0 counts

Iteration   8: 85874.892 us/op
                 gc.alloc.rate:      26.672 MB/sec
                 gc.alloc.rate.norm: 2402155.333 B/op
                 gc.count:           ≈ 0 counts

Iteration   9: 86285.180 us/op
                 gc.alloc.rate:      26.545 MB/sec
                 gc.alloc.rate.norm: 2402155.333 B/op
                 gc.count:           ≈ 0 counts

Iteration  10: 85700.235 us/op
                 gc.alloc.rate:      26.726 MB/sec
                 gc.alloc.rate.norm: 2402155.333 B/op
                 gc.count:           ≈ 0 counts


# Run progress: 83.33% complete, ETA 00:00:15
# Fork: 2 of 2
# Warmup Iteration   1: 104652.297 us/op
# Warmup Iteration   2: 91782.497 us/op
# Warmup Iteration   3: 85852.868 us/op
# Warmup Iteration   4: 84940.388 us/op
# Warmup Iteration   5: 83865.723 us/op
Iteration   1: 85377.857 us/op
                 gc.alloc.rate:      26.826 MB/sec
                 gc.alloc.rate.norm: 2402155.333 B/op
                 gc.count:           ≈ 0 counts

Iteration   2: 84874.656 us/op
                 gc.alloc.rate:      26.986 MB/sec
                 gc.alloc.rate.norm: 2402155.333 B/op
                 gc.count:           ≈ 0 counts

Iteration   3: 86727.406 us/op
                 gc.alloc.rate:      26.409 MB/sec
                 gc.alloc.rate.norm: 2402155.333 B/op
                 gc.count:           ≈ 0 counts

Iteration   4: 85754.896 us/op
                 gc.alloc.rate:      26.709 MB/sec
                 gc.alloc.rate.norm: 2402155.333 B/op
                 gc.count:           ≈ 0 counts

Iteration   5: 85305.461 us/op
                 gc.alloc.rate:      26.849 MB/sec
                 gc.alloc.rate.norm: 2402155.333 B/op
                 gc.count:           ≈ 0 counts

Iteration   6: 84993.149 us/op
                 gc.alloc.rate:      26.949 MB/sec
                 gc.alloc.rate.norm: 2402176.667 B/op
                 gc.count:           1.000 counts
                 gc.time:            2.000 ms

Iteration   7: 83908.980 us/op
                 gc.alloc.rate:      27.299 MB/sec
                 gc.alloc.rate.norm: 2402158.000 B/op
                 gc.count:           ≈ 0 counts

Iteration   8: 85975.131 us/op
                 gc.alloc.rate:      26.640 MB/sec
                 gc.alloc.rate.norm: 2402155.333 B/op
                 gc.count:           ≈ 0 counts

Iteration   9: 85309.828 us/op
                 gc.alloc.rate:      26.848 MB/sec
                 gc.alloc.rate.norm: 2402155.333 B/op
                 gc.count:           ≈ 0 counts

Iteration  10: 83657.607 us/op
                 gc.alloc.rate:      27.381 MB/sec
                 gc.alloc.rate.norm: 2402158.000 B/op
                 gc.count:           ≈ 0 counts



Result "uk.ac.ncl.jensen.benchmark.VThreadTransitionBenchmark.transition_yield":
  85691.403 ±(99.9%) 916.113 us/op [Average]
  (min, avg, max) = (83657.607, 85691.403, 87879.663), stdev = 1054.997
  CI (99.9%): [84775.290, 86607.517] (assumes normal distribution)

Secondary result "uk.ac.ncl.jensen.benchmark.VThreadTransitionBenchmark.transition_yield:gc.alloc.rate":
  26.733 ±(99.9%) 0.285 MB/sec [Average]
  (min, avg, max) = (26.063, 26.733, 27.381), stdev = 0.329
  CI (99.9%): [26.447, 27.018] (assumes normal distribution)

Secondary result "uk.ac.ncl.jensen.benchmark.VThreadTransitionBenchmark.transition_yield:gc.alloc.rate.norm":
  2402157.733 ±(99.9%) 5.667 B/op [Average]
  (min, avg, max) = (2402155.333, 2402157.733, 2402176.667), stdev = 6.526
  CI (99.9%): [2402152.066, 2402163.400] (assumes normal distribution)

Secondary result "uk.ac.ncl.jensen.benchmark.VThreadTransitionBenchmark.transition_yield:gc.count":
  2.000 ±(99.9%) 0.001 counts [Sum]
  (min, avg, max) = (≈ 0, 0.100, 1.000), stdev = 0.308
  CI (99.9%): [2.000, 2.000] (assumes normal distribution)

Secondary result "uk.ac.ncl.jensen.benchmark.VThreadTransitionBenchmark.transition_yield:gc.time":
  4.000 ±(99.9%) 0.001 ms [Sum]
  (min, avg, max) = (≈ 0, 0.200, 2.000), stdev = 0.616
  CI (99.9%): [4.000, 4.000] (assumes normal distribution)


# Run complete. Total time: 00:01:32

REMEMBER: The numbers below are just data. To gain reusable insights, you need to follow up on
why the numbers are the way they are. Use profilers (see -prof, -lprof), design factorial
experiments, perform baseline and negative tests that provide experimental control, make sure
the benchmarking environment is safe on JVM/OS/HW level, ask for reviews from the domain experts.
Do not assume the numbers tell you what you want them to tell.

NOTE: Current JVM experimentally supports Compiler Blackholes, and they are in use. Please exercise
extra caution when trusting the results, look into the generated code to check the benchmark still
works, and factor in a small probability of new VM bugs. Additionally, while comparisons between
different JVMs are already problematic, the performance difference caused by different Blackhole
modes can be very significant. Please make sure you use the consistent Blackhole mode for comparisons.

Benchmark                                                       (yieldsPerVthread)  Mode  Cnt        Score     Error   Units
VThreadTransitionBenchmark.transition_yield                                   1000  avgt   20      871.183 ±   9.944   us/op
VThreadTransitionBenchmark.transition_yield:gc.alloc.rate                     1000  avgt   20       27.025 ±   0.300  MB/sec
VThreadTransitionBenchmark.transition_yield:gc.alloc.rate.norm                1000  avgt   20    24685.434 ±  20.455    B/op
VThreadTransitionBenchmark.transition_yield:gc.count                          1000  avgt   20        2.000            counts
VThreadTransitionBenchmark.transition_yield:gc.time                           1000  avgt   20        4.000                ms
VThreadTransitionBenchmark.transition_yield                                  10000  avgt   20     8956.345 ±  80.184   us/op
VThreadTransitionBenchmark.transition_yield:gc.alloc.rate                    10000  avgt   20       25.673 ±   0.230  MB/sec
VThreadTransitionBenchmark.transition_yield:gc.alloc.rate.norm               10000  avgt   20   241117.655 ±   0.945    B/op
VThreadTransitionBenchmark.transition_yield:gc.count                         10000  avgt   20        2.000            counts
VThreadTransitionBenchmark.transition_yield:gc.time                          10000  avgt   20        4.000                ms
VThreadTransitionBenchmark.transition_yield                                 100000  avgt   20    85691.403 ± 916.113   us/op
VThreadTransitionBenchmark.transition_yield:gc.alloc.rate                   100000  avgt   20       26.733 ±   0.285  MB/sec
VThreadTransitionBenchmark.transition_yield:gc.alloc.rate.norm              100000  avgt   20  2402157.733 ±   5.667    B/op
VThreadTransitionBenchmark.transition_yield:gc.count                        100000  avgt   20        2.000            counts
VThreadTransitionBenchmark.transition_yield:gc.time                         100000  avgt   20        4.000                ms

Benchmark result is saved to /home/ubuntu/ebpf-vthread-correlate/result/benchmark/nsweep-20260705-201731/VThreadTransitionBenchmark_jvmalloc_gc.json

[1m== Table A (clean -prof gc, release build) ==[0m
  Benchmark          Variant                Score             alloc.norm      per nominal  
  -----------------  ---------------------  ----------------  --------------  -------------
  VThreadTransition  agent N=1000           1065.598 us/op    24726.2 B/op    1.0656 /yield
  VThreadTransition  agent N=10000          10773.616 us/op   241130.1 B/op   1.0774 /yield
  VThreadTransition  agent N=100000         100803.498 us/op  2402261.1 B/op  1.0080 /yield
  VThreadTransition  baseline N=1000        869.784 us/op     24684.2 B/op    0.8698 /yield
  VThreadTransition  baseline N=10000       8810.602 us/op    241116.6 B/op   0.8811 /yield
  VThreadTransition  baseline N=100000      85731.797 us/op   2402158.0 B/op  0.8573 /yield
  VThreadTransition  jvmalloc N=1000        871.183 us/op     24685.4 B/op    0.8712 /yield
  VThreadTransition  jvmalloc N=10000       8956.345 us/op    241117.7 B/op   0.8956 /yield
  VThreadTransition  jvmalloc N=100000      85691.403 us/op   2402157.7 B/op  0.8569 /yield
  VThreadTransition  jvmtipublish N=1000    1041.428 us/op    24715.6 B/op    1.0414 /yield
  VThreadTransition  jvmtipublish N=10000   10550.678 us/op   241128.5 B/op   1.0551 /yield
  VThreadTransition  jvmtipublish N=100000  103812.680 us/op  2402273.8 B/op  1.0381 /yield

[1m== done ==[0m
  table JSON : /home/ubuntu/ebpf-vthread-correlate/result/benchmark/nsweep-20260705-201731/*_gc.json

[1m==== batch step 8/8 full 10-cell matrix  (main tables) ====[0m

[1m== environment ==[0m
JAVA_HOME = /home/ubuntu/ebpf-vthread-correlate/.vthread-jdk/jdk
agent     = /home/ubuntu/ebpf-vthread-correlate/JVMTI-agent/libvthread_trace_agent.so
java      = openjdk version "21.0.12-internal" 2026-07-21
RUNINFO   = /home/ubuntu/ebpf-vthread-correlate/result/benchmark/RUNINFO-20260705-202603.txt

[1m== build ==[0m
+ make -C JVMTI-agent
make: Entering directory '/home/ubuntu/ebpf-vthread-correlate/JVMTI-agent'
make: 'libvthread_trace_agent.so' is up to date.
make: Leaving directory '/home/ubuntu/ebpf-vthread-correlate/JVMTI-agent'
+ mvn -q clean package

[1m== VThreadTransitionBenchmark / baseline ==[0m
+ rm -rf /home/ubuntu/ebpf-vthread-correlate/result/benchmark/collapsed/VThreadTransitionBenchmark_baseline
+ /home/ubuntu/ebpf-vthread-correlate/.vthread-jdk/jdk/bin/java -Djmh.ignoreLock=true -jar /home/ubuntu/ebpf-vthread-correlate/target/ebpf-vthread-correlate-1.0-SNAPSHOT.jar VThreadTransitionBenchmark -prof gc -rf json -rff /home/ubuntu/ebpf-vthread-correlate/result/benchmark/VThreadTransitionBenchmark_baseline_gc.json
# WARNING: JMH lock is ignored by user request, make sure no other JMH instances are running
# JMH version: 1.37
# VM version: JDK 21.0.12-internal, OpenJDK 64-Bit Server VM, 21.0.12-internal-adhoc.root.src
# VM invoker: /home/ubuntu/ebpf-vthread-correlate/.vthread-jdk/jdk/bin/java
# VM options: --enable-preview --enable-native-access=ALL-UNNAMED
# Blackhole mode: compiler (auto-detected, use -Djmh.blackhole.autoDetect=false to disable)
# Warmup: 5 iterations, 1 s each
# Measurement: 10 iterations, 1 s each
# Timeout: 10 min per iteration
# Threads: 1 thread, will synchronize iterations
# Benchmark mode: Average time, time/op
# Benchmark: uk.ac.ncl.jensen.benchmark.VThreadTransitionBenchmark.transition_yield
# Parameters: (yieldsPerVthread = 10000)

# Run progress: 0.00% complete, ETA 00:00:30
# Fork: 1 of 2
# Warmup Iteration   1: 10939.977 us/op
# Warmup Iteration   2: 9324.645 us/op
# Warmup Iteration   3: 8819.491 us/op
# Warmup Iteration   4: 8882.876 us/op
# Warmup Iteration   5: 8998.531 us/op
Iteration   1: 9075.117 us/op
                 gc.alloc.rate:      25.332 MB/sec
                 gc.alloc.rate.norm: 241118.054 B/op
                 gc.count:           ≈ 0 counts

Iteration   2: 8978.892 us/op
                 gc.alloc.rate:      25.607 MB/sec
                 gc.alloc.rate.norm: 241117.500 B/op
                 gc.count:           ≈ 0 counts

Iteration   3: 8930.899 us/op
                 gc.alloc.rate:      25.745 MB/sec
                 gc.alloc.rate.norm: 241117.500 B/op
                 gc.count:           ≈ 0 counts

Iteration   4: 8983.054 us/op
                 gc.alloc.rate:      25.592 MB/sec
                 gc.alloc.rate.norm: 241117.500 B/op
                 gc.count:           ≈ 0 counts

Iteration   5: 8911.381 us/op
                 gc.alloc.rate:      25.801 MB/sec
                 gc.alloc.rate.norm: 241119.221 B/op
                 gc.count:           1.000 counts
                 gc.time:            2.000 ms

Iteration   6: 8614.055 us/op
                 gc.alloc.rate:      26.691 MB/sec
                 gc.alloc.rate.norm: 241114.872 B/op
                 gc.count:           ≈ 0 counts

Iteration   7: 8689.851 us/op
                 gc.alloc.rate:      26.459 MB/sec
                 gc.alloc.rate.norm: 241115.379 B/op
                 gc.count:           ≈ 0 counts

Iteration   8: 8725.797 us/op
                 gc.alloc.rate:      26.350 MB/sec
                 gc.alloc.rate.norm: 241115.896 B/op
                 gc.count:           ≈ 0 counts

Iteration   9: 8776.745 us/op
                 gc.alloc.rate:      26.197 MB/sec
                 gc.alloc.rate.norm: 241116.421 B/op
                 gc.count:           ≈ 0 counts

Iteration  10: 8671.152 us/op
                 gc.alloc.rate:      26.515 MB/sec
                 gc.alloc.rate.norm: 241115.379 B/op
                 gc.count:           ≈ 0 counts


# Run progress: 50.00% complete, ETA 00:00:15
# Fork: 2 of 2
# Warmup Iteration   1: 10927.478 us/op
# Warmup Iteration   2: 8624.449 us/op
# Warmup Iteration   3: 8671.891 us/op
# Warmup Iteration   4: 8695.953 us/op
# Warmup Iteration   5: 8815.396 us/op
Iteration   1: 8911.732 us/op
                 gc.alloc.rate:      25.800 MB/sec
                 gc.alloc.rate.norm: 241116.956 B/op
                 gc.count:           ≈ 0 counts

Iteration   2: 8872.205 us/op
                 gc.alloc.rate:      25.914 MB/sec
                 gc.alloc.rate.norm: 241116.956 B/op
                 gc.count:           ≈ 0 counts

Iteration   3: 8874.357 us/op
                 gc.alloc.rate:      25.908 MB/sec
                 gc.alloc.rate.norm: 241116.956 B/op
                 gc.count:           ≈ 0 counts

Iteration   4: 8940.700 us/op
                 gc.alloc.rate:      25.717 MB/sec
                 gc.alloc.rate.norm: 241117.500 B/op
                 gc.count:           ≈ 0 counts

Iteration   5: 8960.732 us/op
                 gc.alloc.rate:      25.655 MB/sec
                 gc.alloc.rate.norm: 241117.500 B/op
                 gc.count:           ≈ 0 counts

Iteration   6: 8861.798 us/op
                 gc.alloc.rate:      25.945 MB/sec
                 gc.alloc.rate.norm: 241119.221 B/op
                 gc.count:           1.000 counts
                 gc.time:            2.000 ms

Iteration   7: 8535.564 us/op
                 gc.alloc.rate:      26.937 MB/sec
                 gc.alloc.rate.norm: 241114.373 B/op
                 gc.count:           ≈ 0 counts

Iteration   8: 8532.486 us/op
                 gc.alloc.rate:      26.947 MB/sec
                 gc.alloc.rate.norm: 241114.373 B/op
                 gc.count:           ≈ 0 counts

Iteration   9: 8595.392 us/op
                 gc.alloc.rate:      26.749 MB/sec
                 gc.alloc.rate.norm: 241114.872 B/op
                 gc.count:           ≈ 0 counts

Iteration  10: 8599.542 us/op
                 gc.alloc.rate:      26.736 MB/sec
                 gc.alloc.rate.norm: 241114.872 B/op
                 gc.count:           ≈ 0 counts



Result "uk.ac.ncl.jensen.benchmark.VThreadTransitionBenchmark.transition_yield":
  8802.072 ±(99.9%) 145.880 us/op [Average]
  (min, avg, max) = (8532.486, 8802.072, 9075.117), stdev = 167.995
  CI (99.9%): [8656.193, 8947.952] (assumes normal distribution)

Secondary result "uk.ac.ncl.jensen.benchmark.VThreadTransitionBenchmark.transition_yield:gc.alloc.rate":
  26.130 ±(99.9%) 0.436 MB/sec [Average]
  (min, avg, max) = (25.332, 26.130, 26.947), stdev = 0.502
  CI (99.9%): [25.694, 26.566] (assumes normal distribution)

Secondary result "uk.ac.ncl.jensen.benchmark.VThreadTransitionBenchmark.transition_yield:gc.alloc.rate.norm":
  241116.565 ±(99.9%) 1.301 B/op [Average]
  (min, avg, max) = (241114.373, 241116.565, 241119.221), stdev = 1.498
  CI (99.9%): [241115.264, 241117.866] (assumes normal distribution)

Secondary result "uk.ac.ncl.jensen.benchmark.VThreadTransitionBenchmark.transition_yield:gc.count":
  2.000 ±(99.9%) 0.001 counts [Sum]
  (min, avg, max) = (≈ 0, 0.100, 1.000), stdev = 0.308
  CI (99.9%): [2.000, 2.000] (assumes normal distribution)

Secondary result "uk.ac.ncl.jensen.benchmark.VThreadTransitionBenchmark.transition_yield:gc.time":
  4.000 ±(99.9%) 0.001 ms [Sum]
  (min, avg, max) = (≈ 0, 0.200, 2.000), stdev = 0.616
  CI (99.9%): [4.000, 4.000] (assumes normal distribution)


# Run complete. Total time: 00:00:30

REMEMBER: The numbers below are just data. To gain reusable insights, you need to follow up on
why the numbers are the way they are. Use profilers (see -prof, -lprof), design factorial
experiments, perform baseline and negative tests that provide experimental control, make sure
the benchmarking environment is safe on JVM/OS/HW level, ask for reviews from the domain experts.
Do not assume the numbers tell you what you want them to tell.

NOTE: Current JVM experimentally supports Compiler Blackholes, and they are in use. Please exercise
extra caution when trusting the results, look into the generated code to check the benchmark still
works, and factor in a small probability of new VM bugs. Additionally, while comparisons between
different JVMs are already problematic, the performance difference caused by different Blackhole
modes can be very significant. Please make sure you use the consistent Blackhole mode for comparisons.

Benchmark                                                       (yieldsPerVthread)  Mode  Cnt       Score     Error   Units
VThreadTransitionBenchmark.transition_yield                                  10000  avgt   20    8802.072 ± 145.880   us/op
VThreadTransitionBenchmark.transition_yield:gc.alloc.rate                    10000  avgt   20      26.130 ±   0.436  MB/sec
VThreadTransitionBenchmark.transition_yield:gc.alloc.rate.norm               10000  avgt   20  241116.565 ±   1.301    B/op
VThreadTransitionBenchmark.transition_yield:gc.count                         10000  avgt   20       2.000            counts
VThreadTransitionBenchmark.transition_yield:gc.time                          10000  avgt   20       4.000                ms

Benchmark result is saved to /home/ubuntu/ebpf-vthread-correlate/result/benchmark/VThreadTransitionBenchmark_baseline_gc.json
+ /home/ubuntu/ebpf-vthread-correlate/.vthread-jdk/jdk/bin/java -Djmh.ignoreLock=true -jar /home/ubuntu/ebpf-vthread-correlate/target/ebpf-vthread-correlate-1.0-SNAPSHOT.jar VThreadTransitionBenchmark -f 1 -wi 5 -i 10 -prof async:libPath=/home/ubuntu/ebpf-vthread-correlate/lib/libasyncProfiler.so;event=itimer;output=collapsed;dir=/home/ubuntu/ebpf-vthread-correlate/result/benchmark/collapsed/VThreadTransitionBenchmark_baseline
# WARNING: JMH lock is ignored by user request, make sure no other JMH instances are running
# JMH version: 1.37
# VM version: JDK 21.0.12-internal, OpenJDK 64-Bit Server VM, 21.0.12-internal-adhoc.root.src
# VM invoker: /home/ubuntu/ebpf-vthread-correlate/.vthread-jdk/jdk/bin/java
# VM options: --enable-preview --enable-native-access=ALL-UNNAMED
# Blackhole mode: compiler (auto-detected, use -Djmh.blackhole.autoDetect=false to disable)
# Warmup: 5 iterations, 1 s each
# Measurement: 10 iterations, 1 s each
# Timeout: 10 min per iteration
# Threads: 1 thread, will synchronize iterations
# Benchmark mode: Average time, time/op
# Benchmark: uk.ac.ncl.jensen.benchmark.VThreadTransitionBenchmark.transition_yield
# Parameters: (yieldsPerVthread = 10000)

# Run progress: 0.00% complete, ETA 00:00:15
# Fork: 1 of 1
# Preparing profilers: AsyncProfiler 
# Warmup Iteration   1: 12256.369 us/op
# Warmup Iteration   2: 10312.608 us/op
# Warmup Iteration   3: 10381.124 us/op
# Warmup Iteration   4: 10426.185 us/op
# Warmup Iteration   5: 10540.420 us/op
Iteration   1: 10551.685 us/op
Iteration   2: 10657.215 us/op
Iteration   3: 10751.697 us/op
Iteration   4: 10738.452 us/op
Iteration   5: 10625.758 us/op
Iteration   6: 10699.967 us/op
Iteration   7: 10608.750 us/op
Iteration   8: 10488.909 us/op
Iteration   9: 10451.712 us/op
Iteration  10: 10458.165 us/op
                 async: (text only)

# Processing profiler results: AsyncProfiler 


Result "uk.ac.ncl.jensen.benchmark.VThreadTransitionBenchmark.transition_yield":
  10603.231 ±(99.9%) 169.305 us/op [Average]
  (min, avg, max) = (10451.712, 10603.231, 10751.697), stdev = 111.985
  CI (99.9%): [10433.926, 10772.536] (assumes normal distribution)

Secondary result "uk.ac.ncl.jensen.benchmark.VThreadTransitionBenchmark.transition_yield:async":
Async profiler results:
  /home/ubuntu/ebpf-vthread-correlate/result/benchmark/collapsed/VThreadTransitionBenchmark_baseline/uk.ac.ncl.jensen.benchmark.VThreadTransitionBenchmark.transition_yield-AverageTime-yieldsPerVthread-10000/collapsed-itimer.csv


# Run complete. Total time: 00:00:15

REMEMBER: The numbers below are just data. To gain reusable insights, you need to follow up on
why the numbers are the way they are. Use profilers (see -prof, -lprof), design factorial
experiments, perform baseline and negative tests that provide experimental control, make sure
the benchmarking environment is safe on JVM/OS/HW level, ask for reviews from the domain experts.
Do not assume the numbers tell you what you want them to tell.

NOTE: Current JVM experimentally supports Compiler Blackholes, and they are in use. Please exercise
extra caution when trusting the results, look into the generated code to check the benchmark still
works, and factor in a small probability of new VM bugs. Additionally, while comparisons between
different JVMs are already problematic, the performance difference caused by different Blackhole
modes can be very significant. Please make sure you use the consistent Blackhole mode for comparisons.

Benchmark                                          (yieldsPerVthread)  Mode  Cnt      Score     Error  Units
VThreadTransitionBenchmark.transition_yield                     10000  avgt   10  10603.231 ± 169.305  us/op
VThreadTransitionBenchmark.transition_yield:async               10000  avgt             NaN              ---

[1m== VThreadTransitionBenchmark / agent ==[0m
+ rm -rf /home/ubuntu/ebpf-vthread-correlate/result/benchmark/collapsed/VThreadTransitionBenchmark_agent
+ /home/ubuntu/ebpf-vthread-correlate/.vthread-jdk/jdk/bin/java -Djmh.ignoreLock=true -jar /home/ubuntu/ebpf-vthread-correlate/target/ebpf-vthread-correlate-1.0-SNAPSHOT.jar VThreadTransitionBenchmark -jvmArgsAppend -agentpath:/home/ubuntu/ebpf-vthread-correlate/JVMTI-agent/libvthread_trace_agent.so -prof gc -rf json -rff /home/ubuntu/ebpf-vthread-correlate/result/benchmark/VThreadTransitionBenchmark_agent_gc.json
# WARNING: JMH lock is ignored by user request, make sure no other JMH instances are running
# JMH version: 1.37
# VM version: JDK 21.0.12-internal, OpenJDK 64-Bit Server VM, 21.0.12-internal-adhoc.root.src
# VM invoker: /home/ubuntu/ebpf-vthread-correlate/.vthread-jdk/jdk/bin/java
# VM options: --enable-preview --enable-native-access=ALL-UNNAMED -agentpath:/home/ubuntu/ebpf-vthread-correlate/JVMTI-agent/libvthread_trace_agent.so
# Blackhole mode: compiler (auto-detected, use -Djmh.blackhole.autoDetect=false to disable)
# Warmup: 5 iterations, 1 s each
# Measurement: 10 iterations, 1 s each
# Timeout: 10 min per iteration
# Threads: 1 thread, will synchronize iterations
# Benchmark mode: Average time, time/op
# Benchmark: uk.ac.ncl.jensen.benchmark.VThreadTransitionBenchmark.transition_yield
# Parameters: (yieldsPerVthread = 10000)

# Run progress: 0.00% complete, ETA 00:00:30
# Fork: 1 of 2
[vthread-trace-agent] loading, options=(none)
[vthread-trace-agent] loaded
[vthread-trace-agent] ready (fieldID=0x1e2 methodID=0x7e7ef4228148 publish_jvmti=0)
# Warmup Iteration   1: 14351.705 us/op
# Warmup Iteration   2: 11799.186 us/op
# Warmup Iteration   3: 11306.175 us/op
# Warmup Iteration   4: 11071.530 us/op
# Warmup Iteration   5: 11082.266 us/op
Iteration   1: 11042.693 us/op
                 gc.alloc.rate:      20.822 MB/sec
                 gc.alloc.rate.norm: 241131.692 B/op
                 gc.count:           ≈ 0 counts

Iteration   2: 11038.570 us/op
                 gc.alloc.rate:      20.830 MB/sec
                 gc.alloc.rate.norm: 241131.692 B/op
                 gc.count:           ≈ 0 counts

Iteration   3: 11112.518 us/op
                 gc.alloc.rate:      20.692 MB/sec
                 gc.alloc.rate.norm: 241132.533 B/op
                 gc.count:           ≈ 0 counts

Iteration   4: 11119.135 us/op
                 gc.alloc.rate:      20.679 MB/sec
                 gc.alloc.rate.norm: 241132.533 B/op
                 gc.count:           ≈ 0 counts

Iteration   5: 11132.467 us/op
                 gc.alloc.rate:      20.654 MB/sec
                 gc.alloc.rate.norm: 241132.533 B/op
                 gc.count:           ≈ 0 counts

Iteration   6: 11098.627 us/op
                 gc.alloc.rate:      20.714 MB/sec
                 gc.alloc.rate.norm: 241131.692 B/op
                 gc.count:           ≈ 0 counts

Iteration   7: 11130.916 us/op
                 gc.alloc.rate:      20.657 MB/sec
                 gc.alloc.rate.norm: 241132.533 B/op
                 gc.count:           ≈ 0 counts

Iteration   8: 10918.244 us/op
                 gc.alloc.rate:      21.060 MB/sec
                 gc.alloc.rate.norm: 241133.652 B/op
                 gc.count:           1.000 counts
                 gc.time:            2.000 ms

Iteration   9: 10855.731 us/op
                 gc.alloc.rate:      21.177 MB/sec
                 gc.alloc.rate.norm: 241130.065 B/op
                 gc.count:           ≈ 0 counts

Iteration  10: 10761.324 us/op
                 gc.alloc.rate:      21.367 MB/sec
                 gc.alloc.rate.norm: 241130.065 B/op
                 gc.count:           ≈ 0 counts

[vthread-trace-agent] unloading

# Run progress: 50.00% complete, ETA 00:00:15
# Fork: 2 of 2
[vthread-trace-agent] loading, options=(none)
[vthread-trace-agent] loaded
[vthread-trace-agent] ready (fieldID=0x1e2 methodID=0x7c52ec228148 publish_jvmti=0)
# Warmup Iteration   1: 12722.491 us/op
# Warmup Iteration   2: 11112.487 us/op
# Warmup Iteration   3: 10546.153 us/op
# Warmup Iteration   4: 10449.217 us/op
# Warmup Iteration   5: 10445.372 us/op
Iteration   1: 10570.930 us/op
                 gc.alloc.rate:      21.751 MB/sec
                 gc.alloc.rate.norm: 241128.505 B/op
                 gc.count:           ≈ 0 counts

Iteration   2: 10615.880 us/op
                 gc.alloc.rate:      21.659 MB/sec
                 gc.alloc.rate.norm: 241128.505 B/op
                 gc.count:           ≈ 0 counts

Iteration   3: 10563.002 us/op
                 gc.alloc.rate:      21.767 MB/sec
                 gc.alloc.rate.norm: 241128.505 B/op
                 gc.count:           ≈ 0 counts

Iteration   4: 10630.753 us/op
                 gc.alloc.rate:      21.629 MB/sec
                 gc.alloc.rate.norm: 241128.505 B/op
                 gc.count:           ≈ 0 counts

Iteration   5: 10592.945 us/op
                 gc.alloc.rate:      21.706 MB/sec
                 gc.alloc.rate.norm: 241128.505 B/op
                 gc.count:           ≈ 0 counts

Iteration   6: 10631.536 us/op
                 gc.alloc.rate:      21.624 MB/sec
                 gc.alloc.rate.norm: 241128.505 B/op
                 gc.count:           ≈ 0 counts

Iteration   7: 10479.624 us/op
                 gc.alloc.rate:      21.941 MB/sec
                 gc.alloc.rate.norm: 241130.417 B/op
                 gc.count:           1.000 counts
                 gc.time:            2.000 ms

Iteration   8: 10393.665 us/op
                 gc.alloc.rate:      22.122 MB/sec
                 gc.alloc.rate.norm: 241127.010 B/op
                 gc.count:           ≈ 0 counts

Iteration   9: 10433.504 us/op
                 gc.alloc.rate:      22.038 MB/sec
                 gc.alloc.rate.norm: 241127.750 B/op
                 gc.count:           ≈ 0 counts

Iteration  10: 10452.975 us/op
                 gc.alloc.rate:      21.997 MB/sec
                 gc.alloc.rate.norm: 241127.750 B/op
                 gc.count:           ≈ 0 counts

[vthread-trace-agent] unloading


Result "uk.ac.ncl.jensen.benchmark.VThreadTransitionBenchmark.transition_yield":
  10778.752 ±(99.9%) 235.632 us/op [Average]
  (min, avg, max) = (10393.665, 10778.752, 11132.467), stdev = 271.355
  CI (99.9%): [10543.120, 11014.384] (assumes normal distribution)

Secondary result "uk.ac.ncl.jensen.benchmark.VThreadTransitionBenchmark.transition_yield:gc.alloc.rate":
  21.344 ±(99.9%) 0.466 MB/sec [Average]
  (min, avg, max) = (20.654, 21.344, 22.122), stdev = 0.536
  CI (99.9%): [20.879, 21.810] (assumes normal distribution)

Secondary result "uk.ac.ncl.jensen.benchmark.VThreadTransitionBenchmark.transition_yield:gc.alloc.rate.norm":
  241130.148 ±(99.9%) 1.780 B/op [Average]
  (min, avg, max) = (241127.010, 241130.148, 241133.652), stdev = 2.050
  CI (99.9%): [241128.368, 241131.927] (assumes normal distribution)

Secondary result "uk.ac.ncl.jensen.benchmark.VThreadTransitionBenchmark.transition_yield:gc.count":
  2.000 ±(99.9%) 0.001 counts [Sum]
  (min, avg, max) = (≈ 0, 0.100, 1.000), stdev = 0.308
  CI (99.9%): [2.000, 2.000] (assumes normal distribution)

Secondary result "uk.ac.ncl.jensen.benchmark.VThreadTransitionBenchmark.transition_yield:gc.time":
  4.000 ±(99.9%) 0.001 ms [Sum]
  (min, avg, max) = (≈ 0, 0.200, 2.000), stdev = 0.616
  CI (99.9%): [4.000, 4.000] (assumes normal distribution)


# Run complete. Total time: 00:00:30

REMEMBER: The numbers below are just data. To gain reusable insights, you need to follow up on
why the numbers are the way they are. Use profilers (see -prof, -lprof), design factorial
experiments, perform baseline and negative tests that provide experimental control, make sure
the benchmarking environment is safe on JVM/OS/HW level, ask for reviews from the domain experts.
Do not assume the numbers tell you what you want them to tell.

NOTE: Current JVM experimentally supports Compiler Blackholes, and they are in use. Please exercise
extra caution when trusting the results, look into the generated code to check the benchmark still
works, and factor in a small probability of new VM bugs. Additionally, while comparisons between
different JVMs are already problematic, the performance difference caused by different Blackhole
modes can be very significant. Please make sure you use the consistent Blackhole mode for comparisons.

Benchmark                                                       (yieldsPerVthread)  Mode  Cnt       Score     Error   Units
VThreadTransitionBenchmark.transition_yield                                  10000  avgt   20   10778.752 ± 235.632   us/op
VThreadTransitionBenchmark.transition_yield:gc.alloc.rate                    10000  avgt   20      21.344 ±   0.466  MB/sec
VThreadTransitionBenchmark.transition_yield:gc.alloc.rate.norm               10000  avgt   20  241130.148 ±   1.780    B/op
VThreadTransitionBenchmark.transition_yield:gc.count                         10000  avgt   20       2.000            counts
VThreadTransitionBenchmark.transition_yield:gc.time                          10000  avgt   20       4.000                ms

Benchmark result is saved to /home/ubuntu/ebpf-vthread-correlate/result/benchmark/VThreadTransitionBenchmark_agent_gc.json
+ /home/ubuntu/ebpf-vthread-correlate/.vthread-jdk/jdk/bin/java -Djmh.ignoreLock=true -jar /home/ubuntu/ebpf-vthread-correlate/target/ebpf-vthread-correlate-1.0-SNAPSHOT.jar VThreadTransitionBenchmark -jvmArgsAppend -agentpath:/home/ubuntu/ebpf-vthread-correlate/JVMTI-agent/libvthread_trace_agent.so -f 1 -wi 5 -i 10 -prof async:libPath=/home/ubuntu/ebpf-vthread-correlate/lib/libasyncProfiler.so;event=itimer;output=collapsed;dir=/home/ubuntu/ebpf-vthread-correlate/result/benchmark/collapsed/VThreadTransitionBenchmark_agent
# WARNING: JMH lock is ignored by user request, make sure no other JMH instances are running
# JMH version: 1.37
# VM version: JDK 21.0.12-internal, OpenJDK 64-Bit Server VM, 21.0.12-internal-adhoc.root.src
# VM invoker: /home/ubuntu/ebpf-vthread-correlate/.vthread-jdk/jdk/bin/java
# VM options: --enable-preview --enable-native-access=ALL-UNNAMED -agentpath:/home/ubuntu/ebpf-vthread-correlate/JVMTI-agent/libvthread_trace_agent.so
# Blackhole mode: compiler (auto-detected, use -Djmh.blackhole.autoDetect=false to disable)
# Warmup: 5 iterations, 1 s each
# Measurement: 10 iterations, 1 s each
# Timeout: 10 min per iteration
# Threads: 1 thread, will synchronize iterations
# Benchmark mode: Average time, time/op
# Benchmark: uk.ac.ncl.jensen.benchmark.VThreadTransitionBenchmark.transition_yield
# Parameters: (yieldsPerVthread = 10000)

# Run progress: 0.00% complete, ETA 00:00:15
# Fork: 1 of 1
# Preparing profilers: AsyncProfiler 
[vthread-trace-agent] loading, options=(none)
[vthread-trace-agent] loaded
[vthread-trace-agent] ready (fieldID=0x1e2 methodID=0x71ad1c228188 publish_jvmti=0)
# Warmup Iteration   1: 13724.720 us/op
# Warmup Iteration   2: 11082.885 us/op
# Warmup Iteration   3: 11171.759 us/op
# Warmup Iteration   4: 11051.422 us/op
# Warmup Iteration   5: 11004.293 us/op
Iteration   1: 11062.188 us/op
Iteration   2: 11123.390 us/op
Iteration   3: 11280.201 us/op
Iteration   4: 11292.069 us/op
Iteration   5: 11326.607 us/op
Iteration   6: 11211.022 us/op
Iteration   7: 11116.012 us/op
Iteration   8: 10927.898 us/op
Iteration   9: 10916.410 us/op
Iteration  10: 10923.631 us/op
                 async: (text only)

[vthread-trace-agent] unloading
# Processing profiler results: AsyncProfiler 


Result "uk.ac.ncl.jensen.benchmark.VThreadTransitionBenchmark.transition_yield":
  11117.943 ±(99.9%) 239.833 us/op [Average]
  (min, avg, max) = (10916.410, 11117.943, 11326.607), stdev = 158.634
  CI (99.9%): [10878.110, 11357.775] (assumes normal distribution)

Secondary result "uk.ac.ncl.jensen.benchmark.VThreadTransitionBenchmark.transition_yield:async":
Async profiler results:
  /home/ubuntu/ebpf-vthread-correlate/result/benchmark/collapsed/VThreadTransitionBenchmark_agent/uk.ac.ncl.jensen.benchmark.VThreadTransitionBenchmark.transition_yield-AverageTime-yieldsPerVthread-10000/collapsed-itimer.csv


# Run complete. Total time: 00:00:15

REMEMBER: The numbers below are just data. To gain reusable insights, you need to follow up on
why the numbers are the way they are. Use profilers (see -prof, -lprof), design factorial
experiments, perform baseline and negative tests that provide experimental control, make sure
the benchmarking environment is safe on JVM/OS/HW level, ask for reviews from the domain experts.
Do not assume the numbers tell you what you want them to tell.

NOTE: Current JVM experimentally supports Compiler Blackholes, and they are in use. Please exercise
extra caution when trusting the results, look into the generated code to check the benchmark still
works, and factor in a small probability of new VM bugs. Additionally, while comparisons between
different JVMs are already problematic, the performance difference caused by different Blackhole
modes can be very significant. Please make sure you use the consistent Blackhole mode for comparisons.

Benchmark                                          (yieldsPerVthread)  Mode  Cnt      Score     Error  Units
VThreadTransitionBenchmark.transition_yield                     10000  avgt   10  11117.943 ± 239.833  us/op
VThreadTransitionBenchmark.transition_yield:async               10000  avgt             NaN              ---

[1m== VThreadTransitionBenchmark / jvmtipublish ==[0m
+ rm -rf /home/ubuntu/ebpf-vthread-correlate/result/benchmark/collapsed/VThreadTransitionBenchmark_jvmtipublish
+ /home/ubuntu/ebpf-vthread-correlate/.vthread-jdk/jdk/bin/java -Djmh.ignoreLock=true -jar /home/ubuntu/ebpf-vthread-correlate/target/ebpf-vthread-correlate-1.0-SNAPSHOT.jar VThreadTransitionBenchmark -jvmArgsAppend -agentpath:/home/ubuntu/ebpf-vthread-correlate/JVMTI-agent/libvthread_trace_agent.so=publish=jvmti -prof gc -rf json -rff /home/ubuntu/ebpf-vthread-correlate/result/benchmark/VThreadTransitionBenchmark_jvmtipublish_gc.json
# WARNING: JMH lock is ignored by user request, make sure no other JMH instances are running
# JMH version: 1.37
# VM version: JDK 21.0.12-internal, OpenJDK 64-Bit Server VM, 21.0.12-internal-adhoc.root.src
# VM invoker: /home/ubuntu/ebpf-vthread-correlate/.vthread-jdk/jdk/bin/java
# VM options: --enable-preview --enable-native-access=ALL-UNNAMED -agentpath:/home/ubuntu/ebpf-vthread-correlate/JVMTI-agent/libvthread_trace_agent.so=publish=jvmti
# Blackhole mode: compiler (auto-detected, use -Djmh.blackhole.autoDetect=false to disable)
# Warmup: 5 iterations, 1 s each
# Measurement: 10 iterations, 1 s each
# Timeout: 10 min per iteration
# Threads: 1 thread, will synchronize iterations
# Benchmark mode: Average time, time/op
# Benchmark: uk.ac.ncl.jensen.benchmark.VThreadTransitionBenchmark.transition_yield
# Parameters: (yieldsPerVthread = 10000)

# Run progress: 0.00% complete, ETA 00:00:30
# Fork: 1 of 2
[vthread-trace-agent] loading, options=publish=jvmti
[vthread-trace-agent] loaded
[vthread-trace-agent] found mount ext event: id=com.sun.hotspot.events.VirtualThreadMount index=48
[vthread-trace-agent] found unmount ext event: id=com.sun.hotspot.events.VirtualThreadUnmount index=47
[vthread-trace-agent] JVMTI mount/unmount publish enabled (carrier-resident TLS)
[vthread-trace-agent] ready (fieldID=0x1e2 methodID=0x747dd0228168 publish_jvmti=1)
# Warmup Iteration   1: 14137.545 us/op
# Warmup Iteration   2: 11990.575 us/op
# Warmup Iteration   3: 11417.871 us/op
# Warmup Iteration   4: 11003.086 us/op
# Warmup Iteration   5: 10851.148 us/op
Iteration   1: 11004.265 us/op
                 gc.alloc.rate:      20.895 MB/sec
                 gc.alloc.rate.norm: 241131.692 B/op
                 gc.count:           ≈ 0 counts

Iteration   2: 11122.812 us/op
                 gc.alloc.rate:      20.672 MB/sec
                 gc.alloc.rate.norm: 241132.533 B/op
                 gc.count:           ≈ 0 counts

Iteration   3: 11035.125 us/op
                 gc.alloc.rate:      20.837 MB/sec
                 gc.alloc.rate.norm: 241131.692 B/op
                 gc.count:           ≈ 0 counts

Iteration   4: 11108.881 us/op
                 gc.alloc.rate:      20.697 MB/sec
                 gc.alloc.rate.norm: 241131.341 B/op
                 gc.count:           ≈ 0 counts

Iteration   5: 11149.305 us/op
                 gc.alloc.rate:      20.623 MB/sec
                 gc.alloc.rate.norm: 241132.533 B/op
                 gc.count:           ≈ 0 counts

Iteration   6: 11171.463 us/op
                 gc.alloc.rate:      20.582 MB/sec
                 gc.alloc.rate.norm: 241132.533 B/op
                 gc.count:           ≈ 0 counts

Iteration   7: 11063.109 us/op
                 gc.alloc.rate:      20.784 MB/sec
                 gc.alloc.rate.norm: 241131.692 B/op
                 gc.count:           ≈ 0 counts

Iteration   8: 11052.876 us/op
                 gc.alloc.rate:      20.804 MB/sec
                 gc.alloc.rate.norm: 241134.505 B/op
                 gc.count:           1.000 counts
                 gc.time:            2.000 ms

Iteration   9: 11070.725 us/op
                 gc.alloc.rate:      20.770 MB/sec
                 gc.alloc.rate.norm: 241131.692 B/op
                 gc.count:           ≈ 0 counts

Iteration  10: 11025.005 us/op
                 gc.alloc.rate:      20.856 MB/sec
                 gc.alloc.rate.norm: 241131.692 B/op
                 gc.count:           ≈ 0 counts

[vthread-trace-agent] unloading

# Run progress: 50.00% complete, ETA 00:00:15
# Fork: 2 of 2
[vthread-trace-agent] loading, options=publish=jvmti
[vthread-trace-agent] loaded
[vthread-trace-agent] found mount ext event: id=com.sun.hotspot.events.VirtualThreadMount index=48
[vthread-trace-agent] found unmount ext event: id=com.sun.hotspot.events.VirtualThreadUnmount index=47
[vthread-trace-agent] JVMTI mount/unmount publish enabled (carrier-resident TLS)
[vthread-trace-agent] ready (fieldID=0x1e2 methodID=0x7828d0228168 publish_jvmti=1)
# Warmup Iteration   1: 12927.636 us/op
# Warmup Iteration   2: 11141.222 us/op
# Warmup Iteration   3: 10729.041 us/op
# Warmup Iteration   4: 10669.435 us/op
# Warmup Iteration   5: 10623.048 us/op
Iteration   1: 10788.462 us/op
                 gc.alloc.rate:      21.313 MB/sec
                 gc.alloc.rate.norm: 241130.065 B/op
                 gc.count:           ≈ 0 counts

Iteration   2: 10873.569 us/op
                 gc.alloc.rate:      21.146 MB/sec
                 gc.alloc.rate.norm: 241130.870 B/op
                 gc.count:           ≈ 0 counts

Iteration   3: 10765.354 us/op
                 gc.alloc.rate:      21.357 MB/sec
                 gc.alloc.rate.norm: 241129.720 B/op
                 gc.count:           ≈ 0 counts

Iteration   4: 10805.064 us/op
                 gc.alloc.rate:      21.280 MB/sec
                 gc.alloc.rate.norm: 241130.065 B/op
                 gc.count:           ≈ 0 counts

Iteration   5: 10796.624 us/op
                 gc.alloc.rate:      21.295 MB/sec
                 gc.alloc.rate.norm: 241129.720 B/op
                 gc.count:           ≈ 0 counts

Iteration   6: 10804.641 us/op
                 gc.alloc.rate:      21.281 MB/sec
                 gc.alloc.rate.norm: 241130.065 B/op
                 gc.count:           ≈ 0 counts

Iteration   7: 10823.306 us/op
                 gc.alloc.rate:      21.245 MB/sec
                 gc.alloc.rate.norm: 241130.065 B/op
                 gc.count:           ≈ 0 counts

Iteration   8: 10744.743 us/op
                 gc.alloc.rate:      21.396 MB/sec
                 gc.alloc.rate.norm: 241129.277 B/op
                 gc.count:           ≈ 0 counts

Iteration   9: 10687.294 us/op
                 gc.alloc.rate:      21.515 MB/sec
                 gc.alloc.rate.norm: 241132.000 B/op
                 gc.count:           1.000 counts
                 gc.time:            2.000 ms

Iteration  10: 10730.525 us/op
                 gc.alloc.rate:      21.428 MB/sec
                 gc.alloc.rate.norm: 241129.277 B/op
                 gc.count:           ≈ 0 counts

[vthread-trace-agent] unloading


Result "uk.ac.ncl.jensen.benchmark.VThreadTransitionBenchmark.transition_yield":
  10931.157 ±(99.9%) 140.527 us/op [Average]
  (min, avg, max) = (10687.294, 10931.157, 11171.463), stdev = 161.831
  CI (99.9%): [10790.630, 11071.685] (assumes normal distribution)

Secondary result "uk.ac.ncl.jensen.benchmark.VThreadTransitionBenchmark.transition_yield:gc.alloc.rate":
  21.039 ±(99.9%) 0.270 MB/sec [Average]
  (min, avg, max) = (20.582, 21.039, 21.515), stdev = 0.311
  CI (99.9%): [20.769, 21.309] (assumes normal distribution)

Secondary result "uk.ac.ncl.jensen.benchmark.VThreadTransitionBenchmark.transition_yield:gc.alloc.rate.norm":
  241131.151 ±(99.9%) 1.181 B/op [Average]
  (min, avg, max) = (241129.277, 241131.151, 241134.505), stdev = 1.360
  CI (99.9%): [241129.971, 241132.332] (assumes normal distribution)

Secondary result "uk.ac.ncl.jensen.benchmark.VThreadTransitionBenchmark.transition_yield:gc.count":
  2.000 ±(99.9%) 0.001 counts [Sum]
  (min, avg, max) = (≈ 0, 0.100, 1.000), stdev = 0.308
  CI (99.9%): [2.000, 2.000] (assumes normal distribution)

Secondary result "uk.ac.ncl.jensen.benchmark.VThreadTransitionBenchmark.transition_yield:gc.time":
  4.000 ±(99.9%) 0.001 ms [Sum]
  (min, avg, max) = (≈ 0, 0.200, 2.000), stdev = 0.616
  CI (99.9%): [4.000, 4.000] (assumes normal distribution)


# Run complete. Total time: 00:00:30

REMEMBER: The numbers below are just data. To gain reusable insights, you need to follow up on
why the numbers are the way they are. Use profilers (see -prof, -lprof), design factorial
experiments, perform baseline and negative tests that provide experimental control, make sure
the benchmarking environment is safe on JVM/OS/HW level, ask for reviews from the domain experts.
Do not assume the numbers tell you what you want them to tell.

NOTE: Current JVM experimentally supports Compiler Blackholes, and they are in use. Please exercise
extra caution when trusting the results, look into the generated code to check the benchmark still
works, and factor in a small probability of new VM bugs. Additionally, while comparisons between
different JVMs are already problematic, the performance difference caused by different Blackhole
modes can be very significant. Please make sure you use the consistent Blackhole mode for comparisons.

Benchmark                                                       (yieldsPerVthread)  Mode  Cnt       Score     Error   Units
VThreadTransitionBenchmark.transition_yield                                  10000  avgt   20   10931.157 ± 140.527   us/op
VThreadTransitionBenchmark.transition_yield:gc.alloc.rate                    10000  avgt   20      21.039 ±   0.270  MB/sec
VThreadTransitionBenchmark.transition_yield:gc.alloc.rate.norm               10000  avgt   20  241131.151 ±   1.181    B/op
VThreadTransitionBenchmark.transition_yield:gc.count                         10000  avgt   20       2.000            counts
VThreadTransitionBenchmark.transition_yield:gc.time                          10000  avgt   20       4.000                ms

Benchmark result is saved to /home/ubuntu/ebpf-vthread-correlate/result/benchmark/VThreadTransitionBenchmark_jvmtipublish_gc.json
+ /home/ubuntu/ebpf-vthread-correlate/.vthread-jdk/jdk/bin/java -Djmh.ignoreLock=true -jar /home/ubuntu/ebpf-vthread-correlate/target/ebpf-vthread-correlate-1.0-SNAPSHOT.jar VThreadTransitionBenchmark -jvmArgsAppend -agentpath:/home/ubuntu/ebpf-vthread-correlate/JVMTI-agent/libvthread_trace_agent.so=publish=jvmti -f 1 -wi 5 -i 10 -prof async:libPath=/home/ubuntu/ebpf-vthread-correlate/lib/libasyncProfiler.so;event=itimer;output=collapsed;dir=/home/ubuntu/ebpf-vthread-correlate/result/benchmark/collapsed/VThreadTransitionBenchmark_jvmtipublish
# WARNING: JMH lock is ignored by user request, make sure no other JMH instances are running
# JMH version: 1.37
# VM version: JDK 21.0.12-internal, OpenJDK 64-Bit Server VM, 21.0.12-internal-adhoc.root.src
# VM invoker: /home/ubuntu/ebpf-vthread-correlate/.vthread-jdk/jdk/bin/java
# VM options: --enable-preview --enable-native-access=ALL-UNNAMED -agentpath:/home/ubuntu/ebpf-vthread-correlate/JVMTI-agent/libvthread_trace_agent.so=publish=jvmti
# Blackhole mode: compiler (auto-detected, use -Djmh.blackhole.autoDetect=false to disable)
# Warmup: 5 iterations, 1 s each
# Measurement: 10 iterations, 1 s each
# Timeout: 10 min per iteration
# Threads: 1 thread, will synchronize iterations
# Benchmark mode: Average time, time/op
# Benchmark: uk.ac.ncl.jensen.benchmark.VThreadTransitionBenchmark.transition_yield
# Parameters: (yieldsPerVthread = 10000)

# Run progress: 0.00% complete, ETA 00:00:15
# Fork: 1 of 1
# Preparing profilers: AsyncProfiler 
[vthread-trace-agent] loading, options=publish=jvmti
[vthread-trace-agent] loaded
[vthread-trace-agent] found mount ext event: id=com.sun.hotspot.events.VirtualThreadMount index=48
[vthread-trace-agent] found unmount ext event: id=com.sun.hotspot.events.VirtualThreadUnmount index=47
[vthread-trace-agent] JVMTI mount/unmount publish enabled (carrier-resident TLS)
[vthread-trace-agent] ready (fieldID=0x1e2 methodID=0x7a2cb42281d8 publish_jvmti=1)
# Warmup Iteration   1: 13826.582 us/op
# Warmup Iteration   2: 10677.809 us/op
# Warmup Iteration   3: 10517.949 us/op
# Warmup Iteration   4: 10521.485 us/op
# Warmup Iteration   5: 10455.168 us/op
Iteration   1: 10569.308 us/op
Iteration   2: 10650.662 us/op
Iteration   3: 10654.246 us/op
Iteration   4: 10664.583 us/op
Iteration   5: 10680.958 us/op
Iteration   6: 10658.045 us/op
Iteration   7: 10623.000 us/op
Iteration   8: 10536.554 us/op
Iteration   9: 10514.909 us/op
Iteration  10: 10548.102 us/op
                 async: (text only)

[vthread-trace-agent] unloading
# Processing profiler results: AsyncProfiler 


Result "uk.ac.ncl.jensen.benchmark.VThreadTransitionBenchmark.transition_yield":
  10610.037 ±(99.9%) 92.961 us/op [Average]
  (min, avg, max) = (10514.909, 10610.037, 10680.958), stdev = 61.488
  CI (99.9%): [10517.076, 10702.997] (assumes normal distribution)

Secondary result "uk.ac.ncl.jensen.benchmark.VThreadTransitionBenchmark.transition_yield:async":
Async profiler results:
  /home/ubuntu/ebpf-vthread-correlate/result/benchmark/collapsed/VThreadTransitionBenchmark_jvmtipublish/uk.ac.ncl.jensen.benchmark.VThreadTransitionBenchmark.transition_yield-AverageTime-yieldsPerVthread-10000/collapsed-itimer.csv


# Run complete. Total time: 00:00:15

REMEMBER: The numbers below are just data. To gain reusable insights, you need to follow up on
why the numbers are the way they are. Use profilers (see -prof, -lprof), design factorial
experiments, perform baseline and negative tests that provide experimental control, make sure
the benchmarking environment is safe on JVM/OS/HW level, ask for reviews from the domain experts.
Do not assume the numbers tell you what you want them to tell.

NOTE: Current JVM experimentally supports Compiler Blackholes, and they are in use. Please exercise
extra caution when trusting the results, look into the generated code to check the benchmark still
works, and factor in a small probability of new VM bugs. Additionally, while comparisons between
different JVMs are already problematic, the performance difference caused by different Blackhole
modes can be very significant. Please make sure you use the consistent Blackhole mode for comparisons.

Benchmark                                          (yieldsPerVthread)  Mode  Cnt      Score    Error  Units
VThreadTransitionBenchmark.transition_yield                     10000  avgt   10  10610.037 ± 92.961  us/op
VThreadTransitionBenchmark.transition_yield:async               10000  avgt             NaN             ---

[1m== VThreadTransitionBenchmark / jvmalloc ==[0m
+ rm -rf /home/ubuntu/ebpf-vthread-correlate/result/benchmark/collapsed/VThreadTransitionBenchmark_jvmalloc
+ /home/ubuntu/ebpf-vthread-correlate/.vthread-jdk/jdk/bin/java -Djmh.ignoreLock=true -jar /home/ubuntu/ebpf-vthread-correlate/target/ebpf-vthread-correlate-1.0-SNAPSHOT.jar VThreadTransitionBenchmark -jvmArgsAppend -Dvthread.trace.jvmAlloc=true -prof gc -rf json -rff /home/ubuntu/ebpf-vthread-correlate/result/benchmark/VThreadTransitionBenchmark_jvmalloc_gc.json
# WARNING: JMH lock is ignored by user request, make sure no other JMH instances are running
# JMH version: 1.37
# VM version: JDK 21.0.12-internal, OpenJDK 64-Bit Server VM, 21.0.12-internal-adhoc.root.src
# VM invoker: /home/ubuntu/ebpf-vthread-correlate/.vthread-jdk/jdk/bin/java
# VM options: --enable-preview --enable-native-access=ALL-UNNAMED -Dvthread.trace.jvmAlloc=true
# Blackhole mode: compiler (auto-detected, use -Djmh.blackhole.autoDetect=false to disable)
# Warmup: 5 iterations, 1 s each
# Measurement: 10 iterations, 1 s each
# Timeout: 10 min per iteration
# Threads: 1 thread, will synchronize iterations
# Benchmark mode: Average time, time/op
# Benchmark: uk.ac.ncl.jensen.benchmark.VThreadTransitionBenchmark.transition_yield
# Parameters: (yieldsPerVthread = 10000)

# Run progress: 0.00% complete, ETA 00:00:30
# Fork: 1 of 2
# Warmup Iteration   1: 10776.852 us/op
# Warmup Iteration   2: 9450.024 us/op
# Warmup Iteration   3: 8794.150 us/op
# Warmup Iteration   4: 8831.329 us/op
# Warmup Iteration   5: 8948.227 us/op
Iteration   1: 8970.965 us/op
                 gc.alloc.rate:      25.630 MB/sec
                 gc.alloc.rate.norm: 241117.500 B/op
                 gc.count:           ≈ 0 counts

Iteration   2: 8991.417 us/op
                 gc.alloc.rate:      25.571 MB/sec
                 gc.alloc.rate.norm: 241117.500 B/op
                 gc.count:           ≈ 0 counts

Iteration   3: 8922.052 us/op
                 gc.alloc.rate:      25.766 MB/sec
                 gc.alloc.rate.norm: 241116.956 B/op
                 gc.count:           ≈ 0 counts

Iteration   4: 9023.171 us/op
                 gc.alloc.rate:      25.478 MB/sec
                 gc.alloc.rate.norm: 241118.054 B/op
                 gc.count:           ≈ 0 counts

Iteration   5: 9055.134 us/op
                 gc.alloc.rate:      25.392 MB/sec
                 gc.alloc.rate.norm: 241118.054 B/op
                 gc.count:           ≈ 0 counts

Iteration   6: 9021.598 us/op
                 gc.alloc.rate:      25.486 MB/sec
                 gc.alloc.rate.norm: 241118.054 B/op
                 gc.count:           ≈ 0 counts

Iteration   7: 9023.928 us/op
                 gc.alloc.rate:      25.479 MB/sec
                 gc.alloc.rate.norm: 241120.360 B/op
                 gc.count:           1.000 counts
                 gc.time:            2.000 ms

Iteration   8: 8984.491 us/op
                 gc.alloc.rate:      25.591 MB/sec
                 gc.alloc.rate.norm: 241117.500 B/op
                 gc.count:           ≈ 0 counts

Iteration   9: 8931.532 us/op
                 gc.alloc.rate:      25.743 MB/sec
                 gc.alloc.rate.norm: 241117.500 B/op
                 gc.count:           ≈ 0 counts

Iteration  10: 9024.028 us/op
                 gc.alloc.rate:      25.479 MB/sec
                 gc.alloc.rate.norm: 241118.054 B/op
                 gc.count:           ≈ 0 counts


# Run progress: 50.00% complete, ETA 00:00:15
# Fork: 2 of 2
# Warmup Iteration   1: 9840.432 us/op
# Warmup Iteration   2: 9036.393 us/op
# Warmup Iteration   3: 8986.979 us/op
# Warmup Iteration   4: 9014.143 us/op
# Warmup Iteration   5: 9127.373 us/op
Iteration   1: 9198.007 us/op
                 gc.alloc.rate:      24.993 MB/sec
                 gc.alloc.rate.norm: 241119.193 B/op
                 gc.count:           ≈ 0 counts

Iteration   2: 9209.908 us/op
                 gc.alloc.rate:      24.965 MB/sec
                 gc.alloc.rate.norm: 241119.193 B/op
                 gc.count:           ≈ 0 counts

Iteration   3: 9262.389 us/op
                 gc.alloc.rate:      24.817 MB/sec
                 gc.alloc.rate.norm: 241119.193 B/op
                 gc.count:           ≈ 0 counts

Iteration   4: 9249.158 us/op
                 gc.alloc.rate:      24.858 MB/sec
                 gc.alloc.rate.norm: 241119.193 B/op
                 gc.count:           ≈ 0 counts

Iteration   5: 9297.867 us/op
                 gc.alloc.rate:      24.729 MB/sec
                 gc.alloc.rate.norm: 241122.148 B/op
                 gc.count:           1.000 counts
                 gc.time:            2.000 ms

Iteration   6: 9211.818 us/op
                 gc.alloc.rate:      24.960 MB/sec
                 gc.alloc.rate.norm: 241119.193 B/op
                 gc.count:           ≈ 0 counts

Iteration   7: 9193.151 us/op
                 gc.alloc.rate:      25.010 MB/sec
                 gc.alloc.rate.norm: 241119.193 B/op
                 gc.count:           ≈ 0 counts

Iteration   8: 9210.014 us/op
                 gc.alloc.rate:      24.962 MB/sec
                 gc.alloc.rate.norm: 241119.193 B/op
                 gc.count:           ≈ 0 counts

Iteration   9: 9272.086 us/op
                 gc.alloc.rate:      24.797 MB/sec
                 gc.alloc.rate.norm: 241119.778 B/op
                 gc.count:           ≈ 0 counts

Iteration  10: 9185.166 us/op
                 gc.alloc.rate:      25.032 MB/sec
                 gc.alloc.rate.norm: 241119.193 B/op
                 gc.count:           ≈ 0 counts



Result "uk.ac.ncl.jensen.benchmark.VThreadTransitionBenchmark.transition_yield":
  9111.894 ±(99.9%) 109.880 us/op [Average]
  (min, avg, max) = (8922.052, 9111.894, 9297.867), stdev = 126.538
  CI (99.9%): [9002.014, 9221.774] (assumes normal distribution)

Secondary result "uk.ac.ncl.jensen.benchmark.VThreadTransitionBenchmark.transition_yield:gc.alloc.rate":
  25.237 ±(99.9%) 0.305 MB/sec [Average]
  (min, avg, max) = (24.729, 25.237, 25.766), stdev = 0.351
  CI (99.9%): [24.932, 25.541] (assumes normal distribution)

Secondary result "uk.ac.ncl.jensen.benchmark.VThreadTransitionBenchmark.transition_yield:gc.alloc.rate.norm":
  241118.750 ±(99.9%) 1.057 B/op [Average]
  (min, avg, max) = (241116.956, 241118.750, 241122.148), stdev = 1.218
  CI (99.9%): [241117.693, 241119.807] (assumes normal distribution)

Secondary result "uk.ac.ncl.jensen.benchmark.VThreadTransitionBenchmark.transition_yield:gc.count":
  2.000 ±(99.9%) 0.001 counts [Sum]
  (min, avg, max) = (≈ 0, 0.100, 1.000), stdev = 0.308
  CI (99.9%): [2.000, 2.000] (assumes normal distribution)

Secondary result "uk.ac.ncl.jensen.benchmark.VThreadTransitionBenchmark.transition_yield:gc.time":
  4.000 ±(99.9%) 0.001 ms [Sum]
  (min, avg, max) = (≈ 0, 0.200, 2.000), stdev = 0.616
  CI (99.9%): [4.000, 4.000] (assumes normal distribution)


# Run complete. Total time: 00:00:30

REMEMBER: The numbers below are just data. To gain reusable insights, you need to follow up on
why the numbers are the way they are. Use profilers (see -prof, -lprof), design factorial
experiments, perform baseline and negative tests that provide experimental control, make sure
the benchmarking environment is safe on JVM/OS/HW level, ask for reviews from the domain experts.
Do not assume the numbers tell you what you want them to tell.

NOTE: Current JVM experimentally supports Compiler Blackholes, and they are in use. Please exercise
extra caution when trusting the results, look into the generated code to check the benchmark still
works, and factor in a small probability of new VM bugs. Additionally, while comparisons between
different JVMs are already problematic, the performance difference caused by different Blackhole
modes can be very significant. Please make sure you use the consistent Blackhole mode for comparisons.

Benchmark                                                       (yieldsPerVthread)  Mode  Cnt       Score     Error   Units
VThreadTransitionBenchmark.transition_yield                                  10000  avgt   20    9111.894 ± 109.880   us/op
VThreadTransitionBenchmark.transition_yield:gc.alloc.rate                    10000  avgt   20      25.237 ±   0.305  MB/sec
VThreadTransitionBenchmark.transition_yield:gc.alloc.rate.norm               10000  avgt   20  241118.750 ±   1.057    B/op
VThreadTransitionBenchmark.transition_yield:gc.count                         10000  avgt   20       2.000            counts
VThreadTransitionBenchmark.transition_yield:gc.time                          10000  avgt   20       4.000                ms

Benchmark result is saved to /home/ubuntu/ebpf-vthread-correlate/result/benchmark/VThreadTransitionBenchmark_jvmalloc_gc.json
+ /home/ubuntu/ebpf-vthread-correlate/.vthread-jdk/jdk/bin/java -Djmh.ignoreLock=true -jar /home/ubuntu/ebpf-vthread-correlate/target/ebpf-vthread-correlate-1.0-SNAPSHOT.jar VThreadTransitionBenchmark -jvmArgsAppend -Dvthread.trace.jvmAlloc=true -f 1 -wi 5 -i 10 -prof async:libPath=/home/ubuntu/ebpf-vthread-correlate/lib/libasyncProfiler.so;event=itimer;output=collapsed;dir=/home/ubuntu/ebpf-vthread-correlate/result/benchmark/collapsed/VThreadTransitionBenchmark_jvmalloc
# WARNING: JMH lock is ignored by user request, make sure no other JMH instances are running
# JMH version: 1.37
# VM version: JDK 21.0.12-internal, OpenJDK 64-Bit Server VM, 21.0.12-internal-adhoc.root.src
# VM invoker: /home/ubuntu/ebpf-vthread-correlate/.vthread-jdk/jdk/bin/java
# VM options: --enable-preview --enable-native-access=ALL-UNNAMED -Dvthread.trace.jvmAlloc=true
# Blackhole mode: compiler (auto-detected, use -Djmh.blackhole.autoDetect=false to disable)
# Warmup: 5 iterations, 1 s each
# Measurement: 10 iterations, 1 s each
# Timeout: 10 min per iteration
# Threads: 1 thread, will synchronize iterations
# Benchmark mode: Average time, time/op
# Benchmark: uk.ac.ncl.jensen.benchmark.VThreadTransitionBenchmark.transition_yield
# Parameters: (yieldsPerVthread = 10000)

# Run progress: 0.00% complete, ETA 00:00:15
# Fork: 1 of 1
# Preparing profilers: AsyncProfiler 
# Warmup Iteration   1: 13371.048 us/op
# Warmup Iteration   2: 11069.851 us/op
# Warmup Iteration   3: 10573.275 us/op
# Warmup Iteration   4: 10530.524 us/op
# Warmup Iteration   5: 10436.836 us/op
Iteration   1: 10557.592 us/op
Iteration   2: 10517.207 us/op
Iteration   3: 10728.927 us/op
Iteration   4: 10792.278 us/op
Iteration   5: 10816.842 us/op
Iteration   6: 10772.739 us/op
Iteration   7: 10833.994 us/op
Iteration   8: 10754.760 us/op
Iteration   9: 10765.720 us/op
Iteration  10: 10661.515 us/op
                 async: (text only)

# Processing profiler results: AsyncProfiler 


Result "uk.ac.ncl.jensen.benchmark.VThreadTransitionBenchmark.transition_yield":
  10720.157 ±(99.9%) 163.049 us/op [Average]
  (min, avg, max) = (10517.207, 10720.157, 10833.994), stdev = 107.847
  CI (99.9%): [10557.109, 10883.206] (assumes normal distribution)

Secondary result "uk.ac.ncl.jensen.benchmark.VThreadTransitionBenchmark.transition_yield:async":
Async profiler results:
  /home/ubuntu/ebpf-vthread-correlate/result/benchmark/collapsed/VThreadTransitionBenchmark_jvmalloc/uk.ac.ncl.jensen.benchmark.VThreadTransitionBenchmark.transition_yield-AverageTime-yieldsPerVthread-10000/collapsed-itimer.csv


# Run complete. Total time: 00:00:15

REMEMBER: The numbers below are just data. To gain reusable insights, you need to follow up on
why the numbers are the way they are. Use profilers (see -prof, -lprof), design factorial
experiments, perform baseline and negative tests that provide experimental control, make sure
the benchmarking environment is safe on JVM/OS/HW level, ask for reviews from the domain experts.
Do not assume the numbers tell you what you want them to tell.

NOTE: Current JVM experimentally supports Compiler Blackholes, and they are in use. Please exercise
extra caution when trusting the results, look into the generated code to check the benchmark still
works, and factor in a small probability of new VM bugs. Additionally, while comparisons between
different JVMs are already problematic, the performance difference caused by different Blackhole
modes can be very significant. Please make sure you use the consistent Blackhole mode for comparisons.

Benchmark                                          (yieldsPerVthread)  Mode  Cnt      Score     Error  Units
VThreadTransitionBenchmark.transition_yield                     10000  avgt   10  10720.157 ± 163.049  us/op
VThreadTransitionBenchmark.transition_yield:async               10000  avgt             NaN              ---

[1m== VThreadParkUnparkBenchmark / baseline ==[0m
+ rm -rf /home/ubuntu/ebpf-vthread-correlate/result/benchmark/collapsed/VThreadParkUnparkBenchmark_baseline
+ /home/ubuntu/ebpf-vthread-correlate/.vthread-jdk/jdk/bin/java -Djmh.ignoreLock=true -jar /home/ubuntu/ebpf-vthread-correlate/target/ebpf-vthread-correlate-1.0-SNAPSHOT.jar VThreadParkUnparkBenchmark -prof gc -rf json -rff /home/ubuntu/ebpf-vthread-correlate/result/benchmark/VThreadParkUnparkBenchmark_baseline_gc.json
# WARNING: JMH lock is ignored by user request, make sure no other JMH instances are running
# JMH version: 1.37
# VM version: JDK 21.0.12-internal, OpenJDK 64-Bit Server VM, 21.0.12-internal-adhoc.root.src
# VM invoker: /home/ubuntu/ebpf-vthread-correlate/.vthread-jdk/jdk/bin/java
# VM options: --enable-preview --enable-native-access=ALL-UNNAMED
# Blackhole mode: compiler (auto-detected, use -Djmh.blackhole.autoDetect=false to disable)
# Warmup: 5 iterations, 1 s each
# Measurement: 10 iterations, 1 s each
# Timeout: 10 min per iteration
# Threads: 1 thread, will synchronize iterations
# Benchmark mode: Average time, time/op
# Benchmark: uk.ac.ncl.jensen.benchmark.VThreadParkUnparkBenchmark.parkUnpark_pingPong
# Parameters: (rounds = 10000)

# Run progress: 0.00% complete, ETA 00:00:30
# Fork: 1 of 2
# Warmup Iteration   1: 16769.658 us/op
# Warmup Iteration   2: 12989.808 us/op
# Warmup Iteration   3: 12419.196 us/op
# Warmup Iteration   4: 12457.219 us/op
# Warmup Iteration   5: 12582.533 us/op
Iteration   1: 12543.365 us/op
                 gc.alloc.rate:      29.596 MB/sec
                 gc.alloc.rate.norm: 389310.900 B/op
                 gc.count:           ≈ 0 counts

Iteration   2: 12837.669 us/op
                 gc.alloc.rate:      29.714 MB/sec
                 gc.alloc.rate.norm: 400031.692 B/op
                 gc.count:           ≈ 0 counts

Iteration   3: 12623.423 us/op
                 gc.alloc.rate:      29.521 MB/sec
                 gc.alloc.rate.norm: 390882.000 B/op
                 gc.count:           ≈ 0 counts

Iteration   4: 12688.657 us/op
                 gc.alloc.rate:      28.767 MB/sec
                 gc.alloc.rate.norm: 382788.152 B/op
                 gc.count:           1.000 counts
                 gc.time:            2.000 ms

Iteration   5: 13749.226 us/op
                 gc.alloc.rate:      27.791 MB/sec
                 gc.alloc.rate.norm: 400711.562 B/op
                 gc.count:           ≈ 0 counts

Iteration   6: 14697.715 us/op
                 gc.alloc.rate:      27.442 MB/sec
                 gc.alloc.rate.norm: 423005.101 B/op
                 gc.count:           ≈ 0 counts

Iteration   7: 14171.607 us/op
                 gc.alloc.rate:      27.620 MB/sec
                 gc.alloc.rate.norm: 410474.366 B/op
                 gc.count:           ≈ 0 counts

Iteration   8: 13842.840 us/op
                 gc.alloc.rate:      27.451 MB/sec
                 gc.alloc.rate.norm: 398533.699 B/op
                 gc.count:           ≈ 0 counts

Iteration   9: 14216.770 us/op
                 gc.alloc.rate:      28.014 MB/sec
                 gc.alloc.rate.norm: 417656.789 B/op
                 gc.count:           ≈ 0 counts

Iteration  10: 13712.202 us/op
                 gc.alloc.rate:      28.035 MB/sec
                 gc.alloc.rate.norm: 403146.082 B/op
                 gc.count:           ≈ 0 counts


# Run progress: 50.00% complete, ETA 00:00:15
# Fork: 2 of 2
# Warmup Iteration   1: 14879.729 us/op
# Warmup Iteration   2: 13739.171 us/op
# Warmup Iteration   3: 13935.655 us/op
# Warmup Iteration   4: 13715.462 us/op
# Warmup Iteration   5: 14220.179 us/op
Iteration   1: 14465.784 us/op
                 gc.alloc.rate:      29.046 MB/sec
                 gc.alloc.rate.norm: 440673.486 B/op
                 gc.count:           ≈ 0 counts

Iteration   2: 13779.695 us/op
                 gc.alloc.rate:      28.833 MB/sec
                 gc.alloc.rate.norm: 416660.055 B/op
                 gc.count:           ≈ 0 counts

Iteration   3: 13623.247 us/op
                 gc.alloc.rate:      27.886 MB/sec
                 gc.alloc.rate.norm: 398406.162 B/op
                 gc.count:           ≈ 0 counts

Iteration   4: 13720.466 us/op
                 gc.alloc.rate:      28.679 MB/sec
                 gc.alloc.rate.norm: 412655.014 B/op
                 gc.count:           1.000 counts
                 gc.time:            2.000 ms

Iteration   5: 14222.339 us/op
                 gc.alloc.rate:      28.581 MB/sec
                 gc.alloc.rate.norm: 426346.141 B/op
                 gc.count:           ≈ 0 counts

Iteration   6: 14210.856 us/op
                 gc.alloc.rate:      28.775 MB/sec
                 gc.alloc.rate.norm: 428826.930 B/op
                 gc.count:           ≈ 0 counts

Iteration   7: 14224.643 us/op
                 gc.alloc.rate:      28.527 MB/sec
                 gc.alloc.rate.norm: 425630.535 B/op
                 gc.count:           ≈ 0 counts

Iteration   8: 14289.717 us/op
                 gc.alloc.rate:      28.486 MB/sec
                 gc.alloc.rate.norm: 426919.662 B/op
                 gc.count:           ≈ 0 counts

Iteration   9: 14190.278 us/op
                 gc.alloc.rate:      28.309 MB/sec
                 gc.alloc.rate.norm: 421286.535 B/op
                 gc.count:           ≈ 0 counts

Iteration  10: 14002.427 us/op
                 gc.alloc.rate:      28.881 MB/sec
                 gc.alloc.rate.norm: 424100.667 B/op
                 gc.count:           ≈ 0 counts



Result "uk.ac.ncl.jensen.benchmark.VThreadParkUnparkBenchmark.parkUnpark_pingPong":
  13790.646 ±(99.9%) 552.602 us/op [Average]
  (min, avg, max) = (12543.365, 13790.646, 14697.715), stdev = 636.377
  CI (99.9%): [13238.045, 14343.248] (assumes normal distribution)

Secondary result "uk.ac.ncl.jensen.benchmark.VThreadParkUnparkBenchmark.parkUnpark_pingPong:gc.alloc.rate":
  28.498 ±(99.9%) 0.592 MB/sec [Average]
  (min, avg, max) = (27.442, 28.498, 29.714), stdev = 0.681
  CI (99.9%): [27.906, 29.089] (assumes normal distribution)

Secondary result "uk.ac.ncl.jensen.benchmark.VThreadParkUnparkBenchmark.parkUnpark_pingPong:gc.alloc.rate.norm":
  411902.276 ±(99.9%) 13597.562 B/op [Average]
  (min, avg, max) = (382788.152, 411902.276, 440673.486), stdev = 15658.973
  CI (99.9%): [398304.714, 425499.838] (assumes normal distribution)

Secondary result "uk.ac.ncl.jensen.benchmark.VThreadParkUnparkBenchmark.parkUnpark_pingPong:gc.count":
  2.000 ±(99.9%) 0.001 counts [Sum]
  (min, avg, max) = (≈ 0, 0.100, 1.000), stdev = 0.308
  CI (99.9%): [2.000, 2.000] (assumes normal distribution)

Secondary result "uk.ac.ncl.jensen.benchmark.VThreadParkUnparkBenchmark.parkUnpark_pingPong:gc.time":
  4.000 ±(99.9%) 0.001 ms [Sum]
  (min, avg, max) = (≈ 0, 0.200, 2.000), stdev = 0.616
  CI (99.9%): [4.000, 4.000] (assumes normal distribution)


# Run complete. Total time: 00:00:30

REMEMBER: The numbers below are just data. To gain reusable insights, you need to follow up on
why the numbers are the way they are. Use profilers (see -prof, -lprof), design factorial
experiments, perform baseline and negative tests that provide experimental control, make sure
the benchmarking environment is safe on JVM/OS/HW level, ask for reviews from the domain experts.
Do not assume the numbers tell you what you want them to tell.

NOTE: Current JVM experimentally supports Compiler Blackholes, and they are in use. Please exercise
extra caution when trusting the results, look into the generated code to check the benchmark still
works, and factor in a small probability of new VM bugs. Additionally, while comparisons between
different JVMs are already problematic, the performance difference caused by different Blackhole
modes can be very significant. Please make sure you use the consistent Blackhole mode for comparisons.

Benchmark                                                          (rounds)  Mode  Cnt       Score       Error   Units
VThreadParkUnparkBenchmark.parkUnpark_pingPong                        10000  avgt   20   13790.646 ±   552.602   us/op
VThreadParkUnparkBenchmark.parkUnpark_pingPong:gc.alloc.rate          10000  avgt   20      28.498 ±     0.592  MB/sec
VThreadParkUnparkBenchmark.parkUnpark_pingPong:gc.alloc.rate.norm     10000  avgt   20  411902.276 ± 13597.562    B/op
VThreadParkUnparkBenchmark.parkUnpark_pingPong:gc.count               10000  avgt   20       2.000              counts
VThreadParkUnparkBenchmark.parkUnpark_pingPong:gc.time                10000  avgt   20       4.000                  ms

Benchmark result is saved to /home/ubuntu/ebpf-vthread-correlate/result/benchmark/VThreadParkUnparkBenchmark_baseline_gc.json
+ /home/ubuntu/ebpf-vthread-correlate/.vthread-jdk/jdk/bin/java -Djmh.ignoreLock=true -jar /home/ubuntu/ebpf-vthread-correlate/target/ebpf-vthread-correlate-1.0-SNAPSHOT.jar VThreadParkUnparkBenchmark -f 1 -wi 5 -i 10 -prof async:libPath=/home/ubuntu/ebpf-vthread-correlate/lib/libasyncProfiler.so;event=itimer;output=collapsed;dir=/home/ubuntu/ebpf-vthread-correlate/result/benchmark/collapsed/VThreadParkUnparkBenchmark_baseline
# WARNING: JMH lock is ignored by user request, make sure no other JMH instances are running
# JMH version: 1.37
# VM version: JDK 21.0.12-internal, OpenJDK 64-Bit Server VM, 21.0.12-internal-adhoc.root.src
# VM invoker: /home/ubuntu/ebpf-vthread-correlate/.vthread-jdk/jdk/bin/java
# VM options: --enable-preview --enable-native-access=ALL-UNNAMED
# Blackhole mode: compiler (auto-detected, use -Djmh.blackhole.autoDetect=false to disable)
# Warmup: 5 iterations, 1 s each
# Measurement: 10 iterations, 1 s each
# Timeout: 10 min per iteration
# Threads: 1 thread, will synchronize iterations
# Benchmark mode: Average time, time/op
# Benchmark: uk.ac.ncl.jensen.benchmark.VThreadParkUnparkBenchmark.parkUnpark_pingPong
# Parameters: (rounds = 10000)

# Run progress: 0.00% complete, ETA 00:00:15
# Fork: 1 of 1
# Preparing profilers: AsyncProfiler 
# Warmup Iteration   1: 19541.725 us/op
# Warmup Iteration   2: 16590.818 us/op
# Warmup Iteration   3: 16779.804 us/op
# Warmup Iteration   4: 16471.205 us/op
# Warmup Iteration   5: 16902.119 us/op
Iteration   1: 16891.073 us/op
Iteration   2: 17099.667 us/op
Iteration   3: 16664.846 us/op
Iteration   4: 16492.720 us/op
Iteration   5: 16508.890 us/op
Iteration   6: 16141.485 us/op
Iteration   7: 15991.434 us/op
Iteration   8: 15887.390 us/op
Iteration   9: 16375.669 us/op
Iteration  10: 16153.915 us/op
                 async: (text only)

# Processing profiler results: AsyncProfiler 


Result "uk.ac.ncl.jensen.benchmark.VThreadParkUnparkBenchmark.parkUnpark_pingPong":
  16420.709 ±(99.9%) 590.866 us/op [Average]
  (min, avg, max) = (15887.390, 16420.709, 17099.667), stdev = 390.821
  CI (99.9%): [15829.843, 17011.575] (assumes normal distribution)

Secondary result "uk.ac.ncl.jensen.benchmark.VThreadParkUnparkBenchmark.parkUnpark_pingPong:async":
Async profiler results:
  /home/ubuntu/ebpf-vthread-correlate/result/benchmark/collapsed/VThreadParkUnparkBenchmark_baseline/uk.ac.ncl.jensen.benchmark.VThreadParkUnparkBenchmark.parkUnpark_pingPong-AverageTime-rounds-10000/collapsed-itimer.csv


# Run complete. Total time: 00:00:15

REMEMBER: The numbers below are just data. To gain reusable insights, you need to follow up on
why the numbers are the way they are. Use profilers (see -prof, -lprof), design factorial
experiments, perform baseline and negative tests that provide experimental control, make sure
the benchmarking environment is safe on JVM/OS/HW level, ask for reviews from the domain experts.
Do not assume the numbers tell you what you want them to tell.

NOTE: Current JVM experimentally supports Compiler Blackholes, and they are in use. Please exercise
extra caution when trusting the results, look into the generated code to check the benchmark still
works, and factor in a small probability of new VM bugs. Additionally, while comparisons between
different JVMs are already problematic, the performance difference caused by different Blackhole
modes can be very significant. Please make sure you use the consistent Blackhole mode for comparisons.

Benchmark                                             (rounds)  Mode  Cnt      Score     Error  Units
VThreadParkUnparkBenchmark.parkUnpark_pingPong           10000  avgt   10  16420.709 ± 590.866  us/op
VThreadParkUnparkBenchmark.parkUnpark_pingPong:async     10000  avgt             NaN              ---

[1m== VThreadParkUnparkBenchmark / jvmtipublish ==[0m
+ rm -rf /home/ubuntu/ebpf-vthread-correlate/result/benchmark/collapsed/VThreadParkUnparkBenchmark_jvmtipublish
+ /home/ubuntu/ebpf-vthread-correlate/.vthread-jdk/jdk/bin/java -Djmh.ignoreLock=true -jar /home/ubuntu/ebpf-vthread-correlate/target/ebpf-vthread-correlate-1.0-SNAPSHOT.jar VThreadParkUnparkBenchmark -jvmArgsAppend -agentpath:/home/ubuntu/ebpf-vthread-correlate/JVMTI-agent/libvthread_trace_agent.so=publish=jvmti -prof gc -rf json -rff /home/ubuntu/ebpf-vthread-correlate/result/benchmark/VThreadParkUnparkBenchmark_jvmtipublish_gc.json
# WARNING: JMH lock is ignored by user request, make sure no other JMH instances are running
# JMH version: 1.37
# VM version: JDK 21.0.12-internal, OpenJDK 64-Bit Server VM, 21.0.12-internal-adhoc.root.src
# VM invoker: /home/ubuntu/ebpf-vthread-correlate/.vthread-jdk/jdk/bin/java
# VM options: --enable-preview --enable-native-access=ALL-UNNAMED -agentpath:/home/ubuntu/ebpf-vthread-correlate/JVMTI-agent/libvthread_trace_agent.so=publish=jvmti
# Blackhole mode: compiler (auto-detected, use -Djmh.blackhole.autoDetect=false to disable)
# Warmup: 5 iterations, 1 s each
# Measurement: 10 iterations, 1 s each
# Timeout: 10 min per iteration
# Threads: 1 thread, will synchronize iterations
# Benchmark mode: Average time, time/op
# Benchmark: uk.ac.ncl.jensen.benchmark.VThreadParkUnparkBenchmark.parkUnpark_pingPong
# Parameters: (rounds = 10000)

# Run progress: 0.00% complete, ETA 00:00:30
# Fork: 1 of 2
[vthread-trace-agent] loading, options=publish=jvmti
[vthread-trace-agent] loaded
[vthread-trace-agent] found mount ext event: id=com.sun.hotspot.events.VirtualThreadMount index=48
[vthread-trace-agent] found unmount ext event: id=com.sun.hotspot.events.VirtualThreadUnmount index=47
[vthread-trace-agent] JVMTI mount/unmount publish enabled (carrier-resident TLS)
[vthread-trace-agent] ready (fieldID=0x1e2 methodID=0x7e53ac228188 publish_jvmti=1)
# Warmup Iteration   1: 18925.219 us/op
# Warmup Iteration   2: 16179.698 us/op
# Warmup Iteration   3: 17131.925 us/op
# Warmup Iteration   4: 17121.717 us/op
# Warmup Iteration   5: 17198.245 us/op
Iteration   1: 17393.863 us/op
                 gc.alloc.rate:      24.473 MB/sec
                 gc.alloc.rate.norm: 446413.655 B/op
                 gc.count:           ≈ 0 counts

Iteration   2: 17687.011 us/op
                 gc.alloc.rate:      24.552 MB/sec
                 gc.alloc.rate.norm: 455403.789 B/op
                 gc.count:           ≈ 0 counts

Iteration   3: 17323.969 us/op
                 gc.alloc.rate:      24.402 MB/sec
                 gc.alloc.rate.norm: 443325.103 B/op
                 gc.count:           ≈ 0 counts

Iteration   4: 17348.194 us/op
                 gc.alloc.rate:      24.848 MB/sec
                 gc.alloc.rate.norm: 452064.414 B/op
                 gc.count:           ≈ 0 counts

Iteration   5: 17517.942 us/op
                 gc.alloc.rate:      24.663 MB/sec
                 gc.alloc.rate.norm: 453124.000 B/op
                 gc.count:           ≈ 0 counts

Iteration   6: 17180.943 us/op
                 gc.alloc.rate:      24.773 MB/sec
                 gc.alloc.rate.norm: 446380.746 B/op
                 gc.count:           ≈ 0 counts

Iteration   7: 16818.046 us/op
                 gc.alloc.rate:      25.780 MB/sec
                 gc.alloc.rate.norm: 454680.000 B/op
                 gc.count:           1.000 counts
                 gc.time:            2.000 ms

Iteration   8: 16339.797 us/op
                 gc.alloc.rate:      26.250 MB/sec
                 gc.alloc.rate.norm: 449834.968 B/op
                 gc.count:           ≈ 0 counts

Iteration   9: 16494.541 us/op
                 gc.alloc.rate:      26.251 MB/sec
                 gc.alloc.rate.norm: 454084.328 B/op
                 gc.count:           ≈ 0 counts

Iteration  10: 16652.573 us/op
                 gc.alloc.rate:      25.996 MB/sec
                 gc.alloc.rate.norm: 454020.852 B/op
                 gc.count:           ≈ 0 counts

[vthread-trace-agent] unloading

# Run progress: 50.00% complete, ETA 00:00:15
# Fork: 2 of 2
[vthread-trace-agent] loading, options=publish=jvmti
[vthread-trace-agent] loaded
[vthread-trace-agent] found mount ext event: id=com.sun.hotspot.events.VirtualThreadMount index=48
[vthread-trace-agent] found unmount ext event: id=com.sun.hotspot.events.VirtualThreadUnmount index=47
[vthread-trace-agent] JVMTI mount/unmount publish enabled (carrier-resident TLS)
[vthread-trace-agent] ready (fieldID=0x1e2 methodID=0x713ed8228148 publish_jvmti=1)
# Warmup Iteration   1: 19707.129 us/op
# Warmup Iteration   2: 15534.527 us/op
# Warmup Iteration   3: 15813.949 us/op
# Warmup Iteration   4: 16194.724 us/op
# Warmup Iteration   5: 15864.529 us/op
Iteration   1: 16313.793 us/op
                 gc.alloc.rate:      26.328 MB/sec
                 gc.alloc.rate.norm: 450468.258 B/op
                 gc.count:           ≈ 0 counts

Iteration   2: 16134.467 us/op
                 gc.alloc.rate:      26.255 MB/sec
                 gc.alloc.rate.norm: 444290.540 B/op
                 gc.count:           ≈ 0 counts

Iteration   3: 16388.368 us/op
                 gc.alloc.rate:      25.877 MB/sec
                 gc.alloc.rate.norm: 444778.710 B/op
                 gc.count:           ≈ 0 counts

Iteration   4: 16348.229 us/op
                 gc.alloc.rate:      26.010 MB/sec
                 gc.alloc.rate.norm: 445985.677 B/op
                 gc.count:           ≈ 0 counts

Iteration   5: 16206.474 us/op
                 gc.alloc.rate:      26.098 MB/sec
                 gc.alloc.rate.norm: 443556.000 B/op
                 gc.count:           ≈ 0 counts

Iteration   6: 16402.538 us/op
                 gc.alloc.rate:      25.886 MB/sec
                 gc.alloc.rate.norm: 445344.787 B/op
                 gc.count:           1.000 counts
                 gc.time:            2.000 ms

Iteration   7: 16590.236 us/op
                 gc.alloc.rate:      25.485 MB/sec
                 gc.alloc.rate.norm: 443427.410 B/op
                 gc.count:           ≈ 0 counts

Iteration   8: 16528.550 us/op
                 gc.alloc.rate:      25.466 MB/sec
                 gc.alloc.rate.norm: 441404.066 B/op
                 gc.count:           ≈ 0 counts

Iteration   9: 16214.013 us/op
                 gc.alloc.rate:      25.736 MB/sec
                 gc.alloc.rate.norm: 437605.161 B/op
                 gc.count:           ≈ 0 counts

Iteration  10: 16126.341 us/op
                 gc.alloc.rate:      25.858 MB/sec
                 gc.alloc.rate.norm: 437328.254 B/op
                 gc.count:           ≈ 0 counts

[vthread-trace-agent] unloading


Result "uk.ac.ncl.jensen.benchmark.VThreadParkUnparkBenchmark.parkUnpark_pingPong":
  16700.495 ±(99.9%) 444.664 us/op [Average]
  (min, avg, max) = (16126.341, 16700.495, 17687.011), stdev = 512.076
  CI (99.9%): [16255.831, 17145.158] (assumes normal distribution)

Secondary result "uk.ac.ncl.jensen.benchmark.VThreadParkUnparkBenchmark.parkUnpark_pingPong:gc.alloc.rate":
  25.549 ±(99.9%) 0.583 MB/sec [Average]
  (min, avg, max) = (24.402, 25.549, 26.328), stdev = 0.671
  CI (99.9%): [24.966, 26.132] (assumes normal distribution)

Secondary result "uk.ac.ncl.jensen.benchmark.VThreadParkUnparkBenchmark.parkUnpark_pingPong:gc.alloc.rate.norm":
  447176.036 ±(99.9%) 4796.499 B/op [Average]
  (min, avg, max) = (437328.254, 447176.036, 455403.789), stdev = 5523.655
  CI (99.9%): [442379.537, 451972.535] (assumes normal distribution)

Secondary result "uk.ac.ncl.jensen.benchmark.VThreadParkUnparkBenchmark.parkUnpark_pingPong:gc.count":
  2.000 ±(99.9%) 0.001 counts [Sum]
  (min, avg, max) = (≈ 0, 0.100, 1.000), stdev = 0.308
  CI (99.9%): [2.000, 2.000] (assumes normal distribution)

Secondary result "uk.ac.ncl.jensen.benchmark.VThreadParkUnparkBenchmark.parkUnpark_pingPong:gc.time":
  4.000 ±(99.9%) 0.001 ms [Sum]
  (min, avg, max) = (≈ 0, 0.200, 2.000), stdev = 0.616
  CI (99.9%): [4.000, 4.000] (assumes normal distribution)


# Run complete. Total time: 00:00:30

REMEMBER: The numbers below are just data. To gain reusable insights, you need to follow up on
why the numbers are the way they are. Use profilers (see -prof, -lprof), design factorial
experiments, perform baseline and negative tests that provide experimental control, make sure
the benchmarking environment is safe on JVM/OS/HW level, ask for reviews from the domain experts.
Do not assume the numbers tell you what you want them to tell.

NOTE: Current JVM experimentally supports Compiler Blackholes, and they are in use. Please exercise
extra caution when trusting the results, look into the generated code to check the benchmark still
works, and factor in a small probability of new VM bugs. Additionally, while comparisons between
different JVMs are already problematic, the performance difference caused by different Blackhole
modes can be very significant. Please make sure you use the consistent Blackhole mode for comparisons.

Benchmark                                                          (rounds)  Mode  Cnt       Score      Error   Units
VThreadParkUnparkBenchmark.parkUnpark_pingPong                        10000  avgt   20   16700.495 ±  444.664   us/op
VThreadParkUnparkBenchmark.parkUnpark_pingPong:gc.alloc.rate          10000  avgt   20      25.549 ±    0.583  MB/sec
VThreadParkUnparkBenchmark.parkUnpark_pingPong:gc.alloc.rate.norm     10000  avgt   20  447176.036 ± 4796.499    B/op
VThreadParkUnparkBenchmark.parkUnpark_pingPong:gc.count               10000  avgt   20       2.000             counts
VThreadParkUnparkBenchmark.parkUnpark_pingPong:gc.time                10000  avgt   20       4.000                 ms

Benchmark result is saved to /home/ubuntu/ebpf-vthread-correlate/result/benchmark/VThreadParkUnparkBenchmark_jvmtipublish_gc.json
+ /home/ubuntu/ebpf-vthread-correlate/.vthread-jdk/jdk/bin/java -Djmh.ignoreLock=true -jar /home/ubuntu/ebpf-vthread-correlate/target/ebpf-vthread-correlate-1.0-SNAPSHOT.jar VThreadParkUnparkBenchmark -jvmArgsAppend -agentpath:/home/ubuntu/ebpf-vthread-correlate/JVMTI-agent/libvthread_trace_agent.so=publish=jvmti -f 1 -wi 5 -i 10 -prof async:libPath=/home/ubuntu/ebpf-vthread-correlate/lib/libasyncProfiler.so;event=itimer;output=collapsed;dir=/home/ubuntu/ebpf-vthread-correlate/result/benchmark/collapsed/VThreadParkUnparkBenchmark_jvmtipublish
# WARNING: JMH lock is ignored by user request, make sure no other JMH instances are running
# JMH version: 1.37
# VM version: JDK 21.0.12-internal, OpenJDK 64-Bit Server VM, 21.0.12-internal-adhoc.root.src
# VM invoker: /home/ubuntu/ebpf-vthread-correlate/.vthread-jdk/jdk/bin/java
# VM options: --enable-preview --enable-native-access=ALL-UNNAMED -agentpath:/home/ubuntu/ebpf-vthread-correlate/JVMTI-agent/libvthread_trace_agent.so=publish=jvmti
# Blackhole mode: compiler (auto-detected, use -Djmh.blackhole.autoDetect=false to disable)
# Warmup: 5 iterations, 1 s each
# Measurement: 10 iterations, 1 s each
# Timeout: 10 min per iteration
# Threads: 1 thread, will synchronize iterations
# Benchmark mode: Average time, time/op
# Benchmark: uk.ac.ncl.jensen.benchmark.VThreadParkUnparkBenchmark.parkUnpark_pingPong
# Parameters: (rounds = 10000)

# Run progress: 0.00% complete, ETA 00:00:15
# Fork: 1 of 1
# Preparing profilers: AsyncProfiler 
[vthread-trace-agent] loading, options=publish=jvmti
[vthread-trace-agent] loaded
[vthread-trace-agent] found mount ext event: id=com.sun.hotspot.events.VirtualThreadMount index=48
[vthread-trace-agent] found unmount ext event: id=com.sun.hotspot.events.VirtualThreadUnmount index=47
[vthread-trace-agent] JVMTI mount/unmount publish enabled (carrier-resident TLS)
[vthread-trace-agent] ready (fieldID=0x1e2 methodID=0x7388fc2281b8 publish_jvmti=1)
# Warmup Iteration   1: 20284.298 us/op
# Warmup Iteration   2: 16318.834 us/op
# Warmup Iteration   3: 16311.039 us/op
# Warmup Iteration   4: 16222.632 us/op
# Warmup Iteration   5: 16322.651 us/op
Iteration   1: 15943.928 us/op
Iteration   2: 16433.492 us/op
Iteration   3: 16455.980 us/op
Iteration   4: 16655.538 us/op
Iteration   5: 16394.022 us/op
Iteration   6: 16359.751 us/op
Iteration   7: 16199.808 us/op
Iteration   8: 15820.714 us/op
Iteration   9: 15648.797 us/op
Iteration  10: 15920.356 us/op
                 async: (text only)

[vthread-trace-agent] unloading
# Processing profiler results: AsyncProfiler 


Result "uk.ac.ncl.jensen.benchmark.VThreadParkUnparkBenchmark.parkUnpark_pingPong":
  16183.239 ±(99.9%) 498.727 us/op [Average]
  (min, avg, max) = (15648.797, 16183.239, 16655.538), stdev = 329.877
  CI (99.9%): [15684.511, 16681.966] (assumes normal distribution)

Secondary result "uk.ac.ncl.jensen.benchmark.VThreadParkUnparkBenchmark.parkUnpark_pingPong:async":
Async profiler results:
  /home/ubuntu/ebpf-vthread-correlate/result/benchmark/collapsed/VThreadParkUnparkBenchmark_jvmtipublish/uk.ac.ncl.jensen.benchmark.VThreadParkUnparkBenchmark.parkUnpark_pingPong-AverageTime-rounds-10000/collapsed-itimer.csv


# Run complete. Total time: 00:00:15

REMEMBER: The numbers below are just data. To gain reusable insights, you need to follow up on
why the numbers are the way they are. Use profilers (see -prof, -lprof), design factorial
experiments, perform baseline and negative tests that provide experimental control, make sure
the benchmarking environment is safe on JVM/OS/HW level, ask for reviews from the domain experts.
Do not assume the numbers tell you what you want them to tell.

NOTE: Current JVM experimentally supports Compiler Blackholes, and they are in use. Please exercise
extra caution when trusting the results, look into the generated code to check the benchmark still
works, and factor in a small probability of new VM bugs. Additionally, while comparisons between
different JVMs are already problematic, the performance difference caused by different Blackhole
modes can be very significant. Please make sure you use the consistent Blackhole mode for comparisons.

Benchmark                                             (rounds)  Mode  Cnt      Score     Error  Units
VThreadParkUnparkBenchmark.parkUnpark_pingPong           10000  avgt   10  16183.239 ± 498.727  us/op
VThreadParkUnparkBenchmark.parkUnpark_pingPong:async     10000  avgt             NaN              ---

[1m== VThreadParkUnparkBenchmark / jvmalloc ==[0m
+ rm -rf /home/ubuntu/ebpf-vthread-correlate/result/benchmark/collapsed/VThreadParkUnparkBenchmark_jvmalloc
+ /home/ubuntu/ebpf-vthread-correlate/.vthread-jdk/jdk/bin/java -Djmh.ignoreLock=true -jar /home/ubuntu/ebpf-vthread-correlate/target/ebpf-vthread-correlate-1.0-SNAPSHOT.jar VThreadParkUnparkBenchmark -jvmArgsAppend -Dvthread.trace.jvmAlloc=true -prof gc -rf json -rff /home/ubuntu/ebpf-vthread-correlate/result/benchmark/VThreadParkUnparkBenchmark_jvmalloc_gc.json
# WARNING: JMH lock is ignored by user request, make sure no other JMH instances are running
# JMH version: 1.37
# VM version: JDK 21.0.12-internal, OpenJDK 64-Bit Server VM, 21.0.12-internal-adhoc.root.src
# VM invoker: /home/ubuntu/ebpf-vthread-correlate/.vthread-jdk/jdk/bin/java
# VM options: --enable-preview --enable-native-access=ALL-UNNAMED -Dvthread.trace.jvmAlloc=true
# Blackhole mode: compiler (auto-detected, use -Djmh.blackhole.autoDetect=false to disable)
# Warmup: 5 iterations, 1 s each
# Measurement: 10 iterations, 1 s each
# Timeout: 10 min per iteration
# Threads: 1 thread, will synchronize iterations
# Benchmark mode: Average time, time/op
# Benchmark: uk.ac.ncl.jensen.benchmark.VThreadParkUnparkBenchmark.parkUnpark_pingPong
# Parameters: (rounds = 10000)

# Run progress: 0.00% complete, ETA 00:00:30
# Fork: 1 of 2
# Warmup Iteration   1: 16087.521 us/op
# Warmup Iteration   2: 12704.412 us/op
# Warmup Iteration   3: 12799.837 us/op
# Warmup Iteration   4: 12534.812 us/op
# Warmup Iteration   5: 12569.941 us/op
Iteration   1: 12981.608 us/op
                 gc.alloc.rate:      29.678 MB/sec
                 gc.alloc.rate.norm: 404061.744 B/op
                 gc.count:           ≈ 0 counts

Iteration   2: 12765.011 us/op
                 gc.alloc.rate:      29.719 MB/sec
                 gc.alloc.rate.norm: 397834.633 B/op
                 gc.count:           ≈ 0 counts

Iteration   3: 13070.367 us/op
                 gc.alloc.rate:      29.200 MB/sec
                 gc.alloc.rate.norm: 400248.312 B/op
                 gc.count:           ≈ 0 counts

Iteration   4: 13167.686 us/op
                 gc.alloc.rate:      28.675 MB/sec
                 gc.alloc.rate.norm: 395981.053 B/op
                 gc.count:           1.000 counts
                 gc.time:            2.000 ms

Iteration   5: 13466.121 us/op
                 gc.alloc.rate:      27.685 MB/sec
                 gc.alloc.rate.norm: 390973.120 B/op
                 gc.count:           ≈ 0 counts

Iteration   6: 13797.353 us/op
                 gc.alloc.rate:      27.684 MB/sec
                 gc.alloc.rate.norm: 400573.479 B/op
                 gc.count:           ≈ 0 counts

Iteration   7: 12655.852 us/op
                 gc.alloc.rate:      27.763 MB/sec
                 gc.alloc.rate.norm: 368500.100 B/op
                 gc.count:           ≈ 0 counts

Iteration   8: 12869.792 us/op
                 gc.alloc.rate:      27.777 MB/sec
                 gc.alloc.rate.norm: 374898.154 B/op
                 gc.count:           ≈ 0 counts

Iteration   9: 13097.700 us/op
                 gc.alloc.rate:      27.585 MB/sec
                 gc.alloc.rate.norm: 378898.909 B/op
                 gc.count:           ≈ 0 counts

Iteration  10: 13265.047 us/op
                 gc.alloc.rate:      27.405 MB/sec
                 gc.alloc.rate.norm: 381229.263 B/op
                 gc.count:           ≈ 0 counts


# Run progress: 50.00% complete, ETA 00:00:15
# Fork: 2 of 2
# Warmup Iteration   1: 14334.717 us/op
# Warmup Iteration   2: 12954.831 us/op
# Warmup Iteration   3: 12999.508 us/op
# Warmup Iteration   4: 13018.344 us/op
# Warmup Iteration   5: 13045.289 us/op
Iteration   1: 12981.340 us/op
                 gc.alloc.rate:      29.628 MB/sec
                 gc.alloc.rate.norm: 403333.846 B/op
                 gc.count:           ≈ 0 counts

Iteration   2: 13612.028 us/op
                 gc.alloc.rate:      29.908 MB/sec
                 gc.alloc.rate.norm: 426937.297 B/op
                 gc.count:           ≈ 0 counts

Iteration   3: 13111.506 us/op
                 gc.alloc.rate:      29.341 MB/sec
                 gc.alloc.rate.norm: 403441.558 B/op
                 gc.count:           ≈ 0 counts

Iteration   4: 13043.681 us/op
                 gc.alloc.rate:      29.245 MB/sec
                 gc.alloc.rate.norm: 400032.000 B/op
                 gc.count:           1.000 counts
                 gc.time:            2.000 ms

Iteration   5: 13192.595 us/op
                 gc.alloc.rate:      29.743 MB/sec
                 gc.alloc.rate.norm: 411491.053 B/op
                 gc.count:           ≈ 0 counts

Iteration   6: 12776.105 us/op
                 gc.alloc.rate:      29.395 MB/sec
                 gc.alloc.rate.norm: 393840.304 B/op
                 gc.count:           ≈ 0 counts

Iteration   7: 13201.097 us/op
                 gc.alloc.rate:      29.545 MB/sec
                 gc.alloc.rate.norm: 409072.737 B/op
                 gc.count:           ≈ 0 counts

Iteration   8: 13317.641 us/op
                 gc.alloc.rate:      30.130 MB/sec
                 gc.alloc.rate.norm: 420840.526 B/op
                 gc.count:           ≈ 0 counts

Iteration   9: 13357.042 us/op
                 gc.alloc.rate:      30.752 MB/sec
                 gc.alloc.rate.norm: 430752.960 B/op
                 gc.count:           ≈ 0 counts

Iteration  10: 13090.794 us/op
                 gc.alloc.rate:      30.783 MB/sec
                 gc.alloc.rate.norm: 422603.532 B/op
                 gc.count:           ≈ 0 counts



Result "uk.ac.ncl.jensen.benchmark.VThreadParkUnparkBenchmark.parkUnpark_pingPong":
  13141.018 ±(99.9%) 245.016 us/op [Average]
  (min, avg, max) = (12655.852, 13141.018, 13797.353), stdev = 282.161
  CI (99.9%): [12896.002, 13386.034] (assumes normal distribution)

Secondary result "uk.ac.ncl.jensen.benchmark.VThreadParkUnparkBenchmark.parkUnpark_pingPong:gc.alloc.rate":
  29.082 ±(99.9%) 0.933 MB/sec [Average]
  (min, avg, max) = (27.405, 29.082, 30.783), stdev = 1.075
  CI (99.9%): [28.149, 30.015] (assumes normal distribution)

Secondary result "uk.ac.ncl.jensen.benchmark.VThreadParkUnparkBenchmark.parkUnpark_pingPong:gc.alloc.rate.norm":
  400777.229 ±(99.9%) 14664.875 B/op [Average]
  (min, avg, max) = (368500.100, 400777.229, 430752.960), stdev = 16888.092
  CI (99.9%): [386112.354, 415442.104] (assumes normal distribution)

Secondary result "uk.ac.ncl.jensen.benchmark.VThreadParkUnparkBenchmark.parkUnpark_pingPong:gc.count":
  2.000 ±(99.9%) 0.001 counts [Sum]
  (min, avg, max) = (≈ 0, 0.100, 1.000), stdev = 0.308
  CI (99.9%): [2.000, 2.000] (assumes normal distribution)

Secondary result "uk.ac.ncl.jensen.benchmark.VThreadParkUnparkBenchmark.parkUnpark_pingPong:gc.time":
  4.000 ±(99.9%) 0.001 ms [Sum]
  (min, avg, max) = (≈ 0, 0.200, 2.000), stdev = 0.616
  CI (99.9%): [4.000, 4.000] (assumes normal distribution)


# Run complete. Total time: 00:00:30

REMEMBER: The numbers below are just data. To gain reusable insights, you need to follow up on
why the numbers are the way they are. Use profilers (see -prof, -lprof), design factorial
experiments, perform baseline and negative tests that provide experimental control, make sure
the benchmarking environment is safe on JVM/OS/HW level, ask for reviews from the domain experts.
Do not assume the numbers tell you what you want them to tell.

NOTE: Current JVM experimentally supports Compiler Blackholes, and they are in use. Please exercise
extra caution when trusting the results, look into the generated code to check the benchmark still
works, and factor in a small probability of new VM bugs. Additionally, while comparisons between
different JVMs are already problematic, the performance difference caused by different Blackhole
modes can be very significant. Please make sure you use the consistent Blackhole mode for comparisons.

Benchmark                                                          (rounds)  Mode  Cnt       Score       Error   Units
VThreadParkUnparkBenchmark.parkUnpark_pingPong                        10000  avgt   20   13141.018 ±   245.016   us/op
VThreadParkUnparkBenchmark.parkUnpark_pingPong:gc.alloc.rate          10000  avgt   20      29.082 ±     0.933  MB/sec
VThreadParkUnparkBenchmark.parkUnpark_pingPong:gc.alloc.rate.norm     10000  avgt   20  400777.229 ± 14664.875    B/op
VThreadParkUnparkBenchmark.parkUnpark_pingPong:gc.count               10000  avgt   20       2.000              counts
VThreadParkUnparkBenchmark.parkUnpark_pingPong:gc.time                10000  avgt   20       4.000                  ms

Benchmark result is saved to /home/ubuntu/ebpf-vthread-correlate/result/benchmark/VThreadParkUnparkBenchmark_jvmalloc_gc.json
+ /home/ubuntu/ebpf-vthread-correlate/.vthread-jdk/jdk/bin/java -Djmh.ignoreLock=true -jar /home/ubuntu/ebpf-vthread-correlate/target/ebpf-vthread-correlate-1.0-SNAPSHOT.jar VThreadParkUnparkBenchmark -jvmArgsAppend -Dvthread.trace.jvmAlloc=true -f 1 -wi 5 -i 10 -prof async:libPath=/home/ubuntu/ebpf-vthread-correlate/lib/libasyncProfiler.so;event=itimer;output=collapsed;dir=/home/ubuntu/ebpf-vthread-correlate/result/benchmark/collapsed/VThreadParkUnparkBenchmark_jvmalloc
# WARNING: JMH lock is ignored by user request, make sure no other JMH instances are running
# JMH version: 1.37
# VM version: JDK 21.0.12-internal, OpenJDK 64-Bit Server VM, 21.0.12-internal-adhoc.root.src
# VM invoker: /home/ubuntu/ebpf-vthread-correlate/.vthread-jdk/jdk/bin/java
# VM options: --enable-preview --enable-native-access=ALL-UNNAMED -Dvthread.trace.jvmAlloc=true
# Blackhole mode: compiler (auto-detected, use -Djmh.blackhole.autoDetect=false to disable)
# Warmup: 5 iterations, 1 s each
# Measurement: 10 iterations, 1 s each
# Timeout: 10 min per iteration
# Threads: 1 thread, will synchronize iterations
# Benchmark mode: Average time, time/op
# Benchmark: uk.ac.ncl.jensen.benchmark.VThreadParkUnparkBenchmark.parkUnpark_pingPong
# Parameters: (rounds = 10000)

# Run progress: 0.00% complete, ETA 00:00:15
# Fork: 1 of 1
# Preparing profilers: AsyncProfiler 
# Warmup Iteration   1: 20118.306 us/op
# Warmup Iteration   2: 16647.608 us/op
# Warmup Iteration   3: 16902.766 us/op
# Warmup Iteration   4: 16402.241 us/op
# Warmup Iteration   5: 16472.985 us/op
Iteration   1: 16458.956 us/op
Iteration   2: 16255.544 us/op
Iteration   3: 16945.625 us/op
Iteration   4: 16503.400 us/op
Iteration   5: 16541.458 us/op
Iteration   6: 15844.662 us/op
Iteration   7: 15807.842 us/op
Iteration   8: 15930.326 us/op
Iteration   9: 15738.476 us/op
Iteration  10: 15663.758 us/op
                 async: (text only)

# Processing profiler results: AsyncProfiler 


Result "uk.ac.ncl.jensen.benchmark.VThreadParkUnparkBenchmark.parkUnpark_pingPong":
  16169.005 ±(99.9%) 652.900 us/op [Average]
  (min, avg, max) = (15663.758, 16169.005, 16945.625), stdev = 431.853
  CI (99.9%): [15516.104, 16821.905] (assumes normal distribution)

Secondary result "uk.ac.ncl.jensen.benchmark.VThreadParkUnparkBenchmark.parkUnpark_pingPong:async":
Async profiler results:
  /home/ubuntu/ebpf-vthread-correlate/result/benchmark/collapsed/VThreadParkUnparkBenchmark_jvmalloc/uk.ac.ncl.jensen.benchmark.VThreadParkUnparkBenchmark.parkUnpark_pingPong-AverageTime-rounds-10000/collapsed-itimer.csv


# Run complete. Total time: 00:00:15

REMEMBER: The numbers below are just data. To gain reusable insights, you need to follow up on
why the numbers are the way they are. Use profilers (see -prof, -lprof), design factorial
experiments, perform baseline and negative tests that provide experimental control, make sure
the benchmarking environment is safe on JVM/OS/HW level, ask for reviews from the domain experts.
Do not assume the numbers tell you what you want them to tell.

NOTE: Current JVM experimentally supports Compiler Blackholes, and they are in use. Please exercise
extra caution when trusting the results, look into the generated code to check the benchmark still
works, and factor in a small probability of new VM bugs. Additionally, while comparisons between
different JVMs are already problematic, the performance difference caused by different Blackhole
modes can be very significant. Please make sure you use the consistent Blackhole mode for comparisons.

Benchmark                                             (rounds)  Mode  Cnt      Score     Error  Units
VThreadParkUnparkBenchmark.parkUnpark_pingPong           10000  avgt   10  16169.005 ± 652.900  us/op
VThreadParkUnparkBenchmark.parkUnpark_pingPong:async     10000  avgt             NaN              ---

[1m== VThreadChurnBenchmark / baseline ==[0m
+ rm -rf /home/ubuntu/ebpf-vthread-correlate/result/benchmark/collapsed/VThreadChurnBenchmark_baseline
+ /home/ubuntu/ebpf-vthread-correlate/.vthread-jdk/jdk/bin/java -Djmh.ignoreLock=true -jar /home/ubuntu/ebpf-vthread-correlate/target/ebpf-vthread-correlate-1.0-SNAPSHOT.jar VThreadChurnBenchmark -prof gc -rf json -rff /home/ubuntu/ebpf-vthread-correlate/result/benchmark/VThreadChurnBenchmark_baseline_gc.json
# WARNING: JMH lock is ignored by user request, make sure no other JMH instances are running
# JMH version: 1.37
# VM version: JDK 21.0.12-internal, OpenJDK 64-Bit Server VM, 21.0.12-internal-adhoc.root.src
# VM invoker: /home/ubuntu/ebpf-vthread-correlate/.vthread-jdk/jdk/bin/java
# VM options: --enable-preview --enable-native-access=ALL-UNNAMED
# Blackhole mode: compiler (auto-detected, use -Djmh.blackhole.autoDetect=false to disable)
# Warmup: 5 iterations, 1 s each
# Measurement: 10 iterations, 1 s each
# Timeout: 10 min per iteration
# Threads: 1 thread, will synchronize iterations
# Benchmark mode: Average time, time/op
# Benchmark: uk.ac.ncl.jensen.benchmark.VThreadChurnBenchmark.churn
# Parameters: (vthreadsPerOp = 1000)

# Run progress: 0.00% complete, ETA 00:00:30
# Fork: 1 of 2
# Warmup Iteration   1: 438.461 us/op
# Warmup Iteration   2: 416.663 us/op
# Warmup Iteration   3: 275.823 us/op
# Warmup Iteration   4: 260.319 us/op
# Warmup Iteration   5: 265.215 us/op
Iteration   1: 263.739 us/op
                 gc.alloc.rate:      1155.446 MB/sec
                 gc.alloc.rate.norm: 319633.972 B/op
                 gc.count:           1.000 counts
                 gc.time:            3.000 ms

Iteration   2: 340.181 us/op
                 gc.alloc.rate:      898.815 MB/sec
                 gc.alloc.rate.norm: 320685.429 B/op
                 gc.count:           1.000 counts
                 gc.time:            3.000 ms

Iteration   3: 364.322 us/op
                 gc.alloc.rate:      840.246 MB/sec
                 gc.alloc.rate.norm: 321058.441 B/op
                 gc.count:           1.000 counts
                 gc.time:            2.000 ms

Iteration   4: 280.522 us/op
                 gc.alloc.rate:      1087.427 MB/sec
                 gc.alloc.rate.norm: 319939.504 B/op
                 gc.count:           1.000 counts
                 gc.time:            2.000 ms

Iteration   5: 264.177 us/op
                 gc.alloc.rate:      1154.343 MB/sec
                 gc.alloc.rate.norm: 319822.791 B/op
                 gc.count:           1.000 counts
                 gc.time:            3.000 ms

Iteration   6: 262.053 us/op
                 gc.alloc.rate:      1162.110 MB/sec
                 gc.alloc.rate.norm: 319386.901 B/op
                 gc.count:           1.000 counts
                 gc.time:            2.000 ms

Iteration   7: 263.958 us/op
                 gc.alloc.rate:      1153.998 MB/sec
                 gc.alloc.rate.norm: 319463.831 B/op
                 gc.count:           1.000 counts
                 gc.time:            2.000 ms

Iteration   8: 262.803 us/op
                 gc.alloc.rate:      1161.467 MB/sec
                 gc.alloc.rate.norm: 320123.897 B/op
                 gc.count:           1.000 counts
                 gc.time:            2.000 ms

Iteration   9: 267.797 us/op
                 gc.alloc.rate:      1137.307 MB/sec
                 gc.alloc.rate.norm: 319422.856 B/op
                 gc.count:           ≈ 0 counts

Iteration  10: 261.177 us/op
                 gc.alloc.rate:      1166.504 MB/sec
                 gc.alloc.rate.norm: 319535.624 B/op
                 gc.count:           1.000 counts
                 gc.time:            3.000 ms


# Run progress: 50.00% complete, ETA 00:00:15
# Fork: 2 of 2
# Warmup Iteration   1: 416.623 us/op
# Warmup Iteration   2: 460.316 us/op
# Warmup Iteration   3: 367.592 us/op
# Warmup Iteration   4: 352.539 us/op
# Warmup Iteration   5: 351.988 us/op
Iteration   1: 352.567 us/op
                 gc.alloc.rate:      869.605 MB/sec
                 gc.alloc.rate.norm: 321561.898 B/op
                 gc.count:           ≈ 0 counts

Iteration   2: 359.507 us/op
                 gc.alloc.rate:      852.158 MB/sec
                 gc.alloc.rate.norm: 321307.060 B/op
                 gc.count:           1.000 counts
                 gc.time:            3.000 ms

Iteration   3: 353.850 us/op
                 gc.alloc.rate:      865.156 MB/sec
                 gc.alloc.rate.norm: 321078.806 B/op
                 gc.count:           1.000 counts
                 gc.time:            3.000 ms

Iteration   4: 353.254 us/op
                 gc.alloc.rate:      866.670 MB/sec
                 gc.alloc.rate.norm: 321098.212 B/op
                 gc.count:           ≈ 0 counts

Iteration   5: 349.648 us/op
                 gc.alloc.rate:      875.650 MB/sec
                 gc.alloc.rate.norm: 321104.355 B/op
                 gc.count:           1.000 counts
                 gc.time:            2.000 ms

Iteration   6: 355.797 us/op
                 gc.alloc.rate:      861.005 MB/sec
                 gc.alloc.rate.norm: 321288.740 B/op
                 gc.count:           1.000 counts
                 gc.time:            3.000 ms

Iteration   7: 375.108 us/op
                 gc.alloc.rate:      818.442 MB/sec
                 gc.alloc.rate.norm: 321985.413 B/op
                 gc.count:           1.000 counts
                 gc.time:            2.000 ms

Iteration   8: 392.760 us/op
                 gc.alloc.rate:      782.769 MB/sec
                 gc.alloc.rate.norm: 322444.978 B/op
                 gc.count:           ≈ 0 counts

Iteration   9: 351.466 us/op
                 gc.alloc.rate:      871.076 MB/sec
                 gc.alloc.rate.norm: 321093.599 B/op
                 gc.count:           1.000 counts
                 gc.time:            2.000 ms

Iteration  10: 354.132 us/op
                 gc.alloc.rate:      865.207 MB/sec
                 gc.alloc.rate.norm: 321342.813 B/op
                 gc.count:           1.000 counts
                 gc.time:            3.000 ms



Result "uk.ac.ncl.jensen.benchmark.VThreadChurnBenchmark.churn":
  321.441 ±(99.9%) 41.619 us/op [Average]
  (min, avg, max) = (261.177, 321.441, 392.760), stdev = 47.928
  CI (99.9%): [279.822, 363.060] (assumes normal distribution)

Secondary result "uk.ac.ncl.jensen.benchmark.VThreadChurnBenchmark.churn:gc.alloc.rate":
  972.270 ±(99.9%) 129.596 MB/sec [Average]
  (min, avg, max) = (782.769, 972.270, 1166.504), stdev = 149.243
  CI (99.9%): [842.674, 1101.866] (assumes normal distribution)

Secondary result "uk.ac.ncl.jensen.benchmark.VThreadChurnBenchmark.churn:gc.alloc.rate.norm":
  320668.956 ±(99.9%) 805.618 B/op [Average]
  (min, avg, max) = (319386.901, 320668.956, 322444.978), stdev = 927.751
  CI (99.9%): [319863.338, 321474.574] (assumes normal distribution)

Secondary result "uk.ac.ncl.jensen.benchmark.VThreadChurnBenchmark.churn:gc.count":
  16.000 ±(99.9%) 0.001 counts [Sum]
  (min, avg, max) = (≈ 0, 0.800, 1.000), stdev = 0.410
  CI (99.9%): [16.000, 16.000] (assumes normal distribution)

Secondary result "uk.ac.ncl.jensen.benchmark.VThreadChurnBenchmark.churn:gc.time":
  40.000 ±(99.9%) 0.001 ms [Sum]
  (min, avg, max) = (≈ 0, 2.000, 3.000), stdev = 1.124
  CI (99.9%): [40.000, 40.000] (assumes normal distribution)


# Run complete. Total time: 00:00:30

REMEMBER: The numbers below are just data. To gain reusable insights, you need to follow up on
why the numbers are the way they are. Use profilers (see -prof, -lprof), design factorial
experiments, perform baseline and negative tests that provide experimental control, make sure
the benchmarking environment is safe on JVM/OS/HW level, ask for reviews from the domain experts.
Do not assume the numbers tell you what you want them to tell.

NOTE: Current JVM experimentally supports Compiler Blackholes, and they are in use. Please exercise
extra caution when trusting the results, look into the generated code to check the benchmark still
works, and factor in a small probability of new VM bugs. Additionally, while comparisons between
different JVMs are already problematic, the performance difference caused by different Blackhole
modes can be very significant. Please make sure you use the consistent Blackhole mode for comparisons.

Benchmark                                       (vthreadsPerOp)  Mode  Cnt       Score     Error   Units
VThreadChurnBenchmark.churn                                1000  avgt   20     321.441 ±  41.619   us/op
VThreadChurnBenchmark.churn:gc.alloc.rate                  1000  avgt   20     972.270 ± 129.596  MB/sec
VThreadChurnBenchmark.churn:gc.alloc.rate.norm             1000  avgt   20  320668.956 ± 805.618    B/op
VThreadChurnBenchmark.churn:gc.count                       1000  avgt   20      16.000            counts
VThreadChurnBenchmark.churn:gc.time                        1000  avgt   20      40.000                ms

Benchmark result is saved to /home/ubuntu/ebpf-vthread-correlate/result/benchmark/VThreadChurnBenchmark_baseline_gc.json
+ /home/ubuntu/ebpf-vthread-correlate/.vthread-jdk/jdk/bin/java -Djmh.ignoreLock=true -jar /home/ubuntu/ebpf-vthread-correlate/target/ebpf-vthread-correlate-1.0-SNAPSHOT.jar VThreadChurnBenchmark -f 1 -wi 5 -i 10 -prof async:libPath=/home/ubuntu/ebpf-vthread-correlate/lib/libasyncProfiler.so;event=itimer;output=collapsed;dir=/home/ubuntu/ebpf-vthread-correlate/result/benchmark/collapsed/VThreadChurnBenchmark_baseline
# WARNING: JMH lock is ignored by user request, make sure no other JMH instances are running
# JMH version: 1.37
# VM version: JDK 21.0.12-internal, OpenJDK 64-Bit Server VM, 21.0.12-internal-adhoc.root.src
# VM invoker: /home/ubuntu/ebpf-vthread-correlate/.vthread-jdk/jdk/bin/java
# VM options: --enable-preview --enable-native-access=ALL-UNNAMED
# Blackhole mode: compiler (auto-detected, use -Djmh.blackhole.autoDetect=false to disable)
# Warmup: 5 iterations, 1 s each
# Measurement: 10 iterations, 1 s each
# Timeout: 10 min per iteration
# Threads: 1 thread, will synchronize iterations
# Benchmark mode: Average time, time/op
# Benchmark: uk.ac.ncl.jensen.benchmark.VThreadChurnBenchmark.churn
# Parameters: (vthreadsPerOp = 1000)

# Run progress: 0.00% complete, ETA 00:00:15
# Fork: 1 of 1
# Preparing profilers: AsyncProfiler 
# Warmup Iteration   1: 2327.648 us/op
# Warmup Iteration   2: 1971.254 us/op
# Warmup Iteration   3: 2007.841 us/op
# Warmup Iteration   4: 1996.095 us/op
# Warmup Iteration   5: 1996.758 us/op
Iteration   1: 1994.649 us/op
Iteration   2: 1983.094 us/op
Iteration   3: 1971.836 us/op
Iteration   4: 1966.154 us/op
Iteration   5: 1961.626 us/op
Iteration   6: 1963.644 us/op
Iteration   7: 1970.261 us/op
Iteration   8: 1965.695 us/op
Iteration   9: 1969.027 us/op
Iteration  10: 1968.318 us/op
                 async: (text only)

# Processing profiler results: AsyncProfiler 


Result "uk.ac.ncl.jensen.benchmark.VThreadChurnBenchmark.churn":
  1971.430 ±(99.9%) 15.199 us/op [Average]
  (min, avg, max) = (1961.626, 1971.430, 1994.649), stdev = 10.053
  CI (99.9%): [1956.231, 1986.629] (assumes normal distribution)

Secondary result "uk.ac.ncl.jensen.benchmark.VThreadChurnBenchmark.churn:async":
Async profiler results:
  /home/ubuntu/ebpf-vthread-correlate/result/benchmark/collapsed/VThreadChurnBenchmark_baseline/uk.ac.ncl.jensen.benchmark.VThreadChurnBenchmark.churn-AverageTime-vthreadsPerOp-1000/collapsed-itimer.csv


# Run complete. Total time: 00:00:15

REMEMBER: The numbers below are just data. To gain reusable insights, you need to follow up on
why the numbers are the way they are. Use profilers (see -prof, -lprof), design factorial
experiments, perform baseline and negative tests that provide experimental control, make sure
the benchmarking environment is safe on JVM/OS/HW level, ask for reviews from the domain experts.
Do not assume the numbers tell you what you want them to tell.

NOTE: Current JVM experimentally supports Compiler Blackholes, and they are in use. Please exercise
extra caution when trusting the results, look into the generated code to check the benchmark still
works, and factor in a small probability of new VM bugs. Additionally, while comparisons between
different JVMs are already problematic, the performance difference caused by different Blackhole
modes can be very significant. Please make sure you use the consistent Blackhole mode for comparisons.

Benchmark                          (vthreadsPerOp)  Mode  Cnt     Score    Error  Units
VThreadChurnBenchmark.churn                   1000  avgt   10  1971.430 ± 15.199  us/op
VThreadChurnBenchmark.churn:async             1000  avgt            NaN             ---

[1m== VThreadChurnBenchmark / agent ==[0m
+ rm -rf /home/ubuntu/ebpf-vthread-correlate/result/benchmark/collapsed/VThreadChurnBenchmark_agent
+ /home/ubuntu/ebpf-vthread-correlate/.vthread-jdk/jdk/bin/java -Djmh.ignoreLock=true -jar /home/ubuntu/ebpf-vthread-correlate/target/ebpf-vthread-correlate-1.0-SNAPSHOT.jar VThreadChurnBenchmark -jvmArgsAppend -agentpath:/home/ubuntu/ebpf-vthread-correlate/JVMTI-agent/libvthread_trace_agent.so -prof gc -rf json -rff /home/ubuntu/ebpf-vthread-correlate/result/benchmark/VThreadChurnBenchmark_agent_gc.json
# WARNING: JMH lock is ignored by user request, make sure no other JMH instances are running
# JMH version: 1.37
# VM version: JDK 21.0.12-internal, OpenJDK 64-Bit Server VM, 21.0.12-internal-adhoc.root.src
# VM invoker: /home/ubuntu/ebpf-vthread-correlate/.vthread-jdk/jdk/bin/java
# VM options: --enable-preview --enable-native-access=ALL-UNNAMED -agentpath:/home/ubuntu/ebpf-vthread-correlate/JVMTI-agent/libvthread_trace_agent.so
# Blackhole mode: compiler (auto-detected, use -Djmh.blackhole.autoDetect=false to disable)
# Warmup: 5 iterations, 1 s each
# Measurement: 10 iterations, 1 s each
# Timeout: 10 min per iteration
# Threads: 1 thread, will synchronize iterations
# Benchmark mode: Average time, time/op
# Benchmark: uk.ac.ncl.jensen.benchmark.VThreadChurnBenchmark.churn
# Parameters: (vthreadsPerOp = 1000)

# Run progress: 0.00% complete, ETA 00:00:30
# Fork: 1 of 2
[vthread-trace-agent] loading, options=(none)
[vthread-trace-agent] loaded
[vthread-trace-agent] ready (fieldID=0x1e2 methodID=0x706040228138 publish_jvmti=0)
# Warmup Iteration   1: 2111.582 us/op
# Warmup Iteration   2: 2090.976 us/op
# Warmup Iteration   3: 2044.398 us/op
# Warmup Iteration   4: 2263.556 us/op
# Warmup Iteration   5: 2484.529 us/op
Iteration   1: 2408.590 us/op
                 gc.alloc.rate:      126.786 MB/sec
                 gc.alloc.rate.norm: 320326.827 B/op
                 gc.count:           ≈ 0 counts

Iteration   2: 2372.439 us/op
                 gc.alloc.rate:      128.638 MB/sec
                 gc.alloc.rate.norm: 320122.938 B/op
                 gc.count:           ≈ 0 counts

Iteration   3: 2261.223 us/op
                 gc.alloc.rate:      134.751 MB/sec
                 gc.alloc.rate.norm: 319599.603 B/op
                 gc.count:           ≈ 0 counts

Iteration   4: 2218.886 us/op
                 gc.alloc.rate:      137.294 MB/sec
                 gc.alloc.rate.norm: 319523.583 B/op
                 gc.count:           ≈ 0 counts

Iteration   5: 2191.268 us/op
                 gc.alloc.rate:      138.864 MB/sec
                 gc.alloc.rate.norm: 319192.823 B/op
                 gc.count:           ≈ 0 counts

Iteration   6: 2152.231 us/op
                 gc.alloc.rate:      141.509 MB/sec
                 gc.alloc.rate.norm: 319410.609 B/op
                 gc.count:           1.000 counts
                 gc.time:            2.000 ms

Iteration   7: 2107.552 us/op
                 gc.alloc.rate:      144.525 MB/sec
                 gc.alloc.rate.norm: 319490.998 B/op
                 gc.count:           ≈ 0 counts

Iteration   8: 2090.720 us/op
                 gc.alloc.rate:      145.580 MB/sec
                 gc.alloc.rate.norm: 319213.695 B/op
                 gc.count:           ≈ 0 counts

Iteration   9: 2064.966 us/op
                 gc.alloc.rate:      147.513 MB/sec
                 gc.alloc.rate.norm: 319469.130 B/op
                 gc.count:           ≈ 0 counts

Iteration  10: 2082.000 us/op
                 gc.alloc.rate:      146.159 MB/sec
                 gc.alloc.rate.norm: 319149.971 B/op
                 gc.count:           ≈ 0 counts

[vthread-trace-agent] unloading

# Run progress: 50.00% complete, ETA 00:00:15
# Fork: 2 of 2
[vthread-trace-agent] loading, options=(none)
[vthread-trace-agent] loaded
[vthread-trace-agent] ready (fieldID=0x1e2 methodID=0x741e24228158 publish_jvmti=0)
# Warmup Iteration   1: 2172.049 us/op
# Warmup Iteration   2: 1946.641 us/op
# Warmup Iteration   3: 1938.160 us/op
# Warmup Iteration   4: 1969.463 us/op
# Warmup Iteration   5: 1974.227 us/op
Iteration   1: 1967.802 us/op
                 gc.alloc.rate:      154.330 MB/sec
                 gc.alloc.rate.norm: 318522.971 B/op
                 gc.count:           ≈ 0 counts

Iteration   2: 1960.076 us/op
                 gc.alloc.rate:      154.944 MB/sec
                 gc.alloc.rate.norm: 318528.407 B/op
                 gc.count:           ≈ 0 counts

Iteration   3: 1956.717 us/op
                 gc.alloc.rate:      155.183 MB/sec
                 gc.alloc.rate.norm: 318471.641 B/op
                 gc.count:           ≈ 0 counts

Iteration   4: 1951.917 us/op
                 gc.alloc.rate:      155.536 MB/sec
                 gc.alloc.rate.norm: 318414.472 B/op
                 gc.count:           ≈ 0 counts

Iteration   5: 1949.907 us/op
                 gc.alloc.rate:      155.773 MB/sec
                 gc.alloc.rate.norm: 318556.990 B/op
                 gc.count:           1.000 counts
                 gc.time:            2.000 ms

Iteration   6: 1948.769 us/op
                 gc.alloc.rate:      155.860 MB/sec
                 gc.alloc.rate.norm: 318551.735 B/op
                 gc.count:           ≈ 0 counts

Iteration   7: 1944.255 us/op
                 gc.alloc.rate:      156.237 MB/sec
                 gc.alloc.rate.norm: 318582.524 B/op
                 gc.count:           ≈ 0 counts

Iteration   8: 1943.817 us/op
                 gc.alloc.rate:      156.301 MB/sec
                 gc.alloc.rate.norm: 318644.784 B/op
                 gc.count:           ≈ 0 counts

Iteration   9: 1942.733 us/op
                 gc.alloc.rate:      156.363 MB/sec
                 gc.alloc.rate.norm: 318592.932 B/op
                 gc.count:           ≈ 0 counts

Iteration  10: 1940.850 us/op
                 gc.alloc.rate:      156.490 MB/sec
                 gc.alloc.rate.norm: 318541.783 B/op
                 gc.count:           ≈ 0 counts

[vthread-trace-agent] unloading


Result "uk.ac.ncl.jensen.benchmark.VThreadChurnBenchmark.churn":
  2072.836 ±(99.9%) 130.815 us/op [Average]
  (min, avg, max) = (1940.850, 2072.836, 2408.590), stdev = 150.647
  CI (99.9%): [1942.021, 2203.651] (assumes normal distribution)

Secondary result "uk.ac.ncl.jensen.benchmark.VThreadChurnBenchmark.churn:gc.alloc.rate":
  147.432 ±(99.9%) 8.577 MB/sec [Average]
  (min, avg, max) = (126.786, 147.432, 156.490), stdev = 9.877
  CI (99.9%): [138.855, 156.008] (assumes normal distribution)

Secondary result "uk.ac.ncl.jensen.benchmark.VThreadChurnBenchmark.churn:gc.alloc.rate.norm":
  319045.421 ±(99.9%) 507.675 B/op [Average]
  (min, avg, max) = (318414.472, 319045.421, 320326.827), stdev = 584.639
  CI (99.9%): [318537.746, 319553.096] (assumes normal distribution)

Secondary result "uk.ac.ncl.jensen.benchmark.VThreadChurnBenchmark.churn:gc.count":
  2.000 ±(99.9%) 0.001 counts [Sum]
  (min, avg, max) = (≈ 0, 0.100, 1.000), stdev = 0.308
  CI (99.9%): [2.000, 2.000] (assumes normal distribution)

Secondary result "uk.ac.ncl.jensen.benchmark.VThreadChurnBenchmark.churn:gc.time":
  4.000 ±(99.9%) 0.001 ms [Sum]
  (min, avg, max) = (≈ 0, 0.200, 2.000), stdev = 0.616
  CI (99.9%): [4.000, 4.000] (assumes normal distribution)


# Run complete. Total time: 00:00:30

REMEMBER: The numbers below are just data. To gain reusable insights, you need to follow up on
why the numbers are the way they are. Use profilers (see -prof, -lprof), design factorial
experiments, perform baseline and negative tests that provide experimental control, make sure
the benchmarking environment is safe on JVM/OS/HW level, ask for reviews from the domain experts.
Do not assume the numbers tell you what you want them to tell.

NOTE: Current JVM experimentally supports Compiler Blackholes, and they are in use. Please exercise
extra caution when trusting the results, look into the generated code to check the benchmark still
works, and factor in a small probability of new VM bugs. Additionally, while comparisons between
different JVMs are already problematic, the performance difference caused by different Blackhole
modes can be very significant. Please make sure you use the consistent Blackhole mode for comparisons.

Benchmark                                       (vthreadsPerOp)  Mode  Cnt       Score     Error   Units
VThreadChurnBenchmark.churn                                1000  avgt   20    2072.836 ± 130.815   us/op
VThreadChurnBenchmark.churn:gc.alloc.rate                  1000  avgt   20     147.432 ±   8.577  MB/sec
VThreadChurnBenchmark.churn:gc.alloc.rate.norm             1000  avgt   20  319045.421 ± 507.675    B/op
VThreadChurnBenchmark.churn:gc.count                       1000  avgt   20       2.000            counts
VThreadChurnBenchmark.churn:gc.time                        1000  avgt   20       4.000                ms

Benchmark result is saved to /home/ubuntu/ebpf-vthread-correlate/result/benchmark/VThreadChurnBenchmark_agent_gc.json
+ /home/ubuntu/ebpf-vthread-correlate/.vthread-jdk/jdk/bin/java -Djmh.ignoreLock=true -jar /home/ubuntu/ebpf-vthread-correlate/target/ebpf-vthread-correlate-1.0-SNAPSHOT.jar VThreadChurnBenchmark -jvmArgsAppend -agentpath:/home/ubuntu/ebpf-vthread-correlate/JVMTI-agent/libvthread_trace_agent.so -f 1 -wi 5 -i 10 -prof async:libPath=/home/ubuntu/ebpf-vthread-correlate/lib/libasyncProfiler.so;event=itimer;output=collapsed;dir=/home/ubuntu/ebpf-vthread-correlate/result/benchmark/collapsed/VThreadChurnBenchmark_agent
# WARNING: JMH lock is ignored by user request, make sure no other JMH instances are running
# JMH version: 1.37
# VM version: JDK 21.0.12-internal, OpenJDK 64-Bit Server VM, 21.0.12-internal-adhoc.root.src
# VM invoker: /home/ubuntu/ebpf-vthread-correlate/.vthread-jdk/jdk/bin/java
# VM options: --enable-preview --enable-native-access=ALL-UNNAMED -agentpath:/home/ubuntu/ebpf-vthread-correlate/JVMTI-agent/libvthread_trace_agent.so
# Blackhole mode: compiler (auto-detected, use -Djmh.blackhole.autoDetect=false to disable)
# Warmup: 5 iterations, 1 s each
# Measurement: 10 iterations, 1 s each
# Timeout: 10 min per iteration
# Threads: 1 thread, will synchronize iterations
# Benchmark mode: Average time, time/op
# Benchmark: uk.ac.ncl.jensen.benchmark.VThreadChurnBenchmark.churn
# Parameters: (vthreadsPerOp = 1000)

# Run progress: 0.00% complete, ETA 00:00:15
# Fork: 1 of 1
# Preparing profilers: AsyncProfiler 
[vthread-trace-agent] loading, options=(none)
[vthread-trace-agent] loaded
[vthread-trace-agent] ready (fieldID=0x1e2 methodID=0x7940a4228168 publish_jvmti=0)
# Warmup Iteration   1: 2270.131 us/op
# Warmup Iteration   2: 2127.327 us/op
# Warmup Iteration   3: 2144.098 us/op
# Warmup Iteration   4: 2137.929 us/op
# Warmup Iteration   5: 2140.095 us/op
Iteration   1: 2138.661 us/op
Iteration   2: 2138.933 us/op
Iteration   3: 2147.412 us/op
Iteration   4: 2162.491 us/op
Iteration   5: 2150.821 us/op
Iteration   6: 2150.146 us/op
Iteration   7: 2146.031 us/op
Iteration   8: 2143.534 us/op
Iteration   9: 2144.465 us/op
Iteration  10: 2147.583 us/op
                 async: (text only)

[vthread-trace-agent] unloading
# Processing profiler results: AsyncProfiler 


Result "uk.ac.ncl.jensen.benchmark.VThreadChurnBenchmark.churn":
  2147.008 ±(99.9%) 10.315 us/op [Average]
  (min, avg, max) = (2138.661, 2147.008, 2162.491), stdev = 6.823
  CI (99.9%): [2136.693, 2157.323] (assumes normal distribution)

Secondary result "uk.ac.ncl.jensen.benchmark.VThreadChurnBenchmark.churn:async":
Async profiler results:
  /home/ubuntu/ebpf-vthread-correlate/result/benchmark/collapsed/VThreadChurnBenchmark_agent/uk.ac.ncl.jensen.benchmark.VThreadChurnBenchmark.churn-AverageTime-vthreadsPerOp-1000/collapsed-itimer.csv


# Run complete. Total time: 00:00:15

REMEMBER: The numbers below are just data. To gain reusable insights, you need to follow up on
why the numbers are the way they are. Use profilers (see -prof, -lprof), design factorial
experiments, perform baseline and negative tests that provide experimental control, make sure
the benchmarking environment is safe on JVM/OS/HW level, ask for reviews from the domain experts.
Do not assume the numbers tell you what you want them to tell.

NOTE: Current JVM experimentally supports Compiler Blackholes, and they are in use. Please exercise
extra caution when trusting the results, look into the generated code to check the benchmark still
works, and factor in a small probability of new VM bugs. Additionally, while comparisons between
different JVMs are already problematic, the performance difference caused by different Blackhole
modes can be very significant. Please make sure you use the consistent Blackhole mode for comparisons.

Benchmark                          (vthreadsPerOp)  Mode  Cnt     Score    Error  Units
VThreadChurnBenchmark.churn                   1000  avgt   10  2147.008 ± 10.315  us/op
VThreadChurnBenchmark.churn:async             1000  avgt            NaN             ---

[1m== VThreadChurnBenchmark / jvmalloc ==[0m
+ rm -rf /home/ubuntu/ebpf-vthread-correlate/result/benchmark/collapsed/VThreadChurnBenchmark_jvmalloc
+ /home/ubuntu/ebpf-vthread-correlate/.vthread-jdk/jdk/bin/java -Djmh.ignoreLock=true -jar /home/ubuntu/ebpf-vthread-correlate/target/ebpf-vthread-correlate-1.0-SNAPSHOT.jar VThreadChurnBenchmark -jvmArgsAppend -Dvthread.trace.jvmAlloc=true -prof gc -rf json -rff /home/ubuntu/ebpf-vthread-correlate/result/benchmark/VThreadChurnBenchmark_jvmalloc_gc.json
# WARNING: JMH lock is ignored by user request, make sure no other JMH instances are running
# JMH version: 1.37
# VM version: JDK 21.0.12-internal, OpenJDK 64-Bit Server VM, 21.0.12-internal-adhoc.root.src
# VM invoker: /home/ubuntu/ebpf-vthread-correlate/.vthread-jdk/jdk/bin/java
# VM options: --enable-preview --enable-native-access=ALL-UNNAMED -Dvthread.trace.jvmAlloc=true
# Blackhole mode: compiler (auto-detected, use -Djmh.blackhole.autoDetect=false to disable)
# Warmup: 5 iterations, 1 s each
# Measurement: 10 iterations, 1 s each
# Timeout: 10 min per iteration
# Threads: 1 thread, will synchronize iterations
# Benchmark mode: Average time, time/op
# Benchmark: uk.ac.ncl.jensen.benchmark.VThreadChurnBenchmark.churn
# Parameters: (vthreadsPerOp = 1000)

# Run progress: 0.00% complete, ETA 00:00:30
# Fork: 1 of 2
# Warmup Iteration   1: 701.341 us/op
# Warmup Iteration   2: 752.800 us/op
# Warmup Iteration   3: 732.965 us/op
# Warmup Iteration   4: 686.526 us/op
# Warmup Iteration   5: 641.271 us/op
Iteration   1: 640.363 us/op
                 gc.alloc.rate:      470.518 MB/sec
                 gc.alloc.rate.norm: 316063.524 B/op
                 gc.count:           ≈ 0 counts

Iteration   2: 644.047 us/op
                 gc.alloc.rate:      467.857 MB/sec
                 gc.alloc.rate.norm: 316075.997 B/op
                 gc.count:           1.000 counts
                 gc.time:            2.000 ms

Iteration   3: 654.967 us/op
                 gc.alloc.rate:      460.052 MB/sec
                 gc.alloc.rate.norm: 316067.510 B/op
                 gc.count:           ≈ 0 counts

Iteration   4: 667.650 us/op
                 gc.alloc.rate:      451.300 MB/sec
                 gc.alloc.rate.norm: 316060.710 B/op
                 gc.count:           1.000 counts
                 gc.time:            3.000 ms

Iteration   5: 654.130 us/op
                 gc.alloc.rate:      460.642 MB/sec
                 gc.alloc.rate.norm: 316064.659 B/op
                 gc.count:           ≈ 0 counts

Iteration   6: 655.919 us/op
                 gc.alloc.rate:      459.369 MB/sec
                 gc.alloc.rate.norm: 316064.430 B/op
                 gc.count:           ≈ 0 counts

Iteration   7: 658.068 us/op
                 gc.alloc.rate:      457.896 MB/sec
                 gc.alloc.rate.norm: 316066.337 B/op
                 gc.count:           1.000 counts
                 gc.time:            2.000 ms

Iteration   8: 658.936 us/op
                 gc.alloc.rate:      457.280 MB/sec
                 gc.alloc.rate.norm: 316060.864 B/op
                 gc.count:           ≈ 0 counts

Iteration   9: 661.412 us/op
                 gc.alloc.rate:      455.573 MB/sec
                 gc.alloc.rate.norm: 316061.097 B/op
                 gc.count:           1.000 counts
                 gc.time:            2.000 ms

Iteration  10: 648.614 us/op
                 gc.alloc.rate:      464.533 MB/sec
                 gc.alloc.rate.norm: 316062.521 B/op
                 gc.count:           ≈ 0 counts


# Run progress: 50.00% complete, ETA 00:00:15
# Fork: 2 of 2
# Warmup Iteration   1: 705.529 us/op
# Warmup Iteration   2: 726.076 us/op
# Warmup Iteration   3: 753.487 us/op
# Warmup Iteration   4: 729.382 us/op
# Warmup Iteration   5: 668.734 us/op
Iteration   1: 665.366 us/op
                 gc.alloc.rate:      452.841 MB/sec
                 gc.alloc.rate.norm: 316060.612 B/op
                 gc.count:           ≈ 0 counts

Iteration   2: 662.157 us/op
                 gc.alloc.rate:      455.042 MB/sec
                 gc.alloc.rate.norm: 316061.887 B/op
                 gc.count:           1.000 counts
                 gc.time:            2.000 ms

Iteration   3: 655.196 us/op
                 gc.alloc.rate:      459.868 MB/sec
                 gc.alloc.rate.norm: 316060.820 B/op
                 gc.count:           ≈ 0 counts

Iteration   4: 655.806 us/op
                 gc.alloc.rate:      459.453 MB/sec
                 gc.alloc.rate.norm: 316060.634 B/op
                 gc.count:           1.000 counts
                 gc.time:            2.000 ms

Iteration   5: 657.016 us/op
                 gc.alloc.rate:      458.614 MB/sec
                 gc.alloc.rate.norm: 316060.738 B/op
                 gc.count:           ≈ 0 counts

Iteration   6: 653.026 us/op
                 gc.alloc.rate:      461.411 MB/sec
                 gc.alloc.rate.norm: 316060.496 B/op
                 gc.count:           ≈ 0 counts

Iteration   7: 724.020 us/op
                 gc.alloc.rate:      416.193 MB/sec
                 gc.alloc.rate.norm: 316070.055 B/op
                 gc.count:           1.000 counts
                 gc.time:            3.000 ms

Iteration   8: 623.807 us/op
                 gc.alloc.rate:      483.082 MB/sec
                 gc.alloc.rate.norm: 316103.367 B/op
                 gc.count:           ≈ 0 counts

Iteration   9: 787.442 us/op
                 gc.alloc.rate:      382.660 MB/sec
                 gc.alloc.rate.norm: 316063.862 B/op
                 gc.count:           ≈ 0 counts

Iteration  10: 652.188 us/op
                 gc.alloc.rate:      462.011 MB/sec
                 gc.alloc.rate.norm: 316060.527 B/op
                 gc.count:           1.000 counts
                 gc.time:            2.000 ms



Result "uk.ac.ncl.jensen.benchmark.VThreadChurnBenchmark.churn":
  664.006 ±(99.9%) 29.838 us/op [Average]
  (min, avg, max) = (623.807, 664.006, 787.442), stdev = 34.361
  CI (99.9%): [634.169, 693.844] (assumes normal distribution)

Secondary result "uk.ac.ncl.jensen.benchmark.VThreadChurnBenchmark.churn:gc.alloc.rate":
  454.810 ±(99.9%) 18.127 MB/sec [Average]
  (min, avg, max) = (382.660, 454.810, 483.082), stdev = 20.875
  CI (99.9%): [436.683, 472.937] (assumes normal distribution)

Secondary result "uk.ac.ncl.jensen.benchmark.VThreadChurnBenchmark.churn:gc.alloc.rate.norm":
  316065.532 ±(99.9%) 8.465 B/op [Average]
  (min, avg, max) = (316060.496, 316065.532, 316103.367), stdev = 9.749
  CI (99.9%): [316057.067, 316073.998] (assumes normal distribution)

Secondary result "uk.ac.ncl.jensen.benchmark.VThreadChurnBenchmark.churn:gc.count":
  8.000 ±(99.9%) 0.001 counts [Sum]
  (min, avg, max) = (≈ 0, 0.400, 1.000), stdev = 0.503
  CI (99.9%): [8.000, 8.000] (assumes normal distribution)

Secondary result "uk.ac.ncl.jensen.benchmark.VThreadChurnBenchmark.churn:gc.time":
  18.000 ±(99.9%) 0.001 ms [Sum]
  (min, avg, max) = (≈ 0, 0.900, 3.000), stdev = 1.165
  CI (99.9%): [18.000, 18.000] (assumes normal distribution)


# Run complete. Total time: 00:00:30

REMEMBER: The numbers below are just data. To gain reusable insights, you need to follow up on
why the numbers are the way they are. Use profilers (see -prof, -lprof), design factorial
experiments, perform baseline and negative tests that provide experimental control, make sure
the benchmarking environment is safe on JVM/OS/HW level, ask for reviews from the domain experts.
Do not assume the numbers tell you what you want them to tell.

NOTE: Current JVM experimentally supports Compiler Blackholes, and they are in use. Please exercise
extra caution when trusting the results, look into the generated code to check the benchmark still
works, and factor in a small probability of new VM bugs. Additionally, while comparisons between
different JVMs are already problematic, the performance difference caused by different Blackhole
modes can be very significant. Please make sure you use the consistent Blackhole mode for comparisons.

Benchmark                                       (vthreadsPerOp)  Mode  Cnt       Score    Error   Units
VThreadChurnBenchmark.churn                                1000  avgt   20     664.006 ± 29.838   us/op
VThreadChurnBenchmark.churn:gc.alloc.rate                  1000  avgt   20     454.810 ± 18.127  MB/sec
VThreadChurnBenchmark.churn:gc.alloc.rate.norm             1000  avgt   20  316065.532 ±  8.465    B/op
VThreadChurnBenchmark.churn:gc.count                       1000  avgt   20       8.000           counts
VThreadChurnBenchmark.churn:gc.time                        1000  avgt   20      18.000               ms

Benchmark result is saved to /home/ubuntu/ebpf-vthread-correlate/result/benchmark/VThreadChurnBenchmark_jvmalloc_gc.json
+ /home/ubuntu/ebpf-vthread-correlate/.vthread-jdk/jdk/bin/java -Djmh.ignoreLock=true -jar /home/ubuntu/ebpf-vthread-correlate/target/ebpf-vthread-correlate-1.0-SNAPSHOT.jar VThreadChurnBenchmark -jvmArgsAppend -Dvthread.trace.jvmAlloc=true -f 1 -wi 5 -i 10 -prof async:libPath=/home/ubuntu/ebpf-vthread-correlate/lib/libasyncProfiler.so;event=itimer;output=collapsed;dir=/home/ubuntu/ebpf-vthread-correlate/result/benchmark/collapsed/VThreadChurnBenchmark_jvmalloc
# WARNING: JMH lock is ignored by user request, make sure no other JMH instances are running
# JMH version: 1.37
# VM version: JDK 21.0.12-internal, OpenJDK 64-Bit Server VM, 21.0.12-internal-adhoc.root.src
# VM invoker: /home/ubuntu/ebpf-vthread-correlate/.vthread-jdk/jdk/bin/java
# VM options: --enable-preview --enable-native-access=ALL-UNNAMED -Dvthread.trace.jvmAlloc=true
# Blackhole mode: compiler (auto-detected, use -Djmh.blackhole.autoDetect=false to disable)
# Warmup: 5 iterations, 1 s each
# Measurement: 10 iterations, 1 s each
# Timeout: 10 min per iteration
# Threads: 1 thread, will synchronize iterations
# Benchmark mode: Average time, time/op
# Benchmark: uk.ac.ncl.jensen.benchmark.VThreadChurnBenchmark.churn
# Parameters: (vthreadsPerOp = 1000)

# Run progress: 0.00% complete, ETA 00:00:15
# Fork: 1 of 1
# Preparing profilers: AsyncProfiler 
# Warmup Iteration   1: 1975.003 us/op
# Warmup Iteration   2: 2005.732 us/op
# Warmup Iteration   3: 1905.684 us/op
# Warmup Iteration   4: 1899.114 us/op
# Warmup Iteration   5: 1884.463 us/op
Iteration   1: 1873.830 us/op
Iteration   2: 1877.138 us/op
Iteration   3: 1859.400 us/op
Iteration   4: 1863.879 us/op
Iteration   5: 1862.918 us/op
Iteration   6: 1851.152 us/op
Iteration   7: 1854.692 us/op
Iteration   8: 1854.810 us/op
Iteration   9: 1852.384 us/op
Iteration  10: 1849.667 us/op
                 async: (text only)

# Processing profiler results: AsyncProfiler 


Result "uk.ac.ncl.jensen.benchmark.VThreadChurnBenchmark.churn":
  1859.987 ±(99.9%) 14.317 us/op [Average]
  (min, avg, max) = (1849.667, 1859.987, 1877.138), stdev = 9.470
  CI (99.9%): [1845.670, 1874.304] (assumes normal distribution)

Secondary result "uk.ac.ncl.jensen.benchmark.VThreadChurnBenchmark.churn:async":
Async profiler results:
  /home/ubuntu/ebpf-vthread-correlate/result/benchmark/collapsed/VThreadChurnBenchmark_jvmalloc/uk.ac.ncl.jensen.benchmark.VThreadChurnBenchmark.churn-AverageTime-vthreadsPerOp-1000/collapsed-itimer.csv


# Run complete. Total time: 00:00:15

REMEMBER: The numbers below are just data. To gain reusable insights, you need to follow up on
why the numbers are the way they are. Use profilers (see -prof, -lprof), design factorial
experiments, perform baseline and negative tests that provide experimental control, make sure
the benchmarking environment is safe on JVM/OS/HW level, ask for reviews from the domain experts.
Do not assume the numbers tell you what you want them to tell.

NOTE: Current JVM experimentally supports Compiler Blackholes, and they are in use. Please exercise
extra caution when trusting the results, look into the generated code to check the benchmark still
works, and factor in a small probability of new VM bugs. Additionally, while comparisons between
different JVMs are already problematic, the performance difference caused by different Blackhole
modes can be very significant. Please make sure you use the consistent Blackhole mode for comparisons.

Benchmark                          (vthreadsPerOp)  Mode  Cnt     Score    Error  Units
VThreadChurnBenchmark.churn                   1000  avgt   10  1859.987 ± 14.317  us/op
VThreadChurnBenchmark.churn:async             1000  avgt            NaN             ---

[1m== Table A (clean -prof gc, release build) ==[0m
  Benchmark          Variant               Score            alloc.norm     per nominal    
  -----------------  --------------------  ---------------  -------------  ---------------
  VThreadChurn       agent                 2072.836 us/op   319045.4 B/op  2.0728 /vthread
  VThreadChurn       baseline              321.441 us/op    320669.0 B/op  0.3214 /vthread
  VThreadChurn       jvmalloc              664.006 us/op    316065.5 B/op  0.6640 /vthread
  VThreadParkUnpark  baseline              13790.646 us/op  411902.3 B/op  1.3791 /round  
  VThreadParkUnpark  jvmalloc              13141.018 us/op  400777.2 B/op  1.3141 /round  
  VThreadParkUnpark  jvmtipublish          16700.495 us/op  447176.0 B/op  1.6700 /round  
  VThreadTransition  agent N=10000         10778.752 us/op  241130.1 B/op  1.0779 /yield  
  VThreadTransition  baseline N=10000      8802.072 us/op   241116.6 B/op  0.8802 /yield  
  VThreadTransition  jvmalloc N=10000      9111.894 us/op   241118.7 B/op  0.9112 /yield  
  VThreadTransition  jvmtipublish N=10000  10931.157 us/op  241131.2 B/op  1.0931 /yield  

[1m== flame graphs ==[0m
FlameGraph not found at /home/ubuntu/ebpf-vthread-correlate/tools/FlameGraph — cloning brendangregg/FlameGraph ...
Cloning into '/home/ubuntu/ebpf-vthread-correlate/tools/FlameGraph'...
Discovered 10 cells under /home/ubuntu/ebpf-vthread-correlate/result/benchmark/collapsed:
  VThreadChurnBenchmark|agent                   30419 samples
  VThreadChurnBenchmark|baseline                29847 samples
  VThreadChurnBenchmark|jvmalloc                30732 samples
  VThreadParkUnparkBenchmark|baseline            3679 samples
  VThreadParkUnparkBenchmark|jvmalloc            3523 samples
  VThreadParkUnparkBenchmark|jvmtipublish        3520 samples
  VThreadTransitionBenchmark|agent               4032 samples
  VThreadTransitionBenchmark|baseline            3939 samples
  VThreadTransitionBenchmark|jvmalloc            3630 samples
  VThreadTransitionBenchmark|jvmtipublish        3590 samples

== plain flames ==
  -> /home/ubuntu/ebpf-vthread-correlate/result/figures/churn_agent.svg
  -> /home/ubuntu/ebpf-vthread-correlate/result/figures/churn_baseline.svg
  -> /home/ubuntu/ebpf-vthread-correlate/result/figures/churn_jvmalloc.svg
  -> /home/ubuntu/ebpf-vthread-correlate/result/figures/parkunpark_baseline.svg
  -> /home/ubuntu/ebpf-vthread-correlate/result/figures/parkunpark_jvmalloc.svg
  -> /home/ubuntu/ebpf-vthread-correlate/result/figures/parkunpark_jvmtipublish.svg
  -> /home/ubuntu/ebpf-vthread-correlate/result/figures/transition_agent.svg
  -> /home/ubuntu/ebpf-vthread-correlate/result/figures/transition_baseline.svg
  -> /home/ubuntu/ebpf-vthread-correlate/result/figures/transition_jvmalloc.svg
  -> /home/ubuntu/ebpf-vthread-correlate/result/figures/transition_jvmtipublish.svg

== differential flames (red = added by variant vs baseline) ==
  -> /home/ubuntu/ebpf-vthread-correlate/result/figures/churn_diff_agent_minus_baseline.svg
  -> /home/ubuntu/ebpf-vthread-correlate/result/figures/churn_diff_jvmalloc_minus_baseline.svg
  -> /home/ubuntu/ebpf-vthread-correlate/result/figures/parkunpark_diff_jvmalloc_minus_baseline.svg
  -> /home/ubuntu/ebpf-vthread-correlate/result/figures/parkunpark_diff_jvmtipublish_minus_baseline.svg
  -> /home/ubuntu/ebpf-vthread-correlate/result/figures/transition_diff_agent_minus_baseline.svg
  -> /home/ubuntu/ebpf-vthread-correlate/result/figures/transition_diff_jvmalloc_minus_baseline.svg
  -> /home/ubuntu/ebpf-vthread-correlate/result/figures/transition_diff_jvmtipublish_minus_baseline.svg

== extra differential pairs ==
  -> /home/ubuntu/ebpf-vthread-correlate/result/figures/transition_diff_jvmtipublish_minus_agent.svg

  -> /home/ubuntu/ebpf-vthread-correlate/result/figures/index.html

Done. 18 SVGs in /home/ubuntu/ebpf-vthread-correlate/result/figures

[1m== done ==[0m
  table JSON : /home/ubuntu/ebpf-vthread-correlate/result/benchmark/*_gc.json
  collapsed  : /home/ubuntu/ebpf-vthread-correlate/result/benchmark/collapsed/<Bench>_<variant>/
  flamegraphs: /home/ubuntu/ebpf-vthread-correlate/result/figures/  (open index.html)

[1m==== batch step inventory check ====[0m
  [OK]      1 Transition A/C/B RESULT: OK (#13/#14, sentinel)
  [OK]      2 Churn A/C RESULT: OK (#16)
  [OK]      3 Churn COUNT line (#16 freeze_total precondition)
  [OK]      4 ParkUnpark COUNT baseline (#11)
  [OK]      5 ParkUnpark COUNT publish=jvmti (#11)
  [OK]      6 ParkUnpark COUNT jvmAlloc (#11)
  [OK]      7 N-sweep gc JSON: Transition/baseline (GAP-9)
  [OK]      7 N-sweep gc JSON: Transition/agent (GAP-9)
  [OK]      7 N-sweep gc JSON: Transition/jvmtipublish (GAP-9)
  [OK]      7 N-sweep gc JSON: Transition/jvmalloc (GAP-9)
  [OK]      8 matrix gc JSON: VThreadTransitionBenchmark_baseline
  [OK]      8 matrix gc JSON: VThreadTransitionBenchmark_agent
  [OK]      8 matrix gc JSON: VThreadTransitionBenchmark_jvmtipublish
  [OK]      8 matrix gc JSON: VThreadTransitionBenchmark_jvmalloc
  [OK]      8 matrix gc JSON: VThreadParkUnparkBenchmark_baseline
  [OK]      8 matrix gc JSON: VThreadParkUnparkBenchmark_jvmtipublish
  [OK]      8 matrix gc JSON: VThreadParkUnparkBenchmark_jvmalloc
  [OK]      8 matrix gc JSON: VThreadChurnBenchmark_baseline
  [OK]      8 matrix gc JSON: VThreadChurnBenchmark_agent
  [OK]      8 matrix gc JSON: VThreadChurnBenchmark_jvmalloc

run-batch RESULT: OK — expected artifact set complete. Batch log: /home/ubuntu/ebpf-vthread-correlate/result/benchmark/run-batch-20260705-201731.log
