run-batch: formal batch definition (SKIP_MATRIX=0)
RUNINFO: /home/ubuntu/ebpf-vthread-correlate/result/benchmark/RUNINFO-20260707-134231.txt
LOG:     /home/ubuntu/ebpf-vthread-correlate/result/benchmark/run-batch-20260707-134231.log


[1m==== batch step 1/8 oslevel Transition A/C/B  (#13 publish residual, #14 observation cost, sentinel) ====[0m
measure-oslevel: A/C/B OS-level observation overhead  (DIRECTIONAL, VM-only — not citable)
  C - A = publish residual (expected ~0);  B - C = observation cost

JMH jar: /home/ubuntu/ebpf-vthread-correlate/target/ebpf-vthread-correlate-1.0-SNAPSHOT.jar
JDK:     /home/ubuntu/ebpf-vthread-correlate/.vthread-jdk/jdk
JAVA:    /home/ubuntu/ebpf-vthread-correlate/.vthread-jdk/jdk/bin/java
LIBJVM:  /home/ubuntu/ebpf-vthread-correlate/.vthread-jdk/jdk/lib/server/libjvm.so
BENCH:   transition
CLASS:   uk.ac.ncl.jensen.benchmark.VThreadTransitionBenchmark
SPEC:    jmh-defaults — no -f/-wi/-i passed (JMH 1.37: 5 forks, warmup 5x10s, measurement 5x10s)
OUT:     /home/ubuntu/ebpf-vthread-correlate/result/benchmark/oslevel
RUNINFO: /home/ubuntu/ebpf-vthread-correlate/result/benchmark/oslevel/RUNINFO-20260707-134232.txt
LOG:     /home/ubuntu/ebpf-vthread-correlate/result/benchmark/oslevel/measure-oslevel-transition-20260707-134232.log

A — baseline (flag off, no bpftrace)
  /home/ubuntu/ebpf-vthread-correlate/.vthread-jdk/jdk/bin/java -jar /home/ubuntu/ebpf-vthread-correlate/target/benchmarks.jar uk.ac.ncl.jensen.benchmark.VThreadTransitionBenchmark -jvmArgsAppend -XX:-VThreadTraceProbes 
# JMH version: 1.37
# VM version: JDK 21.0.12-internal, OpenJDK 64-Bit Server VM, 21.0.12-internal-adhoc.root.src
# VM invoker: /home/ubuntu/ebpf-vthread-correlate/.vthread-jdk/jdk/bin/java
# VM options: --enable-preview --enable-native-access=ALL-UNNAMED -XX:-VThreadTraceProbes
# Blackhole mode: compiler (auto-detected, use -Djmh.blackhole.autoDetect=false to disable)
# Warmup: 5 iterations, 10 s each
# Measurement: 5 iterations, 10 s each
# Timeout: 10 min per iteration
# Threads: 1 thread, will synchronize iterations
# Benchmark mode: Average time, time/op
# Benchmark: uk.ac.ncl.jensen.benchmark.VThreadTransitionBenchmark.transition_yield
# Parameters: (yieldsPerVthread = 10000)

# Run progress: 0.00% complete, ETA 00:08:20
# Fork: 1 of 5
# Warmup Iteration   1: 9462.933 us/op
# Warmup Iteration   2: 9108.864 us/op
# Warmup Iteration   3: 9265.768 us/op
# Warmup Iteration   4: 9239.529 us/op
# Warmup Iteration   5: 9262.443 us/op
Iteration   1: 9065.111 us/op
Iteration   2: 8874.795 us/op
Iteration   3: 8870.055 us/op
Iteration   4: 8888.700 us/op
Iteration   5: 8850.191 us/op

# Run progress: 20.00% complete, ETA 00:06:41
# Fork: 2 of 5
# Warmup Iteration   1: 8953.485 us/op
# Warmup Iteration   2: 8661.200 us/op
# Warmup Iteration   3: 8760.952 us/op
# Warmup Iteration   4: 8771.196 us/op
# Warmup Iteration   5: 8732.734 us/op
Iteration   1: 8476.301 us/op
Iteration   2: 8368.866 us/op
Iteration   3: 8358.049 us/op
Iteration   4: 8375.584 us/op
Iteration   5: 8393.543 us/op

# Run progress: 40.00% complete, ETA 00:05:00
# Fork: 3 of 5
# Warmup Iteration   1: 8909.562 us/op
# Warmup Iteration   2: 8715.880 us/op
# Warmup Iteration   3: 8809.177 us/op
# Warmup Iteration   4: 8819.813 us/op
# Warmup Iteration   5: 8798.238 us/op
Iteration   1: 8513.074 us/op
Iteration   2: 8525.069 us/op
Iteration   3: 8418.084 us/op
Iteration   4: 8470.573 us/op
Iteration   5: 8434.480 us/op

# Run progress: 60.00% complete, ETA 00:03:20
# Fork: 4 of 5
# Warmup Iteration   1: 9318.960 us/op
# Warmup Iteration   2: 8915.179 us/op
# Warmup Iteration   3: 9028.307 us/op
# Warmup Iteration   4: 9038.356 us/op
# Warmup Iteration   5: 9048.983 us/op
Iteration   1: 8739.888 us/op
Iteration   2: 8604.769 us/op
Iteration   3: 8555.548 us/op
Iteration   4: 8528.842 us/op
Iteration   5: 8584.239 us/op

# Run progress: 80.00% complete, ETA 00:01:40
# Fork: 5 of 5
# Warmup Iteration   1: 9081.663 us/op
# Warmup Iteration   2: 8865.247 us/op
# Warmup Iteration   3: 8937.005 us/op
# Warmup Iteration   4: 8904.350 us/op
# Warmup Iteration   5: 8894.869 us/op
Iteration   1: 8723.730 us/op
Iteration   2: 8634.511 us/op
Iteration   3: 8619.305 us/op
Iteration   4: 8632.914 us/op
Iteration   5: 8567.973 us/op


Result "uk.ac.ncl.jensen.benchmark.VThreadTransitionBenchmark.transition_yield":
  8602.968 ±(99.9%) 142.376 us/op [Average]
  (min, avg, max) = (8358.049, 8602.968, 9065.111), stdev = 190.068
  CI (99.9%): [8460.592, 8745.344] (assumes normal distribution)


# Run complete. Total time: 00:08:21

REMEMBER: The numbers below are just data. To gain reusable insights, you need to follow up on
why the numbers are the way they are. Use profilers (see -prof, -lprof), design factorial
experiments, perform baseline and negative tests that provide experimental control, make sure
the benchmarking environment is safe on JVM/OS/HW level, ask for reviews from the domain experts.
Do not assume the numbers tell you what you want them to tell.

NOTE: Current JVM experimentally supports Compiler Blackholes, and they are in use. Please exercise
extra caution when trusting the results, look into the generated code to check the benchmark still
works, and factor in a small probability of new VM bugs. Additionally, while comparisons between
different JVMs are already problematic, the performance difference caused by different Blackhole
modes can be very significant. Please make sure you use the consistent Blackhole mode for comparisons.

Benchmark                                    (yieldsPerVthread)  Mode  Cnt     Score     Error  Units
VThreadTransitionBenchmark.transition_yield               10000  avgt   25  8602.968 ± 142.376  us/op

C — publish-on (flag on, no consumer)
  /home/ubuntu/ebpf-vthread-correlate/.vthread-jdk/jdk/bin/java -jar /home/ubuntu/ebpf-vthread-correlate/target/benchmarks.jar uk.ac.ncl.jensen.benchmark.VThreadTransitionBenchmark -jvmArgsAppend -XX:+VThreadTraceProbes 
# JMH version: 1.37
# VM version: JDK 21.0.12-internal, OpenJDK 64-Bit Server VM, 21.0.12-internal-adhoc.root.src
# VM invoker: /home/ubuntu/ebpf-vthread-correlate/.vthread-jdk/jdk/bin/java
# VM options: --enable-preview --enable-native-access=ALL-UNNAMED -XX:+VThreadTraceProbes
# Blackhole mode: compiler (auto-detected, use -Djmh.blackhole.autoDetect=false to disable)
# Warmup: 5 iterations, 10 s each
# Measurement: 5 iterations, 10 s each
# Timeout: 10 min per iteration
# Threads: 1 thread, will synchronize iterations
# Benchmark mode: Average time, time/op
# Benchmark: uk.ac.ncl.jensen.benchmark.VThreadTransitionBenchmark.transition_yield
# Parameters: (yieldsPerVthread = 10000)

# Run progress: 0.00% complete, ETA 00:08:20
# Fork: 1 of 5
# Warmup Iteration   1: 8927.485 us/op
# Warmup Iteration   2: 8819.301 us/op
# Warmup Iteration   3: 8929.027 us/op
# Warmup Iteration   4: 8875.913 us/op
# Warmup Iteration   5: 8851.233 us/op
Iteration   1: 8646.084 us/op
Iteration   2: 8553.607 us/op
Iteration   3: 8602.801 us/op
Iteration   4: 8551.061 us/op
Iteration   5: 8569.548 us/op

# Run progress: 20.00% complete, ETA 00:06:41
# Fork: 2 of 5
# Warmup Iteration   1: 9030.407 us/op
# Warmup Iteration   2: 8669.122 us/op
# Warmup Iteration   3: 8764.118 us/op
# Warmup Iteration   4: 8806.131 us/op
# Warmup Iteration   5: 8766.316 us/op
Iteration   1: 8618.793 us/op
Iteration   2: 8614.365 us/op
Iteration   3: 8612.476 us/op
Iteration   4: 8649.242 us/op
Iteration   5: 8689.809 us/op

# Run progress: 40.00% complete, ETA 00:05:00
# Fork: 3 of 5
# Warmup Iteration   1: 9649.512 us/op
# Warmup Iteration   2: 9312.077 us/op
# Warmup Iteration   3: 9400.702 us/op
# Warmup Iteration   4: 9399.027 us/op
# Warmup Iteration   5: 9400.568 us/op
Iteration   1: 9241.524 us/op
Iteration   2: 9085.984 us/op
Iteration   3: 9119.010 us/op
Iteration   4: 9082.032 us/op
Iteration   5: 9066.475 us/op

# Run progress: 60.00% complete, ETA 00:03:20
# Fork: 4 of 5
# Warmup Iteration   1: 9215.998 us/op
# Warmup Iteration   2: 8886.112 us/op
# Warmup Iteration   3: 9039.665 us/op
# Warmup Iteration   4: 9046.141 us/op
# Warmup Iteration   5: 8897.948 us/op
Iteration   1: 8648.600 us/op
Iteration   2: 8516.459 us/op
Iteration   3: 8484.598 us/op
Iteration   4: 8551.024 us/op
Iteration   5: 8479.918 us/op

# Run progress: 80.00% complete, ETA 00:01:40
# Fork: 5 of 5
# Warmup Iteration   1: 9571.657 us/op
# Warmup Iteration   2: 9328.365 us/op
# Warmup Iteration   3: 9434.208 us/op
# Warmup Iteration   4: 9572.122 us/op
# Warmup Iteration   5: 9438.370 us/op
Iteration   1: 9021.042 us/op
Iteration   2: 8898.597 us/op
Iteration   3: 8935.870 us/op
Iteration   4: 8991.439 us/op
Iteration   5: 9065.195 us/op


Result "uk.ac.ncl.jensen.benchmark.VThreadTransitionBenchmark.transition_yield":
  8771.822 ±(99.9%) 183.241 us/op [Average]
  (min, avg, max) = (8479.918, 8771.822, 9241.524), stdev = 244.622
  CI (99.9%): [8588.581, 8955.063] (assumes normal distribution)


# Run complete. Total time: 00:08:21

REMEMBER: The numbers below are just data. To gain reusable insights, you need to follow up on
why the numbers are the way they are. Use profilers (see -prof, -lprof), design factorial
experiments, perform baseline and negative tests that provide experimental control, make sure
the benchmarking environment is safe on JVM/OS/HW level, ask for reviews from the domain experts.
Do not assume the numbers tell you what you want them to tell.

NOTE: Current JVM experimentally supports Compiler Blackholes, and they are in use. Please exercise
extra caution when trusting the results, look into the generated code to check the benchmark still
works, and factor in a small probability of new VM bugs. Additionally, while comparisons between
different JVMs are already problematic, the performance difference caused by different Blackhole
modes can be very significant. Please make sure you use the consistent Blackhole mode for comparisons.

Benchmark                                    (yieldsPerVthread)  Mode  Cnt     Score     Error  Units
VThreadTransitionBenchmark.transition_yield               10000  avgt   25  8771.822 ± 183.241  us/op

B — observed (flag on, cropped bpftrace attached by libjvm path)
  bpftrace attached after 1s via libjvm path — no -c, no PID scope

  /home/ubuntu/ebpf-vthread-correlate/.vthread-jdk/jdk/bin/java -jar /home/ubuntu/ebpf-vthread-correlate/target/benchmarks.jar uk.ac.ncl.jensen.benchmark.VThreadTransitionBenchmark -jvmArgsAppend -XX:+VThreadTraceProbes 
# JMH version: 1.37
# VM version: JDK 21.0.12-internal, OpenJDK 64-Bit Server VM, 21.0.12-internal-adhoc.root.src
# VM invoker: /home/ubuntu/ebpf-vthread-correlate/.vthread-jdk/jdk/bin/java
# VM options: --enable-preview --enable-native-access=ALL-UNNAMED -XX:+VThreadTraceProbes
# Blackhole mode: compiler (auto-detected, use -Djmh.blackhole.autoDetect=false to disable)
# Warmup: 5 iterations, 10 s each
# Measurement: 5 iterations, 10 s each
# Timeout: 10 min per iteration
# Threads: 1 thread, will synchronize iterations
# Benchmark mode: Average time, time/op
# Benchmark: uk.ac.ncl.jensen.benchmark.VThreadTransitionBenchmark.transition_yield
# Parameters: (yieldsPerVthread = 10000)

# Run progress: 0.00% complete, ETA 00:08:20
# Fork: 1 of 5
# Warmup Iteration   1: 16514.965 us/op
# Warmup Iteration   2: 16357.528 us/op
# Warmup Iteration   3: 16163.954 us/op
# Warmup Iteration   4: 16242.586 us/op
# Warmup Iteration   5: 16122.687 us/op
Iteration   1: 16080.552 us/op
Iteration   2: 16162.761 us/op
Iteration   3: 16093.063 us/op
Iteration   4: 16254.037 us/op
Iteration   5: 16075.680 us/op

# Run progress: 20.00% complete, ETA 00:06:41
# Fork: 2 of 5
# Warmup Iteration   1: 16835.006 us/op
# Warmup Iteration   2: 16693.261 us/op
# Warmup Iteration   3: 16544.005 us/op
# Warmup Iteration   4: 16467.365 us/op
# Warmup Iteration   5: 16586.311 us/op
Iteration   1: 16682.916 us/op
Iteration   2: 16672.538 us/op
Iteration   3: 16670.072 us/op
Iteration   4: 16642.485 us/op
Iteration   5: 16744.941 us/op

# Run progress: 40.00% complete, ETA 00:05:00
# Fork: 3 of 5
# Warmup Iteration   1: 16987.581 us/op
# Warmup Iteration   2: 16593.661 us/op
# Warmup Iteration   3: 16539.195 us/op
# Warmup Iteration   4: 16732.515 us/op
# Warmup Iteration   5: 16711.012 us/op
Iteration   1: 16767.884 us/op
Iteration   2: 16706.642 us/op
Iteration   3: 16789.782 us/op
Iteration   4: 16733.574 us/op
Iteration   5: 16694.177 us/op

# Run progress: 60.00% complete, ETA 00:03:20
# Fork: 4 of 5
# Warmup Iteration   1: 16723.898 us/op
# Warmup Iteration   2: 16603.730 us/op
# Warmup Iteration   3: 16633.838 us/op
# Warmup Iteration   4: 16464.708 us/op
# Warmup Iteration   5: 16746.837 us/op
Iteration   1: 16737.883 us/op
Iteration   2: 16680.437 us/op
Iteration   3: 16689.032 us/op
Iteration   4: 16703.623 us/op
Iteration   5: 16621.444 us/op

# Run progress: 80.00% complete, ETA 00:01:40
# Fork: 5 of 5
# Warmup Iteration   1: 16652.241 us/op
# Warmup Iteration   2: 16595.140 us/op
# Warmup Iteration   3: 16532.737 us/op
# Warmup Iteration   4: 16380.903 us/op
# Warmup Iteration   5: 16308.584 us/op
Iteration   1: 16557.142 us/op
Iteration   2: 16485.711 us/op
Iteration   3: 16282.435 us/op
Iteration   4: 16172.522 us/op
Iteration   5: 15974.247 us/op


Result "uk.ac.ncl.jensen.benchmark.VThreadTransitionBenchmark.transition_yield":
  16507.023 ±(99.9%) 203.615 us/op [Average]
  (min, avg, max) = (15974.247, 16507.023, 16789.782), stdev = 271.821
  CI (99.9%): [16303.408, 16710.639] (assumes normal distribution)


# Run complete. Total time: 00:08:21

REMEMBER: The numbers below are just data. To gain reusable insights, you need to follow up on
why the numbers are the way they are. Use profilers (see -prof, -lprof), design factorial
experiments, perform baseline and negative tests that provide experimental control, make sure
the benchmarking environment is safe on JVM/OS/HW level, ask for reviews from the domain experts.
Do not assume the numbers tell you what you want them to tell.

NOTE: Current JVM experimentally supports Compiler Blackholes, and they are in use. Please exercise
extra caution when trusting the results, look into the generated code to check the benchmark still
works, and factor in a small probability of new VM bugs. Additionally, while comparisons between
different JVMs are already problematic, the performance difference caused by different Blackhole
modes can be very significant. Please make sure you use the consistent Blackhole mode for comparisons.

Benchmark                                    (yieldsPerVthread)  Mode  Cnt      Score     Error  Units
VThreadTransitionBenchmark.transition_yield               10000  avgt   25  16507.023 ± 203.615  us/op

============================================================
Summary — DIRECTIONAL, VM-only — NOT citable as absolute overhead
  C - A = publish residual (expected ~0);  B - C = observation cost

  A  baseline   : 8602.968 us/op   (directional, VM-only — not citable)
  C  publish-on : 8771.822 us/op   (directional, VM-only — not citable)
  B  observed   : 16507.023 us/op   (directional, VM-only — not citable)

  C - A  publish residual : 168.854 us/op   (directional, VM-only — not citable)
  B - C  observation cost : 7735.201 us/op   (directional, VM-only — not citable)

  probe firings in forked JVM: @freeze_total=302840000  @thaw_total=303242650  @start_total=30284  @end_total=30284  @end_unmatched=0

RESULT: OK — orchestration validated (probes fired in the forked child JVM).

[1m==== batch step 2/8 oslevel Churn A/C (RUN_B=0)  (#16 lifecycle probe flag-on pricing) ====[0m
measure-oslevel: A/C/B OS-level observation overhead  (DIRECTIONAL, VM-only — not citable)
  C - A = publish residual (expected ~0);  B - C = observation cost

JMH jar: /home/ubuntu/ebpf-vthread-correlate/target/ebpf-vthread-correlate-1.0-SNAPSHOT.jar
JDK:     /home/ubuntu/ebpf-vthread-correlate/.vthread-jdk/jdk
JAVA:    /home/ubuntu/ebpf-vthread-correlate/.vthread-jdk/jdk/bin/java
LIBJVM:  /home/ubuntu/ebpf-vthread-correlate/.vthread-jdk/jdk/lib/server/libjvm.so
BENCH:   churn
CLASS:   uk.ac.ncl.jensen.benchmark.VThreadChurnBenchmark
SPEC:    jmh-defaults — no -f/-wi/-i passed (JMH 1.37: 5 forks, warmup 5x10s, measurement 5x10s)
RUN_B:   0   (A/C only — no observed state, no probe self-check this run)
OUT:     /home/ubuntu/ebpf-vthread-correlate/result/benchmark/oslevel
RUNINFO: /home/ubuntu/ebpf-vthread-correlate/result/benchmark/oslevel/RUNINFO-20260707-140743.txt
LOG:     /home/ubuntu/ebpf-vthread-correlate/result/benchmark/oslevel/measure-oslevel-churn-20260707-140743.log

A — baseline (flag off, no bpftrace)
  /home/ubuntu/ebpf-vthread-correlate/.vthread-jdk/jdk/bin/java -jar /home/ubuntu/ebpf-vthread-correlate/target/benchmarks.jar uk.ac.ncl.jensen.benchmark.VThreadChurnBenchmark -jvmArgsAppend -XX:-VThreadTraceProbes 
# JMH version: 1.37
# VM version: JDK 21.0.12-internal, OpenJDK 64-Bit Server VM, 21.0.12-internal-adhoc.root.src
# VM invoker: /home/ubuntu/ebpf-vthread-correlate/.vthread-jdk/jdk/bin/java
# VM options: --enable-preview --enable-native-access=ALL-UNNAMED -XX:-VThreadTraceProbes
# Blackhole mode: compiler (auto-detected, use -Djmh.blackhole.autoDetect=false to disable)
# Warmup: 5 iterations, 10 s each
# Measurement: 5 iterations, 10 s each
# Timeout: 10 min per iteration
# Threads: 1 thread, will synchronize iterations
# Benchmark mode: Average time, time/op
# Benchmark: uk.ac.ncl.jensen.benchmark.VThreadChurnBenchmark.churn
# Parameters: (vthreadsPerOp = 1000)

# Run progress: 0.00% complete, ETA 00:08:20
# Fork: 1 of 5
# Warmup Iteration   1: 302.833 us/op
# Warmup Iteration   2: 351.020 us/op
# Warmup Iteration   3: 347.577 us/op
# Warmup Iteration   4: 352.458 us/op
# Warmup Iteration   5: 356.270 us/op
Iteration   1: 354.602 us/op
Iteration   2: 349.893 us/op
Iteration   3: 352.227 us/op
Iteration   4: 354.794 us/op
Iteration   5: 354.338 us/op

# Run progress: 20.00% complete, ETA 00:06:40
# Fork: 2 of 5
# Warmup Iteration   1: 377.505 us/op
# Warmup Iteration   2: 358.120 us/op
# Warmup Iteration   3: 352.266 us/op
# Warmup Iteration   4: 355.307 us/op
# Warmup Iteration   5: 345.889 us/op
Iteration   1: 349.490 us/op
Iteration   2: 356.864 us/op
Iteration   3: 359.802 us/op
Iteration   4: 362.827 us/op
Iteration   5: 353.527 us/op

# Run progress: 40.00% complete, ETA 00:05:00
# Fork: 3 of 5
# Warmup Iteration   1: 376.966 us/op
# Warmup Iteration   2: 330.338 us/op
# Warmup Iteration   3: 272.843 us/op
# Warmup Iteration   4: 281.726 us/op
# Warmup Iteration   5: 272.456 us/op
Iteration   1: 319.916 us/op
Iteration   2: 307.258 us/op
Iteration   3: 265.056 us/op
Iteration   4: 263.440 us/op
Iteration   5: 265.752 us/op

# Run progress: 60.00% complete, ETA 00:03:20
# Fork: 4 of 5
# Warmup Iteration   1: 394.711 us/op
# Warmup Iteration   2: 376.545 us/op
# Warmup Iteration   3: 376.188 us/op
# Warmup Iteration   4: 376.990 us/op
# Warmup Iteration   5: 379.064 us/op
Iteration   1: 367.773 us/op
Iteration   2: 374.087 us/op
Iteration   3: 358.458 us/op
Iteration   4: 271.477 us/op
Iteration   5: 273.136 us/op

# Run progress: 80.00% complete, ETA 00:01:40
# Fork: 5 of 5
# Warmup Iteration   1: 373.394 us/op
# Warmup Iteration   2: 359.152 us/op
# Warmup Iteration   3: 347.464 us/op
# Warmup Iteration   4: 350.715 us/op
# Warmup Iteration   5: 347.655 us/op
Iteration   1: 348.547 us/op
Iteration   2: 360.568 us/op
Iteration   3: 358.209 us/op
Iteration   4: 349.968 us/op
Iteration   5: 353.726 us/op


Result "uk.ac.ncl.jensen.benchmark.VThreadChurnBenchmark.churn":
  335.429 ±(99.9%) 27.716 us/op [Average]
  (min, avg, max) = (263.440, 335.429, 374.087), stdev = 37.000
  CI (99.9%): [307.714, 363.145] (assumes normal distribution)


# Run complete. Total time: 00:08:21

REMEMBER: The numbers below are just data. To gain reusable insights, you need to follow up on
why the numbers are the way they are. Use profilers (see -prof, -lprof), design factorial
experiments, perform baseline and negative tests that provide experimental control, make sure
the benchmarking environment is safe on JVM/OS/HW level, ask for reviews from the domain experts.
Do not assume the numbers tell you what you want them to tell.

NOTE: Current JVM experimentally supports Compiler Blackholes, and they are in use. Please exercise
extra caution when trusting the results, look into the generated code to check the benchmark still
works, and factor in a small probability of new VM bugs. Additionally, while comparisons between
different JVMs are already problematic, the performance difference caused by different Blackhole
modes can be very significant. Please make sure you use the consistent Blackhole mode for comparisons.

Benchmark                    (vthreadsPerOp)  Mode  Cnt    Score    Error  Units
VThreadChurnBenchmark.churn             1000  avgt   25  335.429 ± 27.716  us/op

C — publish-on (flag on, no consumer)
  /home/ubuntu/ebpf-vthread-correlate/.vthread-jdk/jdk/bin/java -jar /home/ubuntu/ebpf-vthread-correlate/target/benchmarks.jar uk.ac.ncl.jensen.benchmark.VThreadChurnBenchmark -jvmArgsAppend -XX:+VThreadTraceProbes 
# JMH version: 1.37
# VM version: JDK 21.0.12-internal, OpenJDK 64-Bit Server VM, 21.0.12-internal-adhoc.root.src
# VM invoker: /home/ubuntu/ebpf-vthread-correlate/.vthread-jdk/jdk/bin/java
# VM options: --enable-preview --enable-native-access=ALL-UNNAMED -XX:+VThreadTraceProbes
# Blackhole mode: compiler (auto-detected, use -Djmh.blackhole.autoDetect=false to disable)
# Warmup: 5 iterations, 10 s each
# Measurement: 5 iterations, 10 s each
# Timeout: 10 min per iteration
# Threads: 1 thread, will synchronize iterations
# Benchmark mode: Average time, time/op
# Benchmark: uk.ac.ncl.jensen.benchmark.VThreadChurnBenchmark.churn
# Parameters: (vthreadsPerOp = 1000)

# Run progress: 0.00% complete, ETA 00:08:20
# Fork: 1 of 5
# Warmup Iteration   1: 410.474 us/op
# Warmup Iteration   2: 383.724 us/op
# Warmup Iteration   3: 388.895 us/op
# Warmup Iteration   4: 380.673 us/op
# Warmup Iteration   5: 382.912 us/op
Iteration   1: 377.483 us/op
Iteration   2: 378.275 us/op
Iteration   3: 390.138 us/op
Iteration   4: 376.494 us/op
Iteration   5: 376.141 us/op

# Run progress: 20.00% complete, ETA 00:06:40
# Fork: 2 of 5
# Warmup Iteration   1: 396.198 us/op
# Warmup Iteration   2: 397.855 us/op
# Warmup Iteration   3: 384.778 us/op
# Warmup Iteration   4: 386.283 us/op
# Warmup Iteration   5: 379.508 us/op
Iteration   1: 377.691 us/op
Iteration   2: 382.831 us/op
Iteration   3: 382.135 us/op
Iteration   4: 382.217 us/op
Iteration   5: 387.823 us/op

# Run progress: 40.00% complete, ETA 00:05:00
# Fork: 3 of 5
# Warmup Iteration   1: 378.883 us/op
# Warmup Iteration   2: 367.540 us/op
# Warmup Iteration   3: 364.299 us/op
# Warmup Iteration   4: 364.891 us/op
# Warmup Iteration   5: 364.328 us/op
Iteration   1: 362.993 us/op
Iteration   2: 366.761 us/op
Iteration   3: 365.294 us/op
Iteration   4: 360.676 us/op
Iteration   5: 361.254 us/op

# Run progress: 60.00% complete, ETA 00:03:20
# Fork: 4 of 5
# Warmup Iteration   1: 375.158 us/op
# Warmup Iteration   2: 363.973 us/op
# Warmup Iteration   3: 361.341 us/op
# Warmup Iteration   4: 361.282 us/op
# Warmup Iteration   5: 354.071 us/op
Iteration   1: 355.825 us/op
Iteration   2: 360.721 us/op
Iteration   3: 357.467 us/op
Iteration   4: 362.627 us/op
Iteration   5: 362.915 us/op

# Run progress: 80.00% complete, ETA 00:01:40
# Fork: 5 of 5
# Warmup Iteration   1: 327.076 us/op
# Warmup Iteration   2: 320.894 us/op
# Warmup Iteration   3: 318.522 us/op
# Warmup Iteration   4: 371.167 us/op
# Warmup Iteration   5: 387.629 us/op
Iteration   1: 384.720 us/op
Iteration   2: 376.798 us/op
Iteration   3: 367.478 us/op
Iteration   4: 297.029 us/op
Iteration   5: 298.091 us/op


Result "uk.ac.ncl.jensen.benchmark.VThreadChurnBenchmark.churn":
  366.075 ±(99.9%) 17.178 us/op [Average]
  (min, avg, max) = (297.029, 366.075, 390.138), stdev = 22.932
  CI (99.9%): [348.897, 383.253] (assumes normal distribution)


# Run complete. Total time: 00:08:21

REMEMBER: The numbers below are just data. To gain reusable insights, you need to follow up on
why the numbers are the way they are. Use profilers (see -prof, -lprof), design factorial
experiments, perform baseline and negative tests that provide experimental control, make sure
the benchmarking environment is safe on JVM/OS/HW level, ask for reviews from the domain experts.
Do not assume the numbers tell you what you want them to tell.

NOTE: Current JVM experimentally supports Compiler Blackholes, and they are in use. Please exercise
extra caution when trusting the results, look into the generated code to check the benchmark still
works, and factor in a small probability of new VM bugs. Additionally, while comparisons between
different JVMs are already problematic, the performance difference caused by different Blackhole
modes can be very significant. Please make sure you use the consistent Blackhole mode for comparisons.

Benchmark                    (vthreadsPerOp)  Mode  Cnt    Score    Error  Units
VThreadChurnBenchmark.churn             1000  avgt   25  366.075 ± 17.178  us/op

============================================================
Summary — DIRECTIONAL, VM-only — NOT citable as absolute overhead
  C - A = publish residual (expected ~0);  B - C = observation cost

  A  baseline   : 335.429 us/op   (directional, VM-only — not citable)
  C  publish-on : 366.075 us/op   (directional, VM-only — not citable)

  C - A  publish residual : 30.646 us/op   (directional, VM-only — not citable)

  (RUN_B=0: no observed state — no probe-firing counters this run)

RESULT: OK — A/C states completed (RUN_B=0: B skipped, no probe self-check — pair with a COUNT run). Still directional/VM-only.

[1m==== batch step 3/8 oslevel Churn COUNT  (#16 precondition: freeze_total == 0) ====[0m
measure-oslevel: A/C/B OS-level observation overhead  (DIRECTIONAL, VM-only — not citable)
  C - A = publish residual (expected ~0);  B - C = observation cost

JMH jar: /home/ubuntu/ebpf-vthread-correlate/target/ebpf-vthread-correlate-1.0-SNAPSHOT.jar
JDK:     /home/ubuntu/ebpf-vthread-correlate/.vthread-jdk/jdk
JAVA:    /home/ubuntu/ebpf-vthread-correlate/.vthread-jdk/jdk/bin/java
LIBJVM:  /home/ubuntu/ebpf-vthread-correlate/.vthread-jdk/jdk/lib/server/libjvm.so
BENCH:   churn
CLASS:   uk.ac.ncl.jensen.benchmark.VThreadChurnBenchmark
MODE:    COUNT MODE — time figures meaningless, counters only (B state only, -f 1 -wi 0 -i 5)
OUT:     /home/ubuntu/ebpf-vthread-correlate/result/benchmark/oslevel
RUNINFO: /home/ubuntu/ebpf-vthread-correlate/result/benchmark/oslevel/RUNINFO-20260707-142426.txt
LOG:     /home/ubuntu/ebpf-vthread-correlate/result/benchmark/oslevel/measure-oslevel-churn-count-20260707-142426.log

COUNT MODE — time figures meaningless, counters only. Skipping A and C.

B — observed (flag on, cropped bpftrace attached by libjvm path)
  bpftrace attached after 1s via libjvm path — no -c, no PID scope

  /home/ubuntu/ebpf-vthread-correlate/.vthread-jdk/jdk/bin/java -jar /home/ubuntu/ebpf-vthread-correlate/target/benchmarks.jar uk.ac.ncl.jensen.benchmark.VThreadChurnBenchmark -f 1 -wi 0 -r 1 -i 5 -jvmArgsAppend -XX:+VThreadTraceProbes 
# JMH version: 1.37
# VM version: JDK 21.0.12-internal, OpenJDK 64-Bit Server VM, 21.0.12-internal-adhoc.root.src
# VM invoker: /home/ubuntu/ebpf-vthread-correlate/.vthread-jdk/jdk/bin/java
# VM options: --enable-preview --enable-native-access=ALL-UNNAMED -XX:+VThreadTraceProbes
# Blackhole mode: compiler (auto-detected, use -Djmh.blackhole.autoDetect=false to disable)
# Warmup: <none>
# Measurement: 5 iterations, 1 s each
# Timeout: 10 min per iteration
# Threads: 1 thread, will synchronize iterations
# Benchmark mode: Average time, time/op
# Benchmark: uk.ac.ncl.jensen.benchmark.VThreadChurnBenchmark.churn
# Parameters: (vthreadsPerOp = 1000)

# Run progress: 0.00% complete, ETA 00:00:05
# Fork: 1 of 1
Iteration   1: 496.501 us/op
Iteration   2: 429.578 us/op
Iteration   3: 431.734 us/op
Iteration   4: 421.294 us/op
Iteration   5: 422.220 us/op


Result "uk.ac.ncl.jensen.benchmark.VThreadChurnBenchmark.churn":
  440.265 ±(99.9%) 122.300 us/op [Average]
  (min, avg, max) = (421.294, 440.265, 496.501), stdev = 31.761
  CI (99.9%): [317.966, 562.565] (assumes normal distribution)


# Run complete. Total time: 00:00:05

REMEMBER: The numbers below are just data. To gain reusable insights, you need to follow up on
why the numbers are the way they are. Use profilers (see -prof, -lprof), design factorial
experiments, perform baseline and negative tests that provide experimental control, make sure
the benchmarking environment is safe on JVM/OS/HW level, ask for reviews from the domain experts.
Do not assume the numbers tell you what you want them to tell.

NOTE: Current JVM experimentally supports Compiler Blackholes, and they are in use. Please exercise
extra caution when trusting the results, look into the generated code to check the benchmark still
works, and factor in a small probability of new VM bugs. Additionally, while comparisons between
different JVMs are already problematic, the performance difference caused by different Blackhole
modes can be very significant. Please make sure you use the consistent Blackhole mode for comparisons.

Benchmark                    (vthreadsPerOp)  Mode  Cnt    Score     Error  Units
VThreadChurnBenchmark.churn             1000  avgt    5  440.265 ± 122.300  us/op

  (churn self-check: @freeze_total=0 recorded, NOT asserted — zero is a legitimate no-blocking outcome)
============================================================
COUNT MODE — time figures meaningless, counters only
  ops estimated from avgt iteration scores (~±1 op per 1s iteration)

  ops (measured iterations only, wi=0): 11400
  @freeze_total=0  @thaw_total=0  @thaw_kind[0]=0
  @start_total=11404000  @end_total=11404000  @end_unmatched=0

COUNT RESULT: bench=churn class=uk.ac.ncl.jensen.benchmark.VThreadChurnBenchmark ops=11400 freeze_total=0 thaw_total=0 thaw_top=0 start_total=11404000 end_total=11404000 end_unmatched=0 freezes_per_op=0.0000 top_thaws_per_op=0.0000 starts_per_op=1000.3509 extra_jvmargs=''
  (archived: /home/ubuntu/ebpf-vthread-correlate/result/benchmark/oslevel/COUNT-churn-count-20260707-142426.txt)

RESULT: OK — COUNT mode counters harvested (time figures meaningless by design).

[1m==== batch step 4/8 oslevel ParkUnpark COUNT, baseline  (#11 true denominator) ====[0m
measure-oslevel: A/C/B OS-level observation overhead  (DIRECTIONAL, VM-only — not citable)
  C - A = publish residual (expected ~0);  B - C = observation cost

JMH jar: /home/ubuntu/ebpf-vthread-correlate/target/ebpf-vthread-correlate-1.0-SNAPSHOT.jar
JDK:     /home/ubuntu/ebpf-vthread-correlate/.vthread-jdk/jdk
JAVA:    /home/ubuntu/ebpf-vthread-correlate/.vthread-jdk/jdk/bin/java
LIBJVM:  /home/ubuntu/ebpf-vthread-correlate/.vthread-jdk/jdk/lib/server/libjvm.so
BENCH:   parkunpark
CLASS:   uk.ac.ncl.jensen.benchmark.VThreadParkUnparkBenchmark
MODE:    COUNT MODE — time figures meaningless, counters only (B state only, -f 1 -wi 0 -i 5)
OUT:     /home/ubuntu/ebpf-vthread-correlate/result/benchmark/oslevel
RUNINFO: /home/ubuntu/ebpf-vthread-correlate/result/benchmark/oslevel/RUNINFO-20260707-142438.txt
LOG:     /home/ubuntu/ebpf-vthread-correlate/result/benchmark/oslevel/measure-oslevel-parkunpark-count-20260707-142438.log

COUNT MODE — time figures meaningless, counters only. Skipping A and C.

B — observed (flag on, cropped bpftrace attached by libjvm path)
  bpftrace attached after 1s via libjvm path — no -c, no PID scope

  /home/ubuntu/ebpf-vthread-correlate/.vthread-jdk/jdk/bin/java -jar /home/ubuntu/ebpf-vthread-correlate/target/benchmarks.jar uk.ac.ncl.jensen.benchmark.VThreadParkUnparkBenchmark -f 1 -wi 0 -r 1 -i 5 -jvmArgsAppend -XX:+VThreadTraceProbes 
# JMH version: 1.37
# VM version: JDK 21.0.12-internal, OpenJDK 64-Bit Server VM, 21.0.12-internal-adhoc.root.src
# VM invoker: /home/ubuntu/ebpf-vthread-correlate/.vthread-jdk/jdk/bin/java
# VM options: --enable-preview --enable-native-access=ALL-UNNAMED -XX:+VThreadTraceProbes
# Blackhole mode: compiler (auto-detected, use -Djmh.blackhole.autoDetect=false to disable)
# Warmup: <none>
# Measurement: 5 iterations, 1 s each
# Timeout: 10 min per iteration
# Threads: 1 thread, will synchronize iterations
# Benchmark mode: Average time, time/op
# Benchmark: uk.ac.ncl.jensen.benchmark.VThreadParkUnparkBenchmark.parkUnpark_pingPong
# Parameters: (rounds = 10000)

# Run progress: 0.00% complete, ETA 00:00:05
# Fork: 1 of 1
Iteration   1: 44448.639 us/op
Iteration   2: 33420.989 us/op
Iteration   3: 33175.441 us/op
Iteration   4: 31663.239 us/op
Iteration   5: 33061.792 us/op


Result "uk.ac.ncl.jensen.benchmark.VThreadParkUnparkBenchmark.parkUnpark_pingPong":
  35154.020 ±(99.9%) 20181.111 us/op [Average]
  (min, avg, max) = (31663.239, 35154.020, 44448.639), stdev = 5240.970
  CI (99.9%): [14972.909, 55335.131] (assumes normal distribution)


# Run complete. Total time: 00:00:05

REMEMBER: The numbers below are just data. To gain reusable insights, you need to follow up on
why the numbers are the way they are. Use profilers (see -prof, -lprof), design factorial
experiments, perform baseline and negative tests that provide experimental control, make sure
the benchmarking environment is safe on JVM/OS/HW level, ask for reviews from the domain experts.
Do not assume the numbers tell you what you want them to tell.

NOTE: Current JVM experimentally supports Compiler Blackholes, and they are in use. Please exercise
extra caution when trusting the results, look into the generated code to check the benchmark still
works, and factor in a small probability of new VM bugs. Additionally, while comparisons between
different JVMs are already problematic, the performance difference caused by different Blackhole
modes can be very significant. Please make sure you use the consistent Blackhole mode for comparisons.

Benchmark                                       (rounds)  Mode  Cnt      Score       Error  Units
VThreadParkUnparkBenchmark.parkUnpark_pingPong     10000  avgt    5  35154.020 ± 20181.111  us/op

============================================================
COUNT MODE — time figures meaningless, counters only
  ops estimated from avgt iteration scores (~±1 op per 1s iteration)

  ops (measured iterations only, wi=0): 144
  @freeze_total=2869866  @thaw_total=2951145  @thaw_kind[0]=2869866
  @start_total=294  @end_total=294  @end_unmatched=0

COUNT RESULT: bench=parkunpark class=uk.ac.ncl.jensen.benchmark.VThreadParkUnparkBenchmark ops=144 freeze_total=2869866 thaw_total=2951145 thaw_top=2869866 start_total=294 end_total=294 end_unmatched=0 freezes_per_op=19929.6250 top_thaws_per_op=19929.6250 starts_per_op=2.0417 extra_jvmargs=''
  (archived: /home/ubuntu/ebpf-vthread-correlate/result/benchmark/oslevel/COUNT-parkunpark-count-20260707-142438.txt)

RESULT: OK — COUNT mode counters harvested (time figures meaningless by design).

[1m==== batch step 5/8 oslevel ParkUnpark COUNT, publish=jvmti  (#11 true denominator) ====[0m
measure-oslevel: A/C/B OS-level observation overhead  (DIRECTIONAL, VM-only — not citable)
  C - A = publish residual (expected ~0);  B - C = observation cost

JMH jar: /home/ubuntu/ebpf-vthread-correlate/target/ebpf-vthread-correlate-1.0-SNAPSHOT.jar
JDK:     /home/ubuntu/ebpf-vthread-correlate/.vthread-jdk/jdk
JAVA:    /home/ubuntu/ebpf-vthread-correlate/.vthread-jdk/jdk/bin/java
LIBJVM:  /home/ubuntu/ebpf-vthread-correlate/.vthread-jdk/jdk/lib/server/libjvm.so
BENCH:   parkunpark
CLASS:   uk.ac.ncl.jensen.benchmark.VThreadParkUnparkBenchmark
MODE:    COUNT MODE — time figures meaningless, counters only (B state only, -f 1 -wi 0 -i 5)
EXTRA:   -agentpath:/home/ubuntu/ebpf-vthread-correlate/JVMTI-agent/libvthread_trace_agent.so=publish=jvmti   (via -jvmArgsAppend, all states)
OUT:     /home/ubuntu/ebpf-vthread-correlate/result/benchmark/oslevel
RUNINFO: /home/ubuntu/ebpf-vthread-correlate/result/benchmark/oslevel/RUNINFO-20260707-142451.txt
LOG:     /home/ubuntu/ebpf-vthread-correlate/result/benchmark/oslevel/measure-oslevel-parkunpark-count-20260707-142451.log

COUNT MODE — time figures meaningless, counters only. Skipping A and C.

B — observed (flag on, cropped bpftrace attached by libjvm path)
  bpftrace attached after 1s via libjvm path — no -c, no PID scope

  /home/ubuntu/ebpf-vthread-correlate/.vthread-jdk/jdk/bin/java -jar /home/ubuntu/ebpf-vthread-correlate/target/benchmarks.jar uk.ac.ncl.jensen.benchmark.VThreadParkUnparkBenchmark -f 1 -wi 0 -r 1 -i 5 -jvmArgsAppend -XX:+VThreadTraceProbes -jvmArgsAppend -agentpath:/home/ubuntu/ebpf-vthread-correlate/JVMTI-agent/libvthread_trace_agent.so=publish=jvmti 
# JMH version: 1.37
# VM version: JDK 21.0.12-internal, OpenJDK 64-Bit Server VM, 21.0.12-internal-adhoc.root.src
# VM invoker: /home/ubuntu/ebpf-vthread-correlate/.vthread-jdk/jdk/bin/java
# VM options: --enable-preview --enable-native-access=ALL-UNNAMED -XX:+VThreadTraceProbes -agentpath:/home/ubuntu/ebpf-vthread-correlate/JVMTI-agent/libvthread_trace_agent.so=publish=jvmti
# Blackhole mode: compiler (auto-detected, use -Djmh.blackhole.autoDetect=false to disable)
# Warmup: <none>
# Measurement: 5 iterations, 1 s each
# Timeout: 10 min per iteration
# Threads: 1 thread, will synchronize iterations
# Benchmark mode: Average time, time/op
# Benchmark: uk.ac.ncl.jensen.benchmark.VThreadParkUnparkBenchmark.parkUnpark_pingPong
# Parameters: (rounds = 10000)

# Run progress: 0.00% complete, ETA 00:00:05
# Fork: 1 of 1
[vthread-trace-agent] loading, options=publish=jvmti
[vthread-trace-agent] loaded
[vthread-trace-agent] found mount ext event: id=com.sun.hotspot.events.VirtualThreadMount index=48
[vthread-trace-agent] found unmount ext event: id=com.sun.hotspot.events.VirtualThreadUnmount index=47
[vthread-trace-agent] JVMTI mount/unmount publish enabled (carrier-resident TLS)
[vthread-trace-agent] ready (fieldID=0x1e2 methodID=0x713f00228178 publish_jvmti=1)
Iteration   1: 42650.600 us/op
Iteration   2: 34851.581 us/op
Iteration   3: 35211.277 us/op
Iteration   4: 35066.189 us/op
Iteration   5: 34108.027 us/op
[vthread-trace-agent] unloading


Result "uk.ac.ncl.jensen.benchmark.VThreadParkUnparkBenchmark.parkUnpark_pingPong":
  36377.535 ±(99.9%) 13601.868 us/op [Average]
  (min, avg, max) = (34108.027, 36377.535, 42650.600), stdev = 3532.362
  CI (99.9%): [22775.667, 49979.403] (assumes normal distribution)


# Run complete. Total time: 00:00:05

REMEMBER: The numbers below are just data. To gain reusable insights, you need to follow up on
why the numbers are the way they are. Use profilers (see -prof, -lprof), design factorial
experiments, perform baseline and negative tests that provide experimental control, make sure
the benchmarking environment is safe on JVM/OS/HW level, ask for reviews from the domain experts.
Do not assume the numbers tell you what you want them to tell.

NOTE: Current JVM experimentally supports Compiler Blackholes, and they are in use. Please exercise
extra caution when trusting the results, look into the generated code to check the benchmark still
works, and factor in a small probability of new VM bugs. Additionally, while comparisons between
different JVMs are already problematic, the performance difference caused by different Blackhole
modes can be very significant. Please make sure you use the consistent Blackhole mode for comparisons.

Benchmark                                       (rounds)  Mode  Cnt      Score       Error  Units
VThreadParkUnparkBenchmark.parkUnpark_pingPong     10000  avgt    5  36377.535 ± 13601.868  us/op

============================================================
COUNT MODE — time figures meaningless, counters only
  ops estimated from avgt iteration scores (~±1 op per 1s iteration)

  ops (measured iterations only, wi=0): 138
  @freeze_total=2752853  @thaw_total=2834448  @thaw_kind[0]=2752853
  @start_total=282  @end_total=282  @end_unmatched=0

COUNT RESULT: bench=parkunpark class=uk.ac.ncl.jensen.benchmark.VThreadParkUnparkBenchmark ops=138 freeze_total=2752853 thaw_total=2834448 thaw_top=2752853 start_total=282 end_total=282 end_unmatched=0 freezes_per_op=19948.2101 top_thaws_per_op=19948.2101 starts_per_op=2.0435 extra_jvmargs='-agentpath:/home/ubuntu/ebpf-vthread-correlate/JVMTI-agent/libvthread_trace_agent.so=publish=jvmti'
  (archived: /home/ubuntu/ebpf-vthread-correlate/result/benchmark/oslevel/COUNT-parkunpark-count-20260707-142451.txt)

RESULT: OK — COUNT mode counters harvested (time figures meaningless by design).

[1m==== batch step 6/8 oslevel ParkUnpark COUNT, jvmAlloc  (#11 true denominator) ====[0m
measure-oslevel: A/C/B OS-level observation overhead  (DIRECTIONAL, VM-only — not citable)
  C - A = publish residual (expected ~0);  B - C = observation cost

JMH jar: /home/ubuntu/ebpf-vthread-correlate/target/ebpf-vthread-correlate-1.0-SNAPSHOT.jar
JDK:     /home/ubuntu/ebpf-vthread-correlate/.vthread-jdk/jdk
JAVA:    /home/ubuntu/ebpf-vthread-correlate/.vthread-jdk/jdk/bin/java
LIBJVM:  /home/ubuntu/ebpf-vthread-correlate/.vthread-jdk/jdk/lib/server/libjvm.so
BENCH:   parkunpark
CLASS:   uk.ac.ncl.jensen.benchmark.VThreadParkUnparkBenchmark
MODE:    COUNT MODE — time figures meaningless, counters only (B state only, -f 1 -wi 0 -i 5)
EXTRA:   -Dvthread.trace.jvmAlloc=true   (via -jvmArgsAppend, all states)
OUT:     /home/ubuntu/ebpf-vthread-correlate/result/benchmark/oslevel
RUNINFO: /home/ubuntu/ebpf-vthread-correlate/result/benchmark/oslevel/RUNINFO-20260707-142503.txt
LOG:     /home/ubuntu/ebpf-vthread-correlate/result/benchmark/oslevel/measure-oslevel-parkunpark-count-20260707-142503.log

COUNT MODE — time figures meaningless, counters only. Skipping A and C.

B — observed (flag on, cropped bpftrace attached by libjvm path)
  bpftrace attached after 1s via libjvm path — no -c, no PID scope

  /home/ubuntu/ebpf-vthread-correlate/.vthread-jdk/jdk/bin/java -jar /home/ubuntu/ebpf-vthread-correlate/target/benchmarks.jar uk.ac.ncl.jensen.benchmark.VThreadParkUnparkBenchmark -f 1 -wi 0 -r 1 -i 5 -jvmArgsAppend -XX:+VThreadTraceProbes -jvmArgsAppend -Dvthread.trace.jvmAlloc=true 
# JMH version: 1.37
# VM version: JDK 21.0.12-internal, OpenJDK 64-Bit Server VM, 21.0.12-internal-adhoc.root.src
# VM invoker: /home/ubuntu/ebpf-vthread-correlate/.vthread-jdk/jdk/bin/java
# VM options: --enable-preview --enable-native-access=ALL-UNNAMED -XX:+VThreadTraceProbes -Dvthread.trace.jvmAlloc=true
# Blackhole mode: compiler (auto-detected, use -Djmh.blackhole.autoDetect=false to disable)
# Warmup: <none>
# Measurement: 5 iterations, 1 s each
# Timeout: 10 min per iteration
# Threads: 1 thread, will synchronize iterations
# Benchmark mode: Average time, time/op
# Benchmark: uk.ac.ncl.jensen.benchmark.VThreadParkUnparkBenchmark.parkUnpark_pingPong
# Parameters: (rounds = 10000)

# Run progress: 0.00% complete, ETA 00:00:05
# Fork: 1 of 1
Iteration   1: 41950.947 us/op
Iteration   2: 33812.261 us/op
Iteration   3: 33946.404 us/op
Iteration   4: 33266.766 us/op
Iteration   5: 33358.505 us/op


Result "uk.ac.ncl.jensen.benchmark.VThreadParkUnparkBenchmark.parkUnpark_pingPong":
  35266.977 ±(99.9%) 14430.757 us/op [Average]
  (min, avg, max) = (33266.766, 35266.977, 41950.947), stdev = 3747.622
  CI (99.9%): [20836.220, 49697.734] (assumes normal distribution)


# Run complete. Total time: 00:00:05

REMEMBER: The numbers below are just data. To gain reusable insights, you need to follow up on
why the numbers are the way they are. Use profilers (see -prof, -lprof), design factorial
experiments, perform baseline and negative tests that provide experimental control, make sure
the benchmarking environment is safe on JVM/OS/HW level, ask for reviews from the domain experts.
Do not assume the numbers tell you what you want them to tell.

NOTE: Current JVM experimentally supports Compiler Blackholes, and they are in use. Please exercise
extra caution when trusting the results, look into the generated code to check the benchmark still
works, and factor in a small probability of new VM bugs. Additionally, while comparisons between
different JVMs are already problematic, the performance difference caused by different Blackhole
modes can be very significant. Please make sure you use the consistent Blackhole mode for comparisons.

Benchmark                                       (rounds)  Mode  Cnt      Score       Error  Units
VThreadParkUnparkBenchmark.parkUnpark_pingPong     10000  avgt    5  35266.977 ± 14430.757  us/op

============================================================
COUNT MODE — time figures meaningless, counters only
  ops estimated from avgt iteration scores (~±1 op per 1s iteration)

  ops (measured iterations only, wi=0): 143
  @freeze_total=2829623  @thaw_total=2913522  @thaw_kind[0]=2829623
  @start_total=290  @end_total=290  @end_unmatched=0

COUNT RESULT: bench=parkunpark class=uk.ac.ncl.jensen.benchmark.VThreadParkUnparkBenchmark ops=143 freeze_total=2829623 thaw_total=2913522 thaw_top=2829623 start_total=290 end_total=290 end_unmatched=0 freezes_per_op=19787.5734 top_thaws_per_op=19787.5734 starts_per_op=2.0280 extra_jvmargs='-Dvthread.trace.jvmAlloc=true'
  (archived: /home/ubuntu/ebpf-vthread-correlate/result/benchmark/oslevel/COUNT-parkunpark-count-20260707-142503.txt)

RESULT: OK — COUNT mode counters harvested (time figures meaningless by design).

[1m==== batch step 7/8 Transition N-sweep, gc pass only  (GAP-9 convergence curve) ====[0m

[1m== environment ==[0m
JAVA_HOME = /home/ubuntu/ebpf-vthread-correlate/.vthread-jdk/jdk
agent     = /home/ubuntu/ebpf-vthread-correlate/JVMTI-agent/libvthread_trace_agent.so
java      = openjdk version "21.0.12-internal" 2026-07-21
RUNINFO   = /home/ubuntu/ebpf-vthread-correlate/result/benchmark/nsweep-20260707-134231/RUNINFO-20260707-142516.txt

[1m== build ==[0m
+ make -C JVMTI-agent
make: Entering directory '/home/ubuntu/ebpf-vthread-correlate/JVMTI-agent'
make: 'libvthread_trace_agent.so' is up to date.
make: Leaving directory '/home/ubuntu/ebpf-vthread-correlate/JVMTI-agent'
+ mvn -q clean package

[1m== VThreadTransitionBenchmark / baseline ==[0m
+ /home/ubuntu/ebpf-vthread-correlate/.vthread-jdk/jdk/bin/java -Djmh.ignoreLock=true -jar /home/ubuntu/ebpf-vthread-correlate/target/ebpf-vthread-correlate-1.0-SNAPSHOT.jar VThreadTransitionBenchmark -p yieldsPerVthread=1000,10000,100000 -prof gc -rf json -rff /home/ubuntu/ebpf-vthread-correlate/result/benchmark/nsweep-20260707-134231/VThreadTransitionBenchmark_baseline_gc.json
# WARNING: JMH lock is ignored by user request, make sure no other JMH instances are running
# JMH version: 1.37
# VM version: JDK 21.0.12-internal, OpenJDK 64-Bit Server VM, 21.0.12-internal-adhoc.root.src
# VM invoker: /home/ubuntu/ebpf-vthread-correlate/.vthread-jdk/jdk/bin/java
# VM options: --enable-preview --enable-native-access=ALL-UNNAMED
# Blackhole mode: compiler (auto-detected, use -Djmh.blackhole.autoDetect=false to disable)
# Warmup: 5 iterations, 10 s each
# Measurement: 5 iterations, 10 s each
# Timeout: 10 min per iteration
# Threads: 1 thread, will synchronize iterations
# Benchmark mode: Average time, time/op
# Benchmark: uk.ac.ncl.jensen.benchmark.VThreadTransitionBenchmark.transition_yield
# Parameters: (yieldsPerVthread = 1000)

# Run progress: 0.00% complete, ETA 00:25:00
# Fork: 1 of 5
# Warmup Iteration   1: 937.139 us/op
# Warmup Iteration   2: 898.632 us/op
# Warmup Iteration   3: 912.863 us/op
# Warmup Iteration   4: 910.050 us/op
# Warmup Iteration   5: 910.235 us/op
Iteration   1: 907.636 us/op
                 gc.alloc.rate:      25.940 MB/sec
                 gc.alloc.rate.norm: 24688.289 B/op
                 gc.count:           1.000 counts
                 gc.time:            2.000 ms

Iteration   2: 900.151 us/op
                 gc.alloc.rate:      26.181 MB/sec
                 gc.alloc.rate.norm: 24712.620 B/op
                 gc.count:           ≈ 0 counts

Iteration   3: 894.252 us/op
                 gc.alloc.rate:      26.354 MB/sec
                 gc.alloc.rate.norm: 24712.616 B/op
                 gc.count:           ≈ 0 counts

Iteration   4: 894.111 us/op
                 gc.alloc.rate:      26.358 MB/sec
                 gc.alloc.rate.norm: 24712.616 B/op
                 gc.count:           ≈ 0 counts

Iteration   5: 891.039 us/op
                 gc.alloc.rate:      26.446 MB/sec
                 gc.alloc.rate.norm: 24709.534 B/op
                 gc.count:           1.000 counts
                 gc.time:            3.000 ms


# Run progress: 6.67% complete, ETA 00:23:23
# Fork: 2 of 5
# Warmup Iteration   1: 939.560 us/op
# Warmup Iteration   2: 907.052 us/op
# Warmup Iteration   3: 912.947 us/op
# Warmup Iteration   4: 911.227 us/op
# Warmup Iteration   5: 916.524 us/op
Iteration   1: 912.225 us/op
                 gc.alloc.rate:      25.809 MB/sec
                 gc.alloc.rate.norm: 24687.356 B/op
                 gc.count:           1.000 counts
                 gc.time:            2.000 ms

Iteration   2: 909.211 us/op
                 gc.alloc.rate:      25.921 MB/sec
                 gc.alloc.rate.norm: 24712.626 B/op
                 gc.count:           ≈ 0 counts

Iteration   3: 906.334 us/op
                 gc.alloc.rate:      26.003 MB/sec
                 gc.alloc.rate.norm: 24712.624 B/op
                 gc.count:           ≈ 0 counts

Iteration   4: 903.604 us/op
                 gc.alloc.rate:      26.082 MB/sec
                 gc.alloc.rate.norm: 24712.622 B/op
                 gc.count:           ≈ 0 counts

Iteration   5: 903.182 us/op
                 gc.alloc.rate:      26.094 MB/sec
                 gc.alloc.rate.norm: 24712.386 B/op
                 gc.count:           ≈ 0 counts


# Run progress: 13.33% complete, ETA 00:21:42
# Fork: 3 of 5
# Warmup Iteration   1: 941.963 us/op
# Warmup Iteration   2: 886.097 us/op
# Warmup Iteration   3: 897.497 us/op
# Warmup Iteration   4: 894.977 us/op
# Warmup Iteration   5: 896.393 us/op
Iteration   1: 881.962 us/op
                 gc.alloc.rate:      26.698 MB/sec
                 gc.alloc.rate.norm: 24691.232 B/op
                 gc.count:           1.000 counts
                 gc.time:            2.000 ms

Iteration   2: 875.338 us/op
                 gc.alloc.rate:      26.924 MB/sec
                 gc.alloc.rate.norm: 24712.603 B/op
                 gc.count:           ≈ 0 counts

Iteration   3: 876.849 us/op
                 gc.alloc.rate:      26.877 MB/sec
                 gc.alloc.rate.norm: 24712.604 B/op
                 gc.count:           ≈ 0 counts

Iteration   4: 875.404 us/op
                 gc.alloc.rate:      26.922 MB/sec
                 gc.alloc.rate.norm: 24712.603 B/op
                 gc.count:           ≈ 0 counts

Iteration   5: 874.296 us/op
                 gc.alloc.rate:      26.945 MB/sec
                 gc.alloc.rate.norm: 24702.740 B/op
                 gc.count:           1.000 counts
                 gc.time:            2.000 ms


# Run progress: 20.00% complete, ETA 00:20:02
# Fork: 4 of 5
# Warmup Iteration   1: 890.510 us/op
# Warmup Iteration   2: 849.112 us/op
# Warmup Iteration   3: 856.937 us/op
# Warmup Iteration   4: 854.671 us/op
# Warmup Iteration   5: 855.944 us/op
Iteration   1: 858.879 us/op
                 gc.alloc.rate:      27.427 MB/sec
                 gc.alloc.rate.norm: 24701.007 B/op
                 gc.count:           1.000 counts
                 gc.time:            2.000 ms

Iteration   2: 858.593 us/op
                 gc.alloc.rate:      27.449 MB/sec
                 gc.alloc.rate.norm: 24712.591 B/op
                 gc.count:           ≈ 0 counts

Iteration   3: 861.861 us/op
                 gc.alloc.rate:      27.345 MB/sec
                 gc.alloc.rate.norm: 24712.594 B/op
                 gc.count:           ≈ 0 counts

Iteration   4: 855.262 us/op
                 gc.alloc.rate:      27.556 MB/sec
                 gc.alloc.rate.norm: 24712.598 B/op
                 gc.count:           ≈ 0 counts

Iteration   5: 853.704 us/op
                 gc.alloc.rate:      27.580 MB/sec
                 gc.alloc.rate.norm: 24689.433 B/op
                 gc.count:           1.000 counts
                 gc.time:            2.000 ms


# Run progress: 26.67% complete, ETA 00:18:22
# Fork: 5 of 5
# Warmup Iteration   1: 910.502 us/op
# Warmup Iteration   2: 874.791 us/op
# Warmup Iteration   3: 887.590 us/op
# Warmup Iteration   4: 884.249 us/op
# Warmup Iteration   5: 887.173 us/op
Iteration   1: 874.646 us/op
                 gc.alloc.rate:      26.925 MB/sec
                 gc.alloc.rate.norm: 24694.515 B/op
                 gc.count:           1.000 counts
                 gc.time:            2.000 ms

Iteration   2: 865.476 us/op
                 gc.alloc.rate:      27.231 MB/sec
                 gc.alloc.rate.norm: 24712.596 B/op
                 gc.count:           ≈ 0 counts

Iteration   3: 866.260 us/op
                 gc.alloc.rate:      27.206 MB/sec
                 gc.alloc.rate.norm: 24712.597 B/op
                 gc.count:           ≈ 0 counts

Iteration   4: 866.504 us/op
                 gc.alloc.rate:      27.198 MB/sec
                 gc.alloc.rate.norm: 24712.606 B/op
                 gc.count:           ≈ 0 counts

Iteration   5: 868.727 us/op
                 gc.alloc.rate:      27.112 MB/sec
                 gc.alloc.rate.norm: 24697.773 B/op
                 gc.count:           1.000 counts
                 gc.time:            2.000 ms



Result "uk.ac.ncl.jensen.benchmark.VThreadTransitionBenchmark.transition_yield":
  881.420 ±(99.9%) 14.251 us/op [Average]
  (min, avg, max) = (853.704, 881.420, 912.225), stdev = 19.025
  CI (99.9%): [867.169, 895.672] (assumes normal distribution)

Secondary result "uk.ac.ncl.jensen.benchmark.VThreadTransitionBenchmark.transition_yield:gc.alloc.rate":
  26.743 ±(99.9%) 0.431 MB/sec [Average]
  (min, avg, max) = (25.809, 26.743, 27.580), stdev = 0.575
  CI (99.9%): [26.312, 27.174] (assumes normal distribution)

Secondary result "uk.ac.ncl.jensen.benchmark.VThreadTransitionBenchmark.transition_yield:gc.alloc.rate.norm":
  24706.535 ±(99.9%) 6.990 B/op [Average]
  (min, avg, max) = (24687.356, 24706.535, 24712.626), stdev = 9.332
  CI (99.9%): [24699.545, 24713.526] (assumes normal distribution)

Secondary result "uk.ac.ncl.jensen.benchmark.VThreadTransitionBenchmark.transition_yield:gc.count":
  9.000 ±(99.9%) 0.001 counts [Sum]
  (min, avg, max) = (≈ 0, 0.360, 1.000), stdev = 0.490
  CI (99.9%): [9.000, 9.000] (assumes normal distribution)

Secondary result "uk.ac.ncl.jensen.benchmark.VThreadTransitionBenchmark.transition_yield:gc.time":
  19.000 ±(99.9%) 0.001 ms [Sum]
  (min, avg, max) = (≈ 0, 0.760, 3.000), stdev = 1.052
  CI (99.9%): [19.000, 19.000] (assumes normal distribution)


# JMH version: 1.37
# VM version: JDK 21.0.12-internal, OpenJDK 64-Bit Server VM, 21.0.12-internal-adhoc.root.src
# VM invoker: /home/ubuntu/ebpf-vthread-correlate/.vthread-jdk/jdk/bin/java
# VM options: --enable-preview --enable-native-access=ALL-UNNAMED
# Blackhole mode: compiler (auto-detected, use -Djmh.blackhole.autoDetect=false to disable)
# Warmup: 5 iterations, 10 s each
# Measurement: 5 iterations, 10 s each
# Timeout: 10 min per iteration
# Threads: 1 thread, will synchronize iterations
# Benchmark mode: Average time, time/op
# Benchmark: uk.ac.ncl.jensen.benchmark.VThreadTransitionBenchmark.transition_yield
# Parameters: (yieldsPerVthread = 10000)

# Run progress: 33.33% complete, ETA 00:16:42
# Fork: 1 of 5
# Warmup Iteration   1: 8975.999 us/op
# Warmup Iteration   2: 8673.449 us/op
# Warmup Iteration   3: 8771.354 us/op
# Warmup Iteration   4: 8783.912 us/op
# Warmup Iteration   5: 8803.020 us/op
Iteration   1: 8717.402 us/op
                 gc.alloc.rate:      26.329 MB/sec
                 gc.alloc.rate.norm: 240678.279 B/op
                 gc.count:           1.000 counts
                 gc.time:            2.000 ms

Iteration   2: 8736.341 us/op
                 gc.alloc.rate:      26.272 MB/sec
                 gc.alloc.rate.norm: 240678.016 B/op
                 gc.count:           ≈ 0 counts

Iteration   3: 8748.075 us/op
                 gc.alloc.rate:      26.237 MB/sec
                 gc.alloc.rate.norm: 240678.021 B/op
                 gc.count:           ≈ 0 counts

Iteration   4: 8743.613 us/op
                 gc.alloc.rate:      26.250 MB/sec
                 gc.alloc.rate.norm: 240678.021 B/op
                 gc.count:           ≈ 0 counts

Iteration   5: 8727.982 us/op
                 gc.alloc.rate:      26.297 MB/sec
                 gc.alloc.rate.norm: 240678.010 B/op
                 gc.count:           ≈ 0 counts


# Run progress: 40.00% complete, ETA 00:15:02
# Fork: 2 of 5
# Warmup Iteration   1: 9022.197 us/op
# Warmup Iteration   2: 8741.298 us/op
# Warmup Iteration   3: 8842.340 us/op
# Warmup Iteration   4: 8891.963 us/op
# Warmup Iteration   5: 8831.368 us/op
Iteration   1: 8705.752 us/op
                 gc.alloc.rate:      26.364 MB/sec
                 gc.alloc.rate.norm: 240678.273 B/op
                 gc.count:           1.000 counts
                 gc.time:            2.000 ms

Iteration   2: 8684.084 us/op
                 gc.alloc.rate:      26.430 MB/sec
                 gc.alloc.rate.norm: 240677.979 B/op
                 gc.count:           ≈ 0 counts

Iteration   3: 8656.757 us/op
                 gc.alloc.rate:      26.514 MB/sec
                 gc.alloc.rate.norm: 240677.958 B/op
                 gc.count:           ≈ 0 counts

Iteration   4: 8698.914 us/op
                 gc.alloc.rate:      26.385 MB/sec
                 gc.alloc.rate.norm: 240677.990 B/op
                 gc.count:           ≈ 0 counts

Iteration   5: 8684.760 us/op
                 gc.alloc.rate:      26.428 MB/sec
                 gc.alloc.rate.norm: 240678.229 B/op
                 gc.count:           1.000 counts
                 gc.time:            2.000 ms


# Run progress: 46.67% complete, ETA 00:13:21
# Fork: 3 of 5
# Warmup Iteration   1: 9421.542 us/op
# Warmup Iteration   2: 9055.920 us/op
# Warmup Iteration   3: 9160.694 us/op
# Warmup Iteration   4: 9192.256 us/op
# Warmup Iteration   5: 9198.325 us/op
Iteration   1: 8957.304 us/op
                 gc.alloc.rate:      25.626 MB/sec
                 gc.alloc.rate.norm: 240699.703 B/op
                 gc.count:           1.000 counts
                 gc.time:            2.000 ms

Iteration   2: 8796.239 us/op
                 gc.alloc.rate:      26.093 MB/sec
                 gc.alloc.rate.norm: 240678.058 B/op
                 gc.count:           ≈ 0 counts

Iteration   3: 8807.223 us/op
                 gc.alloc.rate:      26.061 MB/sec
                 gc.alloc.rate.norm: 240678.063 B/op
                 gc.count:           ≈ 0 counts

Iteration   4: 8828.476 us/op
                 gc.alloc.rate:      25.998 MB/sec
                 gc.alloc.rate.norm: 240678.079 B/op
                 gc.count:           ≈ 0 counts

Iteration   5: 8825.852 us/op
                 gc.alloc.rate:      26.006 MB/sec
                 gc.alloc.rate.norm: 240678.074 B/op
                 gc.count:           ≈ 0 counts


# Run progress: 53.33% complete, ETA 00:11:41
# Fork: 4 of 5
# Warmup Iteration   1: 9207.822 us/op
# Warmup Iteration   2: 8881.860 us/op
# Warmup Iteration   3: 9067.218 us/op
# Warmup Iteration   4: 9086.695 us/op
# Warmup Iteration   5: 9041.363 us/op
Iteration   1: 8749.379 us/op
                 gc.alloc.rate:      26.233 MB/sec
                 gc.alloc.rate.norm: 240678.306 B/op
                 gc.count:           1.000 counts
                 gc.time:            2.000 ms

Iteration   2: 8627.770 us/op
                 gc.alloc.rate:      26.603 MB/sec
                 gc.alloc.rate.norm: 240677.938 B/op
                 gc.count:           ≈ 0 counts

Iteration   3: 8615.904 us/op
                 gc.alloc.rate:      26.639 MB/sec
                 gc.alloc.rate.norm: 240677.933 B/op
                 gc.count:           ≈ 0 counts

Iteration   4: 8643.516 us/op
                 gc.alloc.rate:      26.554 MB/sec
                 gc.alloc.rate.norm: 240677.953 B/op
                 gc.count:           ≈ 0 counts

Iteration   5: 8711.631 us/op
                 gc.alloc.rate:      26.347 MB/sec
                 gc.alloc.rate.norm: 240678.000 B/op
                 gc.count:           ≈ 0 counts


# Run progress: 60.00% complete, ETA 00:10:01
# Fork: 5 of 5
# Warmup Iteration   1: 9071.836 us/op
# Warmup Iteration   2: 8999.304 us/op
# Warmup Iteration   3: 9120.631 us/op
# Warmup Iteration   4: 9156.111 us/op
# Warmup Iteration   5: 9077.482 us/op
Iteration   1: 8769.689 us/op
                 gc.alloc.rate:      26.172 MB/sec
                 gc.alloc.rate.norm: 240678.317 B/op
                 gc.count:           1.000 counts
                 gc.time:            2.000 ms

Iteration   2: 8662.911 us/op
                 gc.alloc.rate:      26.495 MB/sec
                 gc.alloc.rate.norm: 240677.964 B/op
                 gc.count:           ≈ 0 counts

Iteration   3: 8696.934 us/op
                 gc.alloc.rate:      26.391 MB/sec
                 gc.alloc.rate.norm: 240677.990 B/op
                 gc.count:           ≈ 0 counts

Iteration   4: 8661.864 us/op
                 gc.alloc.rate:      26.498 MB/sec
                 gc.alloc.rate.norm: 240677.964 B/op
                 gc.count:           ≈ 0 counts

Iteration   5: 8770.284 us/op
                 gc.alloc.rate:      26.171 MB/sec
                 gc.alloc.rate.norm: 240678.037 B/op
                 gc.count:           ≈ 0 counts



Result "uk.ac.ncl.jensen.benchmark.VThreadTransitionBenchmark.transition_yield":
  8729.146 ±(99.9%) 56.754 us/op [Average]
  (min, avg, max) = (8615.904, 8729.146, 8957.304), stdev = 75.765
  CI (99.9%): [8672.392, 8785.901] (assumes normal distribution)

Secondary result "uk.ac.ncl.jensen.benchmark.VThreadTransitionBenchmark.transition_yield:gc.alloc.rate":
  26.296 ±(99.9%) 0.169 MB/sec [Average]
  (min, avg, max) = (25.626, 26.296, 26.639), stdev = 0.226
  CI (99.9%): [26.127, 26.465] (assumes normal distribution)

Secondary result "uk.ac.ncl.jensen.benchmark.VThreadTransitionBenchmark.transition_yield:gc.alloc.rate.norm":
  240678.926 ±(99.9%) 3.244 B/op [Average]
  (min, avg, max) = (240677.933, 240678.926, 240699.703), stdev = 4.330
  CI (99.9%): [240675.683, 240682.170] (assumes normal distribution)

Secondary result "uk.ac.ncl.jensen.benchmark.VThreadTransitionBenchmark.transition_yield:gc.count":
  6.000 ±(99.9%) 0.001 counts [Sum]
  (min, avg, max) = (≈ 0, 0.240, 1.000), stdev = 0.436
  CI (99.9%): [6.000, 6.000] (assumes normal distribution)

Secondary result "uk.ac.ncl.jensen.benchmark.VThreadTransitionBenchmark.transition_yield:gc.time":
  12.000 ±(99.9%) 0.001 ms [Sum]
  (min, avg, max) = (≈ 0, 0.480, 2.000), stdev = 0.872
  CI (99.9%): [12.000, 12.000] (assumes normal distribution)


# JMH version: 1.37
# VM version: JDK 21.0.12-internal, OpenJDK 64-Bit Server VM, 21.0.12-internal-adhoc.root.src
# VM invoker: /home/ubuntu/ebpf-vthread-correlate/.vthread-jdk/jdk/bin/java
# VM options: --enable-preview --enable-native-access=ALL-UNNAMED
# Blackhole mode: compiler (auto-detected, use -Djmh.blackhole.autoDetect=false to disable)
# Warmup: 5 iterations, 10 s each
# Measurement: 5 iterations, 10 s each
# Timeout: 10 min per iteration
# Threads: 1 thread, will synchronize iterations
# Benchmark mode: Average time, time/op
# Benchmark: uk.ac.ncl.jensen.benchmark.VThreadTransitionBenchmark.transition_yield
# Parameters: (yieldsPerVthread = 100000)

# Run progress: 66.67% complete, ETA 00:08:21
# Fork: 1 of 5
# Warmup Iteration   1: 91589.380 us/op
# Warmup Iteration   2: 87224.459 us/op
# Warmup Iteration   3: 88547.634 us/op
# Warmup Iteration   4: 89925.858 us/op
# Warmup Iteration   5: 91284.171 us/op
Iteration   1: 90559.795 us/op
                 gc.alloc.rate:      25.285 MB/sec
                 gc.alloc.rate.norm: 2401120.360 B/op
                 gc.count:           1.000 counts
                 gc.time:            2.000 ms

Iteration   2: 89545.226 us/op
                 gc.alloc.rate:      25.572 MB/sec
                 gc.alloc.rate.norm: 2401117.214 B/op
                 gc.count:           ≈ 0 counts

Iteration   3: 89290.902 us/op
                 gc.alloc.rate:      25.645 MB/sec
                 gc.alloc.rate.norm: 2401117.500 B/op
                 gc.count:           ≈ 0 counts

Iteration   4: 88505.224 us/op
                 gc.alloc.rate:      25.872 MB/sec
                 gc.alloc.rate.norm: 2401116.956 B/op
                 gc.count:           ≈ 0 counts

Iteration   5: 89662.940 us/op
                 gc.alloc.rate:      25.538 MB/sec
                 gc.alloc.rate.norm: 2401117.214 B/op
                 gc.count:           ≈ 0 counts


# Run progress: 73.33% complete, ETA 00:06:41
# Fork: 2 of 5
# Warmup Iteration   1: 90362.146 us/op
# Warmup Iteration   2: 87601.796 us/op
# Warmup Iteration   3: 87991.965 us/op
# Warmup Iteration   4: 89983.268 us/op
# Warmup Iteration   5: 90638.225 us/op
Iteration   1: 90933.726 us/op
                 gc.alloc.rate:      25.181 MB/sec
                 gc.alloc.rate.norm: 2401121.236 B/op
                 gc.count:           1.000 counts
                 gc.time:            2.000 ms

Iteration   2: 90586.946 us/op
                 gc.alloc.rate:      25.278 MB/sec
                 gc.alloc.rate.norm: 2401117.766 B/op
                 gc.count:           ≈ 0 counts

Iteration   3: 90856.709 us/op
                 gc.alloc.rate:      25.203 MB/sec
                 gc.alloc.rate.norm: 2401117.766 B/op
                 gc.count:           ≈ 0 counts

Iteration   4: 90307.508 us/op
                 gc.alloc.rate:      25.356 MB/sec
                 gc.alloc.rate.norm: 2401117.766 B/op
                 gc.count:           ≈ 0 counts

Iteration   5: 89828.312 us/op
                 gc.alloc.rate:      25.491 MB/sec
                 gc.alloc.rate.norm: 2401117.500 B/op
                 gc.count:           ≈ 0 counts


# Run progress: 80.00% complete, ETA 00:05:00
# Fork: 3 of 5
# Warmup Iteration   1: 90405.556 us/op
# Warmup Iteration   2: 87747.496 us/op
# Warmup Iteration   3: 88794.967 us/op
# Warmup Iteration   4: 89203.863 us/op
# Warmup Iteration   5: 90615.768 us/op
Iteration   1: 91331.248 us/op
                 gc.alloc.rate:      25.072 MB/sec
                 gc.alloc.rate.norm: 2401120.945 B/op
                 gc.count:           1.000 counts
                 gc.time:            2.000 ms

Iteration   2: 91443.000 us/op
                 gc.alloc.rate:      25.041 MB/sec
                 gc.alloc.rate.norm: 2401118.327 B/op
                 gc.count:           ≈ 0 counts

Iteration   3: 92041.592 us/op
                 gc.alloc.rate:      24.878 MB/sec
                 gc.alloc.rate.norm: 2401118.899 B/op
                 gc.count:           ≈ 0 counts

Iteration   4: 91899.682 us/op
                 gc.alloc.rate:      24.917 MB/sec
                 gc.alloc.rate.norm: 2401118.899 B/op
                 gc.count:           ≈ 0 counts

Iteration   5: 92337.156 us/op
                 gc.alloc.rate:      24.799 MB/sec
                 gc.alloc.rate.norm: 2401118.899 B/op
                 gc.count:           ≈ 0 counts


# Run progress: 86.67% complete, ETA 00:03:20
# Fork: 4 of 5
# Warmup Iteration   1: 88475.862 us/op
# Warmup Iteration   2: 85183.268 us/op
# Warmup Iteration   3: 86048.496 us/op
# Warmup Iteration   4: 87068.719 us/op
# Warmup Iteration   5: 87754.049 us/op
Iteration   1: 87658.625 us/op
                 gc.alloc.rate:      26.122 MB/sec
                 gc.alloc.rate.norm: 2401118.122 B/op
                 gc.count:           1.000 counts
                 gc.time:            2.000 ms

Iteration   2: 87514.645 us/op
                 gc.alloc.rate:      26.165 MB/sec
                 gc.alloc.rate.norm: 2401115.617 B/op
                 gc.count:           ≈ 0 counts

Iteration   3: 87830.780 us/op
                 gc.alloc.rate:      26.071 MB/sec
                 gc.alloc.rate.norm: 2401116.140 B/op
                 gc.count:           ≈ 0 counts

Iteration   4: 86900.377 us/op
                 gc.alloc.rate:      26.350 MB/sec
                 gc.alloc.rate.norm: 2401115.103 B/op
                 gc.count:           ≈ 0 counts

Iteration   5: 87313.557 us/op
                 gc.alloc.rate:      26.225 MB/sec
                 gc.alloc.rate.norm: 2401115.617 B/op
                 gc.count:           ≈ 0 counts


# Run progress: 93.33% complete, ETA 00:01:40
# Fork: 5 of 5
# Warmup Iteration   1: 87085.349 us/op
# Warmup Iteration   2: 84026.002 us/op
# Warmup Iteration   3: 85331.355 us/op
# Warmup Iteration   4: 86142.339 us/op
# Warmup Iteration   5: 85992.996 us/op
Iteration   1: 85168.734 us/op
                 gc.alloc.rate:      26.886 MB/sec
                 gc.alloc.rate.norm: 2401116.542 B/op
                 gc.count:           1.000 counts
                 gc.time:            3.000 ms

Iteration   2: 85145.513 us/op
                 gc.alloc.rate:      26.893 MB/sec
                 gc.alloc.rate.norm: 2401114.102 B/op
                 gc.count:           ≈ 0 counts

Iteration   3: 84877.337 us/op
                 gc.alloc.rate:      26.978 MB/sec
                 gc.alloc.rate.norm: 2401114.102 B/op
                 gc.count:           ≈ 0 counts

Iteration   4: 85426.398 us/op
                 gc.alloc.rate:      26.805 MB/sec
                 gc.alloc.rate.norm: 2401114.102 B/op
                 gc.count:           ≈ 0 counts

Iteration   5: 85004.404 us/op
                 gc.alloc.rate:      26.938 MB/sec
                 gc.alloc.rate.norm: 2401116.271 B/op
                 gc.count:           1.000 counts
                 gc.time:            2.000 ms



Result "uk.ac.ncl.jensen.benchmark.VThreadTransitionBenchmark.transition_yield":
  88878.814 ±(99.9%) 1830.553 us/op [Average]
  (min, avg, max) = (84877.337, 88878.814, 92337.156), stdev = 2443.736
  CI (99.9%): [87048.260, 90709.367] (assumes normal distribution)

Secondary result "uk.ac.ncl.jensen.benchmark.VThreadTransitionBenchmark.transition_yield:gc.alloc.rate":
  25.782 ±(99.9%) 0.536 MB/sec [Average]
  (min, avg, max) = (24.799, 25.782, 26.978), stdev = 0.716
  CI (99.9%): [25.246, 26.319] (assumes normal distribution)

Secondary result "uk.ac.ncl.jensen.benchmark.VThreadTransitionBenchmark.transition_yield:gc.alloc.rate.norm":
  2401117.319 ±(99.9%) 1.471 B/op [Average]
  (min, avg, max) = (2401114.102, 2401117.319, 2401121.236), stdev = 1.964
  CI (99.9%): [2401115.848, 2401118.790] (assumes normal distribution)

Secondary result "uk.ac.ncl.jensen.benchmark.VThreadTransitionBenchmark.transition_yield:gc.count":
  6.000 ±(99.9%) 0.001 counts [Sum]
  (min, avg, max) = (≈ 0, 0.240, 1.000), stdev = 0.436
  CI (99.9%): [6.000, 6.000] (assumes normal distribution)

Secondary result "uk.ac.ncl.jensen.benchmark.VThreadTransitionBenchmark.transition_yield:gc.time":
  13.000 ±(99.9%) 0.001 ms [Sum]
  (min, avg, max) = (≈ 0, 0.520, 3.000), stdev = 0.963
  CI (99.9%): [13.000, 13.000] (assumes normal distribution)


# Run complete. Total time: 00:25:05

REMEMBER: The numbers below are just data. To gain reusable insights, you need to follow up on
why the numbers are the way they are. Use profilers (see -prof, -lprof), design factorial
experiments, perform baseline and negative tests that provide experimental control, make sure
the benchmarking environment is safe on JVM/OS/HW level, ask for reviews from the domain experts.
Do not assume the numbers tell you what you want them to tell.

NOTE: Current JVM experimentally supports Compiler Blackholes, and they are in use. Please exercise
extra caution when trusting the results, look into the generated code to check the benchmark still
works, and factor in a small probability of new VM bugs. Additionally, while comparisons between
different JVMs are already problematic, the performance difference caused by different Blackhole
modes can be very significant. Please make sure you use the consistent Blackhole mode for comparisons.

Benchmark                                                       (yieldsPerVthread)  Mode  Cnt        Score      Error   Units
VThreadTransitionBenchmark.transition_yield                                   1000  avgt   25      881.420 ±   14.251   us/op
VThreadTransitionBenchmark.transition_yield:gc.alloc.rate                     1000  avgt   25       26.743 ±    0.431  MB/sec
VThreadTransitionBenchmark.transition_yield:gc.alloc.rate.norm                1000  avgt   25    24706.535 ±    6.990    B/op
VThreadTransitionBenchmark.transition_yield:gc.count                          1000  avgt   25        9.000             counts
VThreadTransitionBenchmark.transition_yield:gc.time                           1000  avgt   25       19.000                 ms
VThreadTransitionBenchmark.transition_yield                                  10000  avgt   25     8729.146 ±   56.754   us/op
VThreadTransitionBenchmark.transition_yield:gc.alloc.rate                    10000  avgt   25       26.296 ±    0.169  MB/sec
VThreadTransitionBenchmark.transition_yield:gc.alloc.rate.norm               10000  avgt   25   240678.926 ±    3.244    B/op
VThreadTransitionBenchmark.transition_yield:gc.count                         10000  avgt   25        6.000             counts
VThreadTransitionBenchmark.transition_yield:gc.time                          10000  avgt   25       12.000                 ms
VThreadTransitionBenchmark.transition_yield                                 100000  avgt   25    88878.814 ± 1830.553   us/op
VThreadTransitionBenchmark.transition_yield:gc.alloc.rate                   100000  avgt   25       25.782 ±    0.536  MB/sec
VThreadTransitionBenchmark.transition_yield:gc.alloc.rate.norm              100000  avgt   25  2401117.319 ±    1.471    B/op
VThreadTransitionBenchmark.transition_yield:gc.count                        100000  avgt   25        6.000             counts
VThreadTransitionBenchmark.transition_yield:gc.time                         100000  avgt   25       13.000                 ms

Benchmark result is saved to /home/ubuntu/ebpf-vthread-correlate/result/benchmark/nsweep-20260707-134231/VThreadTransitionBenchmark_baseline_gc.json

[1m== VThreadTransitionBenchmark / agent ==[0m
+ /home/ubuntu/ebpf-vthread-correlate/.vthread-jdk/jdk/bin/java -Djmh.ignoreLock=true -jar /home/ubuntu/ebpf-vthread-correlate/target/ebpf-vthread-correlate-1.0-SNAPSHOT.jar VThreadTransitionBenchmark -jvmArgsAppend -agentpath:/home/ubuntu/ebpf-vthread-correlate/JVMTI-agent/libvthread_trace_agent.so -p yieldsPerVthread=1000,10000,100000 -prof gc -rf json -rff /home/ubuntu/ebpf-vthread-correlate/result/benchmark/nsweep-20260707-134231/VThreadTransitionBenchmark_agent_gc.json
# WARNING: JMH lock is ignored by user request, make sure no other JMH instances are running
# JMH version: 1.37
# VM version: JDK 21.0.12-internal, OpenJDK 64-Bit Server VM, 21.0.12-internal-adhoc.root.src
# VM invoker: /home/ubuntu/ebpf-vthread-correlate/.vthread-jdk/jdk/bin/java
# VM options: --enable-preview --enable-native-access=ALL-UNNAMED -agentpath:/home/ubuntu/ebpf-vthread-correlate/JVMTI-agent/libvthread_trace_agent.so
# Blackhole mode: compiler (auto-detected, use -Djmh.blackhole.autoDetect=false to disable)
# Warmup: 5 iterations, 10 s each
# Measurement: 5 iterations, 10 s each
# Timeout: 10 min per iteration
# Threads: 1 thread, will synchronize iterations
# Benchmark mode: Average time, time/op
# Benchmark: uk.ac.ncl.jensen.benchmark.VThreadTransitionBenchmark.transition_yield
# Parameters: (yieldsPerVthread = 1000)

# Run progress: 0.00% complete, ETA 00:25:00
# Fork: 1 of 5
[vthread-trace-agent] loading, options=(none)
[vthread-trace-agent] loaded
[vthread-trace-agent] ready (fieldID=0x1e2 methodID=0x775700228108 publish_jvmti=0)
# Warmup Iteration   1: 1101.802 us/op
# Warmup Iteration   2: 1064.728 us/op
# Warmup Iteration   3: 1070.748 us/op
# Warmup Iteration   4: 1078.382 us/op
# Warmup Iteration   5: 1078.302 us/op
Iteration   1: 1080.930 us/op
                 gc.alloc.rate:      21.768 MB/sec
                 gc.alloc.rate.norm: 24672.748 B/op
                 gc.count:           ≈ 0 counts

Iteration   2: 1064.696 us/op
                 gc.alloc.rate:      22.113 MB/sec
                 gc.alloc.rate.norm: 24687.918 B/op
                 gc.count:           1.000 counts
                 gc.time:            2.000 ms

Iteration   3: 1047.958 us/op
                 gc.alloc.rate:      22.489 MB/sec
                 gc.alloc.rate.norm: 24712.722 B/op
                 gc.count:           ≈ 0 counts

Iteration   4: 1046.078 us/op
                 gc.alloc.rate:      22.529 MB/sec
                 gc.alloc.rate.norm: 24712.721 B/op
                 gc.count:           ≈ 0 counts

Iteration   5: 1054.395 us/op
                 gc.alloc.rate:      22.352 MB/sec
                 gc.alloc.rate.norm: 24712.726 B/op
                 gc.count:           ≈ 0 counts

[vthread-trace-agent] unloading

# Run progress: 6.67% complete, ETA 00:23:23
# Fork: 2 of 5
[vthread-trace-agent] loading, options=(none)
[vthread-trace-agent] loaded
[vthread-trace-agent] ready (fieldID=0x1e2 methodID=0x7e9234228128 publish_jvmti=0)
# Warmup Iteration   1: 1088.301 us/op
# Warmup Iteration   2: 1039.978 us/op
# Warmup Iteration   3: 1039.626 us/op
# Warmup Iteration   4: 1047.156 us/op
# Warmup Iteration   5: 1046.884 us/op
Iteration   1: 1050.502 us/op
                 gc.alloc.rate:      22.398 MB/sec
                 gc.alloc.rate.norm: 24672.727 B/op
                 gc.count:           ≈ 0 counts

Iteration   2: 1040.322 us/op
                 gc.alloc.rate:      22.637 MB/sec
                 gc.alloc.rate.norm: 24694.449 B/op
                 gc.count:           1.000 counts
                 gc.time:            2.000 ms

Iteration   3: 1028.796 us/op
                 gc.alloc.rate:      22.908 MB/sec
                 gc.alloc.rate.norm: 24712.709 B/op
                 gc.count:           ≈ 0 counts

Iteration   4: 1038.865 us/op
                 gc.alloc.rate:      22.686 MB/sec
                 gc.alloc.rate.norm: 24712.716 B/op
                 gc.count:           ≈ 0 counts

Iteration   5: 1044.447 us/op
                 gc.alloc.rate:      22.565 MB/sec
                 gc.alloc.rate.norm: 24712.719 B/op
                 gc.count:           ≈ 0 counts

[vthread-trace-agent] unloading

# Run progress: 13.33% complete, ETA 00:21:42
# Fork: 3 of 5
[vthread-trace-agent] loading, options=(none)
[vthread-trace-agent] loaded
[vthread-trace-agent] ready (fieldID=0x1e2 methodID=0x70b978228128 publish_jvmti=0)
# Warmup Iteration   1: 1101.625 us/op
# Warmup Iteration   2: 1061.227 us/op
# Warmup Iteration   3: 1069.999 us/op
# Warmup Iteration   4: 1072.569 us/op
# Warmup Iteration   5: 1072.785 us/op
Iteration   1: 1077.741 us/op
                 gc.alloc.rate:      21.832 MB/sec
                 gc.alloc.rate.norm: 24672.746 B/op
                 gc.count:           ≈ 0 counts

Iteration   2: 1053.011 us/op
                 gc.alloc.rate:      22.359 MB/sec
                 gc.alloc.rate.norm: 24688.868 B/op
                 gc.count:           1.000 counts
                 gc.time:            2.000 ms

Iteration   3: 1030.397 us/op
                 gc.alloc.rate:      22.872 MB/sec
                 gc.alloc.rate.norm: 24712.710 B/op
                 gc.count:           ≈ 0 counts

Iteration   4: 1037.987 us/op
                 gc.alloc.rate:      22.705 MB/sec
                 gc.alloc.rate.norm: 24712.715 B/op
                 gc.count:           ≈ 0 counts

Iteration   5: 1041.569 us/op
                 gc.alloc.rate:      22.627 MB/sec
                 gc.alloc.rate.norm: 24712.717 B/op
                 gc.count:           ≈ 0 counts

[vthread-trace-agent] unloading

# Run progress: 20.00% complete, ETA 00:20:02
# Fork: 4 of 5
[vthread-trace-agent] loading, options=(none)
[vthread-trace-agent] loaded
[vthread-trace-agent] ready (fieldID=0x1e2 methodID=0x70cd50228128 publish_jvmti=0)
# Warmup Iteration   1: 1103.640 us/op
# Warmup Iteration   2: 1055.149 us/op
# Warmup Iteration   3: 1064.119 us/op
# Warmup Iteration   4: 1074.679 us/op
# Warmup Iteration   5: 1064.882 us/op
Iteration   1: 1058.234 us/op
                 gc.alloc.rate:      22.235 MB/sec
                 gc.alloc.rate.norm: 24672.732 B/op
                 gc.count:           ≈ 0 counts

Iteration   2: 1064.545 us/op
                 gc.alloc.rate:      22.118 MB/sec
                 gc.alloc.rate.norm: 24689.943 B/op
                 gc.count:           1.000 counts
                 gc.time:            2.000 ms

Iteration   3: 1074.330 us/op
                 gc.alloc.rate:      21.937 MB/sec
                 gc.alloc.rate.norm: 24712.740 B/op
                 gc.count:           ≈ 0 counts

Iteration   4: 1072.316 us/op
                 gc.alloc.rate:      21.978 MB/sec
                 gc.alloc.rate.norm: 24712.739 B/op
                 gc.count:           ≈ 0 counts

Iteration   5: 1069.689 us/op
                 gc.alloc.rate:      22.032 MB/sec
                 gc.alloc.rate.norm: 24712.737 B/op
                 gc.count:           ≈ 0 counts

[vthread-trace-agent] unloading

# Run progress: 26.67% complete, ETA 00:18:22
# Fork: 5 of 5
[vthread-trace-agent] loading, options=(none)
[vthread-trace-agent] loaded
[vthread-trace-agent] ready (fieldID=0x1e2 methodID=0x7eac50228148 publish_jvmti=0)
# Warmup Iteration   1: 1074.340 us/op
# Warmup Iteration   2: 1036.117 us/op
# Warmup Iteration   3: 1030.923 us/op
# Warmup Iteration   4: 1038.148 us/op
# Warmup Iteration   5: 1040.818 us/op
Iteration   1: 1041.377 us/op
                 gc.alloc.rate:      22.594 MB/sec
                 gc.alloc.rate.norm: 24672.721 B/op
                 gc.count:           ≈ 0 counts

Iteration   2: 1021.274 us/op
                 gc.alloc.rate:      23.062 MB/sec
                 gc.alloc.rate.norm: 24696.645 B/op
                 gc.count:           1.000 counts
                 gc.time:            2.000 ms

Iteration   3: 1011.296 us/op
                 gc.alloc.rate:      23.304 MB/sec
                 gc.alloc.rate.norm: 24712.697 B/op
                 gc.count:           ≈ 0 counts

Iteration   4: 1013.731 us/op
                 gc.alloc.rate:      23.248 MB/sec
                 gc.alloc.rate.norm: 24712.698 B/op
                 gc.count:           ≈ 0 counts

Iteration   5: 1016.910 us/op
                 gc.alloc.rate:      23.176 MB/sec
                 gc.alloc.rate.norm: 24712.700 B/op
                 gc.count:           ≈ 0 counts

[vthread-trace-agent] unloading


Result "uk.ac.ncl.jensen.benchmark.VThreadTransitionBenchmark.transition_yield":
  1047.256 ±(99.9%) 15.032 us/op [Average]
  (min, avg, max) = (1011.296, 1047.256, 1080.930), stdev = 20.067
  CI (99.9%): [1032.224, 1062.288] (assumes normal distribution)

Secondary result "uk.ac.ncl.jensen.benchmark.VThreadTransitionBenchmark.transition_yield:gc.alloc.rate":
  22.501 ±(99.9%) 0.329 MB/sec [Average]
  (min, avg, max) = (21.768, 22.501, 23.304), stdev = 0.439
  CI (99.9%): [22.172, 22.830] (assumes normal distribution)

Secondary result "uk.ac.ncl.jensen.benchmark.VThreadTransitionBenchmark.transition_yield:gc.alloc.rate.norm":
  24700.490 ±(99.9%) 12.375 B/op [Average]
  (min, avg, max) = (24672.721, 24700.490, 24712.740), stdev = 16.520
  CI (99.9%): [24688.115, 24712.866] (assumes normal distribution)

Secondary result "uk.ac.ncl.jensen.benchmark.VThreadTransitionBenchmark.transition_yield:gc.count":
  5.000 ±(99.9%) 0.001 counts [Sum]
  (min, avg, max) = (≈ 0, 0.200, 1.000), stdev = 0.408
  CI (99.9%): [5.000, 5.000] (assumes normal distribution)

Secondary result "uk.ac.ncl.jensen.benchmark.VThreadTransitionBenchmark.transition_yield:gc.time":
  10.000 ±(99.9%) 0.001 ms [Sum]
  (min, avg, max) = (≈ 0, 0.400, 2.000), stdev = 0.816
  CI (99.9%): [10.000, 10.000] (assumes normal distribution)


# JMH version: 1.37
# VM version: JDK 21.0.12-internal, OpenJDK 64-Bit Server VM, 21.0.12-internal-adhoc.root.src
# VM invoker: /home/ubuntu/ebpf-vthread-correlate/.vthread-jdk/jdk/bin/java
# VM options: --enable-preview --enable-native-access=ALL-UNNAMED -agentpath:/home/ubuntu/ebpf-vthread-correlate/JVMTI-agent/libvthread_trace_agent.so
# Blackhole mode: compiler (auto-detected, use -Djmh.blackhole.autoDetect=false to disable)
# Warmup: 5 iterations, 10 s each
# Measurement: 5 iterations, 10 s each
# Timeout: 10 min per iteration
# Threads: 1 thread, will synchronize iterations
# Benchmark mode: Average time, time/op
# Benchmark: uk.ac.ncl.jensen.benchmark.VThreadTransitionBenchmark.transition_yield
# Parameters: (yieldsPerVthread = 10000)

# Run progress: 33.33% complete, ETA 00:16:42
# Fork: 1 of 5
[vthread-trace-agent] loading, options=(none)
[vthread-trace-agent] loaded
[vthread-trace-agent] ready (fieldID=0x1e2 methodID=0x71a16c228148 publish_jvmti=0)
# Warmup Iteration   1: 10940.650 us/op
# Warmup Iteration   2: 10508.466 us/op
# Warmup Iteration   3: 10573.285 us/op
# Warmup Iteration   4: 10519.039 us/op
# Warmup Iteration   5: 10533.291 us/op
Iteration   1: 10560.161 us/op
                 gc.alloc.rate:      21.763 MB/sec
                 gc.alloc.rate.norm: 240994.281 B/op
                 gc.count:           ≈ 0 counts

Iteration   2: 10424.033 us/op
                 gc.alloc.rate:      22.019 MB/sec
                 gc.alloc.rate.norm: 240679.475 B/op
                 gc.count:           1.000 counts
                 gc.time:            2.000 ms

Iteration   3: 10453.379 us/op
                 gc.alloc.rate:      21.957 MB/sec
                 gc.alloc.rate.norm: 240679.197 B/op
                 gc.count:           ≈ 0 counts

Iteration   4: 10337.455 us/op
                 gc.alloc.rate:      22.203 MB/sec
                 gc.alloc.rate.norm: 240679.116 B/op
                 gc.count:           ≈ 0 counts

Iteration   5: 10429.686 us/op
                 gc.alloc.rate:      22.007 MB/sec
                 gc.alloc.rate.norm: 240679.182 B/op
                 gc.count:           ≈ 0 counts

[vthread-trace-agent] unloading

# Run progress: 40.00% complete, ETA 00:15:02
# Fork: 2 of 5
[vthread-trace-agent] loading, options=(none)
[vthread-trace-agent] loaded
[vthread-trace-agent] ready (fieldID=0x1e2 methodID=0x7e3250228128 publish_jvmti=0)
# Warmup Iteration   1: 11287.866 us/op
# Warmup Iteration   2: 11126.262 us/op
# Warmup Iteration   3: 11281.148 us/op
# Warmup Iteration   4: 11191.377 us/op
# Warmup Iteration   5: 11233.251 us/op
Iteration   1: 11279.090 us/op
                 gc.alloc.rate:      20.382 MB/sec
                 gc.alloc.rate.norm: 241063.802 B/op
                 gc.count:           ≈ 0 counts

Iteration   2: 11053.721 us/op
                 gc.alloc.rate:      20.770 MB/sec
                 gc.alloc.rate.norm: 240741.887 B/op
                 gc.count:           ≈ 0 counts

Iteration   3: 10725.567 us/op
                 gc.alloc.rate:      21.400 MB/sec
                 gc.alloc.rate.norm: 240679.691 B/op
                 gc.count:           1.000 counts
                 gc.time:            2.000 ms

Iteration   4: 10784.188 us/op
                 gc.alloc.rate:      21.284 MB/sec
                 gc.alloc.rate.norm: 240679.422 B/op
                 gc.count:           ≈ 0 counts

Iteration   5: 10745.487 us/op
                 gc.alloc.rate:      21.360 MB/sec
                 gc.alloc.rate.norm: 240679.398 B/op
                 gc.count:           ≈ 0 counts

[vthread-trace-agent] unloading

# Run progress: 46.67% complete, ETA 00:13:21
# Fork: 3 of 5
[vthread-trace-agent] loading, options=(none)
[vthread-trace-agent] loaded
[vthread-trace-agent] ready (fieldID=0x1e2 methodID=0x7b7a84228148 publish_jvmti=0)
# Warmup Iteration   1: 10825.837 us/op
# Warmup Iteration   2: 10532.617 us/op
# Warmup Iteration   3: 10675.556 us/op
# Warmup Iteration   4: 10613.194 us/op
# Warmup Iteration   5: 10669.856 us/op
Iteration   1: 10705.011 us/op
                 gc.alloc.rate:      21.470 MB/sec
                 gc.alloc.rate.norm: 241007.452 B/op
                 gc.count:           ≈ 0 counts

Iteration   2: 10502.924 us/op
                 gc.alloc.rate:      21.853 MB/sec
                 gc.alloc.rate.norm: 240679.530 B/op
                 gc.count:           1.000 counts
                 gc.time:            2.000 ms

Iteration   3: 10628.452 us/op
                 gc.alloc.rate:      21.595 MB/sec
                 gc.alloc.rate.norm: 240679.320 B/op
                 gc.count:           ≈ 0 counts

Iteration   4: 10655.786 us/op
                 gc.alloc.rate:      21.540 MB/sec
                 gc.alloc.rate.norm: 240679.335 B/op
                 gc.count:           ≈ 0 counts

Iteration   5: 10571.334 us/op
                 gc.alloc.rate:      21.712 MB/sec
                 gc.alloc.rate.norm: 240679.281 B/op
                 gc.count:           ≈ 0 counts

[vthread-trace-agent] unloading

# Run progress: 53.33% complete, ETA 00:11:41
# Fork: 4 of 5
[vthread-trace-agent] loading, options=(none)
[vthread-trace-agent] loaded
[vthread-trace-agent] ready (fieldID=0x1e2 methodID=0x708618228148 publish_jvmti=0)
# Warmup Iteration   1: 10902.651 us/op
# Warmup Iteration   2: 10783.307 us/op
# Warmup Iteration   3: 10779.443 us/op
# Warmup Iteration   4: 10830.401 us/op
# Warmup Iteration   5: 10909.034 us/op
Iteration   1: 10783.078 us/op
                 gc.alloc.rate:      21.318 MB/sec
                 gc.alloc.rate.norm: 241041.888 B/op
                 gc.count:           ≈ 0 counts

Iteration   2: 10707.616 us/op
                 gc.alloc.rate:      21.436 MB/sec
                 gc.alloc.rate.norm: 240679.683 B/op
                 gc.count:           1.000 counts
                 gc.time:            2.000 ms

Iteration   3: 10597.703 us/op
                 gc.alloc.rate:      21.658 MB/sec
                 gc.alloc.rate.norm: 240679.297 B/op
                 gc.count:           ≈ 0 counts

Iteration   4: 10632.466 us/op
                 gc.alloc.rate:      21.587 MB/sec
                 gc.alloc.rate.norm: 240679.320 B/op
                 gc.count:           ≈ 0 counts

Iteration   5: 10744.619 us/op
                 gc.alloc.rate:      21.362 MB/sec
                 gc.alloc.rate.norm: 240679.398 B/op
                 gc.count:           ≈ 0 counts

[vthread-trace-agent] unloading

# Run progress: 60.00% complete, ETA 00:10:01
# Fork: 5 of 5
[vthread-trace-agent] loading, options=(none)
[vthread-trace-agent] loaded
[vthread-trace-agent] ready (fieldID=0x1e2 methodID=0x7e825c228148 publish_jvmti=0)
# Warmup Iteration   1: 10917.643 us/op
# Warmup Iteration   2: 10652.774 us/op
# Warmup Iteration   3: 10690.194 us/op
# Warmup Iteration   4: 10757.852 us/op
# Warmup Iteration   5: 10714.233 us/op
Iteration   1: 10684.899 us/op
                 gc.alloc.rate:      21.512 MB/sec
                 gc.alloc.rate.norm: 241022.274 B/op
                 gc.count:           ≈ 0 counts

Iteration   2: 10456.212 us/op
                 gc.alloc.rate:      21.951 MB/sec
                 gc.alloc.rate.norm: 240679.498 B/op
                 gc.count:           1.000 counts
                 gc.time:            2.000 ms

Iteration   3: 10277.675 us/op
                 gc.alloc.rate:      22.332 MB/sec
                 gc.alloc.rate.norm: 240679.039 B/op
                 gc.count:           ≈ 0 counts

Iteration   4: 10286.422 us/op
                 gc.alloc.rate:      22.313 MB/sec
                 gc.alloc.rate.norm: 240679.046 B/op
                 gc.count:           ≈ 0 counts

Iteration   5: 10238.560 us/op
                 gc.alloc.rate:      22.418 MB/sec
                 gc.alloc.rate.norm: 240679.050 B/op
                 gc.count:           ≈ 0 counts

[vthread-trace-agent] unloading


Result "uk.ac.ncl.jensen.benchmark.VThreadTransitionBenchmark.transition_yield":
  10610.621 ±(99.9%) 177.005 us/op [Average]
  (min, avg, max) = (10238.560, 10610.621, 11279.090), stdev = 236.296
  CI (99.9%): [10433.616, 10787.626] (assumes normal distribution)

Secondary result "uk.ac.ncl.jensen.benchmark.VThreadTransitionBenchmark.transition_yield:gc.alloc.rate":
  21.648 ±(99.9%) 0.351 MB/sec [Average]
  (min, avg, max) = (20.382, 21.648, 22.418), stdev = 0.469
  CI (99.9%): [21.297, 21.999] (assumes normal distribution)

Secondary result "uk.ac.ncl.jensen.benchmark.VThreadTransitionBenchmark.transition_yield:gc.alloc.rate.norm":
  240751.155 ±(99.9%) 105.790 B/op [Average]
  (min, avg, max) = (240679.039, 240751.155, 241063.802), stdev = 141.227
  CI (99.9%): [240645.364, 240856.945] (assumes normal distribution)

Secondary result "uk.ac.ncl.jensen.benchmark.VThreadTransitionBenchmark.transition_yield:gc.count":
  5.000 ±(99.9%) 0.001 counts [Sum]
  (min, avg, max) = (≈ 0, 0.200, 1.000), stdev = 0.408
  CI (99.9%): [5.000, 5.000] (assumes normal distribution)

Secondary result "uk.ac.ncl.jensen.benchmark.VThreadTransitionBenchmark.transition_yield:gc.time":
  10.000 ±(99.9%) 0.001 ms [Sum]
  (min, avg, max) = (≈ 0, 0.400, 2.000), stdev = 0.816
  CI (99.9%): [10.000, 10.000] (assumes normal distribution)


# JMH version: 1.37
# VM version: JDK 21.0.12-internal, OpenJDK 64-Bit Server VM, 21.0.12-internal-adhoc.root.src
# VM invoker: /home/ubuntu/ebpf-vthread-correlate/.vthread-jdk/jdk/bin/java
# VM options: --enable-preview --enable-native-access=ALL-UNNAMED -agentpath:/home/ubuntu/ebpf-vthread-correlate/JVMTI-agent/libvthread_trace_agent.so
# Blackhole mode: compiler (auto-detected, use -Djmh.blackhole.autoDetect=false to disable)
# Warmup: 5 iterations, 10 s each
# Measurement: 5 iterations, 10 s each
# Timeout: 10 min per iteration
# Threads: 1 thread, will synchronize iterations
# Benchmark mode: Average time, time/op
# Benchmark: uk.ac.ncl.jensen.benchmark.VThreadTransitionBenchmark.transition_yield
# Parameters: (yieldsPerVthread = 100000)

# Run progress: 66.67% complete, ETA 00:08:21
# Fork: 1 of 5
[vthread-trace-agent] loading, options=(none)
[vthread-trace-agent] loaded
[vthread-trace-agent] ready (fieldID=0x1e2 methodID=0x70cb54228148 publish_jvmti=0)
# Warmup Iteration   1: 105449.406 us/op
# Warmup Iteration   2: 101499.888 us/op
# Warmup Iteration   3: 101052.099 us/op
# Warmup Iteration   4: 100940.204 us/op
# Warmup Iteration   5: 102386.431 us/op
Iteration   1: 103083.088 us/op
                 gc.alloc.rate:      22.213 MB/sec
                 gc.alloc.rate.norm: 2401126.286 B/op
                 gc.count:           ≈ 0 counts

Iteration   2: 101626.649 us/op
                 gc.alloc.rate:      22.532 MB/sec
                 gc.alloc.rate.norm: 2401127.838 B/op
                 gc.count:           1.000 counts
                 gc.time:            2.000 ms

Iteration   3: 101065.525 us/op
                 gc.alloc.rate:      22.657 MB/sec
                 gc.alloc.rate.norm: 2401125.576 B/op
                 gc.count:           ≈ 0 counts

Iteration   4: 100484.337 us/op
                 gc.alloc.rate:      22.788 MB/sec
                 gc.alloc.rate.norm: 2401124.560 B/op
                 gc.count:           ≈ 0 counts

Iteration   5: 100378.169 us/op
                 gc.alloc.rate:      22.812 MB/sec
                 gc.alloc.rate.norm: 2401124.560 B/op
                 gc.count:           ≈ 0 counts

[vthread-trace-agent] unloading

# Run progress: 73.33% complete, ETA 00:06:41
# Fork: 2 of 5
[vthread-trace-agent] loading, options=(none)
[vthread-trace-agent] loaded
[vthread-trace-agent] ready (fieldID=0x1e2 methodID=0x7e0b70228158 publish_jvmti=0)
# Warmup Iteration   1: 107620.858 us/op
# Warmup Iteration   2: 105172.649 us/op
# Warmup Iteration   3: 105842.086 us/op
# Warmup Iteration   4: 105753.228 us/op
# Warmup Iteration   5: 107734.199 us/op
Iteration   1: 107655.794 us/op
                 gc.alloc.rate:      21.270 MB/sec
                 gc.alloc.rate.norm: 2401130.065 B/op
                 gc.count:           ≈ 0 counts

Iteration   2: 106555.261 us/op
                 gc.alloc.rate:      21.490 MB/sec
                 gc.alloc.rate.norm: 2401131.660 B/op
                 gc.count:           1.000 counts
                 gc.time:            2.000 ms

Iteration   3: 104849.802 us/op
                 gc.alloc.rate:      21.839 MB/sec
                 gc.alloc.rate.norm: 2401127.417 B/op
                 gc.count:           ≈ 0 counts

Iteration   4: 104201.793 us/op
                 gc.alloc.rate:      21.975 MB/sec
                 gc.alloc.rate.norm: 2401127.750 B/op
                 gc.count:           ≈ 0 counts

Iteration   5: 103521.480 us/op
                 gc.alloc.rate:      22.119 MB/sec
                 gc.alloc.rate.norm: 2401126.680 B/op
                 gc.count:           ≈ 0 counts

[vthread-trace-agent] unloading

# Run progress: 80.00% complete, ETA 00:05:00
# Fork: 3 of 5
[vthread-trace-agent] loading, options=(none)
[vthread-trace-agent] loaded
[vthread-trace-agent] ready (fieldID=0x1e2 methodID=0x7766ac228148 publish_jvmti=0)
# Warmup Iteration   1: 104171.104 us/op
# Warmup Iteration   2: 101788.446 us/op
# Warmup Iteration   3: 101549.499 us/op
# Warmup Iteration   4: 102601.755 us/op
# Warmup Iteration   5: 103588.112 us/op
Iteration   1: 104558.550 us/op
                 gc.alloc.rate:      21.900 MB/sec
                 gc.alloc.rate.norm: 2401128.083 B/op
                 gc.count:           ≈ 0 counts

Iteration   2: 103873.563 us/op
                 gc.alloc.rate:      22.045 MB/sec
                 gc.alloc.rate.norm: 2401129.649 B/op
                 gc.count:           1.000 counts
                 gc.time:            2.000 ms

Iteration   3: 103025.352 us/op
                 gc.alloc.rate:      22.226 MB/sec
                 gc.alloc.rate.norm: 2401125.959 B/op
                 gc.count:           ≈ 0 counts

Iteration   4: 103171.349 us/op
                 gc.alloc.rate:      22.195 MB/sec
                 gc.alloc.rate.norm: 2401127.010 B/op
                 gc.count:           ≈ 0 counts

Iteration   5: 103681.813 us/op
                 gc.alloc.rate:      22.085 MB/sec
                 gc.alloc.rate.norm: 2401126.680 B/op
                 gc.count:           ≈ 0 counts

[vthread-trace-agent] unloading

# Run progress: 86.67% complete, ETA 00:03:20
# Fork: 4 of 5
[vthread-trace-agent] loading, options=(none)
[vthread-trace-agent] loaded
[vthread-trace-agent] ready (fieldID=0x1e2 methodID=0x7c59b0228148 publish_jvmti=0)
# Warmup Iteration   1: 105273.796 us/op
# Warmup Iteration   2: 102856.271 us/op
# Warmup Iteration   3: 104620.623 us/op
# Warmup Iteration   4: 104868.963 us/op
# Warmup Iteration   5: 106137.585 us/op
Iteration   1: 106169.590 us/op
                 gc.alloc.rate:      21.568 MB/sec
                 gc.alloc.rate.norm: 2401128.505 B/op
                 gc.count:           ≈ 0 counts

Iteration   2: 104589.825 us/op
                 gc.alloc.rate:      21.894 MB/sec
                 gc.alloc.rate.norm: 2401130.083 B/op
                 gc.count:           1.000 counts
                 gc.time:            2.000 ms

Iteration   3: 103000.044 us/op
                 gc.alloc.rate:      22.231 MB/sec
                 gc.alloc.rate.norm: 2401125.959 B/op
                 gc.count:           ≈ 0 counts

Iteration   4: 103026.405 us/op
                 gc.alloc.rate:      22.226 MB/sec
                 gc.alloc.rate.norm: 2401125.959 B/op
                 gc.count:           ≈ 0 counts

Iteration   5: 102339.071 us/op
                 gc.alloc.rate:      22.375 MB/sec
                 gc.alloc.rate.norm: 2401125.959 B/op
                 gc.count:           ≈ 0 counts

[vthread-trace-agent] unloading

# Run progress: 93.33% complete, ETA 00:01:40
# Fork: 5 of 5
[vthread-trace-agent] loading, options=(none)
[vthread-trace-agent] loaded
[vthread-trace-agent] ready (fieldID=0x1e2 methodID=0x7649d4228148 publish_jvmti=0)
# Warmup Iteration   1: 106251.134 us/op
# Warmup Iteration   2: 102159.986 us/op
# Warmup Iteration   3: 102508.515 us/op
# Warmup Iteration   4: 102360.315 us/op
# Warmup Iteration   5: 103856.945 us/op
Iteration   1: 103451.726 us/op
                 gc.alloc.rate:      22.134 MB/sec
                 gc.alloc.rate.norm: 2401127.010 B/op
                 gc.count:           ≈ 0 counts

Iteration   2: 102969.072 us/op
                 gc.alloc.rate:      22.238 MB/sec
                 gc.alloc.rate.norm: 2401128.571 B/op
                 gc.count:           1.000 counts
                 gc.time:            2.000 ms

Iteration   3: 102242.272 us/op
                 gc.alloc.rate:      22.396 MB/sec
                 gc.alloc.rate.norm: 2401125.959 B/op
                 gc.count:           ≈ 0 counts

Iteration   4: 101653.584 us/op
                 gc.alloc.rate:      22.526 MB/sec
                 gc.alloc.rate.norm: 2401125.576 B/op
                 gc.count:           ≈ 0 counts

Iteration   5: 101475.890 us/op
                 gc.alloc.rate:      22.565 MB/sec
                 gc.alloc.rate.norm: 2401125.253 B/op
                 gc.count:           ≈ 0 counts

[vthread-trace-agent] unloading


Result "uk.ac.ncl.jensen.benchmark.VThreadTransitionBenchmark.transition_yield":
  103306.000 ±(99.9%) 1346.648 us/op [Average]
  (min, avg, max) = (100378.169, 103306.000, 107655.794), stdev = 1797.736
  CI (99.9%): [101959.353, 104652.648] (assumes normal distribution)

Secondary result "uk.ac.ncl.jensen.benchmark.VThreadTransitionBenchmark.transition_yield:gc.alloc.rate":
  22.172 ±(99.9%) 0.287 MB/sec [Average]
  (min, avg, max) = (21.270, 22.172, 22.812), stdev = 0.383
  CI (99.9%): [21.885, 22.459] (assumes normal distribution)

Secondary result "uk.ac.ncl.jensen.benchmark.VThreadTransitionBenchmark.transition_yield:gc.alloc.rate.norm":
  2401127.144 ±(99.9%) 1.364 B/op [Average]
  (min, avg, max) = (2401124.560, 2401127.144, 2401131.660), stdev = 1.821
  CI (99.9%): [2401125.780, 2401128.509] (assumes normal distribution)

Secondary result "uk.ac.ncl.jensen.benchmark.VThreadTransitionBenchmark.transition_yield:gc.count":
  5.000 ±(99.9%) 0.001 counts [Sum]
  (min, avg, max) = (≈ 0, 0.200, 1.000), stdev = 0.408
  CI (99.9%): [5.000, 5.000] (assumes normal distribution)

Secondary result "uk.ac.ncl.jensen.benchmark.VThreadTransitionBenchmark.transition_yield:gc.time":
  10.000 ±(99.9%) 0.001 ms [Sum]
  (min, avg, max) = (≈ 0, 0.400, 2.000), stdev = 0.816
  CI (99.9%): [10.000, 10.000] (assumes normal distribution)


# Run complete. Total time: 00:25:05

REMEMBER: The numbers below are just data. To gain reusable insights, you need to follow up on
why the numbers are the way they are. Use profilers (see -prof, -lprof), design factorial
experiments, perform baseline and negative tests that provide experimental control, make sure
the benchmarking environment is safe on JVM/OS/HW level, ask for reviews from the domain experts.
Do not assume the numbers tell you what you want them to tell.

NOTE: Current JVM experimentally supports Compiler Blackholes, and they are in use. Please exercise
extra caution when trusting the results, look into the generated code to check the benchmark still
works, and factor in a small probability of new VM bugs. Additionally, while comparisons between
different JVMs are already problematic, the performance difference caused by different Blackhole
modes can be very significant. Please make sure you use the consistent Blackhole mode for comparisons.

Benchmark                                                       (yieldsPerVthread)  Mode  Cnt        Score      Error   Units
VThreadTransitionBenchmark.transition_yield                                   1000  avgt   25     1047.256 ±   15.032   us/op
VThreadTransitionBenchmark.transition_yield:gc.alloc.rate                     1000  avgt   25       22.501 ±    0.329  MB/sec
VThreadTransitionBenchmark.transition_yield:gc.alloc.rate.norm                1000  avgt   25    24700.490 ±   12.375    B/op
VThreadTransitionBenchmark.transition_yield:gc.count                          1000  avgt   25        5.000             counts
VThreadTransitionBenchmark.transition_yield:gc.time                           1000  avgt   25       10.000                 ms
VThreadTransitionBenchmark.transition_yield                                  10000  avgt   25    10610.621 ±  177.005   us/op
VThreadTransitionBenchmark.transition_yield:gc.alloc.rate                    10000  avgt   25       21.648 ±    0.351  MB/sec
VThreadTransitionBenchmark.transition_yield:gc.alloc.rate.norm               10000  avgt   25   240751.155 ±  105.790    B/op
VThreadTransitionBenchmark.transition_yield:gc.count                         10000  avgt   25        5.000             counts
VThreadTransitionBenchmark.transition_yield:gc.time                          10000  avgt   25       10.000                 ms
VThreadTransitionBenchmark.transition_yield                                 100000  avgt   25   103306.000 ± 1346.648   us/op
VThreadTransitionBenchmark.transition_yield:gc.alloc.rate                   100000  avgt   25       22.172 ±    0.287  MB/sec
VThreadTransitionBenchmark.transition_yield:gc.alloc.rate.norm              100000  avgt   25  2401127.144 ±    1.364    B/op
VThreadTransitionBenchmark.transition_yield:gc.count                        100000  avgt   25        5.000             counts
VThreadTransitionBenchmark.transition_yield:gc.time                         100000  avgt   25       10.000                 ms

Benchmark result is saved to /home/ubuntu/ebpf-vthread-correlate/result/benchmark/nsweep-20260707-134231/VThreadTransitionBenchmark_agent_gc.json

[1m== VThreadTransitionBenchmark / jvmtipublish ==[0m
+ /home/ubuntu/ebpf-vthread-correlate/.vthread-jdk/jdk/bin/java -Djmh.ignoreLock=true -jar /home/ubuntu/ebpf-vthread-correlate/target/ebpf-vthread-correlate-1.0-SNAPSHOT.jar VThreadTransitionBenchmark -jvmArgsAppend -agentpath:/home/ubuntu/ebpf-vthread-correlate/JVMTI-agent/libvthread_trace_agent.so=publish=jvmti -p yieldsPerVthread=1000,10000,100000 -prof gc -rf json -rff /home/ubuntu/ebpf-vthread-correlate/result/benchmark/nsweep-20260707-134231/VThreadTransitionBenchmark_jvmtipublish_gc.json
# WARNING: JMH lock is ignored by user request, make sure no other JMH instances are running
# JMH version: 1.37
# VM version: JDK 21.0.12-internal, OpenJDK 64-Bit Server VM, 21.0.12-internal-adhoc.root.src
# VM invoker: /home/ubuntu/ebpf-vthread-correlate/.vthread-jdk/jdk/bin/java
# VM options: --enable-preview --enable-native-access=ALL-UNNAMED -agentpath:/home/ubuntu/ebpf-vthread-correlate/JVMTI-agent/libvthread_trace_agent.so=publish=jvmti
# Blackhole mode: compiler (auto-detected, use -Djmh.blackhole.autoDetect=false to disable)
# Warmup: 5 iterations, 10 s each
# Measurement: 5 iterations, 10 s each
# Timeout: 10 min per iteration
# Threads: 1 thread, will synchronize iterations
# Benchmark mode: Average time, time/op
# Benchmark: uk.ac.ncl.jensen.benchmark.VThreadTransitionBenchmark.transition_yield
# Parameters: (yieldsPerVthread = 1000)

# Run progress: 0.00% complete, ETA 00:25:00
# Fork: 1 of 5
[vthread-trace-agent] loading, options=publish=jvmti
[vthread-trace-agent] loaded
[vthread-trace-agent] found mount ext event: id=com.sun.hotspot.events.VirtualThreadMount index=48
[vthread-trace-agent] found unmount ext event: id=com.sun.hotspot.events.VirtualThreadUnmount index=47
[vthread-trace-agent] JVMTI mount/unmount publish enabled (carrier-resident TLS)
[vthread-trace-agent] ready (fieldID=0x1e2 methodID=0x7a91a0228188 publish_jvmti=1)
# Warmup Iteration   1: 1105.259 us/op
# Warmup Iteration   2: 1025.974 us/op
# Warmup Iteration   3: 1035.155 us/op
# Warmup Iteration   4: 1039.550 us/op
# Warmup Iteration   5: 1042.306 us/op
Iteration   1: 1035.356 us/op
                 gc.alloc.rate:      22.726 MB/sec
                 gc.alloc.rate.norm: 24672.716 B/op
                 gc.count:           ≈ 0 counts

Iteration   2: 1012.895 us/op
                 gc.alloc.rate:      23.252 MB/sec
                 gc.alloc.rate.norm: 24696.058 B/op
                 gc.count:           1.000 counts
                 gc.time:            2.000 ms

Iteration   3: 1006.143 us/op
                 gc.alloc.rate:      23.423 MB/sec
                 gc.alloc.rate.norm: 24712.693 B/op
                 gc.count:           ≈ 0 counts

Iteration   4: 1013.605 us/op
                 gc.alloc.rate:      23.251 MB/sec
                 gc.alloc.rate.norm: 24712.698 B/op
                 gc.count:           ≈ 0 counts

Iteration   5: 1010.786 us/op
                 gc.alloc.rate:      23.316 MB/sec
                 gc.alloc.rate.norm: 24712.696 B/op
                 gc.count:           ≈ 0 counts

[vthread-trace-agent] unloading

# Run progress: 6.67% complete, ETA 00:23:23
# Fork: 2 of 5
[vthread-trace-agent] loading, options=publish=jvmti
[vthread-trace-agent] loaded
[vthread-trace-agent] found mount ext event: id=com.sun.hotspot.events.VirtualThreadMount index=48
[vthread-trace-agent] found unmount ext event: id=com.sun.hotspot.events.VirtualThreadUnmount index=47
[vthread-trace-agent] JVMTI mount/unmount publish enabled (carrier-resident TLS)
[vthread-trace-agent] ready (fieldID=0x1e2 methodID=0x719c28228188 publish_jvmti=1)
# Warmup Iteration   1: 1085.347 us/op
# Warmup Iteration   2: 1042.785 us/op
# Warmup Iteration   3: 1052.516 us/op
# Warmup Iteration   4: 1051.453 us/op
# Warmup Iteration   5: 1048.034 us/op
Iteration   1: 1053.474 us/op
                 gc.alloc.rate:      22.335 MB/sec
                 gc.alloc.rate.norm: 24672.729 B/op
                 gc.count:           ≈ 0 counts

Iteration   2: 1055.223 us/op
                 gc.alloc.rate:      22.317 MB/sec
                 gc.alloc.rate.norm: 24693.374 B/op
                 gc.count:           1.000 counts
                 gc.time:            2.000 ms

Iteration   3: 1046.201 us/op
                 gc.alloc.rate:      22.527 MB/sec
                 gc.alloc.rate.norm: 24712.721 B/op
                 gc.count:           ≈ 0 counts

Iteration   4: 1041.045 us/op
                 gc.alloc.rate:      22.638 MB/sec
                 gc.alloc.rate.norm: 24712.717 B/op
                 gc.count:           ≈ 0 counts

Iteration   5: 1043.829 us/op
                 gc.alloc.rate:      22.578 MB/sec
                 gc.alloc.rate.norm: 24712.719 B/op
                 gc.count:           ≈ 0 counts

[vthread-trace-agent] unloading

# Run progress: 13.33% complete, ETA 00:21:42
# Fork: 3 of 5
[vthread-trace-agent] loading, options=publish=jvmti
[vthread-trace-agent] loaded
[vthread-trace-agent] found mount ext event: id=com.sun.hotspot.events.VirtualThreadMount index=48
[vthread-trace-agent] found unmount ext event: id=com.sun.hotspot.events.VirtualThreadUnmount index=47
[vthread-trace-agent] JVMTI mount/unmount publish enabled (carrier-resident TLS)
[vthread-trace-agent] ready (fieldID=0x1e2 methodID=0x760cc8228178 publish_jvmti=1)
# Warmup Iteration   1: 1089.734 us/op
# Warmup Iteration   2: 1037.009 us/op
# Warmup Iteration   3: 1036.517 us/op
# Warmup Iteration   4: 1036.276 us/op
# Warmup Iteration   5: 1037.486 us/op
Iteration   1: 1037.461 us/op
                 gc.alloc.rate:      22.680 MB/sec
                 gc.alloc.rate.norm: 24672.778 B/op
                 gc.count:           ≈ 0 counts

Iteration   2: 1034.824 us/op
                 gc.alloc.rate:      22.759 MB/sec
                 gc.alloc.rate.norm: 24695.998 B/op
                 gc.count:           1.000 counts
                 gc.time:            2.000 ms

Iteration   3: 1023.307 us/op
                 gc.alloc.rate:      23.031 MB/sec
                 gc.alloc.rate.norm: 24712.705 B/op
                 gc.count:           ≈ 0 counts

Iteration   4: 1022.961 us/op
                 gc.alloc.rate:      23.038 MB/sec
                 gc.alloc.rate.norm: 24712.705 B/op
                 gc.count:           ≈ 0 counts

Iteration   5: 1030.237 us/op
                 gc.alloc.rate:      22.876 MB/sec
                 gc.alloc.rate.norm: 24712.710 B/op
                 gc.count:           ≈ 0 counts

[vthread-trace-agent] unloading

# Run progress: 20.00% complete, ETA 00:20:02
# Fork: 4 of 5
[vthread-trace-agent] loading, options=publish=jvmti
[vthread-trace-agent] loaded
[vthread-trace-agent] found mount ext event: id=com.sun.hotspot.events.VirtualThreadMount index=48
[vthread-trace-agent] found unmount ext event: id=com.sun.hotspot.events.VirtualThreadUnmount index=47
[vthread-trace-agent] JVMTI mount/unmount publish enabled (carrier-resident TLS)
[vthread-trace-agent] ready (fieldID=0x1e2 methodID=0x7c9680228168 publish_jvmti=1)
# Warmup Iteration   1: 1099.708 us/op
# Warmup Iteration   2: 1066.693 us/op
# Warmup Iteration   3: 1068.415 us/op
# Warmup Iteration   4: 1072.528 us/op
# Warmup Iteration   5: 1066.995 us/op
Iteration   1: 1082.786 us/op
                 gc.alloc.rate:      21.730 MB/sec
                 gc.alloc.rate.norm: 24672.749 B/op
                 gc.count:           ≈ 0 counts

Iteration   2: 1076.580 us/op
                 gc.alloc.rate:      21.869 MB/sec
                 gc.alloc.rate.norm: 24688.303 B/op
                 gc.count:           1.000 counts
                 gc.time:            2.000 ms

Iteration   3: 1069.921 us/op
                 gc.alloc.rate:      22.027 MB/sec
                 gc.alloc.rate.norm: 24712.737 B/op
                 gc.count:           ≈ 0 counts

Iteration   4: 1065.146 us/op
                 gc.alloc.rate:      22.126 MB/sec
                 gc.alloc.rate.norm: 24712.734 B/op
                 gc.count:           ≈ 0 counts

Iteration   5: 1065.497 us/op
                 gc.alloc.rate:      22.119 MB/sec
                 gc.alloc.rate.norm: 24712.734 B/op
                 gc.count:           ≈ 0 counts

[vthread-trace-agent] unloading

# Run progress: 26.67% complete, ETA 00:18:22
# Fork: 5 of 5
[vthread-trace-agent] loading, options=publish=jvmti
[vthread-trace-agent] loaded
[vthread-trace-agent] found mount ext event: id=com.sun.hotspot.events.VirtualThreadMount index=48
[vthread-trace-agent] found unmount ext event: id=com.sun.hotspot.events.VirtualThreadUnmount index=47
[vthread-trace-agent] JVMTI mount/unmount publish enabled (carrier-resident TLS)
[vthread-trace-agent] ready (fieldID=0x1e2 methodID=0x702568228178 publish_jvmti=1)
# Warmup Iteration   1: 1087.796 us/op
# Warmup Iteration   2: 1035.577 us/op
# Warmup Iteration   3: 1027.366 us/op
# Warmup Iteration   4: 1040.093 us/op
# Warmup Iteration   5: 1033.120 us/op
Iteration   1: 1036.918 us/op
                 gc.alloc.rate:      22.692 MB/sec
                 gc.alloc.rate.norm: 24672.717 B/op
                 gc.count:           ≈ 0 counts

Iteration   2: 1035.381 us/op
                 gc.alloc.rate:      22.747 MB/sec
                 gc.alloc.rate.norm: 24696.512 B/op
                 gc.count:           1.000 counts
                 gc.time:            2.000 ms

Iteration   3: 1028.326 us/op
                 gc.alloc.rate:      22.918 MB/sec
                 gc.alloc.rate.norm: 24712.708 B/op
                 gc.count:           ≈ 0 counts

Iteration   4: 1026.295 us/op
                 gc.alloc.rate:      22.964 MB/sec
                 gc.alloc.rate.norm: 24712.707 B/op
                 gc.count:           ≈ 0 counts

Iteration   5: 1023.919 us/op
                 gc.alloc.rate:      23.017 MB/sec
                 gc.alloc.rate.norm: 24712.705 B/op
                 gc.count:           ≈ 0 counts

[vthread-trace-agent] unloading


Result "uk.ac.ncl.jensen.benchmark.VThreadTransitionBenchmark.transition_yield":
  1039.125 ±(99.9%) 15.712 us/op [Average]
  (min, avg, max) = (1006.143, 1039.125, 1082.786), stdev = 20.975
  CI (99.9%): [1023.413, 1054.836] (assumes normal distribution)

Secondary result "uk.ac.ncl.jensen.benchmark.VThreadTransitionBenchmark.transition_yield:gc.alloc.rate":
  22.678 ±(99.9%) 0.344 MB/sec [Average]
  (min, avg, max) = (21.730, 22.678, 23.423), stdev = 0.459
  CI (99.9%): [22.334, 23.022] (assumes normal distribution)

Secondary result "uk.ac.ncl.jensen.benchmark.VThreadTransitionBenchmark.transition_yield:gc.alloc.rate.norm":
  24700.985 ±(99.9%) 12.175 B/op [Average]
  (min, avg, max) = (24672.716, 24700.985, 24712.737), stdev = 16.254
  CI (99.9%): [24688.810, 24713.160] (assumes normal distribution)

Secondary result "uk.ac.ncl.jensen.benchmark.VThreadTransitionBenchmark.transition_yield:gc.count":
  5.000 ±(99.9%) 0.001 counts [Sum]
  (min, avg, max) = (≈ 0, 0.200, 1.000), stdev = 0.408
  CI (99.9%): [5.000, 5.000] (assumes normal distribution)

Secondary result "uk.ac.ncl.jensen.benchmark.VThreadTransitionBenchmark.transition_yield:gc.time":
  10.000 ±(99.9%) 0.001 ms [Sum]
  (min, avg, max) = (≈ 0, 0.400, 2.000), stdev = 0.816
  CI (99.9%): [10.000, 10.000] (assumes normal distribution)


# JMH version: 1.37
# VM version: JDK 21.0.12-internal, OpenJDK 64-Bit Server VM, 21.0.12-internal-adhoc.root.src
# VM invoker: /home/ubuntu/ebpf-vthread-correlate/.vthread-jdk/jdk/bin/java
# VM options: --enable-preview --enable-native-access=ALL-UNNAMED -agentpath:/home/ubuntu/ebpf-vthread-correlate/JVMTI-agent/libvthread_trace_agent.so=publish=jvmti
# Blackhole mode: compiler (auto-detected, use -Djmh.blackhole.autoDetect=false to disable)
# Warmup: 5 iterations, 10 s each
# Measurement: 5 iterations, 10 s each
# Timeout: 10 min per iteration
# Threads: 1 thread, will synchronize iterations
# Benchmark mode: Average time, time/op
# Benchmark: uk.ac.ncl.jensen.benchmark.VThreadTransitionBenchmark.transition_yield
# Parameters: (yieldsPerVthread = 10000)

# Run progress: 33.33% complete, ETA 00:16:42
# Fork: 1 of 5
[vthread-trace-agent] loading, options=publish=jvmti
[vthread-trace-agent] loaded
[vthread-trace-agent] found mount ext event: id=com.sun.hotspot.events.VirtualThreadMount index=48
[vthread-trace-agent] found unmount ext event: id=com.sun.hotspot.events.VirtualThreadUnmount index=47
[vthread-trace-agent] JVMTI mount/unmount publish enabled (carrier-resident TLS)
[vthread-trace-agent] ready (fieldID=0x1e2 methodID=0x7bf998228188 publish_jvmti=1)
# Warmup Iteration   1: 10680.157 us/op
# Warmup Iteration   2: 10509.260 us/op
# Warmup Iteration   3: 10531.902 us/op
# Warmup Iteration   4: 10652.377 us/op
# Warmup Iteration   5: 10554.380 us/op
Iteration   1: 10524.510 us/op
                 gc.alloc.rate:      21.836 MB/sec
                 gc.alloc.rate.norm: 240988.080 B/op
                 gc.count:           ≈ 0 counts

Iteration   2: 10324.239 us/op
                 gc.alloc.rate:      22.232 MB/sec
                 gc.alloc.rate.norm: 240679.406 B/op
                 gc.count:           1.000 counts
                 gc.time:            2.000 ms

Iteration   3: 10337.142 us/op
                 gc.alloc.rate:      22.204 MB/sec
                 gc.alloc.rate.norm: 240679.116 B/op
                 gc.count:           ≈ 0 counts

Iteration   4: 10288.368 us/op
                 gc.alloc.rate:      22.309 MB/sec
                 gc.alloc.rate.norm: 240679.086 B/op
                 gc.count:           ≈ 0 counts

Iteration   5: 10360.284 us/op
                 gc.alloc.rate:      22.154 MB/sec
                 gc.alloc.rate.norm: 240679.130 B/op
                 gc.count:           ≈ 0 counts

[vthread-trace-agent] unloading

# Run progress: 40.00% complete, ETA 00:15:02
# Fork: 2 of 5
[vthread-trace-agent] loading, options=publish=jvmti
[vthread-trace-agent] loaded
[vthread-trace-agent] found mount ext event: id=com.sun.hotspot.events.VirtualThreadMount index=48
[vthread-trace-agent] found unmount ext event: id=com.sun.hotspot.events.VirtualThreadUnmount index=47
[vthread-trace-agent] JVMTI mount/unmount publish enabled (carrier-resident TLS)
[vthread-trace-agent] ready (fieldID=0x1e2 methodID=0x7e9ba4228188 publish_jvmti=1)
# Warmup Iteration   1: 11093.264 us/op
# Warmup Iteration   2: 10832.356 us/op
# Warmup Iteration   3: 10869.759 us/op
# Warmup Iteration   4: 11099.234 us/op
# Warmup Iteration   5: 10962.664 us/op
Iteration   1: 10890.590 us/op
                 gc.alloc.rate:      21.109 MB/sec
                 gc.alloc.rate.norm: 241059.090 B/op
                 gc.count:           ≈ 0 counts

Iteration   2: 10880.438 us/op
                 gc.alloc.rate:      21.096 MB/sec
                 gc.alloc.rate.norm: 240688.774 B/op
                 gc.count:           1.000 counts
                 gc.time:            2.000 ms

Iteration   3: 10590.455 us/op
                 gc.alloc.rate:      21.673 MB/sec
                 gc.alloc.rate.norm: 240679.289 B/op
                 gc.count:           ≈ 0 counts

Iteration   4: 10602.988 us/op
                 gc.alloc.rate:      21.647 MB/sec
                 gc.alloc.rate.norm: 240679.297 B/op
                 gc.count:           ≈ 0 counts

Iteration   5: 10619.312 us/op
                 gc.alloc.rate:      21.614 MB/sec
                 gc.alloc.rate.norm: 240679.312 B/op
                 gc.count:           ≈ 0 counts

[vthread-trace-agent] unloading

# Run progress: 46.67% complete, ETA 00:13:21
# Fork: 3 of 5
[vthread-trace-agent] loading, options=publish=jvmti
[vthread-trace-agent] loaded
[vthread-trace-agent] found mount ext event: id=com.sun.hotspot.events.VirtualThreadMount index=48
[vthread-trace-agent] found unmount ext event: id=com.sun.hotspot.events.VirtualThreadUnmount index=47
[vthread-trace-agent] JVMTI mount/unmount publish enabled (carrier-resident TLS)
[vthread-trace-agent] ready (fieldID=0x1e2 methodID=0x76deb8228138 publish_jvmti=1)
# Warmup Iteration   1: 11092.325 us/op
# Warmup Iteration   2: 10620.876 us/op
# Warmup Iteration   3: 10632.786 us/op
# Warmup Iteration   4: 10746.543 us/op
# Warmup Iteration   5: 10635.941 us/op
Iteration   1: 10725.363 us/op
                 gc.alloc.rate:      21.431 MB/sec
                 gc.alloc.rate.norm: 241022.577 B/op
                 gc.count:           ≈ 0 counts

Iteration   2: 10493.452 us/op
                 gc.alloc.rate:      21.873 MB/sec
                 gc.alloc.rate.norm: 240679.530 B/op
                 gc.count:           1.000 counts
                 gc.time:            2.000 ms

Iteration   3: 10531.352 us/op
                 gc.alloc.rate:      21.794 MB/sec
                 gc.alloc.rate.norm: 240679.251 B/op
                 gc.count:           ≈ 0 counts

Iteration   4: 10462.257 us/op
                 gc.alloc.rate:      21.938 MB/sec
                 gc.alloc.rate.norm: 240679.205 B/op
                 gc.count:           ≈ 0 counts

Iteration   5: 10528.328 us/op
                 gc.alloc.rate:      21.801 MB/sec
                 gc.alloc.rate.norm: 240679.251 B/op
                 gc.count:           ≈ 0 counts

[vthread-trace-agent] unloading

# Run progress: 53.33% complete, ETA 00:11:41
# Fork: 4 of 5
[vthread-trace-agent] loading, options=publish=jvmti
[vthread-trace-agent] loaded
[vthread-trace-agent] found mount ext event: id=com.sun.hotspot.events.VirtualThreadMount index=48
[vthread-trace-agent] found unmount ext event: id=com.sun.hotspot.events.VirtualThreadUnmount index=47
[vthread-trace-agent] JVMTI mount/unmount publish enabled (carrier-resident TLS)
[vthread-trace-agent] ready (fieldID=0x1e2 methodID=0x7efc14228188 publish_jvmti=1)
# Warmup Iteration   1: 10927.684 us/op
# Warmup Iteration   2: 11092.987 us/op
# Warmup Iteration   3: 11139.976 us/op
# Warmup Iteration   4: 11202.203 us/op
# Warmup Iteration   5: 11201.437 us/op
Iteration   1: 11130.897 us/op
                 gc.alloc.rate:      20.653 MB/sec
                 gc.alloc.rate.norm: 241062.630 B/op
                 gc.count:           ≈ 0 counts

Iteration   2: 10919.618 us/op
                 gc.alloc.rate:      21.023 MB/sec
                 gc.alloc.rate.norm: 240718.201 B/op
                 gc.count:           ≈ 0 counts

Iteration   3: 10447.630 us/op
                 gc.alloc.rate:      21.969 MB/sec
                 gc.alloc.rate.norm: 240679.491 B/op
                 gc.count:           1.000 counts
                 gc.time:            2.000 ms

Iteration   4: 10475.530 us/op
                 gc.alloc.rate:      21.911 MB/sec
                 gc.alloc.rate.norm: 240679.213 B/op
                 gc.count:           ≈ 0 counts

Iteration   5: 10453.220 us/op
                 gc.alloc.rate:      21.957 MB/sec
                 gc.alloc.rate.norm: 240679.197 B/op
                 gc.count:           ≈ 0 counts

[vthread-trace-agent] unloading

# Run progress: 60.00% complete, ETA 00:10:01
# Fork: 5 of 5
[vthread-trace-agent] loading, options=publish=jvmti
[vthread-trace-agent] loaded
[vthread-trace-agent] found mount ext event: id=com.sun.hotspot.events.VirtualThreadMount index=48
[vthread-trace-agent] found unmount ext event: id=com.sun.hotspot.events.VirtualThreadUnmount index=47
[vthread-trace-agent] JVMTI mount/unmount publish enabled (carrier-resident TLS)
[vthread-trace-agent] ready (fieldID=0x1e2 methodID=0x7f573c228188 publish_jvmti=1)
# Warmup Iteration   1: 10789.774 us/op
# Warmup Iteration   2: 10647.923 us/op
# Warmup Iteration   3: 10683.072 us/op
# Warmup Iteration   4: 10632.598 us/op
# Warmup Iteration   5: 10702.593 us/op
Iteration   1: 10615.792 us/op
                 gc.alloc.rate:      21.651 MB/sec
                 gc.alloc.rate.norm: 241009.578 B/op
                 gc.count:           ≈ 0 counts

Iteration   2: 10511.737 us/op
                 gc.alloc.rate:      21.835 MB/sec
                 gc.alloc.rate.norm: 240679.538 B/op
                 gc.count:           1.000 counts
                 gc.time:            2.000 ms

Iteration   3: 10520.931 us/op
                 gc.alloc.rate:      21.816 MB/sec
                 gc.alloc.rate.norm: 240679.243 B/op
                 gc.count:           ≈ 0 counts

Iteration   4: 10575.676 us/op
                 gc.alloc.rate:      21.703 MB/sec
                 gc.alloc.rate.norm: 240679.281 B/op
                 gc.count:           ≈ 0 counts

Iteration   5: 10515.014 us/op
                 gc.alloc.rate:      21.828 MB/sec
                 gc.alloc.rate.norm: 240679.202 B/op
                 gc.count:           ≈ 0 counts

[vthread-trace-agent] unloading


Result "uk.ac.ncl.jensen.benchmark.VThreadTransitionBenchmark.transition_yield":
  10573.005 ±(99.9%) 150.828 us/op [Average]
  (min, avg, max) = (10288.368, 10573.005, 11130.897), stdev = 201.351
  CI (99.9%): [10422.177, 10723.833] (assumes normal distribution)

Secondary result "uk.ac.ncl.jensen.benchmark.VThreadTransitionBenchmark.transition_yield:gc.alloc.rate":
  21.722 ±(99.9%) 0.299 MB/sec [Average]
  (min, avg, max) = (20.653, 21.722, 22.309), stdev = 0.398
  CI (99.9%): [21.424, 22.021] (assumes normal distribution)

Secondary result "uk.ac.ncl.jensen.benchmark.VThreadTransitionBenchmark.transition_yield:gc.alloc.rate.norm":
  240751.039 ±(99.9%) 106.639 B/op [Average]
  (min, avg, max) = (240679.086, 240751.039, 241062.630), stdev = 142.360
  CI (99.9%): [240644.400, 240857.678] (assumes normal distribution)

Secondary result "uk.ac.ncl.jensen.benchmark.VThreadTransitionBenchmark.transition_yield:gc.count":
  5.000 ±(99.9%) 0.001 counts [Sum]
  (min, avg, max) = (≈ 0, 0.200, 1.000), stdev = 0.408
  CI (99.9%): [5.000, 5.000] (assumes normal distribution)

Secondary result "uk.ac.ncl.jensen.benchmark.VThreadTransitionBenchmark.transition_yield:gc.time":
  10.000 ±(99.9%) 0.001 ms [Sum]
  (min, avg, max) = (≈ 0, 0.400, 2.000), stdev = 0.816
  CI (99.9%): [10.000, 10.000] (assumes normal distribution)


# JMH version: 1.37
# VM version: JDK 21.0.12-internal, OpenJDK 64-Bit Server VM, 21.0.12-internal-adhoc.root.src
# VM invoker: /home/ubuntu/ebpf-vthread-correlate/.vthread-jdk/jdk/bin/java
# VM options: --enable-preview --enable-native-access=ALL-UNNAMED -agentpath:/home/ubuntu/ebpf-vthread-correlate/JVMTI-agent/libvthread_trace_agent.so=publish=jvmti
# Blackhole mode: compiler (auto-detected, use -Djmh.blackhole.autoDetect=false to disable)
# Warmup: 5 iterations, 10 s each
# Measurement: 5 iterations, 10 s each
# Timeout: 10 min per iteration
# Threads: 1 thread, will synchronize iterations
# Benchmark mode: Average time, time/op
# Benchmark: uk.ac.ncl.jensen.benchmark.VThreadTransitionBenchmark.transition_yield
# Parameters: (yieldsPerVthread = 100000)

# Run progress: 66.67% complete, ETA 00:08:21
# Fork: 1 of 5
[vthread-trace-agent] loading, options=publish=jvmti
[vthread-trace-agent] loaded
[vthread-trace-agent] found mount ext event: id=com.sun.hotspot.events.VirtualThreadMount index=48
[vthread-trace-agent] found unmount ext event: id=com.sun.hotspot.events.VirtualThreadUnmount index=47
[vthread-trace-agent] JVMTI mount/unmount publish enabled (carrier-resident TLS)
[vthread-trace-agent] ready (fieldID=0x1e2 methodID=0x783b9c228188 publish_jvmti=1)
# Warmup Iteration   1: 105969.346 us/op
# Warmup Iteration   2: 105743.925 us/op
# Warmup Iteration   3: 105750.326 us/op
# Warmup Iteration   4: 105615.006 us/op
# Warmup Iteration   5: 107172.178 us/op
Iteration   1: 106876.041 us/op
                 gc.alloc.rate:      21.425 MB/sec
                 gc.alloc.rate.norm: 2401129.277 B/op
                 gc.count:           ≈ 0 counts

Iteration   2: 106813.018 us/op
                 gc.alloc.rate:      21.438 MB/sec
                 gc.alloc.rate.norm: 2401131.660 B/op
                 gc.count:           1.000 counts
                 gc.time:            2.000 ms

Iteration   3: 106313.698 us/op
                 gc.alloc.rate:      21.539 MB/sec
                 gc.alloc.rate.norm: 2401128.168 B/op
                 gc.count:           ≈ 0 counts

Iteration   4: 106070.958 us/op
                 gc.alloc.rate:      21.588 MB/sec
                 gc.alloc.rate.norm: 2401128.168 B/op
                 gc.count:           ≈ 0 counts

Iteration   5: 105551.535 us/op
                 gc.alloc.rate:      21.694 MB/sec
                 gc.alloc.rate.norm: 2401128.168 B/op
                 gc.count:           ≈ 0 counts

[vthread-trace-agent] unloading

# Run progress: 73.33% complete, ETA 00:06:41
# Fork: 2 of 5
[vthread-trace-agent] loading, options=publish=jvmti
[vthread-trace-agent] loaded
[vthread-trace-agent] found mount ext event: id=com.sun.hotspot.events.VirtualThreadMount index=48
[vthread-trace-agent] found unmount ext event: id=com.sun.hotspot.events.VirtualThreadUnmount index=47
[vthread-trace-agent] JVMTI mount/unmount publish enabled (carrier-resident TLS)
[vthread-trace-agent] ready (fieldID=0x1e2 methodID=0x7784dc228188 publish_jvmti=1)
# Warmup Iteration   1: 105298.535 us/op
# Warmup Iteration   2: 101606.723 us/op
# Warmup Iteration   3: 101559.623 us/op
# Warmup Iteration   4: 101822.588 us/op
# Warmup Iteration   5: 103863.802 us/op
Iteration   1: 104070.089 us/op
                 gc.alloc.rate:      22.003 MB/sec
                 gc.alloc.rate.norm: 2401127.010 B/op
                 gc.count:           ≈ 0 counts

Iteration   2: 104964.190 us/op
                 gc.alloc.rate:      21.815 MB/sec
                 gc.alloc.rate.norm: 2401130.083 B/op
                 gc.count:           1.000 counts
                 gc.time:            2.000 ms

Iteration   3: 104660.142 us/op
                 gc.alloc.rate:      21.879 MB/sec
                 gc.alloc.rate.norm: 2401127.417 B/op
                 gc.count:           ≈ 0 counts

Iteration   4: 104243.057 us/op
                 gc.alloc.rate:      21.966 MB/sec
                 gc.alloc.rate.norm: 2401127.750 B/op
                 gc.count:           ≈ 0 counts

Iteration   5: 104138.236 us/op
                 gc.alloc.rate:      21.988 MB/sec
                 gc.alloc.rate.norm: 2401126.680 B/op
                 gc.count:           ≈ 0 counts

[vthread-trace-agent] unloading

# Run progress: 80.00% complete, ETA 00:05:01
# Fork: 3 of 5
[vthread-trace-agent] loading, options=publish=jvmti
[vthread-trace-agent] loaded
[vthread-trace-agent] found mount ext event: id=com.sun.hotspot.events.VirtualThreadMount index=48
[vthread-trace-agent] found unmount ext event: id=com.sun.hotspot.events.VirtualThreadUnmount index=47
[vthread-trace-agent] JVMTI mount/unmount publish enabled (carrier-resident TLS)
[vthread-trace-agent] ready (fieldID=0x1e2 methodID=0x7c411c228148 publish_jvmti=1)
# Warmup Iteration   1: 108264.238 us/op
# Warmup Iteration   2: 104362.719 us/op
# Warmup Iteration   3: 105771.983 us/op
# Warmup Iteration   4: 105602.605 us/op
# Warmup Iteration   5: 108479.565 us/op
Iteration   1: 109063.932 us/op
                 gc.alloc.rate:      20.995 MB/sec
                 gc.alloc.rate.norm: 2401131.217 B/op
                 gc.count:           ≈ 0 counts

Iteration   2: 107400.735 us/op
                 gc.alloc.rate:      21.321 MB/sec
                 gc.alloc.rate.norm: 2401131.660 B/op
                 gc.count:           1.000 counts
                 gc.time:            2.000 ms

Iteration   3: 105854.351 us/op
                 gc.alloc.rate:      21.632 MB/sec
                 gc.alloc.rate.norm: 2401128.168 B/op
                 gc.count:           ≈ 0 counts

Iteration   4: 105580.869 us/op
                 gc.alloc.rate:      21.688 MB/sec
                 gc.alloc.rate.norm: 2401128.168 B/op
                 gc.count:           ≈ 0 counts

Iteration   5: 105854.315 us/op
                 gc.alloc.rate:      21.632 MB/sec
                 gc.alloc.rate.norm: 2401128.168 B/op
                 gc.count:           ≈ 0 counts

[vthread-trace-agent] unloading

# Run progress: 86.67% complete, ETA 00:03:20
# Fork: 4 of 5
[vthread-trace-agent] loading, options=publish=jvmti
[vthread-trace-agent] loaded
[vthread-trace-agent] found mount ext event: id=com.sun.hotspot.events.VirtualThreadMount index=48
[vthread-trace-agent] found unmount ext event: id=com.sun.hotspot.events.VirtualThreadUnmount index=47
[vthread-trace-agent] JVMTI mount/unmount publish enabled (carrier-resident TLS)
[vthread-trace-agent] ready (fieldID=0x1e2 methodID=0x7b4cd0228168 publish_jvmti=1)
# Warmup Iteration   1: 108748.869 us/op
# Warmup Iteration   2: 104828.488 us/op
# Warmup Iteration   3: 104262.788 us/op
# Warmup Iteration   4: 105398.663 us/op
# Warmup Iteration   5: 106710.948 us/op
Iteration   1: 105987.877 us/op
                 gc.alloc.rate:      21.605 MB/sec
                 gc.alloc.rate.norm: 2401128.842 B/op
                 gc.count:           ≈ 0 counts

Iteration   2: 105533.599 us/op
                 gc.alloc.rate:      21.698 MB/sec
                 gc.alloc.rate.norm: 2401131.200 B/op
                 gc.count:           1.000 counts
                 gc.time:            2.000 ms

Iteration   3: 104876.407 us/op
                 gc.alloc.rate:      21.834 MB/sec
                 gc.alloc.rate.norm: 2401127.750 B/op
                 gc.count:           ≈ 0 counts

Iteration   4: 105308.189 us/op
                 gc.alloc.rate:      21.744 MB/sec
                 gc.alloc.rate.norm: 2401128.505 B/op
                 gc.count:           ≈ 0 counts

Iteration   5: 104330.169 us/op
                 gc.alloc.rate:      21.948 MB/sec
                 gc.alloc.rate.norm: 2401127.750 B/op
                 gc.count:           ≈ 0 counts

[vthread-trace-agent] unloading

# Run progress: 93.33% complete, ETA 00:01:40
# Fork: 5 of 5
[vthread-trace-agent] loading, options=publish=jvmti
[vthread-trace-agent] loaded
[vthread-trace-agent] found mount ext event: id=com.sun.hotspot.events.VirtualThreadMount index=48
[vthread-trace-agent] found unmount ext event: id=com.sun.hotspot.events.VirtualThreadUnmount index=47
[vthread-trace-agent] JVMTI mount/unmount publish enabled (carrier-resident TLS)
[vthread-trace-agent] ready (fieldID=0x1e2 methodID=0x7c22bc228188 publish_jvmti=1)
# Warmup Iteration   1: 106116.719 us/op
# Warmup Iteration   2: 102940.837 us/op
# Warmup Iteration   3: 102365.747 us/op
# Warmup Iteration   4: 103152.805 us/op
# Warmup Iteration   5: 104888.641 us/op
Iteration   1: 103799.865 us/op
                 gc.alloc.rate:      22.060 MB/sec
                 gc.alloc.rate.norm: 2401127.340 B/op
                 gc.count:           ≈ 0 counts

Iteration   2: 103327.185 us/op
                 gc.alloc.rate:      22.161 MB/sec
                 gc.alloc.rate.norm: 2401129.320 B/op
                 gc.count:           1.000 counts
                 gc.time:            2.000 ms

Iteration   3: 103510.183 us/op
                 gc.alloc.rate:      22.122 MB/sec
                 gc.alloc.rate.norm: 2401127.010 B/op
                 gc.count:           ≈ 0 counts

Iteration   4: 103920.163 us/op
                 gc.alloc.rate:      22.035 MB/sec
                 gc.alloc.rate.norm: 2401126.680 B/op
                 gc.count:           ≈ 0 counts

Iteration   5: 103896.543 us/op
                 gc.alloc.rate:      22.040 MB/sec
                 gc.alloc.rate.norm: 2401126.680 B/op
                 gc.count:           ≈ 0 counts

[vthread-trace-agent] unloading


Result "uk.ac.ncl.jensen.benchmark.VThreadTransitionBenchmark.transition_yield":
  105277.814 ±(99.9%) 1026.731 us/op [Average]
  (min, avg, max) = (103327.185, 105277.814, 109063.932), stdev = 1370.656
  CI (99.9%): [104251.083, 106304.545] (assumes normal distribution)

Secondary result "uk.ac.ncl.jensen.benchmark.VThreadTransitionBenchmark.transition_yield:gc.alloc.rate":
  21.754 ±(99.9%) 0.210 MB/sec [Average]
  (min, avg, max) = (20.995, 21.754, 22.161), stdev = 0.281
  CI (99.9%): [21.544, 21.964] (assumes normal distribution)

Secondary result "uk.ac.ncl.jensen.benchmark.VThreadTransitionBenchmark.transition_yield:gc.alloc.rate.norm":
  2401128.514 ±(99.9%) 1.162 B/op [Average]
  (min, avg, max) = (2401126.680, 2401128.514, 2401131.660), stdev = 1.551
  CI (99.9%): [2401127.352, 2401129.676] (assumes normal distribution)

Secondary result "uk.ac.ncl.jensen.benchmark.VThreadTransitionBenchmark.transition_yield:gc.count":
  5.000 ±(99.9%) 0.001 counts [Sum]
  (min, avg, max) = (≈ 0, 0.200, 1.000), stdev = 0.408
  CI (99.9%): [5.000, 5.000] (assumes normal distribution)

Secondary result "uk.ac.ncl.jensen.benchmark.VThreadTransitionBenchmark.transition_yield:gc.time":
  10.000 ±(99.9%) 0.001 ms [Sum]
  (min, avg, max) = (≈ 0, 0.400, 2.000), stdev = 0.816
  CI (99.9%): [10.000, 10.000] (assumes normal distribution)


# Run complete. Total time: 00:25:06

REMEMBER: The numbers below are just data. To gain reusable insights, you need to follow up on
why the numbers are the way they are. Use profilers (see -prof, -lprof), design factorial
experiments, perform baseline and negative tests that provide experimental control, make sure
the benchmarking environment is safe on JVM/OS/HW level, ask for reviews from the domain experts.
Do not assume the numbers tell you what you want them to tell.

NOTE: Current JVM experimentally supports Compiler Blackholes, and they are in use. Please exercise
extra caution when trusting the results, look into the generated code to check the benchmark still
works, and factor in a small probability of new VM bugs. Additionally, while comparisons between
different JVMs are already problematic, the performance difference caused by different Blackhole
modes can be very significant. Please make sure you use the consistent Blackhole mode for comparisons.

Benchmark                                                       (yieldsPerVthread)  Mode  Cnt        Score      Error   Units
VThreadTransitionBenchmark.transition_yield                                   1000  avgt   25     1039.125 ±   15.712   us/op
VThreadTransitionBenchmark.transition_yield:gc.alloc.rate                     1000  avgt   25       22.678 ±    0.344  MB/sec
VThreadTransitionBenchmark.transition_yield:gc.alloc.rate.norm                1000  avgt   25    24700.985 ±   12.175    B/op
VThreadTransitionBenchmark.transition_yield:gc.count                          1000  avgt   25        5.000             counts
VThreadTransitionBenchmark.transition_yield:gc.time                           1000  avgt   25       10.000                 ms
VThreadTransitionBenchmark.transition_yield                                  10000  avgt   25    10573.005 ±  150.828   us/op
VThreadTransitionBenchmark.transition_yield:gc.alloc.rate                    10000  avgt   25       21.722 ±    0.299  MB/sec
VThreadTransitionBenchmark.transition_yield:gc.alloc.rate.norm               10000  avgt   25   240751.039 ±  106.639    B/op
VThreadTransitionBenchmark.transition_yield:gc.count                         10000  avgt   25        5.000             counts
VThreadTransitionBenchmark.transition_yield:gc.time                          10000  avgt   25       10.000                 ms
VThreadTransitionBenchmark.transition_yield                                 100000  avgt   25   105277.814 ± 1026.731   us/op
VThreadTransitionBenchmark.transition_yield:gc.alloc.rate                   100000  avgt   25       21.754 ±    0.210  MB/sec
VThreadTransitionBenchmark.transition_yield:gc.alloc.rate.norm              100000  avgt   25  2401128.514 ±    1.162    B/op
VThreadTransitionBenchmark.transition_yield:gc.count                        100000  avgt   25        5.000             counts
VThreadTransitionBenchmark.transition_yield:gc.time                         100000  avgt   25       10.000                 ms

Benchmark result is saved to /home/ubuntu/ebpf-vthread-correlate/result/benchmark/nsweep-20260707-134231/VThreadTransitionBenchmark_jvmtipublish_gc.json

[1m== VThreadTransitionBenchmark / jvmalloc ==[0m
+ /home/ubuntu/ebpf-vthread-correlate/.vthread-jdk/jdk/bin/java -Djmh.ignoreLock=true -jar /home/ubuntu/ebpf-vthread-correlate/target/ebpf-vthread-correlate-1.0-SNAPSHOT.jar VThreadTransitionBenchmark -jvmArgsAppend -Dvthread.trace.jvmAlloc=true -p yieldsPerVthread=1000,10000,100000 -prof gc -rf json -rff /home/ubuntu/ebpf-vthread-correlate/result/benchmark/nsweep-20260707-134231/VThreadTransitionBenchmark_jvmalloc_gc.json
# WARNING: JMH lock is ignored by user request, make sure no other JMH instances are running
# JMH version: 1.37
# VM version: JDK 21.0.12-internal, OpenJDK 64-Bit Server VM, 21.0.12-internal-adhoc.root.src
# VM invoker: /home/ubuntu/ebpf-vthread-correlate/.vthread-jdk/jdk/bin/java
# VM options: --enable-preview --enable-native-access=ALL-UNNAMED -Dvthread.trace.jvmAlloc=true
# Blackhole mode: compiler (auto-detected, use -Djmh.blackhole.autoDetect=false to disable)
# Warmup: 5 iterations, 10 s each
# Measurement: 5 iterations, 10 s each
# Timeout: 10 min per iteration
# Threads: 1 thread, will synchronize iterations
# Benchmark mode: Average time, time/op
# Benchmark: uk.ac.ncl.jensen.benchmark.VThreadTransitionBenchmark.transition_yield
# Parameters: (yieldsPerVthread = 1000)

# Run progress: 0.00% complete, ETA 00:25:00
# Fork: 1 of 5
# Warmup Iteration   1: 947.294 us/op
# Warmup Iteration   2: 897.197 us/op
# Warmup Iteration   3: 902.518 us/op
# Warmup Iteration   4: 899.658 us/op
# Warmup Iteration   5: 902.681 us/op
Iteration   1: 886.183 us/op
                 gc.alloc.rate:      26.570 MB/sec
                 gc.alloc.rate.norm: 24689.725 B/op
                 gc.count:           1.000 counts
                 gc.time:            3.000 ms

Iteration   2: 873.997 us/op
                 gc.alloc.rate:      26.965 MB/sec
                 gc.alloc.rate.norm: 24712.599 B/op
                 gc.count:           ≈ 0 counts

Iteration   3: 873.681 us/op
                 gc.alloc.rate:      26.975 MB/sec
                 gc.alloc.rate.norm: 24712.605 B/op
                 gc.count:           ≈ 0 counts

Iteration   4: 869.015 us/op
                 gc.alloc.rate:      27.120 MB/sec
                 gc.alloc.rate.norm: 24712.596 B/op
                 gc.count:           ≈ 0 counts

Iteration   5: 870.486 us/op
                 gc.alloc.rate:      27.064 MB/sec
                 gc.alloc.rate.norm: 24703.679 B/op
                 gc.count:           1.000 counts
                 gc.time:            2.000 ms


# Run progress: 6.67% complete, ETA 00:23:23
# Fork: 2 of 5
# Warmup Iteration   1: 901.449 us/op
# Warmup Iteration   2: 857.945 us/op
# Warmup Iteration   3: 868.000 us/op
# Warmup Iteration   4: 865.675 us/op
# Warmup Iteration   5: 864.927 us/op
Iteration   1: 868.260 us/op
                 gc.alloc.rate:      27.128 MB/sec
                 gc.alloc.rate.norm: 24698.532 B/op
                 gc.count:           1.000 counts
                 gc.time:            2.000 ms

Iteration   2: 869.559 us/op
                 gc.alloc.rate:      27.103 MB/sec
                 gc.alloc.rate.norm: 24712.599 B/op
                 gc.count:           ≈ 0 counts

Iteration   3: 871.946 us/op
                 gc.alloc.rate:      27.028 MB/sec
                 gc.alloc.rate.norm: 24712.601 B/op
                 gc.count:           ≈ 0 counts

Iteration   4: 873.329 us/op
                 gc.alloc.rate:      26.986 MB/sec
                 gc.alloc.rate.norm: 24712.611 B/op
                 gc.count:           ≈ 0 counts

Iteration   5: 876.662 us/op
                 gc.alloc.rate:      26.879 MB/sec
                 gc.alloc.rate.norm: 24709.042 B/op
                 gc.count:           1.000 counts
                 gc.time:            3.000 ms


# Run progress: 13.33% complete, ETA 00:21:42
# Fork: 3 of 5
# Warmup Iteration   1: 917.076 us/op
# Warmup Iteration   2: 862.229 us/op
# Warmup Iteration   3: 871.410 us/op
# Warmup Iteration   4: 872.546 us/op
# Warmup Iteration   5: 865.820 us/op
Iteration   1: 861.003 us/op
                 gc.alloc.rate:      27.355 MB/sec
                 gc.alloc.rate.norm: 24697.287 B/op
                 gc.count:           1.000 counts
                 gc.time:            2.000 ms

Iteration   2: 865.741 us/op
                 gc.alloc.rate:      27.222 MB/sec
                 gc.alloc.rate.norm: 24712.596 B/op
                 gc.count:           ≈ 0 counts

Iteration   3: 868.636 us/op
                 gc.alloc.rate:      27.132 MB/sec
                 gc.alloc.rate.norm: 24712.598 B/op
                 gc.count:           ≈ 0 counts

Iteration   4: 866.757 us/op
                 gc.alloc.rate:      27.190 MB/sec
                 gc.alloc.rate.norm: 24712.606 B/op
                 gc.count:           ≈ 0 counts

Iteration   5: 865.248 us/op
                 gc.alloc.rate:      27.218 MB/sec
                 gc.alloc.rate.norm: 24694.663 B/op
                 gc.count:           1.000 counts
                 gc.time:            2.000 ms


# Run progress: 20.00% complete, ETA 00:20:02
# Fork: 4 of 5
# Warmup Iteration   1: 882.389 us/op
# Warmup Iteration   2: 868.678 us/op
# Warmup Iteration   3: 879.260 us/op
# Warmup Iteration   4: 877.566 us/op
# Warmup Iteration   5: 874.480 us/op
Iteration   1: 868.972 us/op
                 gc.alloc.rate:      27.104 MB/sec
                 gc.alloc.rate.norm: 24697.363 B/op
                 gc.count:           1.000 counts
                 gc.time:            2.000 ms

Iteration   2: 863.871 us/op
                 gc.alloc.rate:      27.281 MB/sec
                 gc.alloc.rate.norm: 24712.595 B/op
                 gc.count:           ≈ 0 counts

Iteration   3: 869.630 us/op
                 gc.alloc.rate:      27.100 MB/sec
                 gc.alloc.rate.norm: 24712.599 B/op
                 gc.count:           ≈ 0 counts

Iteration   4: 866.641 us/op
                 gc.alloc.rate:      27.194 MB/sec
                 gc.alloc.rate.norm: 24712.606 B/op
                 gc.count:           ≈ 0 counts

Iteration   5: 858.741 us/op
                 gc.alloc.rate:      27.424 MB/sec
                 gc.alloc.rate.norm: 24694.605 B/op
                 gc.count:           1.000 counts
                 gc.time:            2.000 ms


# Run progress: 26.67% complete, ETA 00:18:22
# Fork: 5 of 5
# Warmup Iteration   1: 913.967 us/op
# Warmup Iteration   2: 879.478 us/op
# Warmup Iteration   3: 894.483 us/op
# Warmup Iteration   4: 895.866 us/op
# Warmup Iteration   5: 892.649 us/op
Iteration   1: 878.934 us/op
                 gc.alloc.rate:      26.792 MB/sec
                 gc.alloc.rate.norm: 24693.104 B/op
                 gc.count:           1.000 counts
                 gc.time:            2.000 ms

Iteration   2: 874.635 us/op
                 gc.alloc.rate:      26.945 MB/sec
                 gc.alloc.rate.norm: 24712.602 B/op
                 gc.count:           ≈ 0 counts

Iteration   3: 870.536 us/op
                 gc.alloc.rate:      27.072 MB/sec
                 gc.alloc.rate.norm: 24712.600 B/op
                 gc.count:           ≈ 0 counts

Iteration   4: 864.468 us/op
                 gc.alloc.rate:      27.262 MB/sec
                 gc.alloc.rate.norm: 24712.604 B/op
                 gc.count:           ≈ 0 counts

Iteration   5: 871.067 us/op
                 gc.alloc.rate:      27.052 MB/sec
                 gc.alloc.rate.norm: 24709.061 B/op
                 gc.count:           1.000 counts
                 gc.time:            2.000 ms



Result "uk.ac.ncl.jensen.benchmark.VThreadTransitionBenchmark.transition_yield":
  869.920 ±(99.9%) 4.322 us/op [Average]
  (min, avg, max) = (858.741, 869.920, 886.183), stdev = 5.770
  CI (99.9%): [865.597, 874.242] (assumes normal distribution)

Secondary result "uk.ac.ncl.jensen.benchmark.VThreadTransitionBenchmark.transition_yield:gc.alloc.rate":
  27.086 ±(99.9%) 0.135 MB/sec [Average]
  (min, avg, max) = (26.570, 27.086, 27.424), stdev = 0.180
  CI (99.9%): [26.952, 27.221] (assumes normal distribution)

Secondary result "uk.ac.ncl.jensen.benchmark.VThreadTransitionBenchmark.transition_yield:gc.alloc.rate.norm":
  24707.043 ±(99.9%) 6.013 B/op [Average]
  (min, avg, max) = (24689.725, 24707.043, 24712.611), stdev = 8.027
  CI (99.9%): [24701.030, 24713.056] (assumes normal distribution)

Secondary result "uk.ac.ncl.jensen.benchmark.VThreadTransitionBenchmark.transition_yield:gc.count":
  10.000 ±(99.9%) 0.001 counts [Sum]
  (min, avg, max) = (≈ 0, 0.400, 1.000), stdev = 0.500
  CI (99.9%): [10.000, 10.000] (assumes normal distribution)

Secondary result "uk.ac.ncl.jensen.benchmark.VThreadTransitionBenchmark.transition_yield:gc.time":
  22.000 ±(99.9%) 0.001 ms [Sum]
  (min, avg, max) = (≈ 0, 0.880, 3.000), stdev = 1.130
  CI (99.9%): [22.000, 22.000] (assumes normal distribution)


# JMH version: 1.37
# VM version: JDK 21.0.12-internal, OpenJDK 64-Bit Server VM, 21.0.12-internal-adhoc.root.src
# VM invoker: /home/ubuntu/ebpf-vthread-correlate/.vthread-jdk/jdk/bin/java
# VM options: --enable-preview --enable-native-access=ALL-UNNAMED -Dvthread.trace.jvmAlloc=true
# Blackhole mode: compiler (auto-detected, use -Djmh.blackhole.autoDetect=false to disable)
# Warmup: 5 iterations, 10 s each
# Measurement: 5 iterations, 10 s each
# Timeout: 10 min per iteration
# Threads: 1 thread, will synchronize iterations
# Benchmark mode: Average time, time/op
# Benchmark: uk.ac.ncl.jensen.benchmark.VThreadTransitionBenchmark.transition_yield
# Parameters: (yieldsPerVthread = 10000)

# Run progress: 33.33% complete, ETA 00:16:42
# Fork: 1 of 5
# Warmup Iteration   1: 8936.596 us/op
# Warmup Iteration   2: 8714.400 us/op
# Warmup Iteration   3: 8848.738 us/op
# Warmup Iteration   4: 8764.292 us/op
# Warmup Iteration   5: 8729.515 us/op
Iteration   1: 8509.117 us/op
                 gc.alloc.rate:      26.974 MB/sec
                 gc.alloc.rate.norm: 240678.129 B/op
                 gc.count:           1.000 counts
                 gc.time:            2.000 ms

Iteration   2: 8443.691 us/op
                 gc.alloc.rate:      27.183 MB/sec
                 gc.alloc.rate.norm: 240677.813 B/op
                 gc.count:           ≈ 0 counts

Iteration   3: 8448.381 us/op
                 gc.alloc.rate:      27.168 MB/sec
                 gc.alloc.rate.norm: 240677.818 B/op
                 gc.count:           ≈ 0 counts

Iteration   4: 8425.518 us/op
                 gc.alloc.rate:      27.242 MB/sec
                 gc.alloc.rate.norm: 240677.803 B/op
                 gc.count:           ≈ 0 counts

Iteration   5: 8504.302 us/op
                 gc.alloc.rate:      26.989 MB/sec
                 gc.alloc.rate.norm: 240678.102 B/op
                 gc.count:           1.000 counts
                 gc.time:            2.000 ms


# Run progress: 40.00% complete, ETA 00:15:02
# Fork: 2 of 5
# Warmup Iteration   1: 9215.504 us/op
# Warmup Iteration   2: 9028.281 us/op
# Warmup Iteration   3: 9206.827 us/op
# Warmup Iteration   4: 9231.876 us/op
# Warmup Iteration   5: 9201.319 us/op
Iteration   1: 8846.120 us/op
                 gc.alloc.rate:      25.948 MB/sec
                 gc.alloc.rate.norm: 240694.189 B/op
                 gc.count:           1.000 counts
                 gc.time:            3.000 ms

Iteration   2: 8826.589 us/op
                 gc.alloc.rate:      26.004 MB/sec
                 gc.alloc.rate.norm: 240678.079 B/op
                 gc.count:           ≈ 0 counts

Iteration   3: 8880.462 us/op
                 gc.alloc.rate:      25.846 MB/sec
                 gc.alloc.rate.norm: 240678.112 B/op
                 gc.count:           ≈ 0 counts

Iteration   4: 8788.860 us/op
                 gc.alloc.rate:      26.115 MB/sec
                 gc.alloc.rate.norm: 240678.053 B/op
                 gc.count:           ≈ 0 counts

Iteration   5: 8807.557 us/op
                 gc.alloc.rate:      26.060 MB/sec
                 gc.alloc.rate.norm: 240678.063 B/op
                 gc.count:           ≈ 0 counts


# Run progress: 46.67% complete, ETA 00:13:21
# Fork: 3 of 5
# Warmup Iteration   1: 8984.032 us/op
# Warmup Iteration   2: 8766.519 us/op
# Warmup Iteration   3: 8930.422 us/op
# Warmup Iteration   4: 8889.040 us/op
# Warmup Iteration   5: 8807.599 us/op
Iteration   1: 8742.356 us/op
                 gc.alloc.rate:      26.254 MB/sec
                 gc.alloc.rate.norm: 240678.301 B/op
                 gc.count:           1.000 counts
                 gc.time:            2.000 ms

Iteration   2: 8758.277 us/op
                 gc.alloc.rate:      26.206 MB/sec
                 gc.alloc.rate.norm: 240678.032 B/op
                 gc.count:           ≈ 0 counts

Iteration   3: 8716.671 us/op
                 gc.alloc.rate:      26.332 MB/sec
                 gc.alloc.rate.norm: 240678.000 B/op
                 gc.count:           ≈ 0 counts

Iteration   4: 8720.054 us/op
                 gc.alloc.rate:      26.321 MB/sec
                 gc.alloc.rate.norm: 240678.005 B/op
                 gc.count:           ≈ 0 counts

Iteration   5: 8717.706 us/op
                 gc.alloc.rate:      26.328 MB/sec
                 gc.alloc.rate.norm: 240678.000 B/op
                 gc.count:           ≈ 0 counts


# Run progress: 53.33% complete, ETA 00:11:41
# Fork: 4 of 5
# Warmup Iteration   1: 8812.236 us/op
# Warmup Iteration   2: 8734.385 us/op
# Warmup Iteration   3: 8824.412 us/op
# Warmup Iteration   4: 8790.010 us/op
# Warmup Iteration   5: 8678.756 us/op
Iteration   1: 8459.832 us/op
                 gc.alloc.rate:      27.131 MB/sec
                 gc.alloc.rate.norm: 240678.093 B/op
                 gc.count:           1.000 counts
                 gc.time:            2.000 ms

Iteration   2: 8317.288 us/op
                 gc.alloc.rate:      27.596 MB/sec
                 gc.alloc.rate.norm: 240677.726 B/op
                 gc.count:           ≈ 0 counts

Iteration   3: 8251.904 us/op
                 gc.alloc.rate:      27.815 MB/sec
                 gc.alloc.rate.norm: 240677.683 B/op
                 gc.count:           ≈ 0 counts

Iteration   4: 8262.961 us/op
                 gc.alloc.rate:      27.777 MB/sec
                 gc.alloc.rate.norm: 240677.688 B/op
                 gc.count:           ≈ 0 counts

Iteration   5: 8287.230 us/op
                 gc.alloc.rate:      27.696 MB/sec
                 gc.alloc.rate.norm: 240677.945 B/op
                 gc.count:           1.000 counts
                 gc.time:            2.000 ms


# Run progress: 60.00% complete, ETA 00:10:01
# Fork: 5 of 5
# Warmup Iteration   1: 9331.632 us/op
# Warmup Iteration   2: 8987.994 us/op
# Warmup Iteration   3: 9106.460 us/op
# Warmup Iteration   4: 9035.479 us/op
# Warmup Iteration   5: 9028.159 us/op
Iteration   1: 8746.660 us/op
                 gc.alloc.rate:      26.242 MB/sec
                 gc.alloc.rate.norm: 240679.804 B/op
                 gc.count:           1.000 counts
                 gc.time:            2.000 ms

Iteration   2: 8669.197 us/op
                 gc.alloc.rate:      26.475 MB/sec
                 gc.alloc.rate.norm: 240677.969 B/op
                 gc.count:           ≈ 0 counts

Iteration   3: 8659.597 us/op
                 gc.alloc.rate:      26.505 MB/sec
                 gc.alloc.rate.norm: 240677.964 B/op
                 gc.count:           ≈ 0 counts

Iteration   4: 8635.780 us/op
                 gc.alloc.rate:      26.578 MB/sec
                 gc.alloc.rate.norm: 240677.921 B/op
                 gc.count:           ≈ 0 counts

Iteration   5: 8617.815 us/op
                 gc.alloc.rate:      26.634 MB/sec
                 gc.alloc.rate.norm: 240677.933 B/op
                 gc.count:           ≈ 0 counts



Result "uk.ac.ncl.jensen.benchmark.VThreadTransitionBenchmark.transition_yield":
  8601.757 ±(99.9%) 146.290 us/op [Average]
  (min, avg, max) = (8251.904, 8601.757, 8880.462), stdev = 195.292
  CI (99.9%): [8455.468, 8748.047] (assumes normal distribution)

Secondary result "uk.ac.ncl.jensen.benchmark.VThreadTransitionBenchmark.transition_yield:gc.alloc.rate":
  26.697 ±(99.9%) 0.459 MB/sec [Average]
  (min, avg, max) = (25.846, 26.697, 27.815), stdev = 0.612
  CI (99.9%): [26.238, 27.155] (assumes normal distribution)

Secondary result "uk.ac.ncl.jensen.benchmark.VThreadTransitionBenchmark.transition_yield:gc.alloc.rate.norm":
  240678.689 ±(99.9%) 2.437 B/op [Average]
  (min, avg, max) = (240677.683, 240678.689, 240694.189), stdev = 3.253
  CI (99.9%): [240676.252, 240681.126] (assumes normal distribution)

Secondary result "uk.ac.ncl.jensen.benchmark.VThreadTransitionBenchmark.transition_yield:gc.count":
  7.000 ±(99.9%) 0.001 counts [Sum]
  (min, avg, max) = (≈ 0, 0.280, 1.000), stdev = 0.458
  CI (99.9%): [7.000, 7.000] (assumes normal distribution)

Secondary result "uk.ac.ncl.jensen.benchmark.VThreadTransitionBenchmark.transition_yield:gc.time":
  15.000 ±(99.9%) 0.001 ms [Sum]
  (min, avg, max) = (≈ 0, 0.600, 3.000), stdev = 1.000
  CI (99.9%): [15.000, 15.000] (assumes normal distribution)


# JMH version: 1.37
# VM version: JDK 21.0.12-internal, OpenJDK 64-Bit Server VM, 21.0.12-internal-adhoc.root.src
# VM invoker: /home/ubuntu/ebpf-vthread-correlate/.vthread-jdk/jdk/bin/java
# VM options: --enable-preview --enable-native-access=ALL-UNNAMED -Dvthread.trace.jvmAlloc=true
# Blackhole mode: compiler (auto-detected, use -Djmh.blackhole.autoDetect=false to disable)
# Warmup: 5 iterations, 10 s each
# Measurement: 5 iterations, 10 s each
# Timeout: 10 min per iteration
# Threads: 1 thread, will synchronize iterations
# Benchmark mode: Average time, time/op
# Benchmark: uk.ac.ncl.jensen.benchmark.VThreadTransitionBenchmark.transition_yield
# Parameters: (yieldsPerVthread = 100000)

# Run progress: 66.67% complete, ETA 00:08:21
# Fork: 1 of 5
# Warmup Iteration   1: 88757.732 us/op
# Warmup Iteration   2: 87606.517 us/op
# Warmup Iteration   3: 88968.103 us/op
# Warmup Iteration   4: 89937.460 us/op
# Warmup Iteration   5: 89733.345 us/op
Iteration   1: 90428.407 us/op
                 gc.alloc.rate:      25.322 MB/sec
                 gc.alloc.rate.norm: 2401120.360 B/op
                 gc.count:           1.000 counts
                 gc.time:            2.000 ms

Iteration   2: 89811.277 us/op
                 gc.alloc.rate:      25.496 MB/sec
                 gc.alloc.rate.norm: 2401117.214 B/op
                 gc.count:           ≈ 0 counts

Iteration   3: 89422.714 us/op
                 gc.alloc.rate:      25.607 MB/sec
                 gc.alloc.rate.norm: 2401117.214 B/op
                 gc.count:           ≈ 0 counts

Iteration   4: 88750.736 us/op
                 gc.alloc.rate:      25.801 MB/sec
                 gc.alloc.rate.norm: 2401116.956 B/op
                 gc.count:           ≈ 0 counts

Iteration   5: 89226.514 us/op
                 gc.alloc.rate:      25.663 MB/sec
                 gc.alloc.rate.norm: 2401116.673 B/op
                 gc.count:           ≈ 0 counts


# Run progress: 73.33% complete, ETA 00:06:41
# Fork: 2 of 5
# Warmup Iteration   1: 89051.802 us/op
# Warmup Iteration   2: 84698.312 us/op
# Warmup Iteration   3: 85993.600 us/op
# Warmup Iteration   4: 86319.527 us/op
# Warmup Iteration   5: 86242.534 us/op
Iteration   1: 86194.812 us/op
                 gc.alloc.rate:      26.566 MB/sec
                 gc.alloc.rate.norm: 2401117.060 B/op
                 gc.count:           1.000 counts
                 gc.time:            2.000 ms

Iteration   2: 85801.611 us/op
                 gc.alloc.rate:      26.687 MB/sec
                 gc.alloc.rate.norm: 2401114.598 B/op
                 gc.count:           ≈ 0 counts

Iteration   3: 84762.540 us/op
                 gc.alloc.rate:      27.015 MB/sec
                 gc.alloc.rate.norm: 2401114.373 B/op
                 gc.count:           ≈ 0 counts

Iteration   4: 83822.656 us/op
                 gc.alloc.rate:      27.318 MB/sec
                 gc.alloc.rate.norm: 2401113.400 B/op
                 gc.count:           ≈ 0 counts

Iteration   5: 84455.705 us/op
                 gc.alloc.rate:      27.113 MB/sec
                 gc.alloc.rate.norm: 2401115.765 B/op
                 gc.count:           1.000 counts
                 gc.time:            3.000 ms


# Run progress: 80.00% complete, ETA 00:05:00
# Fork: 3 of 5
# Warmup Iteration   1: 87824.642 us/op
# Warmup Iteration   2: 84553.229 us/op
# Warmup Iteration   3: 85114.435 us/op
# Warmup Iteration   4: 86172.393 us/op
# Warmup Iteration   5: 85977.027 us/op
Iteration   1: 86518.659 us/op
                 gc.alloc.rate:      26.466 MB/sec
                 gc.alloc.rate.norm: 2401117.586 B/op
                 gc.count:           1.000 counts
                 gc.time:            2.000 ms

Iteration   2: 86185.484 us/op
                 gc.alloc.rate:      26.569 MB/sec
                 gc.alloc.rate.norm: 2401114.872 B/op
                 gc.count:           ≈ 0 counts

Iteration   3: 86066.137 us/op
                 gc.alloc.rate:      26.605 MB/sec
                 gc.alloc.rate.norm: 2401114.598 B/op
                 gc.count:           ≈ 0 counts

Iteration   4: 86489.348 us/op
                 gc.alloc.rate:      26.475 MB/sec
                 gc.alloc.rate.norm: 2401115.103 B/op
                 gc.count:           ≈ 0 counts

Iteration   5: 86011.663 us/op
                 gc.alloc.rate:      26.622 MB/sec
                 gc.alloc.rate.norm: 2401116.786 B/op
                 gc.count:           1.000 counts
                 gc.time:            2.000 ms


# Run progress: 86.67% complete, ETA 00:03:20
# Fork: 4 of 5
# Warmup Iteration   1: 88829.757 us/op
# Warmup Iteration   2: 83765.714 us/op
# Warmup Iteration   3: 84317.889 us/op
# Warmup Iteration   4: 85126.773 us/op
# Warmup Iteration   5: 86054.198 us/op
Iteration   1: 86683.524 us/op
                 gc.alloc.rate:      26.416 MB/sec
                 gc.alloc.rate.norm: 2401117.586 B/op
                 gc.count:           1.000 counts
                 gc.time:            2.000 ms

Iteration   2: 85748.182 us/op
                 gc.alloc.rate:      26.704 MB/sec
                 gc.alloc.rate.norm: 2401114.598 B/op
                 gc.count:           ≈ 0 counts

Iteration   3: 85340.344 us/op
                 gc.alloc.rate:      26.832 MB/sec
                 gc.alloc.rate.norm: 2401114.102 B/op
                 gc.count:           ≈ 0 counts

Iteration   4: 85491.336 us/op
                 gc.alloc.rate:      26.784 MB/sec
                 gc.alloc.rate.norm: 2401114.872 B/op
                 gc.count:           ≈ 0 counts

Iteration   5: 85961.057 us/op
                 gc.alloc.rate:      26.638 MB/sec
                 gc.alloc.rate.norm: 2401116.786 B/op
                 gc.count:           1.000 counts
                 gc.time:            2.000 ms


# Run progress: 93.33% complete, ETA 00:01:40
# Fork: 5 of 5
# Warmup Iteration   1: 87801.599 us/op
# Warmup Iteration   2: 84251.588 us/op
# Warmup Iteration   3: 84928.510 us/op
# Warmup Iteration   4: 86718.584 us/op
# Warmup Iteration   5: 87281.842 us/op
Iteration   1: 85671.114 us/op
                 gc.alloc.rate:      26.728 MB/sec
                 gc.alloc.rate.norm: 2401117.060 B/op
                 gc.count:           1.000 counts
                 gc.time:            2.000 ms

Iteration   2: 85631.528 us/op
                 gc.alloc.rate:      26.740 MB/sec
                 gc.alloc.rate.norm: 2401114.598 B/op
                 gc.count:           ≈ 0 counts

Iteration   3: 85507.300 us/op
                 gc.alloc.rate:      26.779 MB/sec
                 gc.alloc.rate.norm: 2401114.872 B/op
                 gc.count:           ≈ 0 counts

Iteration   4: 85391.012 us/op
                 gc.alloc.rate:      26.816 MB/sec
                 gc.alloc.rate.norm: 2401114.102 B/op
                 gc.count:           ≈ 0 counts

Iteration   5: 85658.689 us/op
                 gc.alloc.rate:      26.732 MB/sec
                 gc.alloc.rate.norm: 2401116.786 B/op
                 gc.count:           1.000 counts
                 gc.time:            2.000 ms



Result "uk.ac.ncl.jensen.benchmark.VThreadTransitionBenchmark.transition_yield":
  86441.294 ±(99.9%) 1283.328 us/op [Average]
  (min, avg, max) = (83822.656, 86441.294, 90428.407), stdev = 1713.206
  CI (99.9%): [85157.966, 87724.622] (assumes normal distribution)

Secondary result "uk.ac.ncl.jensen.benchmark.VThreadTransitionBenchmark.transition_yield:gc.alloc.rate":
  26.500 ±(99.9%) 0.386 MB/sec [Average]
  (min, avg, max) = (25.322, 26.500, 27.318), stdev = 0.515
  CI (99.9%): [26.114, 26.886] (assumes normal distribution)

Secondary result "uk.ac.ncl.jensen.benchmark.VThreadTransitionBenchmark.transition_yield:gc.alloc.rate.norm":
  2401115.917 ±(99.9%) 1.199 B/op [Average]
  (min, avg, max) = (2401113.400, 2401115.917, 2401120.360), stdev = 1.600
  CI (99.9%): [2401114.718, 2401117.115] (assumes normal distribution)

Secondary result "uk.ac.ncl.jensen.benchmark.VThreadTransitionBenchmark.transition_yield:gc.count":
  9.000 ±(99.9%) 0.001 counts [Sum]
  (min, avg, max) = (≈ 0, 0.360, 1.000), stdev = 0.490
  CI (99.9%): [9.000, 9.000] (assumes normal distribution)

Secondary result "uk.ac.ncl.jensen.benchmark.VThreadTransitionBenchmark.transition_yield:gc.time":
  19.000 ±(99.9%) 0.001 ms [Sum]
  (min, avg, max) = (≈ 0, 0.760, 3.000), stdev = 1.052
  CI (99.9%): [19.000, 19.000] (assumes normal distribution)


# Run complete. Total time: 00:25:05

REMEMBER: The numbers below are just data. To gain reusable insights, you need to follow up on
why the numbers are the way they are. Use profilers (see -prof, -lprof), design factorial
experiments, perform baseline and negative tests that provide experimental control, make sure
the benchmarking environment is safe on JVM/OS/HW level, ask for reviews from the domain experts.
Do not assume the numbers tell you what you want them to tell.

NOTE: Current JVM experimentally supports Compiler Blackholes, and they are in use. Please exercise
extra caution when trusting the results, look into the generated code to check the benchmark still
works, and factor in a small probability of new VM bugs. Additionally, while comparisons between
different JVMs are already problematic, the performance difference caused by different Blackhole
modes can be very significant. Please make sure you use the consistent Blackhole mode for comparisons.

Benchmark                                                       (yieldsPerVthread)  Mode  Cnt        Score      Error   Units
VThreadTransitionBenchmark.transition_yield                                   1000  avgt   25      869.920 ±    4.322   us/op
VThreadTransitionBenchmark.transition_yield:gc.alloc.rate                     1000  avgt   25       27.086 ±    0.135  MB/sec
VThreadTransitionBenchmark.transition_yield:gc.alloc.rate.norm                1000  avgt   25    24707.043 ±    6.013    B/op
VThreadTransitionBenchmark.transition_yield:gc.count                          1000  avgt   25       10.000             counts
VThreadTransitionBenchmark.transition_yield:gc.time                           1000  avgt   25       22.000                 ms
VThreadTransitionBenchmark.transition_yield                                  10000  avgt   25     8601.757 ±  146.290   us/op
VThreadTransitionBenchmark.transition_yield:gc.alloc.rate                    10000  avgt   25       26.697 ±    0.459  MB/sec
VThreadTransitionBenchmark.transition_yield:gc.alloc.rate.norm               10000  avgt   25   240678.689 ±    2.437    B/op
VThreadTransitionBenchmark.transition_yield:gc.count                         10000  avgt   25        7.000             counts
VThreadTransitionBenchmark.transition_yield:gc.time                          10000  avgt   25       15.000                 ms
VThreadTransitionBenchmark.transition_yield                                 100000  avgt   25    86441.294 ± 1283.328   us/op
VThreadTransitionBenchmark.transition_yield:gc.alloc.rate                   100000  avgt   25       26.500 ±    0.386  MB/sec
VThreadTransitionBenchmark.transition_yield:gc.alloc.rate.norm              100000  avgt   25  2401115.917 ±    1.199    B/op
VThreadTransitionBenchmark.transition_yield:gc.count                        100000  avgt   25        9.000             counts
VThreadTransitionBenchmark.transition_yield:gc.time                         100000  avgt   25       19.000                 ms

Benchmark result is saved to /home/ubuntu/ebpf-vthread-correlate/result/benchmark/nsweep-20260707-134231/VThreadTransitionBenchmark_jvmalloc_gc.json

[1m== Table A (clean -prof gc, release build) ==[0m
  Benchmark          Variant                Score             alloc.norm      per nominal  
  -----------------  ---------------------  ----------------  --------------  -------------
  VThreadTransition  agent N=1000           1047.256 us/op    24700.5 B/op    1.0473 /yield
  VThreadTransition  agent N=10000          10610.621 us/op   240751.2 B/op   1.0611 /yield
  VThreadTransition  agent N=100000         103306.000 us/op  2401127.1 B/op  1.0331 /yield
  VThreadTransition  baseline N=1000        881.420 us/op     24706.5 B/op    0.8814 /yield
  VThreadTransition  baseline N=10000       8729.146 us/op    240678.9 B/op   0.8729 /yield
  VThreadTransition  baseline N=100000      88878.814 us/op   2401117.3 B/op  0.8888 /yield
  VThreadTransition  jvmalloc N=1000        869.920 us/op     24707.0 B/op    0.8699 /yield
  VThreadTransition  jvmalloc N=10000       8601.757 us/op    240678.7 B/op   0.8602 /yield
  VThreadTransition  jvmalloc N=100000      86441.294 us/op   2401115.9 B/op  0.8644 /yield
  VThreadTransition  jvmtipublish N=1000    1039.125 us/op    24701.0 B/op    1.0391 /yield
  VThreadTransition  jvmtipublish N=10000   10573.005 us/op   240751.0 B/op   1.0573 /yield
  VThreadTransition  jvmtipublish N=100000  105277.814 us/op  2401128.5 B/op  1.0528 /yield

[1m== done ==[0m
  table JSON : /home/ubuntu/ebpf-vthread-correlate/result/benchmark/nsweep-20260707-134231/*_gc.json

[1m==== batch step 8/8 full 10-cell matrix  (main tables, PROF_EVENT=cpu) ====[0m

[1m== environment ==[0m
JAVA_HOME = /home/ubuntu/ebpf-vthread-correlate/.vthread-jdk/jdk
agent     = /home/ubuntu/ebpf-vthread-correlate/JVMTI-agent/libvthread_trace_agent.so
java      = openjdk version "21.0.12-internal" 2026-07-21
RUNINFO   = /home/ubuntu/ebpf-vthread-correlate/result/benchmark/RUNINFO-20260707-160543.txt

[1m== build ==[0m
+ make -C JVMTI-agent
make: Entering directory '/home/ubuntu/ebpf-vthread-correlate/JVMTI-agent'
make: 'libvthread_trace_agent.so' is up to date.
make: Leaving directory '/home/ubuntu/ebpf-vthread-correlate/JVMTI-agent'
+ mvn -q clean package

[1m== VThreadTransitionBenchmark / baseline ==[0m
+ rm -rf /home/ubuntu/ebpf-vthread-correlate/result/benchmark/collapsed/VThreadTransitionBenchmark_baseline
+ /home/ubuntu/ebpf-vthread-correlate/.vthread-jdk/jdk/bin/java -Djmh.ignoreLock=true -jar /home/ubuntu/ebpf-vthread-correlate/target/ebpf-vthread-correlate-1.0-SNAPSHOT.jar VThreadTransitionBenchmark -prof gc -rf json -rff /home/ubuntu/ebpf-vthread-correlate/result/benchmark/VThreadTransitionBenchmark_baseline_gc.json
# WARNING: JMH lock is ignored by user request, make sure no other JMH instances are running
# JMH version: 1.37
# VM version: JDK 21.0.12-internal, OpenJDK 64-Bit Server VM, 21.0.12-internal-adhoc.root.src
# VM invoker: /home/ubuntu/ebpf-vthread-correlate/.vthread-jdk/jdk/bin/java
# VM options: --enable-preview --enable-native-access=ALL-UNNAMED
# Blackhole mode: compiler (auto-detected, use -Djmh.blackhole.autoDetect=false to disable)
# Warmup: 5 iterations, 10 s each
# Measurement: 5 iterations, 10 s each
# Timeout: 10 min per iteration
# Threads: 1 thread, will synchronize iterations
# Benchmark mode: Average time, time/op
# Benchmark: uk.ac.ncl.jensen.benchmark.VThreadTransitionBenchmark.transition_yield
# Parameters: (yieldsPerVthread = 10000)

# Run progress: 0.00% complete, ETA 00:08:20
# Fork: 1 of 5
# Warmup Iteration   1: 9072.229 us/op
# Warmup Iteration   2: 8801.970 us/op
# Warmup Iteration   3: 8926.113 us/op
# Warmup Iteration   4: 8955.386 us/op
# Warmup Iteration   5: 8945.023 us/op
Iteration   1: 8655.095 us/op
                 gc.alloc.rate:      26.519 MB/sec
                 gc.alloc.rate.norm: 240678.235 B/op
                 gc.count:           1.000 counts
                 gc.time:            2.000 ms

Iteration   2: 8506.780 us/op
                 gc.alloc.rate:      26.981 MB/sec
                 gc.alloc.rate.norm: 240677.857 B/op
                 gc.count:           ≈ 0 counts

Iteration   3: 8512.059 us/op
                 gc.alloc.rate:      26.965 MB/sec
                 gc.alloc.rate.norm: 240677.862 B/op
                 gc.count:           ≈ 0 counts

Iteration   4: 8434.236 us/op
                 gc.alloc.rate:      27.213 MB/sec
                 gc.alloc.rate.norm: 240677.808 B/op
                 gc.count:           ≈ 0 counts

Iteration   5: 8426.102 us/op
                 gc.alloc.rate:      27.240 MB/sec
                 gc.alloc.rate.norm: 240678.045 B/op
                 gc.count:           1.000 counts
                 gc.time:            3.000 ms


# Run progress: 20.00% complete, ETA 00:06:41
# Fork: 2 of 5
# Warmup Iteration   1: 9038.000 us/op
# Warmup Iteration   2: 8749.097 us/op
# Warmup Iteration   3: 8857.871 us/op
# Warmup Iteration   4: 8827.496 us/op
# Warmup Iteration   5: 8805.937 us/op
Iteration   1: 8570.383 us/op
                 gc.alloc.rate:      26.781 MB/sec
                 gc.alloc.rate.norm: 240678.177 B/op
                 gc.count:           1.000 counts
                 gc.time:            2.000 ms

Iteration   2: 8485.649 us/op
                 gc.alloc.rate:      27.048 MB/sec
                 gc.alloc.rate.norm: 240677.842 B/op
                 gc.count:           ≈ 0 counts

Iteration   3: 8445.795 us/op
                 gc.alloc.rate:      27.176 MB/sec
                 gc.alloc.rate.norm: 240677.813 B/op
                 gc.count:           ≈ 0 counts

Iteration   4: 8424.536 us/op
                 gc.alloc.rate:      27.245 MB/sec
                 gc.alloc.rate.norm: 240677.798 B/op
                 gc.count:           ≈ 0 counts

Iteration   5: 8526.513 us/op
                 gc.alloc.rate:      26.919 MB/sec
                 gc.alloc.rate.norm: 240678.118 B/op
                 gc.count:           1.000 counts
                 gc.time:            2.000 ms


# Run progress: 40.00% complete, ETA 00:05:00
# Fork: 3 of 5
# Warmup Iteration   1: 9141.484 us/op
# Warmup Iteration   2: 8837.778 us/op
# Warmup Iteration   3: 8968.925 us/op
# Warmup Iteration   4: 8968.795 us/op
# Warmup Iteration   5: 8981.158 us/op
Iteration   1: 8717.074 us/op
                 gc.alloc.rate:      26.330 MB/sec
                 gc.alloc.rate.norm: 240678.279 B/op
                 gc.count:           1.000 counts
                 gc.time:            2.000 ms

Iteration   2: 8643.652 us/op
                 gc.alloc.rate:      26.554 MB/sec
                 gc.alloc.rate.norm: 240677.953 B/op
                 gc.count:           ≈ 0 counts

Iteration   3: 8659.122 us/op
                 gc.alloc.rate:      26.507 MB/sec
                 gc.alloc.rate.norm: 240677.964 B/op
                 gc.count:           ≈ 0 counts

Iteration   4: 8621.108 us/op
                 gc.alloc.rate:      26.623 MB/sec
                 gc.alloc.rate.norm: 240677.938 B/op
                 gc.count:           ≈ 0 counts

Iteration   5: 8691.167 us/op
                 gc.alloc.rate:      26.409 MB/sec
                 gc.alloc.rate.norm: 240677.984 B/op
                 gc.count:           ≈ 0 counts


# Run progress: 60.00% complete, ETA 00:03:20
# Fork: 4 of 5
# Warmup Iteration   1: 9116.943 us/op
# Warmup Iteration   2: 8808.372 us/op
# Warmup Iteration   3: 8982.410 us/op
# Warmup Iteration   4: 8928.320 us/op
# Warmup Iteration   5: 8948.384 us/op
Iteration   1: 8672.523 us/op
                 gc.alloc.rate:      26.466 MB/sec
                 gc.alloc.rate.norm: 240678.246 B/op
                 gc.count:           1.000 counts
                 gc.time:            2.000 ms

Iteration   2: 8569.245 us/op
                 gc.alloc.rate:      26.785 MB/sec
                 gc.alloc.rate.norm: 240677.902 B/op
                 gc.count:           ≈ 0 counts

Iteration   3: 8534.437 us/op
                 gc.alloc.rate:      26.894 MB/sec
                 gc.alloc.rate.norm: 240677.877 B/op
                 gc.count:           ≈ 0 counts

Iteration   4: 8540.098 us/op
                 gc.alloc.rate:      26.876 MB/sec
                 gc.alloc.rate.norm: 240677.882 B/op
                 gc.count:           ≈ 0 counts

Iteration   5: 8554.987 us/op
                 gc.alloc.rate:      26.829 MB/sec
                 gc.alloc.rate.norm: 240677.892 B/op
                 gc.count:           ≈ 0 counts


# Run progress: 80.00% complete, ETA 00:01:40
# Fork: 5 of 5
# Warmup Iteration   1: 9303.764 us/op
# Warmup Iteration   2: 9237.748 us/op
# Warmup Iteration   3: 9347.851 us/op
# Warmup Iteration   4: 9365.806 us/op
# Warmup Iteration   5: 9347.577 us/op
Iteration   1: 9096.647 us/op
                 gc.alloc.rate:      25.236 MB/sec
                 gc.alloc.rate.norm: 240722.109 B/op
                 gc.count:           1.000 counts
                 gc.time:            2.000 ms

Iteration   2: 8913.372 us/op
                 gc.alloc.rate:      25.751 MB/sec
                 gc.alloc.rate.norm: 240678.139 B/op
                 gc.count:           ≈ 0 counts

Iteration   3: 8951.617 us/op
                 gc.alloc.rate:      25.640 MB/sec
                 gc.alloc.rate.norm: 240678.161 B/op
                 gc.count:           ≈ 0 counts

Iteration   4: 8969.780 us/op
                 gc.alloc.rate:      25.588 MB/sec
                 gc.alloc.rate.norm: 240678.178 B/op
                 gc.count:           ≈ 0 counts

Iteration   5: 8975.276 us/op
                 gc.alloc.rate:      25.573 MB/sec
                 gc.alloc.rate.norm: 240678.178 B/op
                 gc.count:           ≈ 0 counts



Result "uk.ac.ncl.jensen.benchmark.VThreadTransitionBenchmark.transition_yield":
  8643.890 ±(99.9%) 144.492 us/op [Average]
  (min, avg, max) = (8424.536, 8643.890, 9096.647), stdev = 192.893
  CI (99.9%): [8499.398, 8788.382] (assumes normal distribution)

Secondary result "uk.ac.ncl.jensen.benchmark.VThreadTransitionBenchmark.transition_yield:gc.alloc.rate":
  26.566 ±(99.9%) 0.435 MB/sec [Average]
  (min, avg, max) = (25.236, 26.566, 27.245), stdev = 0.581
  CI (99.9%): [26.131, 27.001] (assumes normal distribution)

Secondary result "uk.ac.ncl.jensen.benchmark.VThreadTransitionBenchmark.transition_yield:gc.alloc.rate.norm":
  240679.769 ±(99.9%) 6.608 B/op [Average]
  (min, avg, max) = (240677.798, 240679.769, 240722.109), stdev = 8.822
  CI (99.9%): [240673.161, 240686.378] (assumes normal distribution)

Secondary result "uk.ac.ncl.jensen.benchmark.VThreadTransitionBenchmark.transition_yield:gc.count":
  7.000 ±(99.9%) 0.001 counts [Sum]
  (min, avg, max) = (≈ 0, 0.280, 1.000), stdev = 0.458
  CI (99.9%): [7.000, 7.000] (assumes normal distribution)

Secondary result "uk.ac.ncl.jensen.benchmark.VThreadTransitionBenchmark.transition_yield:gc.time":
  15.000 ±(99.9%) 0.001 ms [Sum]
  (min, avg, max) = (≈ 0, 0.600, 3.000), stdev = 1.000
  CI (99.9%): [15.000, 15.000] (assumes normal distribution)


# Run complete. Total time: 00:08:21

REMEMBER: The numbers below are just data. To gain reusable insights, you need to follow up on
why the numbers are the way they are. Use profilers (see -prof, -lprof), design factorial
experiments, perform baseline and negative tests that provide experimental control, make sure
the benchmarking environment is safe on JVM/OS/HW level, ask for reviews from the domain experts.
Do not assume the numbers tell you what you want them to tell.

NOTE: Current JVM experimentally supports Compiler Blackholes, and they are in use. Please exercise
extra caution when trusting the results, look into the generated code to check the benchmark still
works, and factor in a small probability of new VM bugs. Additionally, while comparisons between
different JVMs are already problematic, the performance difference caused by different Blackhole
modes can be very significant. Please make sure you use the consistent Blackhole mode for comparisons.

Benchmark                                                       (yieldsPerVthread)  Mode  Cnt       Score     Error   Units
VThreadTransitionBenchmark.transition_yield                                  10000  avgt   25    8643.890 ± 144.492   us/op
VThreadTransitionBenchmark.transition_yield:gc.alloc.rate                    10000  avgt   25      26.566 ±   0.435  MB/sec
VThreadTransitionBenchmark.transition_yield:gc.alloc.rate.norm               10000  avgt   25  240679.769 ±   6.608    B/op
VThreadTransitionBenchmark.transition_yield:gc.count                         10000  avgt   25       7.000            counts
VThreadTransitionBenchmark.transition_yield:gc.time                          10000  avgt   25      15.000                ms

Benchmark result is saved to /home/ubuntu/ebpf-vthread-correlate/result/benchmark/VThreadTransitionBenchmark_baseline_gc.json
+ /home/ubuntu/ebpf-vthread-correlate/.vthread-jdk/jdk/bin/java -Djmh.ignoreLock=true -jar /home/ubuntu/ebpf-vthread-correlate/target/ebpf-vthread-correlate-1.0-SNAPSHOT.jar VThreadTransitionBenchmark -f 1 -wi 5 -i 10 -w 1 -r 1 -prof async:libPath=/home/ubuntu/ebpf-vthread-correlate/lib/libasyncProfiler.so;event=cpu;output=collapsed;dir=/home/ubuntu/ebpf-vthread-correlate/result/benchmark/collapsed/VThreadTransitionBenchmark_baseline
# WARNING: JMH lock is ignored by user request, make sure no other JMH instances are running
# JMH version: 1.37
# VM version: JDK 21.0.12-internal, OpenJDK 64-Bit Server VM, 21.0.12-internal-adhoc.root.src
# VM invoker: /home/ubuntu/ebpf-vthread-correlate/.vthread-jdk/jdk/bin/java
# VM options: --enable-preview --enable-native-access=ALL-UNNAMED
# Blackhole mode: compiler (auto-detected, use -Djmh.blackhole.autoDetect=false to disable)
# Warmup: 5 iterations, 1 s each
# Measurement: 10 iterations, 1 s each
# Timeout: 10 min per iteration
# Threads: 1 thread, will synchronize iterations
# Benchmark mode: Average time, time/op
# Benchmark: uk.ac.ncl.jensen.benchmark.VThreadTransitionBenchmark.transition_yield
# Parameters: (yieldsPerVthread = 10000)

# Run progress: 0.00% complete, ETA 00:00:15
# Fork: 1 of 1
# Preparing profilers: AsyncProfiler 
# Warmup Iteration   1: 14197.100 us/op
# Warmup Iteration   2: 10940.569 us/op
# Warmup Iteration   3: 10701.588 us/op
# Warmup Iteration   4: 10607.966 us/op
# Warmup Iteration   5: 10665.611 us/op
Iteration   1: 10837.304 us/op
Iteration   2: 10912.056 us/op
Iteration   3: 10929.154 us/op
Iteration   4: 10985.680 us/op
Iteration   5: 10979.969 us/op
Iteration   6: 10940.232 us/op
Iteration   7: 10800.211 us/op
Iteration   8: 10803.321 us/op
Iteration   9: 10601.396 us/op
Iteration  10: 10577.594 us/op
                 async: (text only)

# Processing profiler results: AsyncProfiler 


Result "uk.ac.ncl.jensen.benchmark.VThreadTransitionBenchmark.transition_yield":
  10836.692 ±(99.9%) 221.175 us/op [Average]
  (min, avg, max) = (10577.594, 10836.692, 10985.680), stdev = 146.294
  CI (99.9%): [10615.517, 11057.867] (assumes normal distribution)

Secondary result "uk.ac.ncl.jensen.benchmark.VThreadTransitionBenchmark.transition_yield:async":
Async profiler results:
  /home/ubuntu/ebpf-vthread-correlate/result/benchmark/collapsed/VThreadTransitionBenchmark_baseline/uk.ac.ncl.jensen.benchmark.VThreadTransitionBenchmark.transition_yield-AverageTime-yieldsPerVthread-10000/collapsed-cpu.csv


# Run complete. Total time: 00:00:15

REMEMBER: The numbers below are just data. To gain reusable insights, you need to follow up on
why the numbers are the way they are. Use profilers (see -prof, -lprof), design factorial
experiments, perform baseline and negative tests that provide experimental control, make sure
the benchmarking environment is safe on JVM/OS/HW level, ask for reviews from the domain experts.
Do not assume the numbers tell you what you want them to tell.

NOTE: Current JVM experimentally supports Compiler Blackholes, and they are in use. Please exercise
extra caution when trusting the results, look into the generated code to check the benchmark still
works, and factor in a small probability of new VM bugs. Additionally, while comparisons between
different JVMs are already problematic, the performance difference caused by different Blackhole
modes can be very significant. Please make sure you use the consistent Blackhole mode for comparisons.

Benchmark                                          (yieldsPerVthread)  Mode  Cnt      Score     Error  Units
VThreadTransitionBenchmark.transition_yield                     10000  avgt   10  10836.692 ± 221.175  us/op
VThreadTransitionBenchmark.transition_yield:async               10000  avgt             NaN              ---

[1m== VThreadTransitionBenchmark / agent ==[0m
+ rm -rf /home/ubuntu/ebpf-vthread-correlate/result/benchmark/collapsed/VThreadTransitionBenchmark_agent
+ /home/ubuntu/ebpf-vthread-correlate/.vthread-jdk/jdk/bin/java -Djmh.ignoreLock=true -jar /home/ubuntu/ebpf-vthread-correlate/target/ebpf-vthread-correlate-1.0-SNAPSHOT.jar VThreadTransitionBenchmark -jvmArgsAppend -agentpath:/home/ubuntu/ebpf-vthread-correlate/JVMTI-agent/libvthread_trace_agent.so -prof gc -rf json -rff /home/ubuntu/ebpf-vthread-correlate/result/benchmark/VThreadTransitionBenchmark_agent_gc.json
# WARNING: JMH lock is ignored by user request, make sure no other JMH instances are running
# JMH version: 1.37
# VM version: JDK 21.0.12-internal, OpenJDK 64-Bit Server VM, 21.0.12-internal-adhoc.root.src
# VM invoker: /home/ubuntu/ebpf-vthread-correlate/.vthread-jdk/jdk/bin/java
# VM options: --enable-preview --enable-native-access=ALL-UNNAMED -agentpath:/home/ubuntu/ebpf-vthread-correlate/JVMTI-agent/libvthread_trace_agent.so
# Blackhole mode: compiler (auto-detected, use -Djmh.blackhole.autoDetect=false to disable)
# Warmup: 5 iterations, 10 s each
# Measurement: 5 iterations, 10 s each
# Timeout: 10 min per iteration
# Threads: 1 thread, will synchronize iterations
# Benchmark mode: Average time, time/op
# Benchmark: uk.ac.ncl.jensen.benchmark.VThreadTransitionBenchmark.transition_yield
# Parameters: (yieldsPerVthread = 10000)

# Run progress: 0.00% complete, ETA 00:08:20
# Fork: 1 of 5
[vthread-trace-agent] loading, options=(none)
[vthread-trace-agent] loaded
[vthread-trace-agent] ready (fieldID=0x1e2 methodID=0x7ed718228148 publish_jvmti=0)
# Warmup Iteration   1: 10777.462 us/op
# Warmup Iteration   2: 10562.219 us/op
# Warmup Iteration   3: 10615.294 us/op
# Warmup Iteration   4: 10717.691 us/op
# Warmup Iteration   5: 10661.276 us/op
Iteration   1: 10686.075 us/op
                 gc.alloc.rate:      21.508 MB/sec
                 gc.alloc.rate.norm: 241007.504 B/op
                 gc.count:           ≈ 0 counts

Iteration   2: 10502.183 us/op
                 gc.alloc.rate:      21.855 MB/sec
                 gc.alloc.rate.norm: 240679.530 B/op
                 gc.count:           1.000 counts
                 gc.time:            3.000 ms

Iteration   3: 10341.830 us/op
                 gc.alloc.rate:      22.194 MB/sec
                 gc.alloc.rate.norm: 240679.123 B/op
                 gc.count:           ≈ 0 counts

Iteration   4: 10297.823 us/op
                 gc.alloc.rate:      22.288 MB/sec
                 gc.alloc.rate.norm: 240679.086 B/op
                 gc.count:           ≈ 0 counts

Iteration   5: 10319.801 us/op
                 gc.alloc.rate:      22.241 MB/sec
                 gc.alloc.rate.norm: 240679.068 B/op
                 gc.count:           ≈ 0 counts

[vthread-trace-agent] unloading

# Run progress: 20.00% complete, ETA 00:06:41
# Fork: 2 of 5
[vthread-trace-agent] loading, options=(none)
[vthread-trace-agent] loaded
[vthread-trace-agent] ready (fieldID=0x1e2 methodID=0x7a336c228128 publish_jvmti=0)
# Warmup Iteration   1: 10938.305 us/op
# Warmup Iteration   2: 10500.705 us/op
# Warmup Iteration   3: 10594.734 us/op
# Warmup Iteration   4: 10664.476 us/op
# Warmup Iteration   5: 10719.065 us/op
Iteration   1: 10675.376 us/op
                 gc.alloc.rate:      21.530 MB/sec
                 gc.alloc.rate.norm: 241010.467 B/op
                 gc.count:           ≈ 0 counts

Iteration   2: 10498.028 us/op
                 gc.alloc.rate:      21.864 MB/sec
                 gc.alloc.rate.norm: 240679.530 B/op
                 gc.count:           1.000 counts
                 gc.time:            2.000 ms

Iteration   3: 10374.609 us/op
                 gc.alloc.rate:      22.124 MB/sec
                 gc.alloc.rate.norm: 240679.145 B/op
                 gc.count:           ≈ 0 counts

Iteration   4: 10436.730 us/op
                 gc.alloc.rate:      21.992 MB/sec
                 gc.alloc.rate.norm: 240679.182 B/op
                 gc.count:           ≈ 0 counts

Iteration   5: 10448.570 us/op
                 gc.alloc.rate:      21.967 MB/sec
                 gc.alloc.rate.norm: 240679.190 B/op
                 gc.count:           ≈ 0 counts

[vthread-trace-agent] unloading

# Run progress: 40.00% complete, ETA 00:05:00
# Fork: 3 of 5
[vthread-trace-agent] loading, options=(none)
[vthread-trace-agent] loaded
[vthread-trace-agent] ready (fieldID=0x1e2 methodID=0x740af0228128 publish_jvmti=0)
# Warmup Iteration   1: 10923.209 us/op
# Warmup Iteration   2: 10570.206 us/op
# Warmup Iteration   3: 10670.488 us/op
# Warmup Iteration   4: 10633.363 us/op
# Warmup Iteration   5: 10652.689 us/op
Iteration   1: 10714.568 us/op
                 gc.alloc.rate:      21.451 MB/sec
                 gc.alloc.rate.norm: 241012.334 B/op
                 gc.count:           ≈ 0 counts

Iteration   2: 10468.806 us/op
                 gc.alloc.rate:      21.925 MB/sec
                 gc.alloc.rate.norm: 240679.506 B/op
                 gc.count:           1.000 counts
                 gc.time:            3.000 ms

Iteration   3: 10349.502 us/op
                 gc.alloc.rate:      22.177 MB/sec
                 gc.alloc.rate.norm: 240679.123 B/op
                 gc.count:           ≈ 0 counts

Iteration   4: 10353.698 us/op
                 gc.alloc.rate:      22.168 MB/sec
                 gc.alloc.rate.norm: 240679.130 B/op
                 gc.count:           ≈ 0 counts

Iteration   5: 10324.191 us/op
                 gc.alloc.rate:      22.232 MB/sec
                 gc.alloc.rate.norm: 240679.108 B/op
                 gc.count:           ≈ 0 counts

[vthread-trace-agent] unloading

# Run progress: 60.00% complete, ETA 00:03:20
# Fork: 4 of 5
[vthread-trace-agent] loading, options=(none)
[vthread-trace-agent] loaded
[vthread-trace-agent] ready (fieldID=0x1e2 methodID=0x71574c228148 publish_jvmti=0)
# Warmup Iteration   1: 11066.614 us/op
# Warmup Iteration   2: 10904.678 us/op
# Warmup Iteration   3: 10963.243 us/op
# Warmup Iteration   4: 10969.138 us/op
# Warmup Iteration   5: 10962.712 us/op
Iteration   1: 10978.599 us/op
                 gc.alloc.rate:      20.940 MB/sec
                 gc.alloc.rate.norm: 241059.513 B/op
                 gc.count:           ≈ 0 counts

Iteration   2: 10892.750 us/op
                 gc.alloc.rate:      21.072 MB/sec
                 gc.alloc.rate.norm: 240691.813 B/op
                 gc.count:           ≈ 0 counts

Iteration   3: 10623.253 us/op
                 gc.alloc.rate:      21.606 MB/sec
                 gc.alloc.rate.norm: 240679.618 B/op
                 gc.count:           1.000 counts
                 gc.time:            2.000 ms

Iteration   4: 10619.251 us/op
                 gc.alloc.rate:      21.614 MB/sec
                 gc.alloc.rate.norm: 240679.312 B/op
                 gc.count:           ≈ 0 counts

Iteration   5: 10549.496 us/op
                 gc.alloc.rate:      21.757 MB/sec
                 gc.alloc.rate.norm: 240679.266 B/op
                 gc.count:           ≈ 0 counts

[vthread-trace-agent] unloading

# Run progress: 80.00% complete, ETA 00:01:40
# Fork: 5 of 5
[vthread-trace-agent] loading, options=(none)
[vthread-trace-agent] loaded
[vthread-trace-agent] ready (fieldID=0x1e2 methodID=0x7ae7a4228148 publish_jvmti=0)
# Warmup Iteration   1: 10950.652 us/op
# Warmup Iteration   2: 10501.671 us/op
# Warmup Iteration   3: 10621.382 us/op
# Warmup Iteration   4: 10853.588 us/op
# Warmup Iteration   5: 10782.112 us/op
Iteration   1: 10758.023 us/op
                 gc.alloc.rate:      21.369 MB/sec
                 gc.alloc.rate.norm: 241063.441 B/op
                 gc.count:           ≈ 0 counts

Iteration   2: 10715.833 us/op
                 gc.alloc.rate:      21.453 MB/sec
                 gc.alloc.rate.norm: 241058.450 B/op
                 gc.count:           1.000 counts
                 gc.time:            2.000 ms

Iteration   3: 10482.717 us/op
                 gc.alloc.rate:      21.896 MB/sec
                 gc.alloc.rate.norm: 240681.023 B/op
                 gc.count:           ≈ 0 counts

Iteration   4: 10508.109 us/op
                 gc.alloc.rate:      21.843 MB/sec
                 gc.alloc.rate.norm: 240679.235 B/op
                 gc.count:           ≈ 0 counts

Iteration   5: 10467.059 us/op
                 gc.alloc.rate:      21.928 MB/sec
                 gc.alloc.rate.norm: 240679.205 B/op
                 gc.count:           ≈ 0 counts

[vthread-trace-agent] unloading


Result "uk.ac.ncl.jensen.benchmark.VThreadTransitionBenchmark.transition_yield":
  10535.475 ±(99.9%) 137.310 us/op [Average]
  (min, avg, max) = (10297.823, 10535.475, 10978.599), stdev = 183.305
  CI (99.9%): [10398.165, 10672.785] (assumes normal distribution)

Secondary result "uk.ac.ncl.jensen.benchmark.VThreadTransitionBenchmark.transition_yield:gc.alloc.rate":
  21.800 ±(99.9%) 0.274 MB/sec [Average]
  (min, avg, max) = (20.940, 21.800, 22.288), stdev = 0.365
  CI (99.9%): [21.526, 22.073] (assumes normal distribution)

Secondary result "uk.ac.ncl.jensen.benchmark.VThreadTransitionBenchmark.transition_yield:gc.alloc.rate.norm":
  240765.276 ±(99.9%) 116.403 B/op [Average]
  (min, avg, max) = (240679.068, 240765.276, 241063.441), stdev = 155.395
  CI (99.9%): [240648.873, 240881.680] (assumes normal distribution)

Secondary result "uk.ac.ncl.jensen.benchmark.VThreadTransitionBenchmark.transition_yield:gc.count":
  5.000 ±(99.9%) 0.001 counts [Sum]
  (min, avg, max) = (≈ 0, 0.200, 1.000), stdev = 0.408
  CI (99.9%): [5.000, 5.000] (assumes normal distribution)

Secondary result "uk.ac.ncl.jensen.benchmark.VThreadTransitionBenchmark.transition_yield:gc.time":
  12.000 ±(99.9%) 0.001 ms [Sum]
  (min, avg, max) = (≈ 0, 0.480, 3.000), stdev = 1.005
  CI (99.9%): [12.000, 12.000] (assumes normal distribution)


# Run complete. Total time: 00:08:21

REMEMBER: The numbers below are just data. To gain reusable insights, you need to follow up on
why the numbers are the way they are. Use profilers (see -prof, -lprof), design factorial
experiments, perform baseline and negative tests that provide experimental control, make sure
the benchmarking environment is safe on JVM/OS/HW level, ask for reviews from the domain experts.
Do not assume the numbers tell you what you want them to tell.

NOTE: Current JVM experimentally supports Compiler Blackholes, and they are in use. Please exercise
extra caution when trusting the results, look into the generated code to check the benchmark still
works, and factor in a small probability of new VM bugs. Additionally, while comparisons between
different JVMs are already problematic, the performance difference caused by different Blackhole
modes can be very significant. Please make sure you use the consistent Blackhole mode for comparisons.

Benchmark                                                       (yieldsPerVthread)  Mode  Cnt       Score     Error   Units
VThreadTransitionBenchmark.transition_yield                                  10000  avgt   25   10535.475 ± 137.310   us/op
VThreadTransitionBenchmark.transition_yield:gc.alloc.rate                    10000  avgt   25      21.800 ±   0.274  MB/sec
VThreadTransitionBenchmark.transition_yield:gc.alloc.rate.norm               10000  avgt   25  240765.276 ± 116.403    B/op
VThreadTransitionBenchmark.transition_yield:gc.count                         10000  avgt   25       5.000            counts
VThreadTransitionBenchmark.transition_yield:gc.time                          10000  avgt   25      12.000                ms

Benchmark result is saved to /home/ubuntu/ebpf-vthread-correlate/result/benchmark/VThreadTransitionBenchmark_agent_gc.json
+ /home/ubuntu/ebpf-vthread-correlate/.vthread-jdk/jdk/bin/java -Djmh.ignoreLock=true -jar /home/ubuntu/ebpf-vthread-correlate/target/ebpf-vthread-correlate-1.0-SNAPSHOT.jar VThreadTransitionBenchmark -jvmArgsAppend -agentpath:/home/ubuntu/ebpf-vthread-correlate/JVMTI-agent/libvthread_trace_agent.so -f 1 -wi 5 -i 10 -w 1 -r 1 -prof async:libPath=/home/ubuntu/ebpf-vthread-correlate/lib/libasyncProfiler.so;event=cpu;output=collapsed;dir=/home/ubuntu/ebpf-vthread-correlate/result/benchmark/collapsed/VThreadTransitionBenchmark_agent
# WARNING: JMH lock is ignored by user request, make sure no other JMH instances are running
# JMH version: 1.37
# VM version: JDK 21.0.12-internal, OpenJDK 64-Bit Server VM, 21.0.12-internal-adhoc.root.src
# VM invoker: /home/ubuntu/ebpf-vthread-correlate/.vthread-jdk/jdk/bin/java
# VM options: --enable-preview --enable-native-access=ALL-UNNAMED -agentpath:/home/ubuntu/ebpf-vthread-correlate/JVMTI-agent/libvthread_trace_agent.so
# Blackhole mode: compiler (auto-detected, use -Djmh.blackhole.autoDetect=false to disable)
# Warmup: 5 iterations, 1 s each
# Measurement: 10 iterations, 1 s each
# Timeout: 10 min per iteration
# Threads: 1 thread, will synchronize iterations
# Benchmark mode: Average time, time/op
# Benchmark: uk.ac.ncl.jensen.benchmark.VThreadTransitionBenchmark.transition_yield
# Parameters: (yieldsPerVthread = 10000)

# Run progress: 0.00% complete, ETA 00:00:15
# Fork: 1 of 1
# Preparing profilers: AsyncProfiler 
[vthread-trace-agent] loading, options=(none)
[vthread-trace-agent] loaded
[vthread-trace-agent] ready (fieldID=0x1e2 methodID=0x703f40228178 publish_jvmti=0)
# Warmup Iteration   1: 12310.273 us/op
# Warmup Iteration   2: 10768.690 us/op
# Warmup Iteration   3: 10715.089 us/op
# Warmup Iteration   4: 10764.540 us/op
# Warmup Iteration   5: 10930.583 us/op
Iteration   1: 11005.674 us/op
Iteration   2: 11035.636 us/op
Iteration   3: 11051.128 us/op
Iteration   4: 11004.397 us/op
Iteration   5: 11011.370 us/op
Iteration   6: 10911.047 us/op
Iteration   7: 10816.507 us/op
Iteration   8: 10703.437 us/op
Iteration   9: 10806.058 us/op
Iteration  10: 10835.160 us/op
                 async: (text only)

[vthread-trace-agent] unloading
# Processing profiler results: AsyncProfiler 


Result "uk.ac.ncl.jensen.benchmark.VThreadTransitionBenchmark.transition_yield":
  10918.041 ±(99.9%) 182.546 us/op [Average]
  (min, avg, max) = (10703.437, 10918.041, 11051.128), stdev = 120.743
  CI (99.9%): [10735.495, 11100.588] (assumes normal distribution)

Secondary result "uk.ac.ncl.jensen.benchmark.VThreadTransitionBenchmark.transition_yield:async":
Async profiler results:
  /home/ubuntu/ebpf-vthread-correlate/result/benchmark/collapsed/VThreadTransitionBenchmark_agent/uk.ac.ncl.jensen.benchmark.VThreadTransitionBenchmark.transition_yield-AverageTime-yieldsPerVthread-10000/collapsed-cpu.csv


# Run complete. Total time: 00:00:15

REMEMBER: The numbers below are just data. To gain reusable insights, you need to follow up on
why the numbers are the way they are. Use profilers (see -prof, -lprof), design factorial
experiments, perform baseline and negative tests that provide experimental control, make sure
the benchmarking environment is safe on JVM/OS/HW level, ask for reviews from the domain experts.
Do not assume the numbers tell you what you want them to tell.

NOTE: Current JVM experimentally supports Compiler Blackholes, and they are in use. Please exercise
extra caution when trusting the results, look into the generated code to check the benchmark still
works, and factor in a small probability of new VM bugs. Additionally, while comparisons between
different JVMs are already problematic, the performance difference caused by different Blackhole
modes can be very significant. Please make sure you use the consistent Blackhole mode for comparisons.

Benchmark                                          (yieldsPerVthread)  Mode  Cnt      Score     Error  Units
VThreadTransitionBenchmark.transition_yield                     10000  avgt   10  10918.041 ± 182.546  us/op
VThreadTransitionBenchmark.transition_yield:async               10000  avgt             NaN              ---

[1m== VThreadTransitionBenchmark / jvmtipublish ==[0m
+ rm -rf /home/ubuntu/ebpf-vthread-correlate/result/benchmark/collapsed/VThreadTransitionBenchmark_jvmtipublish
+ /home/ubuntu/ebpf-vthread-correlate/.vthread-jdk/jdk/bin/java -Djmh.ignoreLock=true -jar /home/ubuntu/ebpf-vthread-correlate/target/ebpf-vthread-correlate-1.0-SNAPSHOT.jar VThreadTransitionBenchmark -jvmArgsAppend -agentpath:/home/ubuntu/ebpf-vthread-correlate/JVMTI-agent/libvthread_trace_agent.so=publish=jvmti -prof gc -rf json -rff /home/ubuntu/ebpf-vthread-correlate/result/benchmark/VThreadTransitionBenchmark_jvmtipublish_gc.json
# WARNING: JMH lock is ignored by user request, make sure no other JMH instances are running
# JMH version: 1.37
# VM version: JDK 21.0.12-internal, OpenJDK 64-Bit Server VM, 21.0.12-internal-adhoc.root.src
# VM invoker: /home/ubuntu/ebpf-vthread-correlate/.vthread-jdk/jdk/bin/java
# VM options: --enable-preview --enable-native-access=ALL-UNNAMED -agentpath:/home/ubuntu/ebpf-vthread-correlate/JVMTI-agent/libvthread_trace_agent.so=publish=jvmti
# Blackhole mode: compiler (auto-detected, use -Djmh.blackhole.autoDetect=false to disable)
# Warmup: 5 iterations, 10 s each
# Measurement: 5 iterations, 10 s each
# Timeout: 10 min per iteration
# Threads: 1 thread, will synchronize iterations
# Benchmark mode: Average time, time/op
# Benchmark: uk.ac.ncl.jensen.benchmark.VThreadTransitionBenchmark.transition_yield
# Parameters: (yieldsPerVthread = 10000)

# Run progress: 0.00% complete, ETA 00:08:20
# Fork: 1 of 5
[vthread-trace-agent] loading, options=publish=jvmti
[vthread-trace-agent] loaded
[vthread-trace-agent] found mount ext event: id=com.sun.hotspot.events.VirtualThreadMount index=48
[vthread-trace-agent] found unmount ext event: id=com.sun.hotspot.events.VirtualThreadUnmount index=47
[vthread-trace-agent] JVMTI mount/unmount publish enabled (carrier-resident TLS)
[vthread-trace-agent] ready (fieldID=0x1e2 methodID=0x7c6d64228168 publish_jvmti=1)
# Warmup Iteration   1: 11144.391 us/op
# Warmup Iteration   2: 10773.759 us/op
# Warmup Iteration   3: 10882.854 us/op
# Warmup Iteration   4: 10807.653 us/op
# Warmup Iteration   5: 10843.465 us/op
Iteration   1: 10901.330 us/op
                 gc.alloc.rate:      21.088 MB/sec
                 gc.alloc.rate.norm: 241054.240 B/op
                 gc.count:           ≈ 0 counts

Iteration   2: 10648.305 us/op
                 gc.alloc.rate:      21.555 MB/sec
                 gc.alloc.rate.norm: 240679.634 B/op
                 gc.count:           1.000 counts
                 gc.time:            2.000 ms

Iteration   3: 10521.180 us/op
                 gc.alloc.rate:      21.816 MB/sec
                 gc.alloc.rate.norm: 240679.243 B/op
                 gc.count:           ≈ 0 counts

Iteration   4: 10446.290 us/op
                 gc.alloc.rate:      21.972 MB/sec
                 gc.alloc.rate.norm: 240679.190 B/op
                 gc.count:           ≈ 0 counts

Iteration   5: 10411.514 us/op
                 gc.alloc.rate:      22.045 MB/sec
                 gc.alloc.rate.norm: 240679.168 B/op
                 gc.count:           ≈ 0 counts

[vthread-trace-agent] unloading

# Run progress: 20.00% complete, ETA 00:06:41
# Fork: 2 of 5
[vthread-trace-agent] loading, options=publish=jvmti
[vthread-trace-agent] loaded
[vthread-trace-agent] found mount ext event: id=com.sun.hotspot.events.VirtualThreadMount index=48
[vthread-trace-agent] found unmount ext event: id=com.sun.hotspot.events.VirtualThreadUnmount index=47
[vthread-trace-agent] JVMTI mount/unmount publish enabled (carrier-resident TLS)
[vthread-trace-agent] ready (fieldID=0x1e2 methodID=0x74aab0228188 publish_jvmti=1)
# Warmup Iteration   1: 10904.395 us/op
# Warmup Iteration   2: 10681.850 us/op
# Warmup Iteration   3: 10700.642 us/op
# Warmup Iteration   4: 10778.009 us/op
# Warmup Iteration   5: 10795.827 us/op
Iteration   1: 10763.247 us/op
                 gc.alloc.rate:      21.356 MB/sec
                 gc.alloc.rate.norm: 241028.705 B/op
                 gc.count:           ≈ 0 counts

Iteration   2: 10622.901 us/op
                 gc.alloc.rate:      21.607 MB/sec
                 gc.alloc.rate.norm: 240679.618 B/op
                 gc.count:           1.000 counts
                 gc.time:            2.000 ms

Iteration   3: 10449.339 us/op
                 gc.alloc.rate:      21.965 MB/sec
                 gc.alloc.rate.norm: 240679.190 B/op
                 gc.count:           ≈ 0 counts

Iteration   4: 10501.868 us/op
                 gc.alloc.rate:      21.856 MB/sec
                 gc.alloc.rate.norm: 240679.228 B/op
                 gc.count:           ≈ 0 counts

Iteration   5: 10474.447 us/op
                 gc.alloc.rate:      21.913 MB/sec
                 gc.alloc.rate.norm: 240679.213 B/op
                 gc.count:           ≈ 0 counts

[vthread-trace-agent] unloading

# Run progress: 40.00% complete, ETA 00:05:00
# Fork: 3 of 5
[vthread-trace-agent] loading, options=publish=jvmti
[vthread-trace-agent] loaded
[vthread-trace-agent] found mount ext event: id=com.sun.hotspot.events.VirtualThreadMount index=48
[vthread-trace-agent] found unmount ext event: id=com.sun.hotspot.events.VirtualThreadUnmount index=47
[vthread-trace-agent] JVMTI mount/unmount publish enabled (carrier-resident TLS)
[vthread-trace-agent] ready (fieldID=0x1e2 methodID=0x7930e0228188 publish_jvmti=1)
# Warmup Iteration   1: 10971.335 us/op
# Warmup Iteration   2: 10857.363 us/op
# Warmup Iteration   3: 10933.713 us/op
# Warmup Iteration   4: 11024.653 us/op
# Warmup Iteration   5: 10947.621 us/op
Iteration   1: 10998.969 us/op
                 gc.alloc.rate:      20.901 MB/sec
                 gc.alloc.rate.norm: 241059.033 B/op
                 gc.count:           ≈ 0 counts

Iteration   2: 10818.468 us/op
                 gc.alloc.rate:      21.222 MB/sec
                 gc.alloc.rate.norm: 240750.288 B/op
                 gc.count:           1.000 counts
                 gc.time:            2.000 ms

Iteration   3: 10734.364 us/op
                 gc.alloc.rate:      21.382 MB/sec
                 gc.alloc.rate.norm: 240679.391 B/op
                 gc.count:           ≈ 0 counts

Iteration   4: 10735.311 us/op
                 gc.alloc.rate:      21.380 MB/sec
                 gc.alloc.rate.norm: 240679.391 B/op
                 gc.count:           ≈ 0 counts

Iteration   5: 10810.123 us/op
                 gc.alloc.rate:      21.232 MB/sec
                 gc.alloc.rate.norm: 240679.438 B/op
                 gc.count:           ≈ 0 counts

[vthread-trace-agent] unloading

# Run progress: 60.00% complete, ETA 00:03:20
# Fork: 4 of 5
[vthread-trace-agent] loading, options=publish=jvmti
[vthread-trace-agent] loaded
[vthread-trace-agent] found mount ext event: id=com.sun.hotspot.events.VirtualThreadMount index=48
[vthread-trace-agent] found unmount ext event: id=com.sun.hotspot.events.VirtualThreadUnmount index=47
[vthread-trace-agent] JVMTI mount/unmount publish enabled (carrier-resident TLS)
[vthread-trace-agent] ready (fieldID=0x1e2 methodID=0x728f48228188 publish_jvmti=1)
# Warmup Iteration   1: 11136.861 us/op
# Warmup Iteration   2: 10795.521 us/op
# Warmup Iteration   3: 10761.425 us/op
# Warmup Iteration   4: 10784.504 us/op
# Warmup Iteration   5: 10864.409 us/op
Iteration   1: 10988.048 us/op
                 gc.alloc.rate:      20.921 MB/sec
                 gc.alloc.rate.norm: 241053.392 B/op
                 gc.count:           ≈ 0 counts

Iteration   2: 10768.586 us/op
                 gc.alloc.rate:      21.314 MB/sec
                 gc.alloc.rate.norm: 240679.724 B/op
                 gc.count:           1.000 counts
                 gc.time:            2.000 ms

Iteration   3: 10474.367 us/op
                 gc.alloc.rate:      21.913 MB/sec
                 gc.alloc.rate.norm: 240679.213 B/op
                 gc.count:           ≈ 0 counts

Iteration   4: 10428.640 us/op
                 gc.alloc.rate:      22.009 MB/sec
                 gc.alloc.rate.norm: 240679.182 B/op
                 gc.count:           ≈ 0 counts

Iteration   5: 10419.629 us/op
                 gc.alloc.rate:      22.028 MB/sec
                 gc.alloc.rate.norm: 240679.175 B/op
                 gc.count:           ≈ 0 counts

[vthread-trace-agent] unloading

# Run progress: 80.00% complete, ETA 00:01:40
# Fork: 5 of 5
[vthread-trace-agent] loading, options=publish=jvmti
[vthread-trace-agent] loaded
[vthread-trace-agent] found mount ext event: id=com.sun.hotspot.events.VirtualThreadMount index=48
[vthread-trace-agent] found unmount ext event: id=com.sun.hotspot.events.VirtualThreadUnmount index=47
[vthread-trace-agent] JVMTI mount/unmount publish enabled (carrier-resident TLS)
[vthread-trace-agent] ready (fieldID=0x1e2 methodID=0x749380228188 publish_jvmti=1)
# Warmup Iteration   1: 10687.483 us/op
# Warmup Iteration   2: 10647.656 us/op
# Warmup Iteration   3: 10868.303 us/op
# Warmup Iteration   4: 10779.512 us/op
# Warmup Iteration   5: 10762.265 us/op
Iteration   1: 10800.014 us/op
                 gc.alloc.rate:      21.283 MB/sec
                 gc.alloc.rate.norm: 241026.099 B/op
                 gc.count:           ≈ 0 counts

Iteration   2: 10556.642 us/op
                 gc.alloc.rate:      21.742 MB/sec
                 gc.alloc.rate.norm: 240679.570 B/op
                 gc.count:           1.000 counts
                 gc.time:            2.000 ms

Iteration   3: 10555.122 us/op
                 gc.alloc.rate:      21.745 MB/sec
                 gc.alloc.rate.norm: 240679.266 B/op
                 gc.count:           ≈ 0 counts

Iteration   4: 10561.922 us/op
                 gc.alloc.rate:      21.731 MB/sec
                 gc.alloc.rate.norm: 240679.273 B/op
                 gc.count:           ≈ 0 counts

Iteration   5: 10561.384 us/op
                 gc.alloc.rate:      21.732 MB/sec
                 gc.alloc.rate.norm: 240679.240 B/op
                 gc.count:           ≈ 0 counts

[vthread-trace-agent] unloading


Result "uk.ac.ncl.jensen.benchmark.VThreadTransitionBenchmark.transition_yield":
  10638.080 ±(99.9%) 135.772 us/op [Average]
  (min, avg, max) = (10411.514, 10638.080, 10998.969), stdev = 181.252
  CI (99.9%): [10502.308, 10773.853] (assumes normal distribution)

Secondary result "uk.ac.ncl.jensen.benchmark.VThreadTransitionBenchmark.transition_yield:gc.alloc.rate":
  21.588 ±(99.9%) 0.266 MB/sec [Average]
  (min, avg, max) = (20.901, 21.588, 22.045), stdev = 0.355
  CI (99.9%): [21.322, 21.855] (assumes normal distribution)

Secondary result "uk.ac.ncl.jensen.benchmark.VThreadTransitionBenchmark.transition_yield:gc.alloc.rate.norm":
  240755.164 ±(99.9%) 111.131 B/op [Average]
  (min, avg, max) = (240679.168, 240755.164, 241059.033), stdev = 148.356
  CI (99.9%): [240644.033, 240866.295] (assumes normal distribution)

Secondary result "uk.ac.ncl.jensen.benchmark.VThreadTransitionBenchmark.transition_yield:gc.count":
  5.000 ±(99.9%) 0.001 counts [Sum]
  (min, avg, max) = (≈ 0, 0.200, 1.000), stdev = 0.408
  CI (99.9%): [5.000, 5.000] (assumes normal distribution)

Secondary result "uk.ac.ncl.jensen.benchmark.VThreadTransitionBenchmark.transition_yield:gc.time":
  10.000 ±(99.9%) 0.001 ms [Sum]
  (min, avg, max) = (≈ 0, 0.400, 2.000), stdev = 0.816
  CI (99.9%): [10.000, 10.000] (assumes normal distribution)


# Run complete. Total time: 00:08:21

REMEMBER: The numbers below are just data. To gain reusable insights, you need to follow up on
why the numbers are the way they are. Use profilers (see -prof, -lprof), design factorial
experiments, perform baseline and negative tests that provide experimental control, make sure
the benchmarking environment is safe on JVM/OS/HW level, ask for reviews from the domain experts.
Do not assume the numbers tell you what you want them to tell.

NOTE: Current JVM experimentally supports Compiler Blackholes, and they are in use. Please exercise
extra caution when trusting the results, look into the generated code to check the benchmark still
works, and factor in a small probability of new VM bugs. Additionally, while comparisons between
different JVMs are already problematic, the performance difference caused by different Blackhole
modes can be very significant. Please make sure you use the consistent Blackhole mode for comparisons.

Benchmark                                                       (yieldsPerVthread)  Mode  Cnt       Score     Error   Units
VThreadTransitionBenchmark.transition_yield                                  10000  avgt   25   10638.080 ± 135.772   us/op
VThreadTransitionBenchmark.transition_yield:gc.alloc.rate                    10000  avgt   25      21.588 ±   0.266  MB/sec
VThreadTransitionBenchmark.transition_yield:gc.alloc.rate.norm               10000  avgt   25  240755.164 ± 111.131    B/op
VThreadTransitionBenchmark.transition_yield:gc.count                         10000  avgt   25       5.000            counts
VThreadTransitionBenchmark.transition_yield:gc.time                          10000  avgt   25      10.000                ms

Benchmark result is saved to /home/ubuntu/ebpf-vthread-correlate/result/benchmark/VThreadTransitionBenchmark_jvmtipublish_gc.json
+ /home/ubuntu/ebpf-vthread-correlate/.vthread-jdk/jdk/bin/java -Djmh.ignoreLock=true -jar /home/ubuntu/ebpf-vthread-correlate/target/ebpf-vthread-correlate-1.0-SNAPSHOT.jar VThreadTransitionBenchmark -jvmArgsAppend -agentpath:/home/ubuntu/ebpf-vthread-correlate/JVMTI-agent/libvthread_trace_agent.so=publish=jvmti -f 1 -wi 5 -i 10 -w 1 -r 1 -prof async:libPath=/home/ubuntu/ebpf-vthread-correlate/lib/libasyncProfiler.so;event=cpu;output=collapsed;dir=/home/ubuntu/ebpf-vthread-correlate/result/benchmark/collapsed/VThreadTransitionBenchmark_jvmtipublish
# WARNING: JMH lock is ignored by user request, make sure no other JMH instances are running
# JMH version: 1.37
# VM version: JDK 21.0.12-internal, OpenJDK 64-Bit Server VM, 21.0.12-internal-adhoc.root.src
# VM invoker: /home/ubuntu/ebpf-vthread-correlate/.vthread-jdk/jdk/bin/java
# VM options: --enable-preview --enable-native-access=ALL-UNNAMED -agentpath:/home/ubuntu/ebpf-vthread-correlate/JVMTI-agent/libvthread_trace_agent.so=publish=jvmti
# Blackhole mode: compiler (auto-detected, use -Djmh.blackhole.autoDetect=false to disable)
# Warmup: 5 iterations, 1 s each
# Measurement: 10 iterations, 1 s each
# Timeout: 10 min per iteration
# Threads: 1 thread, will synchronize iterations
# Benchmark mode: Average time, time/op
# Benchmark: uk.ac.ncl.jensen.benchmark.VThreadTransitionBenchmark.transition_yield
# Parameters: (yieldsPerVthread = 10000)

# Run progress: 0.00% complete, ETA 00:00:15
# Fork: 1 of 1
# Preparing profilers: AsyncProfiler 
[vthread-trace-agent] loading, options=publish=jvmti
[vthread-trace-agent] loaded
[vthread-trace-agent] found mount ext event: id=com.sun.hotspot.events.VirtualThreadMount index=48
[vthread-trace-agent] found unmount ext event: id=com.sun.hotspot.events.VirtualThreadUnmount index=47
[vthread-trace-agent] JVMTI mount/unmount publish enabled (carrier-resident TLS)
[vthread-trace-agent] ready (fieldID=0x1e2 methodID=0x75a7082281d8 publish_jvmti=1)
# Warmup Iteration   1: 12519.186 us/op
# Warmup Iteration   2: 10814.450 us/op
# Warmup Iteration   3: 10733.961 us/op
# Warmup Iteration   4: 10722.846 us/op
# Warmup Iteration   5: 10828.311 us/op
Iteration   1: 10912.343 us/op
Iteration   2: 10975.653 us/op
Iteration   3: 10990.375 us/op
Iteration   4: 10993.293 us/op
Iteration   5: 10966.630 us/op
Iteration   6: 11041.977 us/op
Iteration   7: 11010.192 us/op
Iteration   8: 10860.764 us/op
Iteration   9: 10902.674 us/op
Iteration  10: 10889.641 us/op
                 async: (text only)

[vthread-trace-agent] unloading
# Processing profiler results: AsyncProfiler 


Result "uk.ac.ncl.jensen.benchmark.VThreadTransitionBenchmark.transition_yield":
  10954.354 ±(99.9%) 89.579 us/op [Average]
  (min, avg, max) = (10860.764, 10954.354, 11041.977), stdev = 59.251
  CI (99.9%): [10864.775, 11043.933] (assumes normal distribution)

Secondary result "uk.ac.ncl.jensen.benchmark.VThreadTransitionBenchmark.transition_yield:async":
Async profiler results:
  /home/ubuntu/ebpf-vthread-correlate/result/benchmark/collapsed/VThreadTransitionBenchmark_jvmtipublish/uk.ac.ncl.jensen.benchmark.VThreadTransitionBenchmark.transition_yield-AverageTime-yieldsPerVthread-10000/collapsed-cpu.csv


# Run complete. Total time: 00:00:15

REMEMBER: The numbers below are just data. To gain reusable insights, you need to follow up on
why the numbers are the way they are. Use profilers (see -prof, -lprof), design factorial
experiments, perform baseline and negative tests that provide experimental control, make sure
the benchmarking environment is safe on JVM/OS/HW level, ask for reviews from the domain experts.
Do not assume the numbers tell you what you want them to tell.

NOTE: Current JVM experimentally supports Compiler Blackholes, and they are in use. Please exercise
extra caution when trusting the results, look into the generated code to check the benchmark still
works, and factor in a small probability of new VM bugs. Additionally, while comparisons between
different JVMs are already problematic, the performance difference caused by different Blackhole
modes can be very significant. Please make sure you use the consistent Blackhole mode for comparisons.

Benchmark                                          (yieldsPerVthread)  Mode  Cnt      Score    Error  Units
VThreadTransitionBenchmark.transition_yield                     10000  avgt   10  10954.354 ± 89.579  us/op
VThreadTransitionBenchmark.transition_yield:async               10000  avgt             NaN             ---

[1m== VThreadTransitionBenchmark / jvmalloc ==[0m
+ rm -rf /home/ubuntu/ebpf-vthread-correlate/result/benchmark/collapsed/VThreadTransitionBenchmark_jvmalloc
+ /home/ubuntu/ebpf-vthread-correlate/.vthread-jdk/jdk/bin/java -Djmh.ignoreLock=true -jar /home/ubuntu/ebpf-vthread-correlate/target/ebpf-vthread-correlate-1.0-SNAPSHOT.jar VThreadTransitionBenchmark -jvmArgsAppend -Dvthread.trace.jvmAlloc=true -prof gc -rf json -rff /home/ubuntu/ebpf-vthread-correlate/result/benchmark/VThreadTransitionBenchmark_jvmalloc_gc.json
# WARNING: JMH lock is ignored by user request, make sure no other JMH instances are running
# JMH version: 1.37
# VM version: JDK 21.0.12-internal, OpenJDK 64-Bit Server VM, 21.0.12-internal-adhoc.root.src
# VM invoker: /home/ubuntu/ebpf-vthread-correlate/.vthread-jdk/jdk/bin/java
# VM options: --enable-preview --enable-native-access=ALL-UNNAMED -Dvthread.trace.jvmAlloc=true
# Blackhole mode: compiler (auto-detected, use -Djmh.blackhole.autoDetect=false to disable)
# Warmup: 5 iterations, 10 s each
# Measurement: 5 iterations, 10 s each
# Timeout: 10 min per iteration
# Threads: 1 thread, will synchronize iterations
# Benchmark mode: Average time, time/op
# Benchmark: uk.ac.ncl.jensen.benchmark.VThreadTransitionBenchmark.transition_yield
# Parameters: (yieldsPerVthread = 10000)

# Run progress: 0.00% complete, ETA 00:08:20
# Fork: 1 of 5
# Warmup Iteration   1: 8849.020 us/op
# Warmup Iteration   2: 8619.947 us/op
# Warmup Iteration   3: 8772.253 us/op
# Warmup Iteration   4: 8763.489 us/op
# Warmup Iteration   5: 8770.504 us/op
Iteration   1: 8532.567 us/op
                 gc.alloc.rate:      26.900 MB/sec
                 gc.alloc.rate.norm: 240678.145 B/op
                 gc.count:           1.000 counts
                 gc.time:            2.000 ms

Iteration   2: 8463.626 us/op
                 gc.alloc.rate:      27.119 MB/sec
                 gc.alloc.rate.norm: 240677.827 B/op
                 gc.count:           ≈ 0 counts

Iteration   3: 8473.002 us/op
                 gc.alloc.rate:      27.089 MB/sec
                 gc.alloc.rate.norm: 240677.832 B/op
                 gc.count:           ≈ 0 counts

Iteration   4: 8403.589 us/op
                 gc.alloc.rate:      27.313 MB/sec
                 gc.alloc.rate.norm: 240677.788 B/op
                 gc.count:           ≈ 0 counts

Iteration   5: 8440.320 us/op
                 gc.alloc.rate:      27.194 MB/sec
                 gc.alloc.rate.norm: 240678.056 B/op
                 gc.count:           1.000 counts
                 gc.time:            2.000 ms


# Run progress: 20.00% complete, ETA 00:06:41
# Fork: 2 of 5
# Warmup Iteration   1: 9012.851 us/op
# Warmup Iteration   2: 8560.422 us/op
# Warmup Iteration   3: 8677.134 us/op
# Warmup Iteration   4: 8712.375 us/op
# Warmup Iteration   5: 8673.505 us/op
Iteration   1: 8456.598 us/op
                 gc.alloc.rate:      27.141 MB/sec
                 gc.alloc.rate.norm: 240678.093 B/op
                 gc.count:           1.000 counts
                 gc.time:            2.000 ms

Iteration   2: 8471.067 us/op
                 gc.alloc.rate:      27.095 MB/sec
                 gc.alloc.rate.norm: 240677.832 B/op
                 gc.count:           ≈ 0 counts

Iteration   3: 8453.259 us/op
                 gc.alloc.rate:      27.152 MB/sec
                 gc.alloc.rate.norm: 240677.822 B/op
                 gc.count:           ≈ 0 counts

Iteration   4: 8432.182 us/op
                 gc.alloc.rate:      27.220 MB/sec
                 gc.alloc.rate.norm: 240677.808 B/op
                 gc.count:           ≈ 0 counts

Iteration   5: 8424.145 us/op
                 gc.alloc.rate:      27.246 MB/sec
                 gc.alloc.rate.norm: 240678.040 B/op
                 gc.count:           1.000 counts
                 gc.time:            2.000 ms


# Run progress: 40.00% complete, ETA 00:05:00
# Fork: 3 of 5
# Warmup Iteration   1: 9102.679 us/op
# Warmup Iteration   2: 8922.185 us/op
# Warmup Iteration   3: 9021.787 us/op
# Warmup Iteration   4: 9008.952 us/op
# Warmup Iteration   5: 8898.390 us/op
Iteration   1: 8712.346 us/op
                 gc.alloc.rate:      26.345 MB/sec
                 gc.alloc.rate.norm: 240678.279 B/op
                 gc.count:           1.000 counts
                 gc.time:            2.000 ms

Iteration   2: 8664.078 us/op
                 gc.alloc.rate:      26.491 MB/sec
                 gc.alloc.rate.norm: 240677.964 B/op
                 gc.count:           ≈ 0 counts

Iteration   3: 8705.183 us/op
                 gc.alloc.rate:      26.366 MB/sec
                 gc.alloc.rate.norm: 240677.995 B/op
                 gc.count:           ≈ 0 counts

Iteration   4: 8690.495 us/op
                 gc.alloc.rate:      26.411 MB/sec
                 gc.alloc.rate.norm: 240677.984 B/op
                 gc.count:           ≈ 0 counts

Iteration   5: 8696.563 us/op
                 gc.alloc.rate:      26.393 MB/sec
                 gc.alloc.rate.norm: 240677.990 B/op
                 gc.count:           ≈ 0 counts


# Run progress: 60.00% complete, ETA 00:03:20
# Fork: 4 of 5
# Warmup Iteration   1: 8980.870 us/op
# Warmup Iteration   2: 8572.237 us/op
# Warmup Iteration   3: 8721.175 us/op
# Warmup Iteration   4: 8777.171 us/op
# Warmup Iteration   5: 8734.037 us/op
Iteration   1: 8601.000 us/op
                 gc.alloc.rate:      26.686 MB/sec
                 gc.alloc.rate.norm: 240678.198 B/op
                 gc.count:           1.000 counts
                 gc.time:            2.000 ms

Iteration   2: 8721.564 us/op
                 gc.alloc.rate:      26.317 MB/sec
                 gc.alloc.rate.norm: 240678.005 B/op
                 gc.count:           ≈ 0 counts

Iteration   3: 8738.668 us/op
                 gc.alloc.rate:      26.265 MB/sec
                 gc.alloc.rate.norm: 240678.016 B/op
                 gc.count:           ≈ 0 counts

Iteration   4: 8689.587 us/op
                 gc.alloc.rate:      26.414 MB/sec
                 gc.alloc.rate.norm: 240677.984 B/op
                 gc.count:           ≈ 0 counts

Iteration   5: 8686.146 us/op
                 gc.alloc.rate:      26.424 MB/sec
                 gc.alloc.rate.norm: 240677.979 B/op
                 gc.count:           ≈ 0 counts


# Run progress: 80.00% complete, ETA 00:01:40
# Fork: 5 of 5
# Warmup Iteration   1: 9552.497 us/op
# Warmup Iteration   2: 9288.734 us/op
# Warmup Iteration   3: 9473.051 us/op
# Warmup Iteration   4: 9489.948 us/op
# Warmup Iteration   5: 9530.659 us/op
Iteration   1: 9276.557 us/op
                 gc.alloc.rate:      24.750 MB/sec
                 gc.alloc.rate.norm: 240752.148 B/op
                 gc.count:           ≈ 0 counts

Iteration   2: 8854.815 us/op
                 gc.alloc.rate:      25.920 MB/sec
                 gc.alloc.rate.norm: 240678.350 B/op
                 gc.count:           1.000 counts
                 gc.time:            2.000 ms

Iteration   3: 8831.965 us/op
                 gc.alloc.rate:      25.988 MB/sec
                 gc.alloc.rate.norm: 240678.079 B/op
                 gc.count:           ≈ 0 counts

Iteration   4: 8844.432 us/op
                 gc.alloc.rate:      25.951 MB/sec
                 gc.alloc.rate.norm: 240678.090 B/op
                 gc.count:           ≈ 0 counts

Iteration   5: 8816.725 us/op
                 gc.alloc.rate:      26.033 MB/sec
                 gc.alloc.rate.norm: 240678.069 B/op
                 gc.count:           ≈ 0 counts



Result "uk.ac.ncl.jensen.benchmark.VThreadTransitionBenchmark.transition_yield":
  8643.219 ±(99.9%) 149.222 us/op [Average]
  (min, avg, max) = (8403.589, 8643.219, 9276.557), stdev = 199.207
  CI (99.9%): [8493.997, 8792.441] (assumes normal distribution)

Secondary result "uk.ac.ncl.jensen.benchmark.VThreadTransitionBenchmark.transition_yield:gc.alloc.rate":
  26.569 ±(99.9%) 0.447 MB/sec [Average]
  (min, avg, max) = (24.750, 26.569, 27.313), stdev = 0.597
  CI (99.9%): [26.122, 27.016] (assumes normal distribution)

Secondary result "uk.ac.ncl.jensen.benchmark.VThreadTransitionBenchmark.transition_yield:gc.alloc.rate.norm":
  240680.975 ±(99.9%) 11.108 B/op [Average]
  (min, avg, max) = (240677.788, 240680.975, 240752.148), stdev = 14.828
  CI (99.9%): [240669.867, 240692.083] (assumes normal distribution)

Secondary result "uk.ac.ncl.jensen.benchmark.VThreadTransitionBenchmark.transition_yield:gc.count":
  7.000 ±(99.9%) 0.001 counts [Sum]
  (min, avg, max) = (≈ 0, 0.280, 1.000), stdev = 0.458
  CI (99.9%): [7.000, 7.000] (assumes normal distribution)

Secondary result "uk.ac.ncl.jensen.benchmark.VThreadTransitionBenchmark.transition_yield:gc.time":
  14.000 ±(99.9%) 0.001 ms [Sum]
  (min, avg, max) = (≈ 0, 0.560, 2.000), stdev = 0.917
  CI (99.9%): [14.000, 14.000] (assumes normal distribution)


# Run complete. Total time: 00:08:21

REMEMBER: The numbers below are just data. To gain reusable insights, you need to follow up on
why the numbers are the way they are. Use profilers (see -prof, -lprof), design factorial
experiments, perform baseline and negative tests that provide experimental control, make sure
the benchmarking environment is safe on JVM/OS/HW level, ask for reviews from the domain experts.
Do not assume the numbers tell you what you want them to tell.

NOTE: Current JVM experimentally supports Compiler Blackholes, and they are in use. Please exercise
extra caution when trusting the results, look into the generated code to check the benchmark still
works, and factor in a small probability of new VM bugs. Additionally, while comparisons between
different JVMs are already problematic, the performance difference caused by different Blackhole
modes can be very significant. Please make sure you use the consistent Blackhole mode for comparisons.

Benchmark                                                       (yieldsPerVthread)  Mode  Cnt       Score     Error   Units
VThreadTransitionBenchmark.transition_yield                                  10000  avgt   25    8643.219 ± 149.222   us/op
VThreadTransitionBenchmark.transition_yield:gc.alloc.rate                    10000  avgt   25      26.569 ±   0.447  MB/sec
VThreadTransitionBenchmark.transition_yield:gc.alloc.rate.norm               10000  avgt   25  240680.975 ±  11.108    B/op
VThreadTransitionBenchmark.transition_yield:gc.count                         10000  avgt   25       7.000            counts
VThreadTransitionBenchmark.transition_yield:gc.time                          10000  avgt   25      14.000                ms

Benchmark result is saved to /home/ubuntu/ebpf-vthread-correlate/result/benchmark/VThreadTransitionBenchmark_jvmalloc_gc.json
+ /home/ubuntu/ebpf-vthread-correlate/.vthread-jdk/jdk/bin/java -Djmh.ignoreLock=true -jar /home/ubuntu/ebpf-vthread-correlate/target/ebpf-vthread-correlate-1.0-SNAPSHOT.jar VThreadTransitionBenchmark -jvmArgsAppend -Dvthread.trace.jvmAlloc=true -f 1 -wi 5 -i 10 -w 1 -r 1 -prof async:libPath=/home/ubuntu/ebpf-vthread-correlate/lib/libasyncProfiler.so;event=cpu;output=collapsed;dir=/home/ubuntu/ebpf-vthread-correlate/result/benchmark/collapsed/VThreadTransitionBenchmark_jvmalloc
# WARNING: JMH lock is ignored by user request, make sure no other JMH instances are running
# JMH version: 1.37
# VM version: JDK 21.0.12-internal, OpenJDK 64-Bit Server VM, 21.0.12-internal-adhoc.root.src
# VM invoker: /home/ubuntu/ebpf-vthread-correlate/.vthread-jdk/jdk/bin/java
# VM options: --enable-preview --enable-native-access=ALL-UNNAMED -Dvthread.trace.jvmAlloc=true
# Blackhole mode: compiler (auto-detected, use -Djmh.blackhole.autoDetect=false to disable)
# Warmup: 5 iterations, 1 s each
# Measurement: 10 iterations, 1 s each
# Timeout: 10 min per iteration
# Threads: 1 thread, will synchronize iterations
# Benchmark mode: Average time, time/op
# Benchmark: uk.ac.ncl.jensen.benchmark.VThreadTransitionBenchmark.transition_yield
# Parameters: (yieldsPerVthread = 10000)

# Run progress: 0.00% complete, ETA 00:00:15
# Fork: 1 of 1
# Preparing profilers: AsyncProfiler 
# Warmup Iteration   1: 13067.719 us/op
# Warmup Iteration   2: 11175.790 us/op
# Warmup Iteration   3: 10701.235 us/op
# Warmup Iteration   4: 10525.802 us/op
# Warmup Iteration   5: 10566.639 us/op
Iteration   1: 10744.291 us/op
Iteration   2: 10790.494 us/op
Iteration   3: 10821.366 us/op
Iteration   4: 10820.112 us/op
Iteration   5: 10847.805 us/op
Iteration   6: 10805.958 us/op
Iteration   7: 10797.171 us/op
Iteration   8: 10828.822 us/op
Iteration   9: 10890.886 us/op
Iteration  10: 10891.099 us/op
                 async: (text only)

# Processing profiler results: AsyncProfiler 


Result "uk.ac.ncl.jensen.benchmark.VThreadTransitionBenchmark.transition_yield":
  10823.800 ±(99.9%) 67.817 us/op [Average]
  (min, avg, max) = (10744.291, 10823.800, 10891.099), stdev = 44.857
  CI (99.9%): [10755.983, 10891.617] (assumes normal distribution)

Secondary result "uk.ac.ncl.jensen.benchmark.VThreadTransitionBenchmark.transition_yield:async":
Async profiler results:
  /home/ubuntu/ebpf-vthread-correlate/result/benchmark/collapsed/VThreadTransitionBenchmark_jvmalloc/uk.ac.ncl.jensen.benchmark.VThreadTransitionBenchmark.transition_yield-AverageTime-yieldsPerVthread-10000/collapsed-cpu.csv


# Run complete. Total time: 00:00:15

REMEMBER: The numbers below are just data. To gain reusable insights, you need to follow up on
why the numbers are the way they are. Use profilers (see -prof, -lprof), design factorial
experiments, perform baseline and negative tests that provide experimental control, make sure
the benchmarking environment is safe on JVM/OS/HW level, ask for reviews from the domain experts.
Do not assume the numbers tell you what you want them to tell.

NOTE: Current JVM experimentally supports Compiler Blackholes, and they are in use. Please exercise
extra caution when trusting the results, look into the generated code to check the benchmark still
works, and factor in a small probability of new VM bugs. Additionally, while comparisons between
different JVMs are already problematic, the performance difference caused by different Blackhole
modes can be very significant. Please make sure you use the consistent Blackhole mode for comparisons.

Benchmark                                          (yieldsPerVthread)  Mode  Cnt      Score    Error  Units
VThreadTransitionBenchmark.transition_yield                     10000  avgt   10  10823.800 ± 67.817  us/op
VThreadTransitionBenchmark.transition_yield:async               10000  avgt             NaN             ---

[1m== VThreadParkUnparkBenchmark / baseline ==[0m
+ rm -rf /home/ubuntu/ebpf-vthread-correlate/result/benchmark/collapsed/VThreadParkUnparkBenchmark_baseline
+ /home/ubuntu/ebpf-vthread-correlate/.vthread-jdk/jdk/bin/java -Djmh.ignoreLock=true -jar /home/ubuntu/ebpf-vthread-correlate/target/ebpf-vthread-correlate-1.0-SNAPSHOT.jar VThreadParkUnparkBenchmark -prof gc -rf json -rff /home/ubuntu/ebpf-vthread-correlate/result/benchmark/VThreadParkUnparkBenchmark_baseline_gc.json
# WARNING: JMH lock is ignored by user request, make sure no other JMH instances are running
# JMH version: 1.37
# VM version: JDK 21.0.12-internal, OpenJDK 64-Bit Server VM, 21.0.12-internal-adhoc.root.src
# VM invoker: /home/ubuntu/ebpf-vthread-correlate/.vthread-jdk/jdk/bin/java
# VM options: --enable-preview --enable-native-access=ALL-UNNAMED
# Blackhole mode: compiler (auto-detected, use -Djmh.blackhole.autoDetect=false to disable)
# Warmup: 5 iterations, 10 s each
# Measurement: 5 iterations, 10 s each
# Timeout: 10 min per iteration
# Threads: 1 thread, will synchronize iterations
# Benchmark mode: Average time, time/op
# Benchmark: uk.ac.ncl.jensen.benchmark.VThreadParkUnparkBenchmark.parkUnpark_pingPong
# Parameters: (rounds = 10000)

# Run progress: 0.00% complete, ETA 00:08:20
# Fork: 1 of 5
# Warmup Iteration   1: 13565.417 us/op
# Warmup Iteration   2: 13263.724 us/op
# Warmup Iteration   3: 13478.791 us/op
# Warmup Iteration   4: 13491.588 us/op
# Warmup Iteration   5: 13194.360 us/op
Iteration   1: 13286.366 us/op
                 gc.alloc.rate:      29.223 MB/sec
                 gc.alloc.rate.norm: 407134.842 B/op
                 gc.count:           1.000 counts
                 gc.time:            2.000 ms

Iteration   2: 13289.598 us/op
                 gc.alloc.rate:      28.837 MB/sec
                 gc.alloc.rate.norm: 401863.235 B/op
                 gc.count:           ≈ 0 counts

Iteration   3: 13198.652 us/op
                 gc.alloc.rate:      29.193 MB/sec
                 gc.alloc.rate.norm: 404035.546 B/op
                 gc.count:           ≈ 0 counts

Iteration   4: 13518.079 us/op
                 gc.alloc.rate:      29.280 MB/sec
                 gc.alloc.rate.norm: 415043.157 B/op
                 gc.count:           ≈ 0 counts

Iteration   5: 12871.235 us/op
                 gc.alloc.rate:      30.181 MB/sec
                 gc.alloc.rate.norm: 407348.566 B/op
                 gc.count:           1.000 counts
                 gc.time:            2.000 ms


# Run progress: 20.00% complete, ETA 00:06:41
# Fork: 2 of 5
# Warmup Iteration   1: 13449.486 us/op
# Warmup Iteration   2: 13287.311 us/op
# Warmup Iteration   3: 13137.672 us/op
# Warmup Iteration   4: 13573.502 us/op
# Warmup Iteration   5: 13843.451 us/op
Iteration   1: 13769.434 us/op
                 gc.alloc.rate:      29.297 MB/sec
                 gc.alloc.rate.norm: 423006.966 B/op
                 gc.count:           1.000 counts
                 gc.time:            2.000 ms

Iteration   2: 13550.562 us/op
                 gc.alloc.rate:      29.929 MB/sec
                 gc.alloc.rate.norm: 425265.754 B/op
                 gc.count:           ≈ 0 counts

Iteration   3: 13567.663 us/op
                 gc.alloc.rate:      29.910 MB/sec
                 gc.alloc.rate.norm: 425535.089 B/op
                 gc.count:           ≈ 0 counts

Iteration   4: 13829.250 us/op
                 gc.alloc.rate:      29.375 MB/sec
                 gc.alloc.rate.norm: 425977.912 B/op
                 gc.count:           1.000 counts
                 gc.time:            3.000 ms

Iteration   5: 13776.024 us/op
                 gc.alloc.rate:      29.233 MB/sec
                 gc.alloc.rate.norm: 422289.190 B/op
                 gc.count:           ≈ 0 counts


# Run progress: 40.00% complete, ETA 00:05:00
# Fork: 3 of 5
# Warmup Iteration   1: 13268.137 us/op
# Warmup Iteration   2: 13993.216 us/op
# Warmup Iteration   3: 14300.260 us/op
# Warmup Iteration   4: 14128.411 us/op
# Warmup Iteration   5: 13995.389 us/op
Iteration   1: 13619.478 us/op
                 gc.alloc.rate:      29.507 MB/sec
                 gc.alloc.rate.norm: 421397.790 B/op
                 gc.count:           1.000 counts
                 gc.time:            2.000 ms

Iteration   2: 13273.686 us/op
                 gc.alloc.rate:      29.816 MB/sec
                 gc.alloc.rate.norm: 415002.440 B/op
                 gc.count:           ≈ 0 counts

Iteration   3: 13286.202 us/op
                 gc.alloc.rate:      29.425 MB/sec
                 gc.alloc.rate.norm: 409944.924 B/op
                 gc.count:           ≈ 0 counts

Iteration   4: 13184.996 us/op
                 gc.alloc.rate:      29.532 MB/sec
                 gc.alloc.rate.norm: 408308.163 B/op
                 gc.count:           ≈ 0 counts

Iteration   5: 13901.670 us/op
                 gc.alloc.rate:      28.455 MB/sec
                 gc.alloc.rate.norm: 414793.133 B/op
                 gc.count:           1.000 counts
                 gc.time:            2.000 ms


# Run progress: 60.00% complete, ETA 00:03:20
# Fork: 4 of 5
# Warmup Iteration   1: 13782.964 us/op
# Warmup Iteration   2: 13911.130 us/op
# Warmup Iteration   3: 14591.384 us/op
# Warmup Iteration   4: 14520.874 us/op
# Warmup Iteration   5: 14612.351 us/op
Iteration   1: 13193.212 us/op
                 gc.alloc.rate:      29.909 MB/sec
                 gc.alloc.rate.norm: 413769.834 B/op
                 gc.count:           1.000 counts
                 gc.time:            3.000 ms

Iteration   2: 12853.983 us/op
                 gc.alloc.rate:      30.407 MB/sec
                 gc.alloc.rate.norm: 409849.275 B/op
                 gc.count:           ≈ 0 counts

Iteration   3: 13205.742 us/op
                 gc.alloc.rate:      30.742 MB/sec
                 gc.alloc.rate.norm: 425703.156 B/op
                 gc.count:           ≈ 0 counts

Iteration   4: 12989.556 us/op
                 gc.alloc.rate:      30.769 MB/sec
                 gc.alloc.rate.norm: 419102.223 B/op
                 gc.count:           ≈ 0 counts

Iteration   5: 13493.824 us/op
                 gc.alloc.rate:      29.832 MB/sec
                 gc.alloc.rate.norm: 422113.132 B/op
                 gc.count:           1.000 counts
                 gc.time:            2.000 ms


# Run progress: 80.00% complete, ETA 00:01:40
# Fork: 5 of 5
# Warmup Iteration   1: 13874.527 us/op
# Warmup Iteration   2: 13072.732 us/op
# Warmup Iteration   3: 13081.036 us/op
# Warmup Iteration   4: 13311.496 us/op
# Warmup Iteration   5: 13661.484 us/op
Iteration   1: 13738.413 us/op
                 gc.alloc.rate:      29.364 MB/sec
                 gc.alloc.rate.norm: 423022.385 B/op
                 gc.count:           1.000 counts
                 gc.time:            2.000 ms

Iteration   2: 13845.398 us/op
                 gc.alloc.rate:      28.721 MB/sec
                 gc.alloc.rate.norm: 416984.122 B/op
                 gc.count:           ≈ 0 counts

Iteration   3: 13345.021 us/op
                 gc.alloc.rate:      28.916 MB/sec
                 gc.alloc.rate.norm: 404642.432 B/op
                 gc.count:           ≈ 0 counts

Iteration   4: 13546.329 us/op
                 gc.alloc.rate:      28.914 MB/sec
                 gc.alloc.rate.norm: 410709.727 B/op
                 gc.count:           ≈ 0 counts

Iteration   5: 13661.356 us/op
                 gc.alloc.rate:      29.319 MB/sec
                 gc.alloc.rate.norm: 420001.080 B/op
                 gc.count:           1.000 counts
                 gc.time:            2.000 ms



Result "uk.ac.ncl.jensen.benchmark.VThreadParkUnparkBenchmark.parkUnpark_pingPong":
  13431.829 ±(99.9%) 225.932 us/op [Average]
  (min, avg, max) = (12853.983, 13431.829, 13901.670), stdev = 301.612
  CI (99.9%): [13205.897, 13657.761] (assumes normal distribution)

Secondary result "uk.ac.ncl.jensen.benchmark.VThreadParkUnparkBenchmark.parkUnpark_pingPong:gc.alloc.rate":
  29.523 ±(99.9%) 0.443 MB/sec [Average]
  (min, avg, max) = (28.455, 29.523, 30.769), stdev = 0.591
  CI (99.9%): [29.081, 29.966] (assumes normal distribution)

Secondary result "uk.ac.ncl.jensen.benchmark.VThreadParkUnparkBenchmark.parkUnpark_pingPong:gc.alloc.rate.norm":
  415713.763 ±(99.9%) 5710.808 B/op [Average]
  (min, avg, max) = (401863.235, 415713.763, 425977.912), stdev = 7623.765
  CI (99.9%): [410002.955, 421424.571] (assumes normal distribution)

Secondary result "uk.ac.ncl.jensen.benchmark.VThreadParkUnparkBenchmark.parkUnpark_pingPong:gc.count":
  10.000 ±(99.9%) 0.001 counts [Sum]
  (min, avg, max) = (≈ 0, 0.400, 1.000), stdev = 0.500
  CI (99.9%): [10.000, 10.000] (assumes normal distribution)

Secondary result "uk.ac.ncl.jensen.benchmark.VThreadParkUnparkBenchmark.parkUnpark_pingPong:gc.time":
  22.000 ±(99.9%) 0.001 ms [Sum]
  (min, avg, max) = (≈ 0, 0.880, 3.000), stdev = 1.130
  CI (99.9%): [22.000, 22.000] (assumes normal distribution)


# Run complete. Total time: 00:08:21

REMEMBER: The numbers below are just data. To gain reusable insights, you need to follow up on
why the numbers are the way they are. Use profilers (see -prof, -lprof), design factorial
experiments, perform baseline and negative tests that provide experimental control, make sure
the benchmarking environment is safe on JVM/OS/HW level, ask for reviews from the domain experts.
Do not assume the numbers tell you what you want them to tell.

NOTE: Current JVM experimentally supports Compiler Blackholes, and they are in use. Please exercise
extra caution when trusting the results, look into the generated code to check the benchmark still
works, and factor in a small probability of new VM bugs. Additionally, while comparisons between
different JVMs are already problematic, the performance difference caused by different Blackhole
modes can be very significant. Please make sure you use the consistent Blackhole mode for comparisons.

Benchmark                                                          (rounds)  Mode  Cnt       Score      Error   Units
VThreadParkUnparkBenchmark.parkUnpark_pingPong                        10000  avgt   25   13431.829 ±  225.932   us/op
VThreadParkUnparkBenchmark.parkUnpark_pingPong:gc.alloc.rate          10000  avgt   25      29.523 ±    0.443  MB/sec
VThreadParkUnparkBenchmark.parkUnpark_pingPong:gc.alloc.rate.norm     10000  avgt   25  415713.763 ± 5710.808    B/op
VThreadParkUnparkBenchmark.parkUnpark_pingPong:gc.count               10000  avgt   25      10.000             counts
VThreadParkUnparkBenchmark.parkUnpark_pingPong:gc.time                10000  avgt   25      22.000                 ms

Benchmark result is saved to /home/ubuntu/ebpf-vthread-correlate/result/benchmark/VThreadParkUnparkBenchmark_baseline_gc.json
+ /home/ubuntu/ebpf-vthread-correlate/.vthread-jdk/jdk/bin/java -Djmh.ignoreLock=true -jar /home/ubuntu/ebpf-vthread-correlate/target/ebpf-vthread-correlate-1.0-SNAPSHOT.jar VThreadParkUnparkBenchmark -f 1 -wi 5 -i 10 -w 1 -r 1 -prof async:libPath=/home/ubuntu/ebpf-vthread-correlate/lib/libasyncProfiler.so;event=cpu;output=collapsed;dir=/home/ubuntu/ebpf-vthread-correlate/result/benchmark/collapsed/VThreadParkUnparkBenchmark_baseline
# WARNING: JMH lock is ignored by user request, make sure no other JMH instances are running
# JMH version: 1.37
# VM version: JDK 21.0.12-internal, OpenJDK 64-Bit Server VM, 21.0.12-internal-adhoc.root.src
# VM invoker: /home/ubuntu/ebpf-vthread-correlate/.vthread-jdk/jdk/bin/java
# VM options: --enable-preview --enable-native-access=ALL-UNNAMED
# Blackhole mode: compiler (auto-detected, use -Djmh.blackhole.autoDetect=false to disable)
# Warmup: 5 iterations, 1 s each
# Measurement: 10 iterations, 1 s each
# Timeout: 10 min per iteration
# Threads: 1 thread, will synchronize iterations
# Benchmark mode: Average time, time/op
# Benchmark: uk.ac.ncl.jensen.benchmark.VThreadParkUnparkBenchmark.parkUnpark_pingPong
# Parameters: (rounds = 10000)

# Run progress: 0.00% complete, ETA 00:00:15
# Fork: 1 of 1
# Preparing profilers: AsyncProfiler 
# Warmup Iteration   1: 19906.230 us/op
# Warmup Iteration   2: 16266.749 us/op
# Warmup Iteration   3: 17207.151 us/op
# Warmup Iteration   4: 16715.700 us/op
# Warmup Iteration   5: 17156.448 us/op
Iteration   1: 16382.862 us/op
Iteration   2: 16977.028 us/op
Iteration   3: 16477.623 us/op
Iteration   4: 16616.879 us/op
Iteration   5: 16548.295 us/op
Iteration   6: 16350.733 us/op
Iteration   7: 17680.627 us/op
Iteration   8: 17028.776 us/op
Iteration   9: 16470.911 us/op
Iteration  10: 16512.017 us/op
                 async: (text only)

# Processing profiler results: AsyncProfiler 


Result "uk.ac.ncl.jensen.benchmark.VThreadParkUnparkBenchmark.parkUnpark_pingPong":
  16704.575 ±(99.9%) 624.579 us/op [Average]
  (min, avg, max) = (16350.733, 16704.575, 17680.627), stdev = 413.121
  CI (99.9%): [16079.996, 17329.154] (assumes normal distribution)

Secondary result "uk.ac.ncl.jensen.benchmark.VThreadParkUnparkBenchmark.parkUnpark_pingPong:async":
Async profiler results:
  /home/ubuntu/ebpf-vthread-correlate/result/benchmark/collapsed/VThreadParkUnparkBenchmark_baseline/uk.ac.ncl.jensen.benchmark.VThreadParkUnparkBenchmark.parkUnpark_pingPong-AverageTime-rounds-10000/collapsed-cpu.csv


# Run complete. Total time: 00:00:15

REMEMBER: The numbers below are just data. To gain reusable insights, you need to follow up on
why the numbers are the way they are. Use profilers (see -prof, -lprof), design factorial
experiments, perform baseline and negative tests that provide experimental control, make sure
the benchmarking environment is safe on JVM/OS/HW level, ask for reviews from the domain experts.
Do not assume the numbers tell you what you want them to tell.

NOTE: Current JVM experimentally supports Compiler Blackholes, and they are in use. Please exercise
extra caution when trusting the results, look into the generated code to check the benchmark still
works, and factor in a small probability of new VM bugs. Additionally, while comparisons between
different JVMs are already problematic, the performance difference caused by different Blackhole
modes can be very significant. Please make sure you use the consistent Blackhole mode for comparisons.

Benchmark                                             (rounds)  Mode  Cnt      Score     Error  Units
VThreadParkUnparkBenchmark.parkUnpark_pingPong           10000  avgt   10  16704.575 ± 624.579  us/op
VThreadParkUnparkBenchmark.parkUnpark_pingPong:async     10000  avgt             NaN              ---

[1m== VThreadParkUnparkBenchmark / jvmtipublish ==[0m
+ rm -rf /home/ubuntu/ebpf-vthread-correlate/result/benchmark/collapsed/VThreadParkUnparkBenchmark_jvmtipublish
+ /home/ubuntu/ebpf-vthread-correlate/.vthread-jdk/jdk/bin/java -Djmh.ignoreLock=true -jar /home/ubuntu/ebpf-vthread-correlate/target/ebpf-vthread-correlate-1.0-SNAPSHOT.jar VThreadParkUnparkBenchmark -jvmArgsAppend -agentpath:/home/ubuntu/ebpf-vthread-correlate/JVMTI-agent/libvthread_trace_agent.so=publish=jvmti -prof gc -rf json -rff /home/ubuntu/ebpf-vthread-correlate/result/benchmark/VThreadParkUnparkBenchmark_jvmtipublish_gc.json
# WARNING: JMH lock is ignored by user request, make sure no other JMH instances are running
# JMH version: 1.37
# VM version: JDK 21.0.12-internal, OpenJDK 64-Bit Server VM, 21.0.12-internal-adhoc.root.src
# VM invoker: /home/ubuntu/ebpf-vthread-correlate/.vthread-jdk/jdk/bin/java
# VM options: --enable-preview --enable-native-access=ALL-UNNAMED -agentpath:/home/ubuntu/ebpf-vthread-correlate/JVMTI-agent/libvthread_trace_agent.so=publish=jvmti
# Blackhole mode: compiler (auto-detected, use -Djmh.blackhole.autoDetect=false to disable)
# Warmup: 5 iterations, 10 s each
# Measurement: 5 iterations, 10 s each
# Timeout: 10 min per iteration
# Threads: 1 thread, will synchronize iterations
# Benchmark mode: Average time, time/op
# Benchmark: uk.ac.ncl.jensen.benchmark.VThreadParkUnparkBenchmark.parkUnpark_pingPong
# Parameters: (rounds = 10000)

# Run progress: 0.00% complete, ETA 00:08:20
# Fork: 1 of 5
[vthread-trace-agent] loading, options=publish=jvmti
[vthread-trace-agent] loaded
[vthread-trace-agent] found mount ext event: id=com.sun.hotspot.events.VirtualThreadMount index=48
[vthread-trace-agent] found unmount ext event: id=com.sun.hotspot.events.VirtualThreadUnmount index=47
[vthread-trace-agent] JVMTI mount/unmount publish enabled (carrier-resident TLS)
[vthread-trace-agent] ready (fieldID=0x1e2 methodID=0x753ed8228188 publish_jvmti=1)
# Warmup Iteration   1: 16829.858 us/op
# Warmup Iteration   2: 17325.271 us/op
# Warmup Iteration   3: 17287.532 us/op
# Warmup Iteration   4: 17528.539 us/op
# Warmup Iteration   5: 17244.165 us/op
Iteration   1: 17195.953 us/op
                 gc.alloc.rate:      24.618 MB/sec
                 gc.alloc.rate.norm: 443901.485 B/op
                 gc.count:           1.000 counts
                 gc.time:            2.000 ms

Iteration   2: 16669.375 us/op
                 gc.alloc.rate:      25.150 MB/sec
                 gc.alloc.rate.norm: 439618.080 B/op
                 gc.count:           ≈ 0 counts

Iteration   3: 16746.409 us/op
                 gc.alloc.rate:      25.190 MB/sec
                 gc.alloc.rate.norm: 442337.565 B/op
                 gc.count:           ≈ 0 counts

Iteration   4: 16381.440 us/op
                 gc.alloc.rate:      25.864 MB/sec
                 gc.alloc.rate.norm: 444287.293 B/op
                 gc.count:           ≈ 0 counts

Iteration   5: 16347.761 us/op
                 gc.alloc.rate:      25.612 MB/sec
                 gc.alloc.rate.norm: 439043.059 B/op
                 gc.count:           ≈ 0 counts

[vthread-trace-agent] unloading

# Run progress: 20.00% complete, ETA 00:06:41
# Fork: 2 of 5
[vthread-trace-agent] loading, options=publish=jvmti
[vthread-trace-agent] loaded
[vthread-trace-agent] found mount ext event: id=com.sun.hotspot.events.VirtualThreadMount index=48
[vthread-trace-agent] found unmount ext event: id=com.sun.hotspot.events.VirtualThreadUnmount index=47
[vthread-trace-agent] JVMTI mount/unmount publish enabled (carrier-resident TLS)
[vthread-trace-agent] ready (fieldID=0x1e2 methodID=0x757014228188 publish_jvmti=1)
# Warmup Iteration   1: 16507.662 us/op
# Warmup Iteration   2: 16702.745 us/op
# Warmup Iteration   3: 16847.929 us/op
# Warmup Iteration   4: 16745.490 us/op
# Warmup Iteration   5: 16811.332 us/op
Iteration   1: 16733.511 us/op
                 gc.alloc.rate:      25.795 MB/sec
                 gc.alloc.rate.norm: 452622.943 B/op
                 gc.count:           1.000 counts
                 gc.time:            2.000 ms

Iteration   2: 17182.905 us/op
                 gc.alloc.rate:      24.714 MB/sec
                 gc.alloc.rate.norm: 445295.505 B/op
                 gc.count:           ≈ 0 counts

Iteration   3: 16846.543 us/op
                 gc.alloc.rate:      25.215 MB/sec
                 gc.alloc.rate.norm: 445426.303 B/op
                 gc.count:           ≈ 0 counts

Iteration   4: 17065.953 us/op
                 gc.alloc.rate:      24.948 MB/sec
                 gc.alloc.rate.norm: 446447.877 B/op
                 gc.count:           ≈ 0 counts

Iteration   5: 16894.950 us/op
                 gc.alloc.rate:      24.852 MB/sec
                 gc.alloc.rate.norm: 440283.541 B/op
                 gc.count:           ≈ 0 counts

[vthread-trace-agent] unloading

# Run progress: 40.00% complete, ETA 00:05:00
# Fork: 3 of 5
[vthread-trace-agent] loading, options=publish=jvmti
[vthread-trace-agent] loaded
[vthread-trace-agent] found mount ext event: id=com.sun.hotspot.events.VirtualThreadMount index=48
[vthread-trace-agent] found unmount ext event: id=com.sun.hotspot.events.VirtualThreadUnmount index=47
[vthread-trace-agent] JVMTI mount/unmount publish enabled (carrier-resident TLS)
[vthread-trace-agent] ready (fieldID=0x1e2 methodID=0x7d3528228168 publish_jvmti=1)
# Warmup Iteration   1: 16055.711 us/op
# Warmup Iteration   2: 15991.147 us/op
# Warmup Iteration   3: 16340.343 us/op
# Warmup Iteration   4: 16322.461 us/op
# Warmup Iteration   5: 15860.632 us/op
Iteration   1: 15728.809 us/op
                 gc.alloc.rate:      26.439 MB/sec
                 gc.alloc.rate.norm: 436061.736 B/op
                 gc.count:           1.000 counts
                 gc.time:            2.000 ms

Iteration   2: 15814.570 us/op
                 gc.alloc.rate:      26.683 MB/sec
                 gc.alloc.rate.norm: 442487.494 B/op
                 gc.count:           ≈ 0 counts

Iteration   3: 15880.949 us/op
                 gc.alloc.rate:      26.634 MB/sec
                 gc.alloc.rate.norm: 443525.448 B/op
                 gc.count:           ≈ 0 counts

Iteration   4: 15654.299 us/op
                 gc.alloc.rate:      26.894 MB/sec
                 gc.alloc.rate.norm: 441463.474 B/op
                 gc.count:           ≈ 0 counts

Iteration   5: 15707.396 us/op
                 gc.alloc.rate:      26.885 MB/sec
                 gc.alloc.rate.norm: 442817.834 B/op
                 gc.count:           ≈ 0 counts

[vthread-trace-agent] unloading

# Run progress: 60.00% complete, ETA 00:03:20
# Fork: 4 of 5
[vthread-trace-agent] loading, options=publish=jvmti
[vthread-trace-agent] loaded
[vthread-trace-agent] found mount ext event: id=com.sun.hotspot.events.VirtualThreadMount index=48
[vthread-trace-agent] found unmount ext event: id=com.sun.hotspot.events.VirtualThreadUnmount index=47
[vthread-trace-agent] JVMTI mount/unmount publish enabled (carrier-resident TLS)
[vthread-trace-agent] ready (fieldID=0x1e2 methodID=0x7b232c228168 publish_jvmti=1)
# Warmup Iteration   1: 16720.461 us/op
# Warmup Iteration   2: 16926.433 us/op
# Warmup Iteration   3: 17050.025 us/op
# Warmup Iteration   4: 17104.391 us/op
# Warmup Iteration   5: 16955.487 us/op
Iteration   1: 17142.777 us/op
                 gc.alloc.rate:      24.783 MB/sec
                 gc.alloc.rate.norm: 445490.123 B/op
                 gc.count:           1.000 counts
                 gc.time:            2.000 ms

Iteration   2: 16676.211 us/op
                 gc.alloc.rate:      25.884 MB/sec
                 gc.alloc.rate.norm: 452629.080 B/op
                 gc.count:           ≈ 0 counts

Iteration   3: 16588.216 us/op
                 gc.alloc.rate:      25.998 MB/sec
                 gc.alloc.rate.norm: 452221.453 B/op
                 gc.count:           ≈ 0 counts

Iteration   4: 16276.333 us/op
                 gc.alloc.rate:      26.389 MB/sec
                 gc.alloc.rate.norm: 450404.566 B/op
                 gc.count:           ≈ 0 counts

Iteration   5: 16326.224 us/op
                 gc.alloc.rate:      26.287 MB/sec
                 gc.alloc.rate.norm: 450021.677 B/op
                 gc.count:           ≈ 0 counts

[vthread-trace-agent] unloading

# Run progress: 80.00% complete, ETA 00:01:40
# Fork: 5 of 5
[vthread-trace-agent] loading, options=publish=jvmti
[vthread-trace-agent] loaded
[vthread-trace-agent] found mount ext event: id=com.sun.hotspot.events.VirtualThreadMount index=48
[vthread-trace-agent] found unmount ext event: id=com.sun.hotspot.events.VirtualThreadUnmount index=47
[vthread-trace-agent] JVMTI mount/unmount publish enabled (carrier-resident TLS)
[vthread-trace-agent] ready (fieldID=0x1e2 methodID=0x7ebcb0228168 publish_jvmti=1)
# Warmup Iteration   1: 16630.372 us/op
# Warmup Iteration   2: 16637.298 us/op
# Warmup Iteration   3: 16970.348 us/op
# Warmup Iteration   4: 16771.076 us/op
# Warmup Iteration   5: 16724.906 us/op
Iteration   1: 16859.333 us/op
                 gc.alloc.rate:      25.767 MB/sec
                 gc.alloc.rate.norm: 455525.118 B/op
                 gc.count:           1.000 counts
                 gc.time:            2.000 ms

Iteration   2: 16887.534 us/op
                 gc.alloc.rate:      25.471 MB/sec
                 gc.alloc.rate.norm: 451050.874 B/op
                 gc.count:           ≈ 0 counts

Iteration   3: 16929.578 us/op
                 gc.alloc.rate:      25.515 MB/sec
                 gc.alloc.rate.norm: 452951.675 B/op
                 gc.count:           ≈ 0 counts

Iteration   4: 16802.357 us/op
                 gc.alloc.rate:      25.803 MB/sec
                 gc.alloc.rate.norm: 454618.886 B/op
                 gc.count:           ≈ 0 counts

Iteration   5: 16562.663 us/op
                 gc.alloc.rate:      26.198 MB/sec
                 gc.alloc.rate.norm: 454987.921 B/op
                 gc.count:           ≈ 0 counts

[vthread-trace-agent] unloading


Result "uk.ac.ncl.jensen.benchmark.VThreadParkUnparkBenchmark.parkUnpark_pingPong":
  16556.082 ±(99.9%) 359.644 us/op [Average]
  (min, avg, max) = (15654.299, 16556.082, 17195.953), stdev = 480.114
  CI (99.9%): [16196.438, 16915.726] (assumes normal distribution)

Secondary result "uk.ac.ncl.jensen.benchmark.VThreadParkUnparkBenchmark.parkUnpark_pingPong:gc.alloc.rate":
  25.743 ±(99.9%) 0.520 MB/sec [Average]
  (min, avg, max) = (24.618, 25.743, 26.894), stdev = 0.694
  CI (99.9%): [25.223, 26.264] (assumes normal distribution)

Secondary result "uk.ac.ncl.jensen.benchmark.VThreadParkUnparkBenchmark.parkUnpark_pingPong:gc.alloc.rate.norm":
  446620.840 ±(99.9%) 4226.010 B/op [Average]
  (min, avg, max) = (436061.736, 446620.840, 455525.118), stdev = 5641.603
  CI (99.9%): [442394.830, 450846.850] (assumes normal distribution)

Secondary result "uk.ac.ncl.jensen.benchmark.VThreadParkUnparkBenchmark.parkUnpark_pingPong:gc.count":
  5.000 ±(99.9%) 0.001 counts [Sum]
  (min, avg, max) = (≈ 0, 0.200, 1.000), stdev = 0.408
  CI (99.9%): [5.000, 5.000] (assumes normal distribution)

Secondary result "uk.ac.ncl.jensen.benchmark.VThreadParkUnparkBenchmark.parkUnpark_pingPong:gc.time":
  10.000 ±(99.9%) 0.001 ms [Sum]
  (min, avg, max) = (≈ 0, 0.400, 2.000), stdev = 0.816
  CI (99.9%): [10.000, 10.000] (assumes normal distribution)


# Run complete. Total time: 00:08:21

REMEMBER: The numbers below are just data. To gain reusable insights, you need to follow up on
why the numbers are the way they are. Use profilers (see -prof, -lprof), design factorial
experiments, perform baseline and negative tests that provide experimental control, make sure
the benchmarking environment is safe on JVM/OS/HW level, ask for reviews from the domain experts.
Do not assume the numbers tell you what you want them to tell.

NOTE: Current JVM experimentally supports Compiler Blackholes, and they are in use. Please exercise
extra caution when trusting the results, look into the generated code to check the benchmark still
works, and factor in a small probability of new VM bugs. Additionally, while comparisons between
different JVMs are already problematic, the performance difference caused by different Blackhole
modes can be very significant. Please make sure you use the consistent Blackhole mode for comparisons.

Benchmark                                                          (rounds)  Mode  Cnt       Score      Error   Units
VThreadParkUnparkBenchmark.parkUnpark_pingPong                        10000  avgt   25   16556.082 ±  359.644   us/op
VThreadParkUnparkBenchmark.parkUnpark_pingPong:gc.alloc.rate          10000  avgt   25      25.743 ±    0.520  MB/sec
VThreadParkUnparkBenchmark.parkUnpark_pingPong:gc.alloc.rate.norm     10000  avgt   25  446620.840 ± 4226.010    B/op
VThreadParkUnparkBenchmark.parkUnpark_pingPong:gc.count               10000  avgt   25       5.000             counts
VThreadParkUnparkBenchmark.parkUnpark_pingPong:gc.time                10000  avgt   25      10.000                 ms

Benchmark result is saved to /home/ubuntu/ebpf-vthread-correlate/result/benchmark/VThreadParkUnparkBenchmark_jvmtipublish_gc.json
+ /home/ubuntu/ebpf-vthread-correlate/.vthread-jdk/jdk/bin/java -Djmh.ignoreLock=true -jar /home/ubuntu/ebpf-vthread-correlate/target/ebpf-vthread-correlate-1.0-SNAPSHOT.jar VThreadParkUnparkBenchmark -jvmArgsAppend -agentpath:/home/ubuntu/ebpf-vthread-correlate/JVMTI-agent/libvthread_trace_agent.so=publish=jvmti -f 1 -wi 5 -i 10 -w 1 -r 1 -prof async:libPath=/home/ubuntu/ebpf-vthread-correlate/lib/libasyncProfiler.so;event=cpu;output=collapsed;dir=/home/ubuntu/ebpf-vthread-correlate/result/benchmark/collapsed/VThreadParkUnparkBenchmark_jvmtipublish
# WARNING: JMH lock is ignored by user request, make sure no other JMH instances are running
# JMH version: 1.37
# VM version: JDK 21.0.12-internal, OpenJDK 64-Bit Server VM, 21.0.12-internal-adhoc.root.src
# VM invoker: /home/ubuntu/ebpf-vthread-correlate/.vthread-jdk/jdk/bin/java
# VM options: --enable-preview --enable-native-access=ALL-UNNAMED -agentpath:/home/ubuntu/ebpf-vthread-correlate/JVMTI-agent/libvthread_trace_agent.so=publish=jvmti
# Blackhole mode: compiler (auto-detected, use -Djmh.blackhole.autoDetect=false to disable)
# Warmup: 5 iterations, 1 s each
# Measurement: 10 iterations, 1 s each
# Timeout: 10 min per iteration
# Threads: 1 thread, will synchronize iterations
# Benchmark mode: Average time, time/op
# Benchmark: uk.ac.ncl.jensen.benchmark.VThreadParkUnparkBenchmark.parkUnpark_pingPong
# Parameters: (rounds = 10000)

# Run progress: 0.00% complete, ETA 00:00:15
# Fork: 1 of 1
# Preparing profilers: AsyncProfiler 
[vthread-trace-agent] loading, options=publish=jvmti
[vthread-trace-agent] loaded
[vthread-trace-agent] found mount ext event: id=com.sun.hotspot.events.VirtualThreadMount index=48
[vthread-trace-agent] found unmount ext event: id=com.sun.hotspot.events.VirtualThreadUnmount index=47
[vthread-trace-agent] JVMTI mount/unmount publish enabled (carrier-resident TLS)
[vthread-trace-agent] ready (fieldID=0x1e2 methodID=0x7fb210227f98 publish_jvmti=1)
# Warmup Iteration   1: 18677.785 us/op
# Warmup Iteration   2: 16144.815 us/op
# Warmup Iteration   3: 16197.391 us/op
# Warmup Iteration   4: 16166.509 us/op
# Warmup Iteration   5: 15930.640 us/op
Iteration   1: 15796.860 us/op
Iteration   2: 15965.259 us/op
Iteration   3: 15871.945 us/op
Iteration   4: 16464.953 us/op
Iteration   5: 16132.643 us/op
Iteration   6: 15751.209 us/op
Iteration   7: 15879.804 us/op
Iteration   8: 15730.098 us/op
Iteration   9: 15684.231 us/op
Iteration  10: 16252.682 us/op
                 async: (text only)

[vthread-trace-agent] unloading
# Processing profiler results: AsyncProfiler 


Result "uk.ac.ncl.jensen.benchmark.VThreadParkUnparkBenchmark.parkUnpark_pingPong":
  15952.968 ±(99.9%) 384.881 us/op [Average]
  (min, avg, max) = (15684.231, 15952.968, 16464.953), stdev = 254.575
  CI (99.9%): [15568.087, 16337.850] (assumes normal distribution)

Secondary result "uk.ac.ncl.jensen.benchmark.VThreadParkUnparkBenchmark.parkUnpark_pingPong:async":
Async profiler results:
  /home/ubuntu/ebpf-vthread-correlate/result/benchmark/collapsed/VThreadParkUnparkBenchmark_jvmtipublish/uk.ac.ncl.jensen.benchmark.VThreadParkUnparkBenchmark.parkUnpark_pingPong-AverageTime-rounds-10000/collapsed-cpu.csv


# Run complete. Total time: 00:00:15

REMEMBER: The numbers below are just data. To gain reusable insights, you need to follow up on
why the numbers are the way they are. Use profilers (see -prof, -lprof), design factorial
experiments, perform baseline and negative tests that provide experimental control, make sure
the benchmarking environment is safe on JVM/OS/HW level, ask for reviews from the domain experts.
Do not assume the numbers tell you what you want them to tell.

NOTE: Current JVM experimentally supports Compiler Blackholes, and they are in use. Please exercise
extra caution when trusting the results, look into the generated code to check the benchmark still
works, and factor in a small probability of new VM bugs. Additionally, while comparisons between
different JVMs are already problematic, the performance difference caused by different Blackhole
modes can be very significant. Please make sure you use the consistent Blackhole mode for comparisons.

Benchmark                                             (rounds)  Mode  Cnt      Score     Error  Units
VThreadParkUnparkBenchmark.parkUnpark_pingPong           10000  avgt   10  15952.968 ± 384.881  us/op
VThreadParkUnparkBenchmark.parkUnpark_pingPong:async     10000  avgt             NaN              ---

[1m== VThreadParkUnparkBenchmark / jvmalloc ==[0m
+ rm -rf /home/ubuntu/ebpf-vthread-correlate/result/benchmark/collapsed/VThreadParkUnparkBenchmark_jvmalloc
+ /home/ubuntu/ebpf-vthread-correlate/.vthread-jdk/jdk/bin/java -Djmh.ignoreLock=true -jar /home/ubuntu/ebpf-vthread-correlate/target/ebpf-vthread-correlate-1.0-SNAPSHOT.jar VThreadParkUnparkBenchmark -jvmArgsAppend -Dvthread.trace.jvmAlloc=true -prof gc -rf json -rff /home/ubuntu/ebpf-vthread-correlate/result/benchmark/VThreadParkUnparkBenchmark_jvmalloc_gc.json
# WARNING: JMH lock is ignored by user request, make sure no other JMH instances are running
# JMH version: 1.37
# VM version: JDK 21.0.12-internal, OpenJDK 64-Bit Server VM, 21.0.12-internal-adhoc.root.src
# VM invoker: /home/ubuntu/ebpf-vthread-correlate/.vthread-jdk/jdk/bin/java
# VM options: --enable-preview --enable-native-access=ALL-UNNAMED -Dvthread.trace.jvmAlloc=true
# Blackhole mode: compiler (auto-detected, use -Djmh.blackhole.autoDetect=false to disable)
# Warmup: 5 iterations, 10 s each
# Measurement: 5 iterations, 10 s each
# Timeout: 10 min per iteration
# Threads: 1 thread, will synchronize iterations
# Benchmark mode: Average time, time/op
# Benchmark: uk.ac.ncl.jensen.benchmark.VThreadParkUnparkBenchmark.parkUnpark_pingPong
# Parameters: (rounds = 10000)

# Run progress: 0.00% complete, ETA 00:08:20
# Fork: 1 of 5
# Warmup Iteration   1: 13943.954 us/op
# Warmup Iteration   2: 12956.032 us/op
# Warmup Iteration   3: 13371.996 us/op
# Warmup Iteration   4: 13269.637 us/op
# Warmup Iteration   5: 13485.072 us/op
Iteration   1: 13396.866 us/op
                 gc.alloc.rate:      29.394 MB/sec
                 gc.alloc.rate.norm: 412921.403 B/op
                 gc.count:           1.000 counts
                 gc.time:            2.000 ms

Iteration   2: 13290.398 us/op
                 gc.alloc.rate:      29.440 MB/sec
                 gc.alloc.rate.norm: 410289.243 B/op
                 gc.count:           ≈ 0 counts

Iteration   3: 13294.716 us/op
                 gc.alloc.rate:      29.664 MB/sec
                 gc.alloc.rate.norm: 413544.478 B/op
                 gc.count:           ≈ 0 counts

Iteration   4: 13491.767 us/op
                 gc.alloc.rate:      29.516 MB/sec
                 gc.alloc.rate.norm: 417575.536 B/op
                 gc.count:           ≈ 0 counts

Iteration   5: 13619.837 us/op
                 gc.alloc.rate:      28.994 MB/sec
                 gc.alloc.rate.norm: 414085.627 B/op
                 gc.count:           1.000 counts
                 gc.time:            2.000 ms


# Run progress: 20.00% complete, ETA 00:06:41
# Fork: 2 of 5
# Warmup Iteration   1: 13623.761 us/op
# Warmup Iteration   2: 13662.921 us/op
# Warmup Iteration   3: 13478.663 us/op
# Warmup Iteration   4: 13777.652 us/op
# Warmup Iteration   5: 14530.357 us/op
Iteration   1: 13403.407 us/op
                 gc.alloc.rate:      30.482 MB/sec
                 gc.alloc.rate.norm: 428419.245 B/op
                 gc.count:           1.000 counts
                 gc.time:            2.000 ms

Iteration   2: 13318.289 us/op
                 gc.alloc.rate:      30.466 MB/sec
                 gc.alloc.rate.norm: 425472.778 B/op
                 gc.count:           ≈ 0 counts

Iteration   3: 13329.459 us/op
                 gc.alloc.rate:      30.799 MB/sec
                 gc.alloc.rate.norm: 430480.874 B/op
                 gc.count:           ≈ 0 counts

Iteration   4: 13106.364 us/op
                 gc.alloc.rate:      31.161 MB/sec
                 gc.alloc.rate.norm: 428257.801 B/op
                 gc.count:           1.000 counts
                 gc.time:            3.000 ms

Iteration   5: 13096.915 us/op
                 gc.alloc.rate:      31.091 MB/sec
                 gc.alloc.rate.norm: 426979.969 B/op
                 gc.count:           ≈ 0 counts


# Run progress: 40.00% complete, ETA 00:05:00
# Fork: 3 of 5
# Warmup Iteration   1: 13800.831 us/op
# Warmup Iteration   2: 13843.155 us/op
# Warmup Iteration   3: 13962.283 us/op
# Warmup Iteration   4: 13864.487 us/op
# Warmup Iteration   5: 14401.935 us/op
Iteration   1: 13251.702 us/op
                 gc.alloc.rate:      30.726 MB/sec
                 gc.alloc.rate.norm: 426957.139 B/op
                 gc.count:           1.000 counts
                 gc.time:            2.000 ms

Iteration   2: 13046.721 us/op
                 gc.alloc.rate:      30.779 MB/sec
                 gc.alloc.rate.norm: 421081.544 B/op
                 gc.count:           ≈ 0 counts

Iteration   3: 13121.119 us/op
                 gc.alloc.rate:      30.861 MB/sec
                 gc.alloc.rate.norm: 424610.244 B/op
                 gc.count:           ≈ 0 counts

Iteration   4: 13052.958 us/op
                 gc.alloc.rate:      30.835 MB/sec
                 gc.alloc.rate.norm: 422048.375 B/op
                 gc.count:           1.000 counts
                 gc.time:            2.000 ms

Iteration   5: 13844.341 us/op
                 gc.alloc.rate:      29.741 MB/sec
                 gc.alloc.rate.norm: 431758.739 B/op
                 gc.count:           ≈ 0 counts


# Run progress: 60.00% complete, ETA 00:03:20
# Fork: 4 of 5
# Warmup Iteration   1: 14546.011 us/op
# Warmup Iteration   2: 13706.969 us/op
# Warmup Iteration   3: 13850.932 us/op
# Warmup Iteration   4: 13661.376 us/op
# Warmup Iteration   5: 13334.535 us/op
Iteration   1: 12951.734 us/op
                 gc.alloc.rate:      29.751 MB/sec
                 gc.alloc.rate.norm: 404063.307 B/op
                 gc.count:           1.000 counts
                 gc.time:            2.000 ms

Iteration   2: 13013.460 us/op
                 gc.alloc.rate:      29.847 MB/sec
                 gc.alloc.rate.norm: 407288.874 B/op
                 gc.count:           ≈ 0 counts

Iteration   3: 13110.082 us/op
                 gc.alloc.rate:      29.713 MB/sec
                 gc.alloc.rate.norm: 408477.494 B/op
                 gc.count:           ≈ 0 counts

Iteration   4: 12948.738 us/op
                 gc.alloc.rate:      29.846 MB/sec
                 gc.alloc.rate.norm: 405248.248 B/op
                 gc.count:           ≈ 0 counts

Iteration   5: 13571.474 us/op
                 gc.alloc.rate:      29.372 MB/sec
                 gc.alloc.rate.norm: 417993.465 B/op
                 gc.count:           1.000 counts
                 gc.time:            2.000 ms


# Run progress: 80.00% complete, ETA 00:01:40
# Fork: 5 of 5
# Warmup Iteration   1: 14161.711 us/op
# Warmup Iteration   2: 13767.161 us/op
# Warmup Iteration   3: 13346.258 us/op
# Warmup Iteration   4: 13648.198 us/op
# Warmup Iteration   5: 13723.201 us/op
Iteration   1: 14126.399 us/op
                 gc.alloc.rate:      27.897 MB/sec
                 gc.alloc.rate.norm: 413239.808 B/op
                 gc.count:           ≈ 0 counts

Iteration   2: 13816.843 us/op
                 gc.alloc.rate:      28.672 MB/sec
                 gc.alloc.rate.norm: 415405.171 B/op
                 gc.count:           ≈ 0 counts

Iteration   3: 14098.244 us/op
                 gc.alloc.rate:      28.392 MB/sec
                 gc.alloc.rate.norm: 419734.738 B/op
                 gc.count:           ≈ 0 counts

Iteration   4: 14105.639 us/op
                 gc.alloc.rate:      28.351 MB/sec
                 gc.alloc.rate.norm: 419341.653 B/op
                 gc.count:           1.000 counts
                 gc.time:            2.000 ms

Iteration   5: 13886.125 us/op
                 gc.alloc.rate:      29.493 MB/sec
                 gc.alloc.rate.norm: 429450.374 B/op
                 gc.count:           ≈ 0 counts



Result "uk.ac.ncl.jensen.benchmark.VThreadParkUnparkBenchmark.parkUnpark_pingPong":
  13411.744 ±(99.9%) 281.912 us/op [Average]
  (min, avg, max) = (12948.738, 13411.744, 14126.399), stdev = 376.345
  CI (99.9%): [13129.831, 13693.656] (assumes normal distribution)

Secondary result "uk.ac.ncl.jensen.benchmark.VThreadParkUnparkBenchmark.parkUnpark_pingPong:gc.alloc.rate":
  29.811 ±(99.9%) 0.679 MB/sec [Average]
  (min, avg, max) = (27.897, 29.811, 31.161), stdev = 0.907
  CI (99.9%): [29.132, 30.491] (assumes normal distribution)

Secondary result "uk.ac.ncl.jensen.benchmark.VThreadParkUnparkBenchmark.parkUnpark_pingPong:gc.alloc.rate.norm":
  418989.045 ±(99.9%) 6246.430 B/op [Average]
  (min, avg, max) = (404063.307, 418989.045, 431758.739), stdev = 8338.805
  CI (99.9%): [412742.615, 425235.475] (assumes normal distribution)

Secondary result "uk.ac.ncl.jensen.benchmark.VThreadParkUnparkBenchmark.parkUnpark_pingPong:gc.count":
  9.000 ±(99.9%) 0.001 counts [Sum]
  (min, avg, max) = (≈ 0, 0.360, 1.000), stdev = 0.490
  CI (99.9%): [9.000, 9.000] (assumes normal distribution)

Secondary result "uk.ac.ncl.jensen.benchmark.VThreadParkUnparkBenchmark.parkUnpark_pingPong:gc.time":
  19.000 ±(99.9%) 0.001 ms [Sum]
  (min, avg, max) = (≈ 0, 0.760, 3.000), stdev = 1.052
  CI (99.9%): [19.000, 19.000] (assumes normal distribution)


# Run complete. Total time: 00:08:21

REMEMBER: The numbers below are just data. To gain reusable insights, you need to follow up on
why the numbers are the way they are. Use profilers (see -prof, -lprof), design factorial
experiments, perform baseline and negative tests that provide experimental control, make sure
the benchmarking environment is safe on JVM/OS/HW level, ask for reviews from the domain experts.
Do not assume the numbers tell you what you want them to tell.

NOTE: Current JVM experimentally supports Compiler Blackholes, and they are in use. Please exercise
extra caution when trusting the results, look into the generated code to check the benchmark still
works, and factor in a small probability of new VM bugs. Additionally, while comparisons between
different JVMs are already problematic, the performance difference caused by different Blackhole
modes can be very significant. Please make sure you use the consistent Blackhole mode for comparisons.

Benchmark                                                          (rounds)  Mode  Cnt       Score      Error   Units
VThreadParkUnparkBenchmark.parkUnpark_pingPong                        10000  avgt   25   13411.744 ±  281.912   us/op
VThreadParkUnparkBenchmark.parkUnpark_pingPong:gc.alloc.rate          10000  avgt   25      29.811 ±    0.679  MB/sec
VThreadParkUnparkBenchmark.parkUnpark_pingPong:gc.alloc.rate.norm     10000  avgt   25  418989.045 ± 6246.430    B/op
VThreadParkUnparkBenchmark.parkUnpark_pingPong:gc.count               10000  avgt   25       9.000             counts
VThreadParkUnparkBenchmark.parkUnpark_pingPong:gc.time                10000  avgt   25      19.000                 ms

Benchmark result is saved to /home/ubuntu/ebpf-vthread-correlate/result/benchmark/VThreadParkUnparkBenchmark_jvmalloc_gc.json
+ /home/ubuntu/ebpf-vthread-correlate/.vthread-jdk/jdk/bin/java -Djmh.ignoreLock=true -jar /home/ubuntu/ebpf-vthread-correlate/target/ebpf-vthread-correlate-1.0-SNAPSHOT.jar VThreadParkUnparkBenchmark -jvmArgsAppend -Dvthread.trace.jvmAlloc=true -f 1 -wi 5 -i 10 -w 1 -r 1 -prof async:libPath=/home/ubuntu/ebpf-vthread-correlate/lib/libasyncProfiler.so;event=cpu;output=collapsed;dir=/home/ubuntu/ebpf-vthread-correlate/result/benchmark/collapsed/VThreadParkUnparkBenchmark_jvmalloc
# WARNING: JMH lock is ignored by user request, make sure no other JMH instances are running
# JMH version: 1.37
# VM version: JDK 21.0.12-internal, OpenJDK 64-Bit Server VM, 21.0.12-internal-adhoc.root.src
# VM invoker: /home/ubuntu/ebpf-vthread-correlate/.vthread-jdk/jdk/bin/java
# VM options: --enable-preview --enable-native-access=ALL-UNNAMED -Dvthread.trace.jvmAlloc=true
# Blackhole mode: compiler (auto-detected, use -Djmh.blackhole.autoDetect=false to disable)
# Warmup: 5 iterations, 1 s each
# Measurement: 10 iterations, 1 s each
# Timeout: 10 min per iteration
# Threads: 1 thread, will synchronize iterations
# Benchmark mode: Average time, time/op
# Benchmark: uk.ac.ncl.jensen.benchmark.VThreadParkUnparkBenchmark.parkUnpark_pingPong
# Parameters: (rounds = 10000)

# Run progress: 0.00% complete, ETA 00:00:15
# Fork: 1 of 1
# Preparing profilers: AsyncProfiler 
# Warmup Iteration   1: 20687.848 us/op
# Warmup Iteration   2: 16699.843 us/op
# Warmup Iteration   3: 17182.446 us/op
# Warmup Iteration   4: 16696.761 us/op
# Warmup Iteration   5: 17274.785 us/op
Iteration   1: 17528.834 us/op
Iteration   2: 17538.259 us/op
Iteration   3: 17862.495 us/op
Iteration   4: 17636.603 us/op
Iteration   5: 17250.261 us/op
Iteration   6: 16332.710 us/op
Iteration   7: 16079.965 us/op
Iteration   8: 15997.963 us/op
Iteration   9: 16252.837 us/op
Iteration  10: 16225.126 us/op
                 async: (text only)

# Processing profiler results: AsyncProfiler 


Result "uk.ac.ncl.jensen.benchmark.VThreadParkUnparkBenchmark.parkUnpark_pingPong":
  16870.505 ±(99.9%) 1134.508 us/op [Average]
  (min, avg, max) = (15997.963, 16870.505, 17862.495), stdev = 750.407
  CI (99.9%): [15735.997, 18005.013] (assumes normal distribution)

Secondary result "uk.ac.ncl.jensen.benchmark.VThreadParkUnparkBenchmark.parkUnpark_pingPong:async":
Async profiler results:
  /home/ubuntu/ebpf-vthread-correlate/result/benchmark/collapsed/VThreadParkUnparkBenchmark_jvmalloc/uk.ac.ncl.jensen.benchmark.VThreadParkUnparkBenchmark.parkUnpark_pingPong-AverageTime-rounds-10000/collapsed-cpu.csv


# Run complete. Total time: 00:00:15

REMEMBER: The numbers below are just data. To gain reusable insights, you need to follow up on
why the numbers are the way they are. Use profilers (see -prof, -lprof), design factorial
experiments, perform baseline and negative tests that provide experimental control, make sure
the benchmarking environment is safe on JVM/OS/HW level, ask for reviews from the domain experts.
Do not assume the numbers tell you what you want them to tell.

NOTE: Current JVM experimentally supports Compiler Blackholes, and they are in use. Please exercise
extra caution when trusting the results, look into the generated code to check the benchmark still
works, and factor in a small probability of new VM bugs. Additionally, while comparisons between
different JVMs are already problematic, the performance difference caused by different Blackhole
modes can be very significant. Please make sure you use the consistent Blackhole mode for comparisons.

Benchmark                                             (rounds)  Mode  Cnt      Score      Error  Units
VThreadParkUnparkBenchmark.parkUnpark_pingPong           10000  avgt   10  16870.505 ± 1134.508  us/op
VThreadParkUnparkBenchmark.parkUnpark_pingPong:async     10000  avgt             NaN               ---

[1m== VThreadChurnBenchmark / baseline ==[0m
+ rm -rf /home/ubuntu/ebpf-vthread-correlate/result/benchmark/collapsed/VThreadChurnBenchmark_baseline
+ /home/ubuntu/ebpf-vthread-correlate/.vthread-jdk/jdk/bin/java -Djmh.ignoreLock=true -jar /home/ubuntu/ebpf-vthread-correlate/target/ebpf-vthread-correlate-1.0-SNAPSHOT.jar VThreadChurnBenchmark -prof gc -rf json -rff /home/ubuntu/ebpf-vthread-correlate/result/benchmark/VThreadChurnBenchmark_baseline_gc.json
# WARNING: JMH lock is ignored by user request, make sure no other JMH instances are running
# JMH version: 1.37
# VM version: JDK 21.0.12-internal, OpenJDK 64-Bit Server VM, 21.0.12-internal-adhoc.root.src
# VM invoker: /home/ubuntu/ebpf-vthread-correlate/.vthread-jdk/jdk/bin/java
# VM options: --enable-preview --enable-native-access=ALL-UNNAMED
# Blackhole mode: compiler (auto-detected, use -Djmh.blackhole.autoDetect=false to disable)
# Warmup: 5 iterations, 10 s each
# Measurement: 5 iterations, 10 s each
# Timeout: 10 min per iteration
# Threads: 1 thread, will synchronize iterations
# Benchmark mode: Average time, time/op
# Benchmark: uk.ac.ncl.jensen.benchmark.VThreadChurnBenchmark.churn
# Parameters: (vthreadsPerOp = 1000)

# Run progress: 0.00% complete, ETA 00:08:20
# Fork: 1 of 5
# Warmup Iteration   1: 371.719 us/op
# Warmup Iteration   2: 357.971 us/op
# Warmup Iteration   3: 360.742 us/op
# Warmup Iteration   4: 351.874 us/op
# Warmup Iteration   5: 353.483 us/op
Iteration   1: 359.087 us/op
                 gc.alloc.rate:      853.278 MB/sec
                 gc.alloc.rate.norm: 321292.696 B/op
                 gc.count:           7.000 counts
                 gc.time:            7.000 ms

Iteration   2: 274.642 us/op
                 gc.alloc.rate:      1111.014 MB/sec
                 gc.alloc.rate.norm: 319961.854 B/op
                 gc.count:           9.000 counts
                 gc.time:            9.000 ms

Iteration   3: 269.788 us/op
                 gc.alloc.rate:      1130.592 MB/sec
                 gc.alloc.rate.norm: 319843.226 B/op
                 gc.count:           10.000 counts
                 gc.time:            10.000 ms

Iteration   4: 269.074 us/op
                 gc.alloc.rate:      1133.688 MB/sec
                 gc.alloc.rate.norm: 319870.598 B/op
                 gc.count:           9.000 counts
                 gc.time:            9.000 ms

Iteration   5: 268.050 us/op
                 gc.alloc.rate:      1137.882 MB/sec
                 gc.alloc.rate.norm: 319831.923 B/op
                 gc.count:           10.000 counts
                 gc.time:            9.000 ms


# Run progress: 20.00% complete, ETA 00:06:40
# Fork: 2 of 5
# Warmup Iteration   1: 383.876 us/op
# Warmup Iteration   2: 375.821 us/op
# Warmup Iteration   3: 371.211 us/op
# Warmup Iteration   4: 367.018 us/op
# Warmup Iteration   5: 368.336 us/op
Iteration   1: 375.250 us/op
                 gc.alloc.rate:      816.815 MB/sec
                 gc.alloc.rate.norm: 321405.694 B/op
                 gc.count:           6.000 counts
                 gc.time:            7.000 ms

Iteration   2: 372.568 us/op
                 gc.alloc.rate:      822.531 MB/sec
                 gc.alloc.rate.norm: 321342.928 B/op
                 gc.count:           7.000 counts
                 gc.time:            8.000 ms

Iteration   3: 371.548 us/op
                 gc.alloc.rate:      824.263 MB/sec
                 gc.alloc.rate.norm: 321137.839 B/op
                 gc.count:           7.000 counts
                 gc.time:            8.000 ms

Iteration   4: 370.904 us/op
                 gc.alloc.rate:      825.790 MB/sec
                 gc.alloc.rate.norm: 321174.735 B/op
                 gc.count:           7.000 counts
                 gc.time:            7.000 ms

Iteration   5: 370.282 us/op
                 gc.alloc.rate:      826.607 MB/sec
                 gc.alloc.rate.norm: 320952.870 B/op
                 gc.count:           7.000 counts
                 gc.time:            8.000 ms


# Run progress: 40.00% complete, ETA 00:05:00
# Fork: 3 of 5
# Warmup Iteration   1: 378.749 us/op
# Warmup Iteration   2: 277.974 us/op
# Warmup Iteration   3: 295.108 us/op
# Warmup Iteration   4: 316.022 us/op
# Warmup Iteration   5: 355.960 us/op
Iteration   1: 357.225 us/op
                 gc.alloc.rate:      857.441 MB/sec
                 gc.alloc.rate.norm: 321184.744 B/op
                 gc.count:           7.000 counts
                 gc.time:            7.000 ms

Iteration   2: 356.652 us/op
                 gc.alloc.rate:      858.845 MB/sec
                 gc.alloc.rate.norm: 321195.623 B/op
                 gc.count:           7.000 counts
                 gc.time:            8.000 ms

Iteration   3: 353.638 us/op
                 gc.alloc.rate:      865.799 MB/sec
                 gc.alloc.rate.norm: 321058.739 B/op
                 gc.count:           8.000 counts
                 gc.time:            9.000 ms

Iteration   4: 352.272 us/op
                 gc.alloc.rate:      869.064 MB/sec
                 gc.alloc.rate.norm: 321025.323 B/op
                 gc.count:           7.000 counts
                 gc.time:            8.000 ms

Iteration   5: 354.460 us/op
                 gc.alloc.rate:      863.897 MB/sec
                 gc.alloc.rate.norm: 321099.792 B/op
                 gc.count:           7.000 counts
                 gc.time:            8.000 ms


# Run progress: 60.00% complete, ETA 00:03:20
# Fork: 4 of 5
# Warmup Iteration   1: 293.286 us/op
# Warmup Iteration   2: 323.400 us/op
# Warmup Iteration   3: 370.108 us/op
# Warmup Iteration   4: 367.177 us/op
# Warmup Iteration   5: 361.065 us/op
Iteration   1: 357.067 us/op
                 gc.alloc.rate:      859.231 MB/sec
                 gc.alloc.rate.norm: 321712.153 B/op
                 gc.count:           7.000 counts
                 gc.time:            8.000 ms

Iteration   2: 355.205 us/op
                 gc.alloc.rate:      864.027 MB/sec
                 gc.alloc.rate.norm: 321822.265 B/op
                 gc.count:           7.000 counts
                 gc.time:            8.000 ms

Iteration   3: 357.420 us/op
                 gc.alloc.rate:      858.592 MB/sec
                 gc.alloc.rate.norm: 321791.404 B/op
                 gc.count:           7.000 counts
                 gc.time:            8.000 ms

Iteration   4: 358.364 us/op
                 gc.alloc.rate:      856.434 MB/sec
                 gc.alloc.rate.norm: 321830.736 B/op
                 gc.count:           8.000 counts
                 gc.time:            8.000 ms

Iteration   5: 370.931 us/op
                 gc.alloc.rate:      827.020 MB/sec
                 gc.alloc.rate.norm: 321675.388 B/op
                 gc.count:           6.000 counts
                 gc.time:            7.000 ms


# Run progress: 80.00% complete, ETA 00:01:40
# Fork: 5 of 5
# Warmup Iteration   1: 371.201 us/op
# Warmup Iteration   2: 351.096 us/op
# Warmup Iteration   3: 311.474 us/op
# Warmup Iteration   4: 264.565 us/op
# Warmup Iteration   5: 262.926 us/op
Iteration   1: 264.033 us/op
                 gc.alloc.rate:      1156.499 MB/sec
                 gc.alloc.rate.norm: 320194.290 B/op
                 gc.count:           10.000 counts
                 gc.time:            10.000 ms

Iteration   2: 264.878 us/op
                 gc.alloc.rate:      1153.363 MB/sec
                 gc.alloc.rate.norm: 320348.730 B/op
                 gc.count:           9.000 counts
                 gc.time:            9.000 ms

Iteration   3: 262.794 us/op
                 gc.alloc.rate:      1162.978 MB/sec
                 gc.alloc.rate.norm: 320476.892 B/op
                 gc.count:           10.000 counts
                 gc.time:            11.000 ms

Iteration   4: 264.937 us/op
                 gc.alloc.rate:      1153.147 MB/sec
                 gc.alloc.rate.norm: 320358.614 B/op
                 gc.count:           10.000 counts
                 gc.time:            9.000 ms

Iteration   5: 265.485 us/op
                 gc.alloc.rate:      1150.718 MB/sec
                 gc.alloc.rate.norm: 320345.361 B/op
                 gc.count:           9.000 counts
                 gc.time:            10.000 ms



Result "uk.ac.ncl.jensen.benchmark.VThreadChurnBenchmark.churn":
  327.862 ±(99.9%) 35.222 us/op [Average]
  (min, avg, max) = (262.794, 327.862, 375.250), stdev = 47.020
  CI (99.9%): [292.640, 363.084] (assumes normal distribution)

Secondary result "uk.ac.ncl.jensen.benchmark.VThreadChurnBenchmark.churn:gc.alloc.rate":
  953.581 ±(99.9%) 109.599 MB/sec [Average]
  (min, avg, max) = (816.815, 953.581, 1162.978), stdev = 146.312
  CI (99.9%): [843.981, 1063.180] (assumes normal distribution)

Secondary result "uk.ac.ncl.jensen.benchmark.VThreadChurnBenchmark.churn:gc.alloc.rate.norm":
  320917.377 ±(99.9%) 496.271 B/op [Average]
  (min, avg, max) = (319831.923, 320917.377, 321830.736), stdev = 662.507
  CI (99.9%): [320421.106, 321413.647] (assumes normal distribution)

Secondary result "uk.ac.ncl.jensen.benchmark.VThreadChurnBenchmark.churn:gc.count":
  198.000 ±(99.9%) 0.001 counts [Sum]
  (min, avg, max) = (6.000, 7.920, 10.000), stdev = 1.352
  CI (99.9%): [198.000, 198.000] (assumes normal distribution)

Secondary result "uk.ac.ncl.jensen.benchmark.VThreadChurnBenchmark.churn:gc.time":
  210.000 ±(99.9%) 0.001 ms [Sum]
  (min, avg, max) = (7.000, 8.400, 11.000), stdev = 1.080
  CI (99.9%): [210.000, 210.000] (assumes normal distribution)


# Run complete. Total time: 00:08:21

REMEMBER: The numbers below are just data. To gain reusable insights, you need to follow up on
why the numbers are the way they are. Use profilers (see -prof, -lprof), design factorial
experiments, perform baseline and negative tests that provide experimental control, make sure
the benchmarking environment is safe on JVM/OS/HW level, ask for reviews from the domain experts.
Do not assume the numbers tell you what you want them to tell.

NOTE: Current JVM experimentally supports Compiler Blackholes, and they are in use. Please exercise
extra caution when trusting the results, look into the generated code to check the benchmark still
works, and factor in a small probability of new VM bugs. Additionally, while comparisons between
different JVMs are already problematic, the performance difference caused by different Blackhole
modes can be very significant. Please make sure you use the consistent Blackhole mode for comparisons.

Benchmark                                       (vthreadsPerOp)  Mode  Cnt       Score     Error   Units
VThreadChurnBenchmark.churn                                1000  avgt   25     327.862 ±  35.222   us/op
VThreadChurnBenchmark.churn:gc.alloc.rate                  1000  avgt   25     953.581 ± 109.599  MB/sec
VThreadChurnBenchmark.churn:gc.alloc.rate.norm             1000  avgt   25  320917.377 ± 496.271    B/op
VThreadChurnBenchmark.churn:gc.count                       1000  avgt   25     198.000            counts
VThreadChurnBenchmark.churn:gc.time                        1000  avgt   25     210.000                ms

Benchmark result is saved to /home/ubuntu/ebpf-vthread-correlate/result/benchmark/VThreadChurnBenchmark_baseline_gc.json
+ /home/ubuntu/ebpf-vthread-correlate/.vthread-jdk/jdk/bin/java -Djmh.ignoreLock=true -jar /home/ubuntu/ebpf-vthread-correlate/target/ebpf-vthread-correlate-1.0-SNAPSHOT.jar VThreadChurnBenchmark -f 1 -wi 5 -i 10 -w 1 -r 1 -prof async:libPath=/home/ubuntu/ebpf-vthread-correlate/lib/libasyncProfiler.so;event=cpu;output=collapsed;dir=/home/ubuntu/ebpf-vthread-correlate/result/benchmark/collapsed/VThreadChurnBenchmark_baseline
# WARNING: JMH lock is ignored by user request, make sure no other JMH instances are running
# JMH version: 1.37
# VM version: JDK 21.0.12-internal, OpenJDK 64-Bit Server VM, 21.0.12-internal-adhoc.root.src
# VM invoker: /home/ubuntu/ebpf-vthread-correlate/.vthread-jdk/jdk/bin/java
# VM options: --enable-preview --enable-native-access=ALL-UNNAMED
# Blackhole mode: compiler (auto-detected, use -Djmh.blackhole.autoDetect=false to disable)
# Warmup: 5 iterations, 1 s each
# Measurement: 10 iterations, 1 s each
# Timeout: 10 min per iteration
# Threads: 1 thread, will synchronize iterations
# Benchmark mode: Average time, time/op
# Benchmark: uk.ac.ncl.jensen.benchmark.VThreadChurnBenchmark.churn
# Parameters: (vthreadsPerOp = 1000)

# Run progress: 0.00% complete, ETA 00:00:15
# Fork: 1 of 1
# Preparing profilers: AsyncProfiler 
# Warmup Iteration   1: 2305.789 us/op
# Warmup Iteration   2: 1927.454 us/op
# Warmup Iteration   3: 1918.839 us/op
# Warmup Iteration   4: 1923.003 us/op
# Warmup Iteration   5: 1922.636 us/op
Iteration   1: 1892.201 us/op
Iteration   2: 1936.735 us/op
Iteration   3: 1934.910 us/op
Iteration   4: 1924.607 us/op
Iteration   5: 1928.379 us/op
Iteration   6: 1925.455 us/op
Iteration   7: 1927.962 us/op
Iteration   8: 1921.201 us/op
Iteration   9: 1922.953 us/op
Iteration  10: 1923.790 us/op
                 async: (text only)

# Processing profiler results: AsyncProfiler 


Result "uk.ac.ncl.jensen.benchmark.VThreadChurnBenchmark.churn":
  1923.819 ±(99.9%) 18.437 us/op [Average]
  (min, avg, max) = (1892.201, 1923.819, 1936.735), stdev = 12.195
  CI (99.9%): [1905.383, 1942.256] (assumes normal distribution)

Secondary result "uk.ac.ncl.jensen.benchmark.VThreadChurnBenchmark.churn:async":
Async profiler results:
  /home/ubuntu/ebpf-vthread-correlate/result/benchmark/collapsed/VThreadChurnBenchmark_baseline/uk.ac.ncl.jensen.benchmark.VThreadChurnBenchmark.churn-AverageTime-vthreadsPerOp-1000/collapsed-cpu.csv


# Run complete. Total time: 00:00:15

REMEMBER: The numbers below are just data. To gain reusable insights, you need to follow up on
why the numbers are the way they are. Use profilers (see -prof, -lprof), design factorial
experiments, perform baseline and negative tests that provide experimental control, make sure
the benchmarking environment is safe on JVM/OS/HW level, ask for reviews from the domain experts.
Do not assume the numbers tell you what you want them to tell.

NOTE: Current JVM experimentally supports Compiler Blackholes, and they are in use. Please exercise
extra caution when trusting the results, look into the generated code to check the benchmark still
works, and factor in a small probability of new VM bugs. Additionally, while comparisons between
different JVMs are already problematic, the performance difference caused by different Blackhole
modes can be very significant. Please make sure you use the consistent Blackhole mode for comparisons.

Benchmark                          (vthreadsPerOp)  Mode  Cnt     Score    Error  Units
VThreadChurnBenchmark.churn                   1000  avgt   10  1923.819 ± 18.437  us/op
VThreadChurnBenchmark.churn:async             1000  avgt            NaN             ---

[1m== VThreadChurnBenchmark / agent ==[0m
+ rm -rf /home/ubuntu/ebpf-vthread-correlate/result/benchmark/collapsed/VThreadChurnBenchmark_agent
+ /home/ubuntu/ebpf-vthread-correlate/.vthread-jdk/jdk/bin/java -Djmh.ignoreLock=true -jar /home/ubuntu/ebpf-vthread-correlate/target/ebpf-vthread-correlate-1.0-SNAPSHOT.jar VThreadChurnBenchmark -jvmArgsAppend -agentpath:/home/ubuntu/ebpf-vthread-correlate/JVMTI-agent/libvthread_trace_agent.so -prof gc -rf json -rff /home/ubuntu/ebpf-vthread-correlate/result/benchmark/VThreadChurnBenchmark_agent_gc.json
# WARNING: JMH lock is ignored by user request, make sure no other JMH instances are running
# JMH version: 1.37
# VM version: JDK 21.0.12-internal, OpenJDK 64-Bit Server VM, 21.0.12-internal-adhoc.root.src
# VM invoker: /home/ubuntu/ebpf-vthread-correlate/.vthread-jdk/jdk/bin/java
# VM options: --enable-preview --enable-native-access=ALL-UNNAMED -agentpath:/home/ubuntu/ebpf-vthread-correlate/JVMTI-agent/libvthread_trace_agent.so
# Blackhole mode: compiler (auto-detected, use -Djmh.blackhole.autoDetect=false to disable)
# Warmup: 5 iterations, 10 s each
# Measurement: 5 iterations, 10 s each
# Timeout: 10 min per iteration
# Threads: 1 thread, will synchronize iterations
# Benchmark mode: Average time, time/op
# Benchmark: uk.ac.ncl.jensen.benchmark.VThreadChurnBenchmark.churn
# Parameters: (vthreadsPerOp = 1000)

# Run progress: 0.00% complete, ETA 00:08:20
# Fork: 1 of 5
[vthread-trace-agent] loading, options=(none)
[vthread-trace-agent] loaded
[vthread-trace-agent] ready (fieldID=0x1e2 methodID=0x765ca4228148 publish_jvmti=0)
# Warmup Iteration   1: 2009.849 us/op
# Warmup Iteration   2: 1971.036 us/op
# Warmup Iteration   3: 1963.829 us/op
# Warmup Iteration   4: 1962.741 us/op
# Warmup Iteration   5: 1962.073 us/op
Iteration   1: 1961.411 us/op
                 gc.alloc.rate:      154.882 MB/sec
                 gc.alloc.rate.norm: 318550.597 B/op
                 gc.count:           1.000 counts
                 gc.time:            2.000 ms

Iteration   2: 1961.111 us/op
                 gc.alloc.rate:      154.905 MB/sec
                 gc.alloc.rate.norm: 318550.256 B/op
                 gc.count:           1.000 counts
                 gc.time:            2.000 ms

Iteration   3: 1963.120 us/op
                 gc.alloc.rate:      154.748 MB/sec
                 gc.alloc.rate.norm: 318552.022 B/op
                 gc.count:           2.000 counts
                 gc.time:            4.000 ms

Iteration   4: 1961.718 us/op
                 gc.alloc.rate:      154.851 MB/sec
                 gc.alloc.rate.norm: 318537.758 B/op
                 gc.count:           1.000 counts
                 gc.time:            3.000 ms

Iteration   5: 1961.288 us/op
                 gc.alloc.rate:      154.890 MB/sec
                 gc.alloc.rate.norm: 318548.253 B/op
                 gc.count:           1.000 counts
                 gc.time:            2.000 ms

[vthread-trace-agent] unloading

# Run progress: 20.00% complete, ETA 00:06:40
# Fork: 2 of 5
[vthread-trace-agent] loading, options=(none)
[vthread-trace-agent] loaded
[vthread-trace-agent] ready (fieldID=0x1e2 methodID=0x7e00f8228128 publish_jvmti=0)
# Warmup Iteration   1: 2001.135 us/op
# Warmup Iteration   2: 1934.394 us/op
# Warmup Iteration   3: 1926.743 us/op
# Warmup Iteration   4: 1927.782 us/op
# Warmup Iteration   5: 1927.451 us/op
Iteration   1: 1928.531 us/op
                 gc.alloc.rate:      157.493 MB/sec
                 gc.alloc.rate.norm: 318491.264 B/op
                 gc.count:           1.000 counts
                 gc.time:            2.000 ms

Iteration   2: 1929.241 us/op
                 gc.alloc.rate:      157.438 MB/sec
                 gc.alloc.rate.norm: 318497.194 B/op
                 gc.count:           1.000 counts
                 gc.time:            3.000 ms

Iteration   3: 1929.280 us/op
                 gc.alloc.rate:      157.431 MB/sec
                 gc.alloc.rate.norm: 318491.093 B/op
                 gc.count:           2.000 counts
                 gc.time:            4.000 ms

Iteration   4: 1929.103 us/op
                 gc.alloc.rate:      157.450 MB/sec
                 gc.alloc.rate.norm: 318498.179 B/op
                 gc.count:           1.000 counts
                 gc.time:            3.000 ms

Iteration   5: 1928.890 us/op
                 gc.alloc.rate:      157.476 MB/sec
                 gc.alloc.rate.norm: 318515.853 B/op
                 gc.count:           1.000 counts
                 gc.time:            2.000 ms

[vthread-trace-agent] unloading

# Run progress: 40.00% complete, ETA 00:05:00
# Fork: 3 of 5
[vthread-trace-agent] loading, options=(none)
[vthread-trace-agent] loaded
[vthread-trace-agent] ready (fieldID=0x1e2 methodID=0x71d3ec228138 publish_jvmti=0)
# Warmup Iteration   1: 1995.697 us/op
# Warmup Iteration   2: 1951.042 us/op
# Warmup Iteration   3: 1949.330 us/op
# Warmup Iteration   4: 1946.791 us/op
# Warmup Iteration   5: 1947.858 us/op
Iteration   1: 1948.056 us/op
                 gc.alloc.rate:      155.949 MB/sec
                 gc.alloc.rate.norm: 318562.786 B/op
                 gc.count:           1.000 counts
                 gc.time:            2.000 ms

Iteration   2: 1950.839 us/op
                 gc.alloc.rate:      155.702 MB/sec
                 gc.alloc.rate.norm: 318511.696 B/op
                 gc.count:           1.000 counts
                 gc.time:            2.000 ms

Iteration   3: 1949.897 us/op
                 gc.alloc.rate:      155.788 MB/sec
                 gc.alloc.rate.norm: 318533.738 B/op
                 gc.count:           2.000 counts
                 gc.time:            5.000 ms

Iteration   4: 1949.798 us/op
                 gc.alloc.rate:      155.782 MB/sec
                 gc.alloc.rate.norm: 318505.653 B/op
                 gc.count:           1.000 counts
                 gc.time:            2.000 ms

Iteration   5: 1949.663 us/op
                 gc.alloc.rate:      155.814 MB/sec
                 gc.alloc.rate.norm: 318547.821 B/op
                 gc.count:           1.000 counts
                 gc.time:            2.000 ms

[vthread-trace-agent] unloading

# Run progress: 60.00% complete, ETA 00:03:20
# Fork: 4 of 5
[vthread-trace-agent] loading, options=(none)
[vthread-trace-agent] loaded
[vthread-trace-agent] ready (fieldID=0x1e2 methodID=0x7edf9c228128 publish_jvmti=0)
# Warmup Iteration   1: 1975.191 us/op
# Warmup Iteration   2: 1947.603 us/op
# Warmup Iteration   3: 1944.169 us/op
# Warmup Iteration   4: 1942.519 us/op
# Warmup Iteration   5: 1942.974 us/op
Iteration   1: 1943.635 us/op
                 gc.alloc.rate:      156.284 MB/sec
                 gc.alloc.rate.norm: 318522.161 B/op
                 gc.count:           1.000 counts
                 gc.time:            2.000 ms

Iteration   2: 1941.702 us/op
                 gc.alloc.rate:      156.449 MB/sec
                 gc.alloc.rate.norm: 318541.218 B/op
                 gc.count:           1.000 counts
                 gc.time:            2.000 ms

Iteration   3: 1942.628 us/op
                 gc.alloc.rate:      156.372 MB/sec
                 gc.alloc.rate.norm: 318537.187 B/op
                 gc.count:           2.000 counts
                 gc.time:            5.000 ms

Iteration   4: 1942.684 us/op
                 gc.alloc.rate:      156.368 MB/sec
                 gc.alloc.rate.norm: 318537.924 B/op
                 gc.count:           1.000 counts
                 gc.time:            2.000 ms

Iteration   5: 1942.069 us/op
                 gc.alloc.rate:      156.413 MB/sec
                 gc.alloc.rate.norm: 318527.407 B/op
                 gc.count:           1.000 counts
                 gc.time:            2.000 ms

[vthread-trace-agent] unloading

# Run progress: 80.00% complete, ETA 00:01:40
# Fork: 5 of 5
[vthread-trace-agent] loading, options=(none)
[vthread-trace-agent] loaded
[vthread-trace-agent] ready (fieldID=0x1e2 methodID=0x7a7bbc228128 publish_jvmti=0)
# Warmup Iteration   1: 2020.009 us/op
# Warmup Iteration   2: 1965.048 us/op
# Warmup Iteration   3: 1959.461 us/op
# Warmup Iteration   4: 1959.596 us/op
# Warmup Iteration   5: 1959.962 us/op
Iteration   1: 1958.794 us/op
                 gc.alloc.rate:      155.040 MB/sec
                 gc.alloc.rate.norm: 318451.052 B/op
                 gc.count:           1.000 counts
                 gc.time:            3.000 ms

Iteration   2: 1962.076 us/op
                 gc.alloc.rate:      154.800 MB/sec
                 gc.alloc.rate.norm: 318490.533 B/op
                 gc.count:           1.000 counts
                 gc.time:            2.000 ms

Iteration   3: 1962.755 us/op
                 gc.alloc.rate:      154.741 MB/sec
                 gc.alloc.rate.norm: 318478.906 B/op
                 gc.count:           2.000 counts
                 gc.time:            4.000 ms

Iteration   4: 1963.392 us/op
                 gc.alloc.rate:      154.692 MB/sec
                 gc.alloc.rate.norm: 318481.206 B/op
                 gc.count:           1.000 counts
                 gc.time:            3.000 ms

Iteration   5: 1963.083 us/op
                 gc.alloc.rate:      154.721 MB/sec
                 gc.alloc.rate.norm: 318491.930 B/op
                 gc.count:           1.000 counts
                 gc.time:            2.000 ms

[vthread-trace-agent] unloading


Result "uk.ac.ncl.jensen.benchmark.VThreadChurnBenchmark.churn":
  1948.991 ±(99.9%) 9.536 us/op [Average]
  (min, avg, max) = (1928.531, 1948.991, 1963.392), stdev = 12.731
  CI (99.9%): [1939.454, 1958.527] (assumes normal distribution)

Secondary result "uk.ac.ncl.jensen.benchmark.VThreadChurnBenchmark.churn:gc.alloc.rate":
  155.859 ±(99.9%) 0.764 MB/sec [Average]
  (min, avg, max) = (154.692, 155.859, 157.493), stdev = 1.019
  CI (99.9%): [155.096, 156.623] (assumes normal distribution)

Secondary result "uk.ac.ncl.jensen.benchmark.VThreadChurnBenchmark.churn:gc.alloc.rate.norm":
  318518.147 ±(99.9%) 21.827 B/op [Average]
  (min, avg, max) = (318451.052, 318518.147, 318562.786), stdev = 29.139
  CI (99.9%): [318496.320, 318539.975] (assumes normal distribution)

Secondary result "uk.ac.ncl.jensen.benchmark.VThreadChurnBenchmark.churn:gc.count":
  30.000 ±(99.9%) 0.001 counts [Sum]
  (min, avg, max) = (1.000, 1.200, 2.000), stdev = 0.408
  CI (99.9%): [30.000, 30.000] (assumes normal distribution)

Secondary result "uk.ac.ncl.jensen.benchmark.VThreadChurnBenchmark.churn:gc.time":
  67.000 ±(99.9%) 0.001 ms [Sum]
  (min, avg, max) = (2.000, 2.680, 5.000), stdev = 0.988
  CI (99.9%): [67.000, 67.000] (assumes normal distribution)


# Run complete. Total time: 00:08:21

REMEMBER: The numbers below are just data. To gain reusable insights, you need to follow up on
why the numbers are the way they are. Use profilers (see -prof, -lprof), design factorial
experiments, perform baseline and negative tests that provide experimental control, make sure
the benchmarking environment is safe on JVM/OS/HW level, ask for reviews from the domain experts.
Do not assume the numbers tell you what you want them to tell.

NOTE: Current JVM experimentally supports Compiler Blackholes, and they are in use. Please exercise
extra caution when trusting the results, look into the generated code to check the benchmark still
works, and factor in a small probability of new VM bugs. Additionally, while comparisons between
different JVMs are already problematic, the performance difference caused by different Blackhole
modes can be very significant. Please make sure you use the consistent Blackhole mode for comparisons.

Benchmark                                       (vthreadsPerOp)  Mode  Cnt       Score    Error   Units
VThreadChurnBenchmark.churn                                1000  avgt   25    1948.991 ±  9.536   us/op
VThreadChurnBenchmark.churn:gc.alloc.rate                  1000  avgt   25     155.859 ±  0.764  MB/sec
VThreadChurnBenchmark.churn:gc.alloc.rate.norm             1000  avgt   25  318518.147 ± 21.827    B/op
VThreadChurnBenchmark.churn:gc.count                       1000  avgt   25      30.000           counts
VThreadChurnBenchmark.churn:gc.time                        1000  avgt   25      67.000               ms

Benchmark result is saved to /home/ubuntu/ebpf-vthread-correlate/result/benchmark/VThreadChurnBenchmark_agent_gc.json
+ /home/ubuntu/ebpf-vthread-correlate/.vthread-jdk/jdk/bin/java -Djmh.ignoreLock=true -jar /home/ubuntu/ebpf-vthread-correlate/target/ebpf-vthread-correlate-1.0-SNAPSHOT.jar VThreadChurnBenchmark -jvmArgsAppend -agentpath:/home/ubuntu/ebpf-vthread-correlate/JVMTI-agent/libvthread_trace_agent.so -f 1 -wi 5 -i 10 -w 1 -r 1 -prof async:libPath=/home/ubuntu/ebpf-vthread-correlate/lib/libasyncProfiler.so;event=cpu;output=collapsed;dir=/home/ubuntu/ebpf-vthread-correlate/result/benchmark/collapsed/VThreadChurnBenchmark_agent
# WARNING: JMH lock is ignored by user request, make sure no other JMH instances are running
# JMH version: 1.37
# VM version: JDK 21.0.12-internal, OpenJDK 64-Bit Server VM, 21.0.12-internal-adhoc.root.src
# VM invoker: /home/ubuntu/ebpf-vthread-correlate/.vthread-jdk/jdk/bin/java
# VM options: --enable-preview --enable-native-access=ALL-UNNAMED -agentpath:/home/ubuntu/ebpf-vthread-correlate/JVMTI-agent/libvthread_trace_agent.so
# Blackhole mode: compiler (auto-detected, use -Djmh.blackhole.autoDetect=false to disable)
# Warmup: 5 iterations, 1 s each
# Measurement: 10 iterations, 1 s each
# Timeout: 10 min per iteration
# Threads: 1 thread, will synchronize iterations
# Benchmark mode: Average time, time/op
# Benchmark: uk.ac.ncl.jensen.benchmark.VThreadChurnBenchmark.churn
# Parameters: (vthreadsPerOp = 1000)

# Run progress: 0.00% complete, ETA 00:00:15
# Fork: 1 of 1
# Preparing profilers: AsyncProfiler 
[vthread-trace-agent] loading, options=(none)
[vthread-trace-agent] loaded
[vthread-trace-agent] ready (fieldID=0x1e2 methodID=0x7a3aa8228188 publish_jvmti=0)
# Warmup Iteration   1: 2479.495 us/op
# Warmup Iteration   2: 2211.671 us/op
# Warmup Iteration   3: 2099.787 us/op
# Warmup Iteration   4: 2109.703 us/op
# Warmup Iteration   5: 2106.810 us/op
Iteration   1: 2109.859 us/op
Iteration   2: 2105.410 us/op
Iteration   3: 2103.936 us/op
Iteration   4: 2103.873 us/op
Iteration   5: 2105.574 us/op
Iteration   6: 2108.152 us/op
Iteration   7: 2104.236 us/op
Iteration   8: 2101.941 us/op
Iteration   9: 2104.836 us/op
Iteration  10: 2103.122 us/op
                 async: (text only)

[vthread-trace-agent] unloading
# Processing profiler results: AsyncProfiler 


Result "uk.ac.ncl.jensen.benchmark.VThreadChurnBenchmark.churn":
  2105.094 ±(99.9%) 3.558 us/op [Average]
  (min, avg, max) = (2101.941, 2105.094, 2109.859), stdev = 2.353
  CI (99.9%): [2101.536, 2108.652] (assumes normal distribution)

Secondary result "uk.ac.ncl.jensen.benchmark.VThreadChurnBenchmark.churn:async":
Async profiler results:
  /home/ubuntu/ebpf-vthread-correlate/result/benchmark/collapsed/VThreadChurnBenchmark_agent/uk.ac.ncl.jensen.benchmark.VThreadChurnBenchmark.churn-AverageTime-vthreadsPerOp-1000/collapsed-cpu.csv


# Run complete. Total time: 00:00:15

REMEMBER: The numbers below are just data. To gain reusable insights, you need to follow up on
why the numbers are the way they are. Use profilers (see -prof, -lprof), design factorial
experiments, perform baseline and negative tests that provide experimental control, make sure
the benchmarking environment is safe on JVM/OS/HW level, ask for reviews from the domain experts.
Do not assume the numbers tell you what you want them to tell.

NOTE: Current JVM experimentally supports Compiler Blackholes, and they are in use. Please exercise
extra caution when trusting the results, look into the generated code to check the benchmark still
works, and factor in a small probability of new VM bugs. Additionally, while comparisons between
different JVMs are already problematic, the performance difference caused by different Blackhole
modes can be very significant. Please make sure you use the consistent Blackhole mode for comparisons.

Benchmark                          (vthreadsPerOp)  Mode  Cnt     Score   Error  Units
VThreadChurnBenchmark.churn                   1000  avgt   10  2105.094 ± 3.558  us/op
VThreadChurnBenchmark.churn:async             1000  avgt            NaN            ---

[1m== VThreadChurnBenchmark / jvmalloc ==[0m
+ rm -rf /home/ubuntu/ebpf-vthread-correlate/result/benchmark/collapsed/VThreadChurnBenchmark_jvmalloc
+ /home/ubuntu/ebpf-vthread-correlate/.vthread-jdk/jdk/bin/java -Djmh.ignoreLock=true -jar /home/ubuntu/ebpf-vthread-correlate/target/ebpf-vthread-correlate-1.0-SNAPSHOT.jar VThreadChurnBenchmark -jvmArgsAppend -Dvthread.trace.jvmAlloc=true -prof gc -rf json -rff /home/ubuntu/ebpf-vthread-correlate/result/benchmark/VThreadChurnBenchmark_jvmalloc_gc.json
# WARNING: JMH lock is ignored by user request, make sure no other JMH instances are running
# JMH version: 1.37
# VM version: JDK 21.0.12-internal, OpenJDK 64-Bit Server VM, 21.0.12-internal-adhoc.root.src
# VM invoker: /home/ubuntu/ebpf-vthread-correlate/.vthread-jdk/jdk/bin/java
# VM options: --enable-preview --enable-native-access=ALL-UNNAMED -Dvthread.trace.jvmAlloc=true
# Blackhole mode: compiler (auto-detected, use -Djmh.blackhole.autoDetect=false to disable)
# Warmup: 5 iterations, 10 s each
# Measurement: 5 iterations, 10 s each
# Timeout: 10 min per iteration
# Threads: 1 thread, will synchronize iterations
# Benchmark mode: Average time, time/op
# Benchmark: uk.ac.ncl.jensen.benchmark.VThreadChurnBenchmark.churn
# Parameters: (vthreadsPerOp = 1000)

# Run progress: 0.00% complete, ETA 00:08:20
# Fork: 1 of 5
# Warmup Iteration   1: 658.813 us/op
# Warmup Iteration   2: 621.471 us/op
# Warmup Iteration   3: 627.796 us/op
# Warmup Iteration   4: 645.203 us/op
# Warmup Iteration   5: 652.379 us/op
Iteration   1: 655.227 us/op
                 gc.alloc.rate:      460.003 MB/sec
                 gc.alloc.rate.norm: 316059.217 B/op
                 gc.count:           4.000 counts
                 gc.time:            4.000 ms

Iteration   2: 651.435 us/op
                 gc.alloc.rate:      462.678 MB/sec
                 gc.alloc.rate.norm: 316057.682 B/op
                 gc.count:           4.000 counts
                 gc.time:            4.000 ms

Iteration   3: 657.940 us/op
                 gc.alloc.rate:      458.105 MB/sec
                 gc.alloc.rate.norm: 316057.380 B/op
                 gc.count:           3.000 counts
                 gc.time:            3.000 ms

Iteration   4: 657.840 us/op
                 gc.alloc.rate:      458.181 MB/sec
                 gc.alloc.rate.norm: 316057.720 B/op
                 gc.count:           4.000 counts
                 gc.time:            4.000 ms

Iteration   5: 667.568 us/op
                 gc.alloc.rate:      451.499 MB/sec
                 gc.alloc.rate.norm: 316057.253 B/op
                 gc.count:           4.000 counts
                 gc.time:            4.000 ms


# Run progress: 20.00% complete, ETA 00:06:40
# Fork: 2 of 5
# Warmup Iteration   1: 668.244 us/op
# Warmup Iteration   2: 653.498 us/op
# Warmup Iteration   3: 667.587 us/op
# Warmup Iteration   4: 669.720 us/op
# Warmup Iteration   5: 659.383 us/op
Iteration   1: 661.253 us/op
                 gc.alloc.rate:      455.814 MB/sec
                 gc.alloc.rate.norm: 316057.431 B/op
                 gc.count:           4.000 counts
                 gc.time:            4.000 ms

Iteration   2: 657.917 us/op
                 gc.alloc.rate:      458.122 MB/sec
                 gc.alloc.rate.norm: 316058.164 B/op
                 gc.count:           4.000 counts
                 gc.time:            4.000 ms

Iteration   3: 653.772 us/op
                 gc.alloc.rate:      461.024 MB/sec
                 gc.alloc.rate.norm: 316057.427 B/op
                 gc.count:           4.000 counts
                 gc.time:            5.000 ms

Iteration   4: 662.446 us/op
                 gc.alloc.rate:      454.991 MB/sec
                 gc.alloc.rate.norm: 316058.534 B/op
                 gc.count:           3.000 counts
                 gc.time:            3.000 ms

Iteration   5: 663.537 us/op
                 gc.alloc.rate:      454.242 MB/sec
                 gc.alloc.rate.norm: 316057.695 B/op
                 gc.count:           4.000 counts
                 gc.time:            4.000 ms


# Run progress: 40.00% complete, ETA 00:05:00
# Fork: 3 of 5
# Warmup Iteration   1: 660.534 us/op
# Warmup Iteration   2: 634.293 us/op
# Warmup Iteration   3: 647.408 us/op
# Warmup Iteration   4: 653.244 us/op
# Warmup Iteration   5: 647.535 us/op
Iteration   1: 652.216 us/op
                 gc.alloc.rate:      462.122 MB/sec
                 gc.alloc.rate.norm: 316056.665 B/op
                 gc.count:           4.000 counts
                 gc.time:            4.000 ms

Iteration   2: 650.134 us/op
                 gc.alloc.rate:      463.603 MB/sec
                 gc.alloc.rate.norm: 316057.233 B/op
                 gc.count:           3.000 counts
                 gc.time:            4.000 ms

Iteration   3: 647.740 us/op
                 gc.alloc.rate:      465.318 MB/sec
                 gc.alloc.rate.norm: 316057.086 B/op
                 gc.count:           4.000 counts
                 gc.time:            4.000 ms

Iteration   4: 648.485 us/op
                 gc.alloc.rate:      464.783 MB/sec
                 gc.alloc.rate.norm: 316056.725 B/op
                 gc.count:           4.000 counts
                 gc.time:            5.000 ms

Iteration   5: 648.855 us/op
                 gc.alloc.rate:      464.520 MB/sec
                 gc.alloc.rate.norm: 316057.317 B/op
                 gc.count:           4.000 counts
                 gc.time:            4.000 ms


# Run progress: 60.00% complete, ETA 00:03:20
# Fork: 4 of 5
# Warmup Iteration   1: 691.935 us/op
# Warmup Iteration   2: 660.615 us/op
# Warmup Iteration   3: 638.551 us/op
# Warmup Iteration   4: 643.637 us/op
# Warmup Iteration   5: 647.766 us/op
Iteration   1: 651.972 us/op
                 gc.alloc.rate:      462.302 MB/sec
                 gc.alloc.rate.norm: 316060.827 B/op
                 gc.count:           4.000 counts
                 gc.time:            4.000 ms

Iteration   2: 648.931 us/op
                 gc.alloc.rate:      464.487 MB/sec
                 gc.alloc.rate.norm: 316069.480 B/op
                 gc.count:           4.000 counts
                 gc.time:            5.000 ms

Iteration   3: 658.687 us/op
                 gc.alloc.rate:      457.588 MB/sec
                 gc.alloc.rate.norm: 316060.163 B/op
                 gc.count:           4.000 counts
                 gc.time:            3.000 ms

Iteration   4: 659.871 us/op
                 gc.alloc.rate:      456.768 MB/sec
                 gc.alloc.rate.norm: 316060.594 B/op
                 gc.count:           4.000 counts
                 gc.time:            5.000 ms

Iteration   5: 681.400 us/op
                 gc.alloc.rate:      442.285 MB/sec
                 gc.alloc.rate.norm: 316059.597 B/op
                 gc.count:           4.000 counts
                 gc.time:            3.000 ms


# Run progress: 80.00% complete, ETA 00:01:40
# Fork: 5 of 5
# Warmup Iteration   1: 671.822 us/op
# Warmup Iteration   2: 655.393 us/op
# Warmup Iteration   3: 662.202 us/op
# Warmup Iteration   4: 668.415 us/op
# Warmup Iteration   5: 686.377 us/op
Iteration   1: 685.653 us/op
                 gc.alloc.rate:      439.588 MB/sec
                 gc.alloc.rate.norm: 316057.915 B/op
                 gc.count:           4.000 counts
                 gc.time:            5.000 ms

Iteration   2: 666.992 us/op
                 gc.alloc.rate:      451.890 MB/sec
                 gc.alloc.rate.norm: 316061.254 B/op
                 gc.count:           4.000 counts
                 gc.time:            4.000 ms

Iteration   3: 664.915 us/op
                 gc.alloc.rate:      453.302 MB/sec
                 gc.alloc.rate.norm: 316059.933 B/op
                 gc.count:           3.000 counts
                 gc.time:            3.000 ms

Iteration   4: 668.119 us/op
                 gc.alloc.rate:      451.128 MB/sec
                 gc.alloc.rate.norm: 316058.652 B/op
                 gc.count:           4.000 counts
                 gc.time:            4.000 ms

Iteration   5: 668.022 us/op
                 gc.alloc.rate:      451.193 MB/sec
                 gc.alloc.rate.norm: 316060.857 B/op
                 gc.count:           4.000 counts
                 gc.time:            4.000 ms



Result "uk.ac.ncl.jensen.benchmark.VThreadChurnBenchmark.churn":
  659.637 ±(99.9%) 7.326 us/op [Average]
  (min, avg, max) = (647.740, 659.637, 685.653), stdev = 9.780
  CI (99.9%): [652.311, 666.963] (assumes normal distribution)

Secondary result "uk.ac.ncl.jensen.benchmark.VThreadChurnBenchmark.churn:gc.alloc.rate":
  457.021 ±(99.9%) 5.009 MB/sec [Average]
  (min, avg, max) = (439.588, 457.021, 465.318), stdev = 6.687
  CI (99.9%): [452.013, 462.030] (assumes normal distribution)

Secondary result "uk.ac.ncl.jensen.benchmark.VThreadChurnBenchmark.churn:gc.alloc.rate.norm":
  316058.912 ±(99.9%) 1.963 B/op [Average]
  (min, avg, max) = (316056.665, 316058.912, 316069.480), stdev = 2.621
  CI (99.9%): [316056.949, 316060.875] (assumes normal distribution)

Secondary result "uk.ac.ncl.jensen.benchmark.VThreadChurnBenchmark.churn:gc.count":
  96.000 ±(99.9%) 0.001 counts [Sum]
  (min, avg, max) = (3.000, 3.840, 4.000), stdev = 0.374
  CI (99.9%): [96.000, 96.000] (assumes normal distribution)

Secondary result "uk.ac.ncl.jensen.benchmark.VThreadChurnBenchmark.churn:gc.time":
  100.000 ±(99.9%) 0.001 ms [Sum]
  (min, avg, max) = (3.000, 4.000, 5.000), stdev = 0.645
  CI (99.9%): [100.000, 100.000] (assumes normal distribution)


# Run complete. Total time: 00:08:21

REMEMBER: The numbers below are just data. To gain reusable insights, you need to follow up on
why the numbers are the way they are. Use profilers (see -prof, -lprof), design factorial
experiments, perform baseline and negative tests that provide experimental control, make sure
the benchmarking environment is safe on JVM/OS/HW level, ask for reviews from the domain experts.
Do not assume the numbers tell you what you want them to tell.

NOTE: Current JVM experimentally supports Compiler Blackholes, and they are in use. Please exercise
extra caution when trusting the results, look into the generated code to check the benchmark still
works, and factor in a small probability of new VM bugs. Additionally, while comparisons between
different JVMs are already problematic, the performance difference caused by different Blackhole
modes can be very significant. Please make sure you use the consistent Blackhole mode for comparisons.

Benchmark                                       (vthreadsPerOp)  Mode  Cnt       Score   Error   Units
VThreadChurnBenchmark.churn                                1000  avgt   25     659.637 ± 7.326   us/op
VThreadChurnBenchmark.churn:gc.alloc.rate                  1000  avgt   25     457.021 ± 5.009  MB/sec
VThreadChurnBenchmark.churn:gc.alloc.rate.norm             1000  avgt   25  316058.912 ± 1.963    B/op
VThreadChurnBenchmark.churn:gc.count                       1000  avgt   25      96.000          counts
VThreadChurnBenchmark.churn:gc.time                        1000  avgt   25     100.000              ms

Benchmark result is saved to /home/ubuntu/ebpf-vthread-correlate/result/benchmark/VThreadChurnBenchmark_jvmalloc_gc.json
+ /home/ubuntu/ebpf-vthread-correlate/.vthread-jdk/jdk/bin/java -Djmh.ignoreLock=true -jar /home/ubuntu/ebpf-vthread-correlate/target/ebpf-vthread-correlate-1.0-SNAPSHOT.jar VThreadChurnBenchmark -jvmArgsAppend -Dvthread.trace.jvmAlloc=true -f 1 -wi 5 -i 10 -w 1 -r 1 -prof async:libPath=/home/ubuntu/ebpf-vthread-correlate/lib/libasyncProfiler.so;event=cpu;output=collapsed;dir=/home/ubuntu/ebpf-vthread-correlate/result/benchmark/collapsed/VThreadChurnBenchmark_jvmalloc
# WARNING: JMH lock is ignored by user request, make sure no other JMH instances are running
# JMH version: 1.37
# VM version: JDK 21.0.12-internal, OpenJDK 64-Bit Server VM, 21.0.12-internal-adhoc.root.src
# VM invoker: /home/ubuntu/ebpf-vthread-correlate/.vthread-jdk/jdk/bin/java
# VM options: --enable-preview --enable-native-access=ALL-UNNAMED -Dvthread.trace.jvmAlloc=true
# Blackhole mode: compiler (auto-detected, use -Djmh.blackhole.autoDetect=false to disable)
# Warmup: 5 iterations, 1 s each
# Measurement: 10 iterations, 1 s each
# Timeout: 10 min per iteration
# Threads: 1 thread, will synchronize iterations
# Benchmark mode: Average time, time/op
# Benchmark: uk.ac.ncl.jensen.benchmark.VThreadChurnBenchmark.churn
# Parameters: (vthreadsPerOp = 1000)

# Run progress: 0.00% complete, ETA 00:00:15
# Fork: 1 of 1
# Preparing profilers: AsyncProfiler 
# Warmup Iteration   1: 2206.556 us/op
# Warmup Iteration   2: 1837.084 us/op
# Warmup Iteration   3: 1859.547 us/op
# Warmup Iteration   4: 1856.554 us/op
# Warmup Iteration   5: 1836.598 us/op
Iteration   1: 1832.532 us/op
Iteration   2: 1827.891 us/op
Iteration   3: 1813.339 us/op
Iteration   4: 1811.975 us/op
Iteration   5: 1809.025 us/op
Iteration   6: 1806.579 us/op
Iteration   7: 1806.464 us/op
Iteration   8: 1815.961 us/op
Iteration   9: 1802.561 us/op
Iteration  10: 1803.139 us/op
                 async: (text only)

# Processing profiler results: AsyncProfiler 


Result "uk.ac.ncl.jensen.benchmark.VThreadChurnBenchmark.churn":
  1812.947 ±(99.9%) 15.278 us/op [Average]
  (min, avg, max) = (1802.561, 1812.947, 1832.532), stdev = 10.106
  CI (99.9%): [1797.668, 1828.225] (assumes normal distribution)

Secondary result "uk.ac.ncl.jensen.benchmark.VThreadChurnBenchmark.churn:async":
Async profiler results:
  /home/ubuntu/ebpf-vthread-correlate/result/benchmark/collapsed/VThreadChurnBenchmark_jvmalloc/uk.ac.ncl.jensen.benchmark.VThreadChurnBenchmark.churn-AverageTime-vthreadsPerOp-1000/collapsed-cpu.csv


# Run complete. Total time: 00:00:15

REMEMBER: The numbers below are just data. To gain reusable insights, you need to follow up on
why the numbers are the way they are. Use profilers (see -prof, -lprof), design factorial
experiments, perform baseline and negative tests that provide experimental control, make sure
the benchmarking environment is safe on JVM/OS/HW level, ask for reviews from the domain experts.
Do not assume the numbers tell you what you want them to tell.

NOTE: Current JVM experimentally supports Compiler Blackholes, and they are in use. Please exercise
extra caution when trusting the results, look into the generated code to check the benchmark still
works, and factor in a small probability of new VM bugs. Additionally, while comparisons between
different JVMs are already problematic, the performance difference caused by different Blackhole
modes can be very significant. Please make sure you use the consistent Blackhole mode for comparisons.

Benchmark                          (vthreadsPerOp)  Mode  Cnt     Score    Error  Units
VThreadChurnBenchmark.churn                   1000  avgt   10  1812.947 ± 15.278  us/op
VThreadChurnBenchmark.churn:async             1000  avgt            NaN             ---

[1m== Table A (clean -prof gc, release build) ==[0m
  Benchmark          Variant               Score            alloc.norm     per nominal    
  -----------------  --------------------  ---------------  -------------  ---------------
  VThreadChurn       agent                 1948.991 us/op   318518.1 B/op  1.9490 /vthread
  VThreadChurn       baseline              327.862 us/op    320917.4 B/op  0.3279 /vthread
  VThreadChurn       jvmalloc              659.637 us/op    316058.9 B/op  0.6596 /vthread
  VThreadParkUnpark  baseline              13431.829 us/op  415713.8 B/op  1.3432 /round  
  VThreadParkUnpark  jvmalloc              13411.744 us/op  418989.0 B/op  1.3412 /round  
  VThreadParkUnpark  jvmtipublish          16556.082 us/op  446620.8 B/op  1.6556 /round  
  VThreadTransition  agent N=10000         10535.475 us/op  240765.3 B/op  1.0535 /yield  
  VThreadTransition  baseline N=10000      8643.890 us/op   240679.8 B/op  0.8644 /yield  
  VThreadTransition  jvmalloc N=10000      8643.219 us/op   240681.0 B/op  0.8643 /yield  
  VThreadTransition  jvmtipublish N=10000  10638.080 us/op  240755.2 B/op  1.0638 /yield  

[1m== flame graphs ==[0m
FlameGraph not found at /home/ubuntu/ebpf-vthread-correlate/tools/FlameGraph — cloning brendangregg/FlameGraph ...
Cloning into '/home/ubuntu/ebpf-vthread-correlate/tools/FlameGraph'...
Discovered 10 cells under /home/ubuntu/ebpf-vthread-correlate/result/benchmark/collapsed:
  VThreadChurnBenchmark|agent                   85109 samples
  VThreadChurnBenchmark|baseline                85853 samples
  VThreadChurnBenchmark|jvmalloc                84722 samples
  VThreadParkUnparkBenchmark|baseline            3574 samples
  VThreadParkUnparkBenchmark|jvmalloc            3554 samples
  VThreadParkUnparkBenchmark|jvmtipublish        3535 samples
  VThreadTransitionBenchmark|agent               4092 samples
  VThreadTransitionBenchmark|baseline            4114 samples
  VThreadTransitionBenchmark|jvmalloc            3989 samples
  VThreadTransitionBenchmark|jvmtipublish        3911 samples

== plain flames ==
  -> /home/ubuntu/ebpf-vthread-correlate/result/figures/churn_agent.svg
  -> /home/ubuntu/ebpf-vthread-correlate/result/figures/churn_baseline.svg
  -> /home/ubuntu/ebpf-vthread-correlate/result/figures/churn_jvmalloc.svg
  -> /home/ubuntu/ebpf-vthread-correlate/result/figures/parkunpark_baseline.svg
  -> /home/ubuntu/ebpf-vthread-correlate/result/figures/parkunpark_jvmalloc.svg
  -> /home/ubuntu/ebpf-vthread-correlate/result/figures/parkunpark_jvmtipublish.svg
  -> /home/ubuntu/ebpf-vthread-correlate/result/figures/transition_agent.svg
  -> /home/ubuntu/ebpf-vthread-correlate/result/figures/transition_baseline.svg
  -> /home/ubuntu/ebpf-vthread-correlate/result/figures/transition_jvmalloc.svg
  -> /home/ubuntu/ebpf-vthread-correlate/result/figures/transition_jvmtipublish.svg

== differential flames (red = added by variant vs baseline) ==
  -> /home/ubuntu/ebpf-vthread-correlate/result/figures/churn_diff_agent_minus_baseline.svg
  -> /home/ubuntu/ebpf-vthread-correlate/result/figures/churn_diff_jvmalloc_minus_baseline.svg
  -> /home/ubuntu/ebpf-vthread-correlate/result/figures/parkunpark_diff_jvmalloc_minus_baseline.svg
  -> /home/ubuntu/ebpf-vthread-correlate/result/figures/parkunpark_diff_jvmtipublish_minus_baseline.svg
  -> /home/ubuntu/ebpf-vthread-correlate/result/figures/transition_diff_agent_minus_baseline.svg
  -> /home/ubuntu/ebpf-vthread-correlate/result/figures/transition_diff_jvmalloc_minus_baseline.svg
  -> /home/ubuntu/ebpf-vthread-correlate/result/figures/transition_diff_jvmtipublish_minus_baseline.svg

== extra differential pairs ==
  -> /home/ubuntu/ebpf-vthread-correlate/result/figures/transition_diff_jvmtipublish_minus_agent.svg

  -> /home/ubuntu/ebpf-vthread-correlate/result/figures/index.html

Done. 18 SVGs in /home/ubuntu/ebpf-vthread-correlate/result/figures

[1m== done ==[0m
  table JSON : /home/ubuntu/ebpf-vthread-correlate/result/benchmark/*_gc.json
  collapsed  : /home/ubuntu/ebpf-vthread-correlate/result/benchmark/collapsed/<Bench>_<variant>/
  flamegraphs: /home/ubuntu/ebpf-vthread-correlate/result/figures/  (open index.html)

[1m==== batch step inventory check ====[0m
  [OK]      1 Transition A/C/B RESULT: OK (#13/#14, sentinel)
  [OK]      2 Churn A/C RESULT: OK (#16)
  [OK]      3 Churn COUNT line (#16 freeze_total precondition)
  [OK]      4 ParkUnpark COUNT baseline (#11)
  [OK]      5 ParkUnpark COUNT publish=jvmti (#11)
  [OK]      6 ParkUnpark COUNT jvmAlloc (#11)
  [OK]      7 N-sweep gc JSON: Transition/baseline (GAP-9)
  [OK]      7 N-sweep gc JSON: Transition/agent (GAP-9)
  [OK]      7 N-sweep gc JSON: Transition/jvmtipublish (GAP-9)
  [OK]      7 N-sweep gc JSON: Transition/jvmalloc (GAP-9)
  [OK]      8 matrix gc JSON: VThreadTransitionBenchmark_baseline
  [OK]      8 matrix gc JSON: VThreadTransitionBenchmark_agent
  [OK]      8 matrix gc JSON: VThreadTransitionBenchmark_jvmtipublish
  [OK]      8 matrix gc JSON: VThreadTransitionBenchmark_jvmalloc
  [OK]      8 matrix gc JSON: VThreadParkUnparkBenchmark_baseline
  [OK]      8 matrix gc JSON: VThreadParkUnparkBenchmark_jvmtipublish
  [OK]      8 matrix gc JSON: VThreadParkUnparkBenchmark_jvmalloc
  [OK]      8 matrix gc JSON: VThreadChurnBenchmark_baseline
  [OK]      8 matrix gc JSON: VThreadChurnBenchmark_agent
  [OK]      8 matrix gc JSON: VThreadChurnBenchmark_jvmalloc

run-batch RESULT: OK — expected artifact set complete. Batch log: /home/ubuntu/ebpf-vthread-correlate/result/benchmark/run-batch-20260707-134231.log
