java/util/concurrent/ForkJoinWorkerThread.run;java/util/concurrent/ForkJoinPool.runWorker;java/util/concurrent/ForkJoinPool.scan;java/util/concurrent/ForkJoinPool$WorkQueue.topLevelExec;java/util/concurrent/ForkJoinPool$WorkQueue.tryPoll 6
java/util/concurrent/ForkJoinWorkerThread.run;java/util/concurrent/ForkJoinPool.runWorker;java/util/concurrent/ForkJoinPool.scan;java/util/concurrent/ForkJoinPool$WorkQueue.topLevelExec;java/util/concurrent/ForkJoinPool$WorkQueue.tryPoll 19
java/util/concurrent/ForkJoinWorkerThread.run;java/util/concurrent/ForkJoinPool.runWorker;java/util/concurrent/ForkJoinPool.scan;java/util/concurrent/ForkJoinPool$WorkQueue.topLevelExec;java/util/concurrent/ForkJoinTask.doExec;java/util/concurrent/ForkJoinTask$AdaptedRunnableAction.exec;java/lang/VirtualThread$$Lambda.0x0000788c88039ae0.run;java/lang/VirtualThread.runContinuation 2
org/openjdk/jmh/runner/ForkedMain.main;org/openjdk/jmh/runner/ForkedRunner.run;org/openjdk/jmh/runner/BaseRunner.runBenchmarksForked;org/openjdk/jmh/runner/BaseRunner.doSingle;org/openjdk/jmh/runner/BaseRunner.runBenchmark;org/openjdk/jmh/runner/BaseRunner.runBenchmark;org/openjdk/jmh/runner/BenchmarkHandler.runIteration;java/util/concurrent/ExecutorCompletionService.poll;java/util/concurrent/LinkedBlockingQueue.poll;java/util/concurrent/locks/AbstractQueuedSynchronizer$ConditionObject.awaitNanos;java/lang/System.nanoTime;InterpreterRuntime::frequency_counter_overflow;InterpreterRuntime::frequency_counter_overflow_inner;CompilationPolicy::event;CompilationPolicy::compile;CompileBroker::compile_method;AdapterHandlerLibrary::create_native_wrapper;SharedRuntime::generate_native_wrapper;SharedRuntime::save_native_result 1
java/util/concurrent/ForkJoinWorkerThread.run;java/util/concurrent/ForkJoinPool.runWorker;java/util/concurrent/ForkJoinPool.scan 11
java/util/concurrent/ForkJoinWorkerThread.run;java/util/concurrent/ForkJoinPool.runWorker;java/util/concurrent/ForkJoinPool.awaitWork;java/util/concurrent/locks/LockSupport.park;jdk/internal/misc/Unsafe.park;Unsafe_Park;ThreadInVMfromNative::ThreadInVMfromNative 3
java/util/concurrent/ForkJoinWorkerThread.run;java/util/concurrent/ForkJoinPool.runWorker;java/util/concurrent/ForkJoinPool.awaitWork;java/util/concurrent/locks/LockSupport.park;jdk/internal/misc/Unsafe.park;Unsafe_Park;Parker::park;pthread_cond_wait;/usr/lib/x86_64-linux-gnu/libc.so.6;entry_SYSCALL_64_after_hwframe_[k];do_syscall_64_[k];x64_sys_call_[k];__x64_sys_futex_[k];do_futex_[k];futex_wait_[k];__futex_wait_[k];futex_do_wait_[k];schedule_[k];__schedule_[k];finish_task_switch.isra.0_[k] 1
java/util/concurrent/ForkJoinWorkerThread.run;java/util/concurrent/ForkJoinPool.runWorker;java/util/concurrent/ForkJoinPool.scan;java/util/concurrent/ForkJoinPool$WorkQueue.topLevelExec;java/util/concurrent/ForkJoinTask.doExec;java/util/concurrent/ForkJoinTask$AdaptedRunnableAction.exec;java/lang/VirtualThread$$Lambda.0x0000788c88039ae0.run;java/lang/VirtualThread.runContinuation;java/lang/VirtualThread.afterYield;java/lang/VirtualThread.externalSubmitRunContinuation;java/util/concurrent/ForkJoinPool.externalSubmit;java/util/concurrent/ForkJoinPool$WorkQueue.push 17
java/util/concurrent/ForkJoinWorkerThread.run;java/util/concurrent/ForkJoinPool.runWorker;java/util/concurrent/ForkJoinPool.scan;java/util/concurrent/ForkJoinPool$WorkQueue.topLevelExec;java/util/concurrent/ForkJoinTask.doExec;java/util/concurrent/ForkJoinTask$AdaptedRunnableAction.exec;java/lang/VirtualThread$$Lambda.0x0000788c88039ae0.run;java/lang/VirtualThread.runContinuation;java/lang/VirtualThread.mount;_notify_jvmti_vthread_mount;SharedRuntime::notify_jvmti_vthread_mount;JvmtiVTMSTransitionDisabler::start_VTMS_transition;java_lang_Thread::set_is_in_VTMS_transition 11
java/util/concurrent/ForkJoinWorkerThread.run;java/util/concurrent/ForkJoinPool.runWorker;java/util/concurrent/ForkJoinPool.scan;java/util/concurrent/ForkJoinPool$WorkQueue.topLevelExec;java/util/concurrent/ForkJoinTask.doExec;java/util/concurrent/ForkJoinTask$AdaptedRunnableAction.exec;java/lang/VirtualThread$$Lambda.0x0000788c88039ae0.run;java/lang/VirtualThread.runContinuation;jdk/internal/vm/Continuation.run;jdk/internal/vm/Continuation.enterSpecial;jdk/internal/vm/Continuation.enter;jdk/internal/vm/Continuation.enter0;java/lang/VirtualThread$VThreadContinuation$1.run;java/lang/VirtualThread.run;java/lang/Thread.runWith;uk/ac/ncl/jensen/benchmark/VThreadTransitionBenchmark$$Lambda.0x0000788c88029bb0.run;uk/ac/ncl/jensen/benchmark/VThreadTransitionBenchmark.lambda$transition_yield$0;java/lang/Thread.yield;java/lang/VirtualThread.tryYield;java/lang/VirtualThread.yieldContinuation;jdk/internal/vm/Continuation.yield;jdk/internal/vm/Continuation.yield0;jdk/internal/vm/Continuation.doYield;int freeze<Config<(oop_kind)0, G1BarrierSet> > 4
java/util/concurrent/ForkJoinWorkerThread.run;java/util/concurrent/ForkJoinPool.runWorker;java/util/concurrent/ForkJoinPool.scan;java/util/concurrent/ForkJoinPool$WorkQueue.topLevelExec;java/util/concurrent/ForkJoinTask.doExec;java/util/concurrent/ForkJoinTask$AdaptedRunnableAction.exec;java/lang/VirtualThread$$Lambda.0x0000788c88039ae0.run;java/lang/VirtualThread.runContinuation;jdk/internal/vm/Continuation.run;jdk/internal/vm/Continuation.enterSpecial;jdk/internal/vm/Continuation.enter;jdk/internal/vm/Continuation.enter0;java/lang/VirtualThread$VThreadContinuation$1.run;java/lang/VirtualThread.run;java/lang/Thread.runWith;uk/ac/ncl/jensen/benchmark/VThreadTransitionBenchmark$$Lambda.0x0000788c88029bb0.run;uk/ac/ncl/jensen/benchmark/VThreadTransitionBenchmark.lambda$transition_yield$0;java/lang/Thread.yield;java/lang/VirtualThread.tryYield;java/lang/VirtualThread.yieldContinuation;_notify_jvmti_vthread_unmount;SharedRuntime::notify_jvmti_vthread_unmount;JvmtiVTMSTransitionDisabler::VTMS_vthread_unmount;JvmtiVTMSTransitionDisabler::start_VTMS_transition 7
java/util/concurrent/ForkJoinWorkerThread.run;java/util/concurrent/ForkJoinPool.runWorker;java/util/concurrent/ForkJoinPool.awaitWork;java/util/concurrent/locks/LockSupport.park;jdk/internal/misc/Unsafe.park;Unsafe_Park;Parker::park;pthread_mutex_trylock 1
java/util/concurrent/ForkJoinWorkerThread.run;java/util/concurrent/ForkJoinPool.runWorker;java/util/concurrent/ForkJoinPool.scan 8
java/util/concurrent/ForkJoinWorkerThread.run;java/util/concurrent/ForkJoinPool.runWorker;java/util/concurrent/ForkJoinPool.scan;java/util/concurrent/ForkJoinPool$WorkQueue.topLevelExec;java/util/concurrent/ForkJoinTask.doExec;java/util/concurrent/ForkJoinTask$AdaptedRunnableAction.exec;java/lang/VirtualThread$$Lambda.0x0000788c88039ae0.run;java/lang/VirtualThread.runContinuation;java/lang/VirtualThread.unmount;_notify_jvmti_vthread_unmount;SharedRuntime::notify_jvmti_vthread_unmount 6
java/util/concurrent/ForkJoinWorkerThread.run;java/util/concurrent/ForkJoinPool.runWorker;java/util/concurrent/ForkJoinPool.scan;java/util/concurrent/ForkJoinPool$WorkQueue.topLevelExec;java/util/concurrent/ForkJoinTask.doExec;java/util/concurrent/ForkJoinTask$AdaptedRunnableAction.exec;java/lang/VirtualThread$$Lambda.0x0000788c88039ae0.run;java/lang/VirtualThread.runContinuation;jdk/internal/vm/Continuation.run;jdk/internal/vm/Continuation.enterSpecial;jdk/internal/vm/Continuation.enter;jdk/internal/vm/Continuation.enter0;java/lang/VirtualThread$VThreadContinuation$1.run;java/lang/VirtualThread.run;java/lang/Thread.runWith;uk/ac/ncl/jensen/benchmark/VThreadTransitionBenchmark$$Lambda.0x0000788c88029bb0.run;uk/ac/ncl/jensen/benchmark/VThreadTransitionBenchmark.lambda$transition_yield$0;java/lang/Thread.yield;java/lang/VirtualThread.tryYield;java/lang/VirtualThread.yieldContinuation;jdk/internal/vm/Continuation.yield;jdk/internal/vm/Continuation.yield0;jdk/internal/vm/Continuation.doYield;int freeze<Config<(oop_kind)0, G1BarrierSet> >;FreezeBase::freeze_fast_copy;ContinuationEntry::flush_stack_processing 1
java/util/concurrent/ForkJoinWorkerThread.run;java/util/concurrent/ForkJoinPool.runWorker;java/util/concurrent/ForkJoinPool.scan;java/util/concurrent/ForkJoinPool$WorkQueue.topLevelExec;java/util/concurrent/ForkJoinTask.doExec;java/util/concurrent/ForkJoinTask$AdaptedRunnableAction.exec;java/lang/VirtualThread$$Lambda.0x0000788c88039ae0.run;java/lang/VirtualThread.runContinuation;jdk/internal/vm/Continuation.run;jdk/internal/vm/Continuation.enterSpecial;jdk/internal/vm/Continuation.enter;jdk/internal/vm/Continuation.enter0;java/lang/VirtualThread$VThreadContinuation$1.run;java/lang/VirtualThread.run;java/lang/Thread.runWith;uk/ac/ncl/jensen/benchmark/VThreadTransitionBenchmark$$Lambda.0x0000788c88029bb0.run;uk/ac/ncl/jensen/benchmark/VThreadTransitionBenchmark.lambda$transition_yield$0;java/lang/Thread.yield;java/lang/VirtualThread.tryYield;java/lang/VirtualThread.yieldContinuation;jdk/internal/vm/Continuation.yield 5
Cont thaw;Continuation::prepare_thaw;AccessInternal::PostRuntimeDispatch<G1BarrierSet::AccessBarrier<286822ul, G1BarrierSet>, (AccessInternal::BarrierType)3, 286822ul>::oop_access_barrier 1
java/util/concurrent/ForkJoinWorkerThread.run;java/util/concurrent/ForkJoinPool.runWorker;java/util/concurrent/ForkJoinPool.scan;java/util/concurrent/ForkJoinPool$WorkQueue.topLevelExec;java/util/concurrent/ForkJoinTask.doExec;java/util/concurrent/ForkJoinTask$AdaptedRunnableAction.exec;java/lang/VirtualThread$$Lambda.0x0000788c88039ae0.run;java/lang/VirtualThread.runContinuation;java/lang/VirtualThread.afterYield;java/lang/VirtualThread.externalSubmitRunContinuation;java/util/concurrent/ForkJoinPool.externalSubmit;java/util/concurrent/ForkJoinTask.markPoolSubmission;java/util/concurrent/ForkJoinTask.getAndBitwiseOrStatus;jdk/internal/misc/Unsafe.getAndBitwiseOrInt 33
java/util/concurrent/ForkJoinWorkerThread.run;java/util/concurrent/ForkJoinPool.runWorker;java/util/concurrent/ForkJoinPool.scan;java/util/concurrent/ForkJoinPool$WorkQueue.topLevelExec;java/util/concurrent/ForkJoinTask.doExec;java/util/concurrent/ForkJoinTask$AdaptedRunnableAction.exec;java/lang/VirtualThread$$Lambda.0x0000788c88039ae0.run;java/lang/VirtualThread.runContinuation;java/lang/VirtualThread.afterYield;java/lang/VirtualThread.externalSubmitRunContinuation;java/util/concurrent/ForkJoinPool.externalSubmit;java/util/concurrent/ForkJoinPool$WorkQueue.push;java/util/concurrent/ForkJoinPool.signalWork;java/util/concurrent/locks/LockSupport.unpark;jdk/internal/misc/Unsafe.unpark;Unsafe_Unpark;pthread_cond_signal;entry_SYSCALL_64_after_hwframe_[k];do_syscall_64_[k];x64_sys_call_[k];__x64_sys_futex_[k];do_futex_[k];futex_wake_[k];wake_up_q_[k];try_to_wake_up_[k];_raw_spin_unlock_irqrestore_[k] 51
java/util/concurrent/ForkJoinWorkerThread.run;java/util/concurrent/ForkJoinPool.runWorker;java/util/concurrent/ForkJoinPool.scan;java/util/concurrent/ForkJoinPool$WorkQueue.topLevelExec;java/util/concurrent/ForkJoinTask.doExec;java/util/concurrent/ForkJoinTask$AdaptedRunnableAction.exec;java/lang/VirtualThread$$Lambda.0x0000788c88039ae0.run;java/lang/VirtualThread.runContinuation;java/lang/VirtualThread.afterYield;java/lang/VirtualThread.externalSubmitRunContinuation;java/util/concurrent/ForkJoinPool.externalSubmit;java/util/concurrent/ForkJoinPool$WorkQueue.push;java/util/concurrent/ForkJoinPool.signalWork;java/util/concurrent/locks/LockSupport.unpark;jdk/internal/misc/Unsafe.unpark;Unsafe_Unpark 1
java/util/concurrent/ForkJoinWorkerThread.run;java/util/concurrent/ForkJoinPool.runWorker;java/util/concurrent/ForkJoinPool.scan 20
java/util/concurrent/ForkJoinWorkerThread.run;java/util/concurrent/ForkJoinPool.runWorker;java/util/concurrent/ForkJoinPool.scan 9
java/util/concurrent/ForkJoinWorkerThread.run;java/util/concurrent/ForkJoinPool.runWorker;java/util/concurrent/ForkJoinPool.awaitWork 3
java/util/concurrent/ForkJoinWorkerThread.run;java/util/concurrent/ForkJoinPool.runWorker;java/util/concurrent/ForkJoinPool.scan;java/util/concurrent/ForkJoinPool$WorkQueue.topLevelExec;java/util/concurrent/ForkJoinTask.doExec;java/util/concurrent/ForkJoinTask$AdaptedRunnableAction.exec;java/lang/VirtualThread$$Lambda.0x0000788c88039ae0.run;java/lang/VirtualThread.runContinuation;jdk/internal/vm/Continuation.run;jdk/internal/vm/Continuation.enterSpecial;jdk/internal/vm/Continuation.enter;jdk/internal/vm/Continuation.enter0;java/lang/VirtualThread$VThreadContinuation$1.run;java/lang/VirtualThread.run;java/lang/Thread.runWith;uk/ac/ncl/jensen/benchmark/VThreadTransitionBenchmark$$Lambda.0x0000788c88029bb0.run;uk/ac/ncl/jensen/benchmark/VThreadTransitionBenchmark.lambda$transition_yield$0;java/lang/Thread.yield;java/lang/VirtualThread.tryYield;java/lang/VirtualThread.yieldContinuation;_notify_jvmti_vthread_mount;SharedRuntime::notify_jvmti_vthread_mount;JvmtiVTMSTransitionDisabler::VTMS_vthread_mount;JvmtiVTMSTransitionDisabler::VTMS_mount_end;JavaThread::rebind_to_jvmti_thread_state_of;Continuation::set_cont_fastpath_thread_state 2
java/util/concurrent/ForkJoinWorkerThread.run;java/util/concurrent/ForkJoinPool.runWorker;java/util/concurrent/ForkJoinPool.scan;java/util/concurrent/ForkJoinPool$WorkQueue.topLevelExec;java/util/concurrent/ForkJoinTask.doExec;java/util/concurrent/ForkJoinTask$AdaptedRunnableAction.exec;java/lang/VirtualThread$$Lambda.0x0000788c88039ae0.run;java/lang/VirtualThread.runContinuation;java/lang/VirtualThread.afterYield;java/lang/VirtualThread.externalSubmitRunContinuation;java/util/concurrent/ForkJoinPool.externalSubmit;java/util/concurrent/ForkJoinPool$WorkQueue.push;java/util/concurrent/ForkJoinPool.signalWork;java/util/concurrent/locks/LockSupport.unpark;jdk/internal/misc/Unsafe.unpark;Unsafe_Unpark;pthread_cond_signal;entry_SYSCALL_64_after_hwframe_[k];do_syscall_64_[k];x64_sys_call_[k];__x64_sys_futex_[k];do_futex_[k];futex_wake_[k];futex_hash_[k];futex_ref_get_[k] 2
java/util/concurrent/ForkJoinWorkerThread.run;java/util/concurrent/ForkJoinPool.runWorker 2
java/util/concurrent/ForkJoinWorkerThread.run;java/util/concurrent/ForkJoinPool.runWorker;java/util/concurrent/ForkJoinPool.scan;java/util/concurrent/ForkJoinPool$WorkQueue.topLevelExec;java/util/concurrent/ForkJoinTask.doExec;java/util/concurrent/ForkJoinTask$AdaptedRunnableAction.exec;java/lang/VirtualThread$$Lambda.0x0000788c88039ae0.run;java/lang/VirtualThread.runContinuation;java/lang/VirtualThread.unmount 11
java/util/concurrent/ForkJoinWorkerThread.run;java/util/concurrent/ForkJoinPool.runWorker;java/util/concurrent/ForkJoinPool.scan;java/util/concurrent/ForkJoinPool$WorkQueue.topLevelExec;java/util/concurrent/ForkJoinTask.doExec;java/util/concurrent/ForkJoinTask$AdaptedRunnableAction.exec 5
java/util/concurrent/ForkJoinWorkerThread.run;java/util/concurrent/ForkJoinPool.runWorker;java/util/concurrent/ForkJoinPool.scan;java/util/concurrent/ForkJoinPool$WorkQueue.topLevelExec;java/util/concurrent/ForkJoinTask.doExec;java/util/concurrent/ForkJoinTask$AdaptedRunnableAction.exec;java/lang/VirtualThread$$Lambda.0x0000788c88039ae0.run;java/lang/VirtualThread.runContinuation;jdk/internal/vm/Continuation.run;jdk/internal/vm/Continuation.enterSpecial;jdk/internal/vm/Continuation.enter;jdk/internal/vm/Continuation.enter0;java/lang/VirtualThread$VThreadContinuation$1.run;java/lang/VirtualThread.run;java/lang/Thread.runWith;uk/ac/ncl/jensen/benchmark/VThreadTransitionBenchmark$$Lambda.0x0000788c88029bb0.run;uk/ac/ncl/jensen/benchmark/VThreadTransitionBenchmark.lambda$transition_yield$0;java/lang/Thread.yield;java/lang/VirtualThread.tryYield;java/lang/VirtualThread.yieldContinuation;_notify_jvmti_vthread_mount;SharedRuntime::notify_jvmti_vthread_mount;JvmtiVTMSTransitionDisabler::VTMS_vthread_mount;JvmtiVTMSTransitionDisabler::VTMS_mount_end;Mutex::lock;pthread_mutex_trylock 16
java/util/concurrent/ForkJoinWorkerThread.run;java/util/concurrent/ForkJoinPool.runWorker;java/util/concurrent/ForkJoinPool.scan 40
java/util/concurrent/ForkJoinWorkerThread.run;java/util/concurrent/ForkJoinPool.runWorker;java/util/concurrent/ForkJoinPool.scan;java/util/concurrent/ForkJoinPool$WorkQueue.topLevelExec;java/util/concurrent/ForkJoinTask.doExec;java/util/concurrent/ForkJoinTask$AdaptedRunnableAction.exec;java/lang/VirtualThread$$Lambda.0x0000788c88039ae0.run;java/lang/VirtualThread.runContinuation;jdk/internal/vm/Continuation.run;jdk/internal/vm/Continuation.enterSpecial;jdk/internal/vm/Continuation.enter;jdk/internal/vm/Continuation.enter0;java/lang/VirtualThread$VThreadContinuation$1.run;java/lang/VirtualThread.run;java/lang/Thread.runWith;uk/ac/ncl/jensen/benchmark/VThreadTransitionBenchmark$$Lambda.0x0000788c88029bb0.run;uk/ac/ncl/jensen/benchmark/VThreadTransitionBenchmark.lambda$transition_yield$0;java/lang/Thread.yield;java/lang/VirtualThread.tryYield;java/lang/VirtualThread.yieldContinuation 1
java/util/concurrent/ForkJoinWorkerThread.run;java/util/concurrent/ForkJoinPool.runWorker;java/util/concurrent/ForkJoinPool.scan;java/util/concurrent/ForkJoinPool$WorkQueue.topLevelExec;java/util/concurrent/ForkJoinTask.doExec;java/util/concurrent/ForkJoinTask$AdaptedRunnableAction.exec;java/lang/VirtualThread$$Lambda.0x0000788c88039ae0.run;java/lang/VirtualThread.runContinuation 2
java/util/concurrent/ForkJoinWorkerThread.run;java/util/concurrent/ForkJoinPool.runWorker;java/util/concurrent/ForkJoinPool.scan 5
java/util/concurrent/ForkJoinWorkerThread.run;java/util/concurrent/ForkJoinPool.runWorker 3
java/util/concurrent/ForkJoinWorkerThread.run;java/util/concurrent/ForkJoinPool.runWorker;java/util/concurrent/ForkJoinPool.awaitWork;java/util/concurrent/locks/LockSupport.park;jdk/internal/misc/Unsafe.park;Unsafe_Park;JavaThreadParkedState::JavaThreadParkedState;java_lang_Thread::get_thread_status 3
java/util/concurrent/ForkJoinWorkerThread.run;java/util/concurrent/ForkJoinPool.runWorker;java/util/concurrent/ForkJoinPool.awaitWork 759
java/util/concurrent/ForkJoinWorkerThread.run;java/util/concurrent/ForkJoinPool.runWorker;java/util/concurrent/ForkJoinPool.scan;java/util/concurrent/ForkJoinPool$WorkQueue.topLevelExec;java/util/concurrent/ForkJoinTask.doExec;java/util/concurrent/ForkJoinTask$AdaptedRunnableAction.exec;java/lang/VirtualThread$$Lambda.0x0000788c88039ae0.run;java/lang/VirtualThread.runContinuation;java/lang/VirtualThread.mount;_notify_jvmti_vthread_mount;SharedRuntime::notify_jvmti_vthread_mount;JvmtiVTMSTransitionDisabler::start_VTMS_transition 10
java/util/concurrent/ForkJoinWorkerThread.run;java/util/concurrent/ForkJoinPool.runWorker;java/util/concurrent/ForkJoinPool.scan;java/util/concurrent/ForkJoinPool$WorkQueue.topLevelExec;java/util/concurrent/ForkJoinTask.doExec;java/util/concurrent/ForkJoinTask.setDone;java/util/concurrent/ForkJoinTask.getAndBitwiseOrStatus;jdk/internal/misc/Unsafe.getAndBitwiseOrInt 13
java/util/concurrent/ForkJoinWorkerThread.run;java/util/concurrent/ForkJoinPool.runWorker;java/util/concurrent/ForkJoinPool.scan;java/util/concurrent/ForkJoinPool$WorkQueue.topLevelExec;java/util/concurrent/ForkJoinTask.doExec;java/util/concurrent/ForkJoinTask$AdaptedRunnableAction.exec;java/lang/VirtualThread$$Lambda.0x0000788c88039ae0.run;java/lang/VirtualThread.runContinuation;java/lang/VirtualThread.afterYield;java/lang/VirtualThread.externalSubmitRunContinuation;java/util/concurrent/ForkJoinPool.externalSubmit;java/util/concurrent/ForkJoinPool$WorkQueue.push;java/util/concurrent/ForkJoinPool.signalWork 1
java/util/concurrent/ForkJoinWorkerThread.run;java/util/concurrent/ForkJoinPool.runWorker;java/util/concurrent/ForkJoinPool.scan 44
java/util/concurrent/ForkJoinWorkerThread.run;java/util/concurrent/ForkJoinPool.runWorker;java/util/concurrent/ForkJoinPool.scan;java/util/concurrent/ForkJoinPool$WorkQueue.topLevelExec;java/util/concurrent/ForkJoinTask.doExec;java/util/concurrent/ForkJoinTask$AdaptedRunnableAction.exec;java/lang/VirtualThread$$Lambda.0x0000788c88039ae0.run;java/lang/VirtualThread.runContinuation;java/lang/VirtualThread.afterYield;java/lang/VirtualThread.externalSubmitRunContinuation;java/util/concurrent/ForkJoinPool.externalSubmit;java/util/concurrent/ForkJoinPool$WorkQueue.push;java/util/concurrent/ForkJoinPool.signalWork;java/util/concurrent/locks/LockSupport.unpark;jdk/internal/misc/Unsafe.unpark;Unsafe_Unpark;pthread_cond_signal;entry_SYSCALL_64_after_hwframe_[k];do_syscall_64_[k] 3
java/util/concurrent/ForkJoinWorkerThread.run;java/util/concurrent/ForkJoinPool.runWorker;java/util/concurrent/ForkJoinPool.scan 5
java/util/concurrent/ForkJoinWorkerThread.run;java/util/concurrent/ForkJoinPool.runWorker;java/util/concurrent/ForkJoinPool.scan;java/util/concurrent/ForkJoinPool$WorkQueue.topLevelExec;java/util/concurrent/ForkJoinTask.doExec;java/util/concurrent/ForkJoinTask$AdaptedRunnableAction.exec;java/lang/VirtualThread$$Lambda.0x0000788c88039ae0.run;java/lang/VirtualThread.runContinuation;jdk/internal/vm/Continuation.run;jdk/internal/vm/Continuation.enterSpecial;jdk/internal/vm/Continuation.enter;jdk/internal/vm/Continuation.enter0;java/lang/VirtualThread$VThreadContinuation$1.run;java/lang/VirtualThread.run;java/lang/Thread.runWith;uk/ac/ncl/jensen/benchmark/VThreadTransitionBenchmark$$Lambda.0x0000788c88029bb0.run;uk/ac/ncl/jensen/benchmark/VThreadTransitionBenchmark.lambda$transition_yield$0;java/lang/Thread.yield;java/lang/VirtualThread.tryYield;java/lang/VirtualThread.yieldContinuation;_notify_jvmti_vthread_unmount;SharedRuntime::notify_jvmti_vthread_unmount;JvmtiVTMSTransitionDisabler::VTMS_vthread_unmount;JvmtiVTMSTransitionDisabler::start_VTMS_transition;java_lang_Thread::set_is_in_VTMS_transition 6
java/util/concurrent/ForkJoinWorkerThread.run;java/util/concurrent/ForkJoinPool.runWorker;java/util/concurrent/ForkJoinPool.scan;java/util/concurrent/ForkJoinPool$WorkQueue.topLevelExec;java/util/concurrent/ForkJoinTask.doExec;java/util/concurrent/ForkJoinTask$AdaptedRunnableAction.exec;java/lang/VirtualThread$$Lambda.0x0000788c88039ae0.run;java/lang/VirtualThread.runContinuation;java/lang/VirtualThread.afterYield;java/lang/VirtualThread.externalSubmitRunContinuation;java/util/concurrent/ForkJoinPool.externalSubmit;java/util/concurrent/ForkJoinPool$WorkQueue.push;java/util/concurrent/ForkJoinPool.signalWork;java/util/concurrent/locks/LockSupport.unpark;jdk/internal/misc/Unsafe.unpark;Unsafe_Unpark;Parker::unpark;__pthread_mutex_unlock 2
java/util/concurrent/ForkJoinWorkerThread.run;java/util/concurrent/ForkJoinPool.runWorker;java/util/concurrent/ForkJoinPool.scan 27
java/util/concurrent/ForkJoinWorkerThread.run;java/util/concurrent/ForkJoinPool.runWorker;java/util/concurrent/ForkJoinPool.scan;java/util/concurrent/ForkJoinPool$WorkQueue.topLevelExec;java/util/concurrent/ForkJoinTask.doExec;java/util/concurrent/ForkJoinTask$AdaptedRunnableAction.exec;java/lang/VirtualThread$$Lambda.0x0000788c88039ae0.run;java/lang/VirtualThread.runContinuation;jdk/internal/vm/Continuation.run;jdk/internal/vm/Continuation.enterSpecial;jdk/internal/vm/Continuation.enter;jdk/internal/vm/Continuation.enter0;java/lang/VirtualThread$VThreadContinuation$1.run;java/lang/VirtualThread.run;java/lang/Thread.runWith;uk/ac/ncl/jensen/benchmark/VThreadTransitionBenchmark$$Lambda.0x0000788c88029bb0.run;uk/ac/ncl/jensen/benchmark/VThreadTransitionBenchmark.lambda$transition_yield$0;java/lang/Thread.yield;java/lang/VirtualThread.tryYield;java/lang/VirtualThread.yieldContinuation;_notify_jvmti_vthread_mount;SharedRuntime::notify_jvmti_vthread_mount;JvmtiVTMSTransitionDisabler::VTMS_vthread_mount;JvmtiVTMSTransitionDisabler::VTMS_mount_end;JavaThread::rebind_to_jvmti_thread_state_of;AccessInternal::PostRuntimeDispatch<G1BarrierSet::AccessBarrier<548964ul, G1BarrierSet>, (AccessInternal::BarrierType)0, 548964ul>::oop_access_barrier 1
java/util/concurrent/ForkJoinWorkerThread.run;java/util/concurrent/ForkJoinPool.runWorker;java/util/concurrent/ForkJoinPool.awaitWork;java/util/concurrent/locks/LockSupport.park;jdk/internal/misc/Unsafe.park;Unsafe_Park;Parker::park;pthread_cond_wait;/usr/lib/x86_64-linux-gnu/libc.so.6;entry_SYSCALL_64_after_hwframe_[k];do_syscall_64_[k] 4
java/util/concurrent/ForkJoinWorkerThread.run;java/util/concurrent/ForkJoinPool.runWorker;java/util/concurrent/ForkJoinPool.awaitWork 7
java/util/concurrent/ForkJoinWorkerThread.run;java/util/concurrent/ForkJoinPool.runWorker;java/util/concurrent/ForkJoinPool.awaitWork;java/util/concurrent/ForkJoinPool.compareAndExchangeCtl 69
java/util/concurrent/ForkJoinWorkerThread.run;java/util/concurrent/ForkJoinPool.runWorker;java/util/concurrent/ForkJoinPool.scan;java/util/concurrent/ForkJoinPool$WorkQueue.topLevelExec;java/util/concurrent/ForkJoinTask.doExec;java/util/concurrent/ForkJoinTask$AdaptedRunnableAction.exec;java/lang/VirtualThread$$Lambda.0x0000788c88039ae0.run;java/lang/VirtualThread.runContinuation;jdk/internal/vm/Continuation.run;jdk/internal/vm/Continuation.enterSpecial;jdk/internal/vm/Continuation.enter;jdk/internal/vm/Continuation.enter0;java/lang/VirtualThread$VThreadContinuation$1.run;java/lang/VirtualThread.run;java/lang/Thread.runWith;uk/ac/ncl/jensen/benchmark/VThreadTransitionBenchmark$$Lambda.0x0000788c88029bb0.run;uk/ac/ncl/jensen/benchmark/VThreadTransitionBenchmark.lambda$transition_yield$0;java/lang/Thread.yield;java/lang/VirtualThread.tryYield;java/lang/VirtualThread.yieldContinuation;jdk/internal/vm/Continuation.yield 1
java/util/concurrent/ForkJoinWorkerThread.run;java/util/concurrent/ForkJoinPool.runWorker;java/util/concurrent/ForkJoinPool.scan 17
Cont thaw;long* thaw<Config<(oop_kind)0, G1BarrierSet> >;Thaw<Config<(oop_kind)0, G1BarrierSet> >::thaw_fast;AccessInternal::PostRuntimeDispatch<G1BarrierSet::AccessBarrier<286822ul, G1BarrierSet>, (AccessInternal::BarrierType)3, 286822ul>::oop_access_barrier 3
java/util/concurrent/ForkJoinWorkerThread.run;java/util/concurrent/ForkJoinPool.runWorker;java/util/concurrent/ForkJoinPool.awaitWork;java/util/concurrent/locks/LockSupport.park;jdk/internal/misc/Unsafe.park;Unsafe_Park;Parker::park;ThreadBlockInVMPreprocess<void (JavaThread*)>::~ThreadBlockInVMPreprocess 2
java/util/concurrent/ForkJoinWorkerThread.run;java/util/concurrent/ForkJoinPool.runWorker;java/util/concurrent/ForkJoinPool.scan;java/util/concurrent/ForkJoinPool$WorkQueue.topLevelExec;java/util/concurrent/ForkJoinTask.doExec;java/util/concurrent/ForkJoinTask$AdaptedRunnableAction.exec;java/lang/VirtualThread$$Lambda.0x0000788c88039ae0.run;java/lang/VirtualThread.runContinuation;java/lang/VirtualThread.mount 1
java/util/concurrent/ForkJoinWorkerThread.run;java/util/concurrent/ForkJoinPool.runWorker;java/util/concurrent/ForkJoinPool.scan;java/util/concurrent/ForkJoinPool$WorkQueue.topLevelExec;java/util/concurrent/ForkJoinTask.doExec;java/util/concurrent/ForkJoinTask$AdaptedRunnableAction.exec;java/lang/VirtualThread$$Lambda.0x0000788c88039ae0.run;java/lang/VirtualThread.runContinuation;jdk/internal/vm/Continuation.run;jdk/internal/vm/Continuation.enterSpecial;jdk/internal/vm/Continuation.enter;jdk/internal/vm/Continuation.enter0;java/lang/VirtualThread$VThreadContinuation$1.run;java/lang/VirtualThread.run;java/lang/Thread.runWith;uk/ac/ncl/jensen/benchmark/VThreadTransitionBenchmark$$Lambda.0x0000788c88029bb0.run;uk/ac/ncl/jensen/benchmark/VThreadTransitionBenchmark.lambda$transition_yield$0;java/lang/Thread.yield;java/lang/VirtualThread.tryYield;java/lang/VirtualThread.yieldContinuation;_notify_jvmti_vthread_mount;SharedRuntime::notify_jvmti_vthread_mount;JvmtiVTMSTransitionDisabler::VTMS_vthread_mount;JvmtiVTMSTransitionDisabler::finish_VTMS_transition 8
java/util/concurrent/ForkJoinWorkerThread.run;java/util/concurrent/ForkJoinPool.runWorker;java/util/concurrent/ForkJoinPool.scan;java/util/concurrent/ForkJoinPool$WorkQueue.topLevelExec;java/util/concurrent/ForkJoinTask.doExec;java/util/concurrent/ForkJoinTask$AdaptedRunnableAction.exec;java/lang/VirtualThread$$Lambda.0x0000788c88039ae0.run;java/lang/VirtualThread.runContinuation;java/lang/VirtualThread.afterYield;java/lang/VirtualThread.externalSubmitRunContinuation;java/util/concurrent/ForkJoinTask.adapt;java/util/concurrent/ForkJoinTask$AdaptedRunnableAction.<init> 2
java/util/concurrent/ForkJoinWorkerThread.run;java/util/concurrent/ForkJoinPool.runWorker;java/util/concurrent/ForkJoinPool.scan;java/util/concurrent/ForkJoinPool$WorkQueue.topLevelExec;java/util/concurrent/ForkJoinTask.doExec;java/util/concurrent/ForkJoinTask$AdaptedRunnableAction.exec;java/lang/VirtualThread$$Lambda.0x0000788c88039ae0.run;java/lang/VirtualThread.runContinuation;jdk/internal/vm/Continuation.run 1
java/util/concurrent/ForkJoinWorkerThread.run;java/util/concurrent/ForkJoinPool.runWorker;java/util/concurrent/ForkJoinPool.scan;java/util/concurrent/ForkJoinPool$WorkQueue.topLevelExec;java/util/concurrent/ForkJoinTask.doExec;java/util/concurrent/ForkJoinTask$AdaptedRunnableAction.exec;java/lang/VirtualThread$$Lambda.0x0000788c88039ae0.run;java/lang/VirtualThread.runContinuation;jdk/internal/vm/Continuation.run;jdk/internal/vm/Continuation.enterSpecial;jdk/internal/vm/Continuation.enter;jdk/internal/vm/Continuation.enter0;java/lang/VirtualThread$VThreadContinuation$1.run;java/lang/VirtualThread.run;java/lang/Thread.runWith;uk/ac/ncl/jensen/benchmark/VThreadTransitionBenchmark$$Lambda.0x0000788c88029bb0.run;uk/ac/ncl/jensen/benchmark/VThreadTransitionBenchmark.lambda$transition_yield$0;java/lang/Thread.yield;java/lang/VirtualThread.tryYield;java/lang/VirtualThread.yieldContinuation;jdk/internal/vm/Continuation.yield;jdk/internal/vm/Continuation.yield0 1
java/util/concurrent/ForkJoinWorkerThread.run;java/util/concurrent/ForkJoinPool.runWorker;java/util/concurrent/ForkJoinPool.scan;java/util/concurrent/ForkJoinPool$WorkQueue.topLevelExec;java/util/concurrent/ForkJoinTask.doExec;java/util/concurrent/ForkJoinTask$AdaptedRunnableAction.exec;java/lang/VirtualThread$$Lambda.0x0000788c88039ae0.run;java/lang/VirtualThread.runContinuation;jdk/internal/vm/Continuation.run;jdk/internal/vm/Continuation.enterSpecial;jdk/internal/vm/Continuation.enter;jdk/internal/vm/Continuation.enter0;java/lang/VirtualThread$VThreadContinuation$1.run;java/lang/VirtualThread.run;java/lang/Thread.runWith;uk/ac/ncl/jensen/benchmark/VThreadTransitionBenchmark$$Lambda.0x0000788c88029bb0.run;uk/ac/ncl/jensen/benchmark/VThreadTransitionBenchmark.lambda$transition_yield$0;java/lang/Thread.yield;java/lang/VirtualThread.tryYield;java/lang/VirtualThread.yieldContinuation;jdk/internal/vm/Continuation.yield;jdk/internal/vm/Continuation.yield0;jdk/internal/vm/Continuation.doYield 1
java/util/concurrent/ForkJoinWorkerThread.run;java/util/concurrent/ForkJoinPool.runWorker;java/util/concurrent/ForkJoinPool.scan 3
java/util/concurrent/ForkJoinWorkerThread.run;java/util/concurrent/ForkJoinPool.runWorker;java/util/concurrent/ForkJoinPool.scan 10
java/util/concurrent/ForkJoinWorkerThread.run;java/util/concurrent/ForkJoinPool.runWorker;java/util/concurrent/ForkJoinPool.scan;java/util/concurrent/ForkJoinPool$WorkQueue.topLevelExec;java/util/concurrent/ForkJoinTask.doExec;java/util/concurrent/ForkJoinTask$AdaptedRunnableAction.exec;java/lang/VirtualThread$$Lambda.0x0000788c88039ae0.run;java/lang/VirtualThread.runContinuation;java/lang/VirtualThread.afterYield;java/lang/VirtualThread.externalSubmitRunContinuation;java/util/concurrent/ForkJoinPool.externalSubmit;java/util/concurrent/ForkJoinPool.submissionQueue;java/util/concurrent/ForkJoinPool$WorkQueue.getAndSetAccess 8
java/util/concurrent/ForkJoinWorkerThread.run;java/util/concurrent/ForkJoinPool.runWorker;java/util/concurrent/ForkJoinPool.scan;java/util/concurrent/ForkJoinPool$WorkQueue.topLevelExec 5
java/util/concurrent/ForkJoinWorkerThread.run;java/util/concurrent/ForkJoinPool.runWorker;java/util/concurrent/ForkJoinPool.scan;java/util/concurrent/ForkJoinPool$WorkQueue.topLevelExec;java/util/concurrent/ForkJoinTask.doExec;java/util/concurrent/ForkJoinTask$AdaptedRunnableAction.exec;java/lang/VirtualThread$$Lambda.0x0000788c88039ae0.run;java/lang/VirtualThread.runContinuation;jdk/internal/vm/Continuation.run;jdk/internal/vm/Continuation.enterSpecial;jdk/internal/vm/Continuation.enter;jdk/internal/vm/Continuation.enter0;java/lang/VirtualThread$VThreadContinuation$1.run;java/lang/VirtualThread.run;java/lang/Thread.runWith;uk/ac/ncl/jensen/benchmark/VThreadTransitionBenchmark$$Lambda.0x0000788c88029bb0.run;uk/ac/ncl/jensen/benchmark/VThreadTransitionBenchmark.lambda$transition_yield$0;java/lang/Thread.yield;java/lang/VirtualThread.tryYield;java/lang/VirtualThread.yieldContinuation;jdk/internal/vm/Continuation.yield;jdk/internal/vm/Continuation.yield0 2
java/util/concurrent/ForkJoinWorkerThread.run;java/util/concurrent/ForkJoinPool.runWorker;java/util/concurrent/ForkJoinPool.scan;java/util/concurrent/ForkJoinPool$WorkQueue.topLevelExec;java/util/concurrent/ForkJoinTask.doExec;java/util/concurrent/ForkJoinTask$AdaptedRunnableAction.exec;java/lang/VirtualThread$$Lambda.0x0000788c88039ae0.run;java/lang/VirtualThread.runContinuation;jdk/internal/vm/Continuation.run;jdk/internal/vm/Continuation.enterSpecial;jdk/internal/vm/Continuation.enter;jdk/internal/vm/Continuation.enter0;java/lang/VirtualThread$VThreadContinuation$1.run;java/lang/VirtualThread.run;java/lang/Thread.runWith;uk/ac/ncl/jensen/benchmark/VThreadTransitionBenchmark$$Lambda.0x0000788c88029bb0.run;uk/ac/ncl/jensen/benchmark/VThreadTransitionBenchmark.lambda$transition_yield$0;java/lang/Thread.yield;java/lang/VirtualThread.tryYield;java/lang/VirtualThread.yieldContinuation;_notify_jvmti_vthread_mount;SharedRuntime::notify_jvmti_vthread_mount;JvmtiVTMSTransitionDisabler::VTMS_vthread_mount 3
_notify_jvmti_vthread_unmount 1
Cont thaw;long* thaw<Config<(oop_kind)0, G1BarrierSet> > 8
java/util/concurrent/ForkJoinWorkerThread.run;java/util/concurrent/ForkJoinPool.runWorker;java/util/concurrent/ForkJoinPool.scan;java/util/concurrent/ForkJoinPool$WorkQueue.topLevelExec;java/util/concurrent/ForkJoinTask.doExec;java/util/concurrent/ForkJoinTask$AdaptedRunnableAction.exec;java/lang/VirtualThread$$Lambda.0x0000788c88039ae0.run;java/lang/VirtualThread.runContinuation;java/lang/VirtualThread.afterYield;java/lang/VirtualThread.externalSubmitRunContinuation;java/util/concurrent/ForkJoinPool.externalSubmit;java/util/concurrent/ForkJoinPool$WorkQueue.push;java/util/concurrent/ForkJoinPool.signalWork;java/util/concurrent/locks/LockSupport.unpark;jdk/internal/misc/Unsafe.unpark;Unsafe_Unpark;pthread_cond_signal;entry_SYSCALL_64_after_hwframe_[k];do_syscall_64_[k];x64_sys_call_[k];__x64_sys_futex_[k];do_futex_[k];futex_wake_[k];_raw_spin_lock_[k];native_queued_spin_lock_slowpath_[k] 1
java/util/concurrent/ForkJoinWorkerThread.run;java/util/concurrent/ForkJoinPool.runWorker;java/util/concurrent/ForkJoinPool.scan;java/util/concurrent/ForkJoinPool$WorkQueue.topLevelExec;java/util/concurrent/ForkJoinTask.doExec;java/util/concurrent/ForkJoinTask$AdaptedRunnableAction.exec;java/lang/VirtualThread$$Lambda.0x0000788c88039ae0.run;java/lang/VirtualThread.runContinuation;java/lang/VirtualThread.mount;_notify_jvmti_vthread_mount;SharedRuntime::notify_jvmti_vthread_mount;JvmtiVTMSTransitionDisabler::start_VTMS_transition;JNIHandles::resolve_external_guard 1
java/util/concurrent/ForkJoinWorkerThread.run;java/util/concurrent/ForkJoinPool.runWorker 4
java/util/concurrent/ForkJoinWorkerThread.run;java/util/concurrent/ForkJoinPool.runWorker;java/util/concurrent/ForkJoinPool.scan;java/util/concurrent/ForkJoinPool$WorkQueue.topLevelExec;java/util/concurrent/ForkJoinTask.doExec;java/util/concurrent/ForkJoinTask$AdaptedRunnableAction.exec;java/lang/VirtualThread$$Lambda.0x0000788c88039ae0.run;java/lang/VirtualThread.runContinuation;jdk/internal/vm/Continuation.run 1
java/util/concurrent/ForkJoinWorkerThread.run;java/util/concurrent/ForkJoinPool.runWorker;java/util/concurrent/ForkJoinPool.scan;java/util/concurrent/ForkJoinPool$WorkQueue.casSlotToNull 20
java/util/concurrent/ForkJoinWorkerThread.run;java/util/concurrent/ForkJoinPool.runWorker;java/util/concurrent/ForkJoinPool.scan;java/util/concurrent/ForkJoinPool$WorkQueue.topLevelExec;java/util/concurrent/ForkJoinTask.doExec;java/util/concurrent/ForkJoinTask$AdaptedRunnableAction.exec;java/lang/VirtualThread$$Lambda.0x0000788c88039ae0.run;java/lang/VirtualThread.runContinuation;jdk/internal/vm/Continuation.run;jdk/internal/vm/Continuation.enterSpecial;jdk/internal/vm/Continuation.enter;jdk/internal/vm/Continuation.enter0;java/lang/VirtualThread$VThreadContinuation$1.run;java/lang/VirtualThread.run;java/lang/Thread.runWith;uk/ac/ncl/jensen/benchmark/VThreadTransitionBenchmark$$Lambda.0x0000788c88029bb0.run;uk/ac/ncl/jensen/benchmark/VThreadTransitionBenchmark.lambda$transition_yield$0;java/lang/Thread.yield;java/lang/VirtualThread.tryYield;java/lang/VirtualThread.yieldContinuation;_notify_jvmti_vthread_mount;SharedRuntime::notify_jvmti_vthread_mount;JvmtiVTMSTransitionDisabler::VTMS_vthread_mount;JvmtiVTMSTransitionDisabler::VTMS_mount_end;JavaThread::rebind_to_jvmti_thread_state_of;java_lang_Thread::jvmti_thread_state 1
java/util/concurrent/ForkJoinWorkerThread.run;java/util/concurrent/ForkJoinPool.runWorker;java/util/concurrent/ForkJoinPool.awaitWork;java/util/concurrent/locks/LockSupport.park;jdk/internal/misc/Unsafe.park;Unsafe_Park;Parker::park;pthread_cond_wait;/usr/lib/x86_64-linux-gnu/libc.so.6;entry_SYSCALL_64_after_hwframe_[k];do_syscall_64_[k];x64_sys_call_[k];__x64_sys_futex_[k];do_futex_[k];futex_wait_[k];__futex_wait_[k];futex_wait_setup_[k] 3
java/util/concurrent/ForkJoinWorkerThread.run;java/util/concurrent/ForkJoinPool.runWorker;java/util/concurrent/ForkJoinPool.awaitWork;java/util/concurrent/locks/LockSupport.park;jdk/internal/misc/Unsafe.park;Unsafe_Park;Parker::park;pthread_cond_wait;/usr/lib/x86_64-linux-gnu/libc.so.6;entry_SYSCALL_64_after_hwframe_[k];do_syscall_64_[k];x64_sys_call_[k];__x64_sys_futex_[k];do_futex_[k];futex_wait_[k];__futex_wait_[k];futex_wait_setup_[k];__futex_queue_[k];plist_add_[k] 3
java/util/concurrent/ForkJoinWorkerThread.run;java/util/concurrent/ForkJoinPool.runWorker;java/util/concurrent/ForkJoinPool.scan;java/util/concurrent/ForkJoinPool$WorkQueue.topLevelExec;java/util/concurrent/ForkJoinTask.doExec;java/util/concurrent/ForkJoinTask$AdaptedRunnableAction.exec;java/lang/VirtualThread$$Lambda.0x0000788c88039ae0.run;java/lang/VirtualThread.runContinuation;java/lang/VirtualThread.afterYield;java/lang/VirtualThread.externalSubmitRunContinuation;java/util/concurrent/ForkJoinPool.externalSubmit;java/util/concurrent/ForkJoinPool$WorkQueue.push;java/util/concurrent/ForkJoinPool.signalWork;java/util/concurrent/locks/LockSupport.unpark;jdk/internal/misc/Unsafe.unpark;Unsafe_Unpark;pthread_cond_signal;entry_SYSCALL_64_after_hwframe_[k];do_syscall_64_[k];x64_sys_call_[k];__x64_sys_futex_[k];do_futex_[k];futex_wake_[k];wake_up_q_[k];try_to_wake_up_[k] 3
java/util/concurrent/ForkJoinWorkerThread.run;java/util/concurrent/ForkJoinPool.runWorker;java/util/concurrent/ForkJoinPool.scan;java/util/concurrent/ForkJoinPool$WorkQueue.topLevelExec;java/util/concurrent/ForkJoinTask.doExec;java/util/concurrent/ForkJoinTask$AdaptedRunnableAction.exec;java/lang/VirtualThread$$Lambda.0x0000788c88039ae0.run;java/lang/VirtualThread.runContinuation;java/lang/VirtualThread.mount;_notify_jvmti_vthread_mount;SharedRuntime::notify_jvmti_vthread_mount 2
java/util/concurrent/ForkJoinWorkerThread.run;java/util/concurrent/ForkJoinPool.runWorker;java/util/concurrent/ForkJoinPool.awaitWork 21
java/util/concurrent/ForkJoinWorkerThread.run;java/util/concurrent/ForkJoinPool.runWorker;java/util/concurrent/ForkJoinPool.scan;java/util/concurrent/ForkJoinPool$WorkQueue.topLevelExec;java/util/concurrent/ForkJoinTask.doExec;java/util/concurrent/ForkJoinTask$AdaptedRunnableAction.exec;java/lang/VirtualThread$$Lambda.0x0000788c88039ae0.run;java/lang/VirtualThread.runContinuation;java/lang/VirtualThread.state 18
java/util/concurrent/ForkJoinWorkerThread.run;java/util/concurrent/ForkJoinPool.runWorker;java/util/concurrent/ForkJoinPool.scan;java/util/concurrent/ForkJoinPool$WorkQueue.topLevelExec;java/util/concurrent/ForkJoinTask.doExec;java/util/concurrent/ForkJoinTask$AdaptedRunnableAction.exec;java/lang/VirtualThread$$Lambda.0x0000788c88039ae0.run;java/lang/VirtualThread.runContinuation;jdk/internal/vm/Continuation.run;jdk/internal/vm/Continuation.enterSpecial;jdk/internal/vm/Continuation.enter;jdk/internal/vm/Continuation.enter0;java/lang/VirtualThread$VThreadContinuation$1.run;java/lang/VirtualThread.run;java/lang/Thread.runWith;uk/ac/ncl/jensen/benchmark/VThreadTransitionBenchmark$$Lambda.0x0000788c88029bb0.run;uk/ac/ncl/jensen/benchmark/VThreadTransitionBenchmark.lambda$transition_yield$0;java/lang/Thread.yield;java/lang/VirtualThread.tryYield;java/lang/VirtualThread.yieldContinuation;_notify_jvmti_vthread_mount;SharedRuntime::notify_jvmti_vthread_mount;JvmtiVTMSTransitionDisabler::VTMS_vthread_mount;JvmtiVTMSTransitionDisabler::VTMS_mount_end;JavaThread::rebind_to_jvmti_thread_state_of;JvmtiThreadState::set_thread 3
java/util/concurrent/ForkJoinWorkerThread.run;java/util/concurrent/ForkJoinPool.runWorker;java/util/concurrent/ForkJoinPool.scan;java/util/concurrent/ForkJoinPool$WorkQueue.topLevelExec;java/util/concurrent/ForkJoinTask.doExec;java/util/concurrent/ForkJoinTask$AdaptedRunnableAction.exec;java/lang/VirtualThread$$Lambda.0x0000788c88039ae0.run;java/lang/VirtualThread.runContinuation;jdk/internal/vm/Continuation.run;jdk/internal/vm/Continuation.enterSpecial;jdk/internal/vm/Continuation.enter;jdk/internal/vm/Continuation.enter0;java/lang/VirtualThread$VThreadContinuation$1.run;java/lang/VirtualThread.run;java/lang/Thread.runWith;uk/ac/ncl/jensen/benchmark/VThreadTransitionBenchmark$$Lambda.0x0000788c88029bb0.run;uk/ac/ncl/jensen/benchmark/VThreadTransitionBenchmark.lambda$transition_yield$0;java/lang/Thread.yield;java/lang/VirtualThread.tryYield;java/lang/VirtualThread.yieldContinuation;jdk/internal/vm/Continuation.yield;jdk/internal/vm/Continuation.yield0 1
java/util/concurrent/ForkJoinWorkerThread.run;java/util/concurrent/ForkJoinPool.runWorker;java/util/concurrent/ForkJoinPool.awaitWork;java/util/concurrent/locks/LockSupport.park;jdk/internal/misc/Unsafe.park;Unsafe_Park;Parker::park;pthread_cond_wait;/usr/lib/x86_64-linux-gnu/libc.so.6;entry_SYSCALL_64_after_hwframe_[k];do_syscall_64_[k];x64_sys_call_[k];__x64_sys_futex_[k];do_futex_[k];futex_wait_[k];__futex_wait_[k];futex_wait_setup_[k];futex_hash_[k] 5
java/util/concurrent/ForkJoinWorkerThread.run;java/util/concurrent/ForkJoinPool.runWorker;java/util/concurrent/ForkJoinPool.scan;java/util/concurrent/ForkJoinPool$WorkQueue.topLevelExec;java/util/concurrent/ForkJoinPool$WorkQueue.tryPoll;java/util/concurrent/ForkJoinPool$WorkQueue.casSlotToNull 2
java/util/concurrent/ForkJoinWorkerThread.run;java/util/concurrent/ForkJoinPool.runWorker;java/util/concurrent/ForkJoinPool.scan 167
java/util/concurrent/ForkJoinWorkerThread.run;java/util/concurrent/ForkJoinPool.runWorker;java/util/concurrent/ForkJoinPool.scan;java/util/concurrent/ForkJoinPool$WorkQueue.topLevelExec;java/util/concurrent/ForkJoinTask.doExec;java/util/concurrent/ForkJoinTask$AdaptedRunnableAction.exec;java/lang/VirtualThread$$Lambda.0x0000788c88039ae0.run;java/lang/VirtualThread.runContinuation;jdk/internal/vm/Continuation.run;jdk/internal/vm/Continuation.enterSpecial;jdk/internal/vm/Continuation.enter;jdk/internal/vm/Continuation.enter0;java/lang/VirtualThread$VThreadContinuation$1.run;java/lang/VirtualThread.run;java/lang/Thread.runWith;uk/ac/ncl/jensen/benchmark/VThreadTransitionBenchmark$$Lambda.0x0000788c88029bb0.run;uk/ac/ncl/jensen/benchmark/VThreadTransitionBenchmark.lambda$transition_yield$0;java/lang/Thread.yield;java/lang/VirtualThread.tryYield;java/lang/VirtualThread.yieldContinuation;jdk/internal/vm/Continuation.yield;jdk/internal/vm/Continuation.yield0 3
java/util/concurrent/ForkJoinWorkerThread.run;java/util/concurrent/ForkJoinPool.runWorker;java/util/concurrent/ForkJoinPool.scan;java/util/concurrent/ForkJoinPool$WorkQueue.topLevelExec;java/util/concurrent/ForkJoinTask.doExec;java/util/concurrent/ForkJoinTask$AdaptedRunnableAction.exec;java/lang/VirtualThread$$Lambda.0x0000788c88039ae0.run;java/lang/VirtualThread.runContinuation;jdk/internal/vm/Continuation.run;jdk/internal/vm/Continuation.enterSpecial;jdk/internal/vm/Continuation.enter;jdk/internal/vm/Continuation.enter0;java/lang/VirtualThread$VThreadContinuation$1.run;java/lang/VirtualThread.run;java/lang/Thread.runWith;uk/ac/ncl/jensen/benchmark/VThreadTransitionBenchmark$$Lambda.0x0000788c88029bb0.run;uk/ac/ncl/jensen/benchmark/VThreadTransitionBenchmark.lambda$transition_yield$0;java/lang/Thread.yield;java/lang/VirtualThread.tryYield;java/lang/VirtualThread.setState 3
java/util/concurrent/ForkJoinWorkerThread.run;java/util/concurrent/ForkJoinPool.runWorker;java/util/concurrent/ForkJoinPool.scan 12
java/util/concurrent/ForkJoinWorkerThread.run;java/util/concurrent/ForkJoinPool.runWorker;java/util/concurrent/ForkJoinPool.scan;java/util/concurrent/ForkJoinPool$WorkQueue.topLevelExec;java/util/concurrent/ForkJoinTask.doExec;java/util/concurrent/ForkJoinTask$AdaptedRunnableAction.exec;java/lang/VirtualThread$$Lambda.0x0000788c88039ae0.run;java/lang/VirtualThread.runContinuation;java/lang/VirtualThread.afterYield 2
java/util/concurrent/ForkJoinWorkerThread.run;java/util/concurrent/ForkJoinPool.runWorker;java/util/concurrent/ForkJoinPool.awaitWork;java/util/concurrent/locks/LockSupport.park;jdk/internal/misc/Unsafe.park;Unsafe_Park;Parker::park;pthread_cond_wait;/usr/lib/x86_64-linux-gnu/libc.so.6;entry_SYSCALL_64_after_hwframe_[k];do_syscall_64_[k];x64_sys_call_[k];__x64_sys_futex_[k];do_futex_[k];futex_wait_[k];__futex_wait_[k];futex_do_wait_[k];schedule_[k] 4
java/util/concurrent/ForkJoinWorkerThread.run;java/util/concurrent/ForkJoinPool.runWorker;java/util/concurrent/ForkJoinPool.scan;java/util/concurrent/ForkJoinPool$WorkQueue.topLevelExec;java/util/concurrent/ForkJoinTask.doExec;java/util/concurrent/ForkJoinTask$AdaptedRunnableAction.exec;java/lang/VirtualThread$$Lambda.0x0000788c88039ae0.run;java/lang/VirtualThread.runContinuation;java/lang/VirtualThread.afterYield;java/lang/VirtualThread.externalSubmitRunContinuation;java/util/concurrent/ForkJoinPool.externalSubmit;java/util/concurrent/ForkJoinPool$WorkQueue.push;java/util/concurrent/ForkJoinPool.signalWork;java/util/concurrent/locks/LockSupport.unpark;jdk/internal/misc/Unsafe.unpark;Unsafe_Unpark;pthread_cond_signal;entry_SYSCALL_64_after_hwframe_[k];do_syscall_64_[k];x64_sys_call_[k];__x64_sys_futex_[k];do_futex_[k];futex_wake_[k];futex_wake_mark_[k];__futex_unqueue_[k] 1
java/util/concurrent/ForkJoinWorkerThread.run;java/util/concurrent/ForkJoinPool.runWorker;java/util/concurrent/ForkJoinPool.awaitWork 371
java/util/concurrent/ForkJoinWorkerThread.run;java/util/concurrent/ForkJoinPool.runWorker;java/util/concurrent/ForkJoinPool.scan;java/util/concurrent/ForkJoinPool$WorkQueue.topLevelExec;java/util/concurrent/ForkJoinTask.doExec;java/util/concurrent/ForkJoinTask$AdaptedRunnableAction.exec;java/lang/VirtualThread$$Lambda.0x0000788c88039ae0.run;java/lang/VirtualThread.runContinuation;jdk/internal/vm/Continuation.run 1
java/util/concurrent/ForkJoinWorkerThread.run;java/util/concurrent/ForkJoinPool.runWorker;java/util/concurrent/ForkJoinPool.scan;java/util/concurrent/ForkJoinPool$WorkQueue.topLevelExec;java/util/concurrent/ForkJoinTask.doExec;java/util/concurrent/ForkJoinTask$AdaptedRunnableAction.exec;java/lang/VirtualThread$$Lambda.0x0000788c88039ae0.run;java/lang/VirtualThread.runContinuation;jdk/internal/vm/Continuation.run;jdk/internal/vm/Continuation.enterSpecial;jdk/internal/vm/Continuation.enter;jdk/internal/vm/Continuation.enter0;java/lang/VirtualThread$VThreadContinuation$1.run;java/lang/VirtualThread.run;java/lang/Thread.runWith;uk/ac/ncl/jensen/benchmark/VThreadTransitionBenchmark$$Lambda.0x0000788c88029bb0.run;uk/ac/ncl/jensen/benchmark/VThreadTransitionBenchmark.lambda$transition_yield$0;java/lang/Thread.yield;java/lang/VirtualThread.tryYield;java/lang/VirtualThread.yieldContinuation;_notify_jvmti_vthread_mount;SharedRuntime::notify_jvmti_vthread_mount;JvmtiVTMSTransitionDisabler::VTMS_vthread_mount;JvmtiVTMSTransitionDisabler::VTMS_mount_end;__pthread_mutex_unlock 5
java/util/concurrent/ForkJoinWorkerThread.run;java/util/concurrent/ForkJoinPool.runWorker;java/util/concurrent/ForkJoinPool.scan;java/util/concurrent/ForkJoinPool$WorkQueue.topLevelExec;java/util/concurrent/ForkJoinTask.doExec;java/util/concurrent/ForkJoinTask$AdaptedRunnableAction.exec;java/lang/VirtualThread$$Lambda.0x0000788c88039ae0.run;java/lang/VirtualThread.runContinuation;java/lang/VirtualThread.afterYield;java/lang/VirtualThread.externalSubmitRunContinuation;java/util/concurrent/ForkJoinTask.adapt;asm_exc_page_fault_[k];exc_page_fault_[k];do_user_addr_fault_[k];handle_mm_fault_[k];__handle_mm_fault_[k];handle_pte_fault_[k];do_anonymous_page_[k];alloc_anon_folio_[k];__mem_cgroup_charge_[k];charge_memcg_[k];memcg1_commit_charge_[k] 1
java/util/concurrent/ForkJoinWorkerThread.run;java/util/concurrent/ForkJoinPool.runWorker;java/util/concurrent/ForkJoinPool.awaitWork;java/util/concurrent/locks/LockSupport.park;jdk/internal/misc/Unsafe.park;Unsafe_Park;Parker::park 12
java/util/concurrent/ForkJoinWorkerThread.run;java/util/concurrent/ForkJoinPool.runWorker;java/util/concurrent/ForkJoinPool.awaitWork;java/util/concurrent/locks/LockSupport.park;jdk/internal/misc/Unsafe.park;Unsafe_Park;Parker::park;__pthread_mutex_unlock;/usr/lib/x86_64-linux-gnu/libc.so.6;entry_SYSCALL_64_after_hwframe_[k];do_syscall_64_[k];x64_sys_call_[k];__x64_sys_futex_[k];do_futex_[k];futex_wake_[k];futex_hash_[k];futex_ref_get_[k] 1
java/util/concurrent/ForkJoinWorkerThread.run;java/util/concurrent/ForkJoinPool.runWorker;java/util/concurrent/ForkJoinPool.scan;java/util/concurrent/ForkJoinPool$WorkQueue.topLevelExec;java/util/concurrent/ForkJoinTask.doExec;java/util/concurrent/ForkJoinTask$AdaptedRunnableAction.exec;java/lang/VirtualThread$$Lambda.0x0000788c88039ae0.run;java/lang/VirtualThread.runContinuation;java/lang/VirtualThread.afterYield;java/lang/VirtualThread.externalSubmitRunContinuation;java/util/concurrent/ForkJoinPool.externalSubmit;java/util/concurrent/ForkJoinPool$WorkQueue.push;java/util/concurrent/ForkJoinPool.signalWork;java/util/concurrent/locks/LockSupport.unpark;jdk/internal/misc/Unsafe.unpark;Unsafe_Unpark;pthread_cond_signal;entry_SYSCALL_64_after_hwframe_[k];do_syscall_64_[k];x64_sys_call_[k];__x64_sys_futex_[k];do_futex_[k];futex_wake_[k];futex_hash_[k] 7
java/util/concurrent/ForkJoinWorkerThread.run;java/util/concurrent/ForkJoinPool.runWorker;java/util/concurrent/ForkJoinPool.scan;java/util/concurrent/ForkJoinPool$WorkQueue.topLevelExec;java/util/concurrent/ForkJoinTask.doExec;java/util/concurrent/ForkJoinTask$AdaptedRunnableAction.exec;java/lang/VirtualThread$$Lambda.0x0000788c88039ae0.run;java/lang/VirtualThread.runContinuation;jdk/internal/vm/Continuation.run;jdk/internal/vm/Continuation.enterSpecial;jdk/internal/vm/Continuation.enter;jdk/internal/vm/Continuation.enter0;java/lang/VirtualThread$VThreadContinuation$1.run;java/lang/VirtualThread.run;java/lang/Thread.runWith;uk/ac/ncl/jensen/benchmark/VThreadTransitionBenchmark$$Lambda.0x0000788c88029bb0.run;uk/ac/ncl/jensen/benchmark/VThreadTransitionBenchmark.lambda$transition_yield$0;java/lang/Thread.yield;java/lang/VirtualThread.tryYield;java/lang/VirtualThread.yieldContinuation;jdk/internal/vm/Continuation.yield;jdk/internal/vm/Continuation.yield0;jdk/internal/vm/Continuation.doYield;int freeze<Config<(oop_kind)0, G1BarrierSet> >;G1CollectedHeap::requires_barriers 1
java/util/concurrent/ForkJoinWorkerThread.run;java/util/concurrent/ForkJoinPool.runWorker;java/util/concurrent/ForkJoinPool.scan;java/util/concurrent/ForkJoinPool$WorkQueue.topLevelExec;java/util/concurrent/ForkJoinTask.doExec;java/util/concurrent/ForkJoinTask$AdaptedRunnableAction.exec;java/lang/VirtualThread$$Lambda.0x0000788c88039ae0.run;java/lang/VirtualThread.runContinuation;jdk/internal/vm/Continuation.run;jdk/internal/vm/Continuation.enterSpecial;jdk/internal/vm/Continuation.enter;jdk/internal/vm/Continuation.enter0;java/lang/VirtualThread$VThreadContinuation$1.run;java/lang/VirtualThread.run;java/lang/Thread.runWith;uk/ac/ncl/jensen/benchmark/VThreadTransitionBenchmark$$Lambda.0x0000788c88029bb0.run;uk/ac/ncl/jensen/benchmark/VThreadTransitionBenchmark.lambda$transition_yield$0;java/lang/Thread.yield;java/lang/VirtualThread.tryYield;java/lang/VirtualThread.yieldContinuation;_notify_jvmti_vthread_unmount;SharedRuntime::notify_jvmti_vthread_unmount;JavaThread::rebind_to_jvmti_thread_state_of;Continuation::set_cont_fastpath_thread_state 1
java/util/concurrent/ForkJoinWorkerThread.run;java/util/concurrent/ForkJoinPool.runWorker;java/util/concurrent/ForkJoinPool.scan;java/util/concurrent/ForkJoinPool$WorkQueue.topLevelExec;java/util/concurrent/ForkJoinTask.doExec;java/util/concurrent/ForkJoinTask$AdaptedRunnableAction.exec;java/lang/VirtualThread$$Lambda.0x0000788c88039ae0.run;java/lang/VirtualThread.runContinuation;java/lang/VirtualThread.mount 1
java/util/concurrent/ForkJoinWorkerThread.run;java/util/concurrent/ForkJoinPool.runWorker;java/util/concurrent/ForkJoinPool.scan;java/util/concurrent/ForkJoinPool$WorkQueue.topLevelExec;java/util/concurrent/ForkJoinTask.doExec;java/util/concurrent/ForkJoinTask$AdaptedRunnableAction.exec;java/lang/VirtualThread$$Lambda.0x0000788c88039ae0.run;java/lang/VirtualThread.runContinuation;jdk/internal/vm/Continuation.run;jdk/internal/vm/Continuation.enterSpecial;jdk/internal/vm/Continuation.enter;jdk/internal/vm/Continuation.enter0;java/lang/VirtualThread$VThreadContinuation$1.run;java/lang/VirtualThread.run;java/lang/Thread.runWith;uk/ac/ncl/jensen/benchmark/VThreadTransitionBenchmark$$Lambda.0x0000788c88029bb0.run;uk/ac/ncl/jensen/benchmark/VThreadTransitionBenchmark.lambda$transition_yield$0;java/lang/Thread.yield;java/lang/VirtualThread.tryYield;java/lang/VirtualThread.yieldContinuation;jdk/internal/vm/Continuation.yield;java/lang/System$2.getContinuation;java/lang/Thread.getContinuation 7
java/util/concurrent/ForkJoinWorkerThread.run;java/util/concurrent/ForkJoinPool.runWorker;java/util/concurrent/ForkJoinPool.scan;java/util/concurrent/ForkJoinPool$WorkQueue.topLevelExec;java/util/concurrent/ForkJoinTask.doExec;java/util/concurrent/ForkJoinTask$AdaptedRunnableAction.exec;java/lang/VirtualThread$$Lambda.0x0000788c88039ae0.run;java/lang/VirtualThread.runContinuation;java/lang/VirtualThread.afterYield;java/lang/VirtualThread.externalSubmitRunContinuation;java/util/concurrent/ForkJoinPool.externalSubmit;java/util/concurrent/ForkJoinPool$WorkQueue.push;java/util/concurrent/ForkJoinPool.signalWork 17
java/util/concurrent/ForkJoinWorkerThread.run;java/util/concurrent/ForkJoinPool.runWorker;java/util/concurrent/ForkJoinPool.scan;java/util/concurrent/ForkJoinPool$WorkQueue.topLevelExec;java/util/concurrent/ForkJoinTask.doExec;java/util/concurrent/ForkJoinTask$AdaptedRunnableAction.exec;java/lang/VirtualThread$$Lambda.0x0000788c88039ae0.run;java/lang/VirtualThread.runContinuation;java/lang/VirtualThread.afterYield;java/lang/VirtualThread.externalSubmitRunContinuation;java/util/concurrent/ForkJoinPool.externalSubmit;java/util/concurrent/ForkJoinPool$WorkQueue.push;java/util/concurrent/ForkJoinPool.signalWork;java/util/concurrent/locks/LockSupport.unpark;jdk/internal/misc/Unsafe.unpark;Unsafe_Unpark;pthread_cond_signal 3
java/util/concurrent/ForkJoinWorkerThread.run;java/util/concurrent/ForkJoinPool.runWorker;java/util/concurrent/ForkJoinPool.scan;java/util/concurrent/ForkJoinPool$WorkQueue.topLevelExec;java/util/concurrent/ForkJoinTask.doExec;java/util/concurrent/ForkJoinTask$AdaptedRunnableAction.exec;java/lang/VirtualThread$$Lambda.0x0000788c88039ae0.run;java/lang/VirtualThread.runContinuation;jdk/internal/vm/Continuation.run;jdk/internal/vm/Continuation.enterSpecial;int freeze<Config<(oop_kind)0, G1BarrierSet> >;SafepointMechanism::update_poll_values 5
java/util/concurrent/ForkJoinWorkerThread.run;java/util/concurrent/ForkJoinPool.runWorker;java/util/concurrent/ForkJoinPool.scan;java/util/concurrent/ForkJoinPool$WorkQueue.topLevelExec;java/util/concurrent/ForkJoinTask.doExec;java/util/concurrent/ForkJoinTask$AdaptedRunnableAction.exec;java/lang/VirtualThread$$Lambda.0x0000788c88039ae0.run;java/lang/VirtualThread.runContinuation;jdk/internal/vm/Continuation.run;jdk/internal/vm/Continuation.enterSpecial;int freeze<Config<(oop_kind)0, G1BarrierSet> >;FreezeBase::freeze_fast_copy;/usr/lib/x86_64-linux-gnu/libc.so.6 3
java/util/concurrent/ForkJoinWorkerThread.run;java/util/concurrent/ForkJoinPool.runWorker;java/util/concurrent/ForkJoinPool.scan;java/util/concurrent/ForkJoinPool$WorkQueue.topLevelExec;java/util/concurrent/ForkJoinTask.doExec;java/util/concurrent/ForkJoinTask$AdaptedRunnableAction.exec;java/lang/VirtualThread$$Lambda.0x0000788c88039ae0.run;java/lang/VirtualThread.runContinuation;java/lang/VirtualThread.afterYield;java/lang/VirtualThread.externalSubmitRunContinuation;java/util/concurrent/ForkJoinPool.externalSubmit;java/util/concurrent/ForkJoinPool$WorkQueue.push;java/util/concurrent/ForkJoinPool.signalWork;java/util/concurrent/locks/LockSupport.unpark;jdk/internal/misc/Unsafe.unpark;Unsafe_Unpark;pthread_cond_signal;entry_SYSCALL_64_after_hwframe_[k];do_syscall_64_[k];x64_sys_call_[k];__x64_sys_futex_[k];do_futex_[k];futex_wake_[k] 22
java/util/concurrent/ForkJoinWorkerThread.run;java/util/concurrent/ForkJoinPool.runWorker;java/util/concurrent/ForkJoinPool.scan;java/util/concurrent/ForkJoinPool$WorkQueue.topLevelExec;java/util/concurrent/ForkJoinTask.doExec;java/util/concurrent/ForkJoinTask$AdaptedRunnableAction.exec;java/lang/VirtualThread$$Lambda.0x0000788c88039ae0.run;java/lang/VirtualThread.runContinuation;jdk/internal/vm/Continuation.run;jdk/internal/vm/Continuation.enterSpecial;jdk/internal/vm/Continuation.enter;jdk/internal/vm/Continuation.enter0;java/lang/VirtualThread$VThreadContinuation$1.run;java/lang/VirtualThread.run;java/lang/Thread.runWith;uk/ac/ncl/jensen/benchmark/VThreadTransitionBenchmark$$Lambda.0x0000788c88029bb0.run;uk/ac/ncl/jensen/benchmark/VThreadTransitionBenchmark.lambda$transition_yield$0;java/lang/Thread.yield;java/lang/VirtualThread.tryYield;java/lang/VirtualThread.yieldContinuation;_notify_jvmti_vthread_unmount;SharedRuntime::notify_jvmti_vthread_unmount 3
java/util/concurrent/ForkJoinWorkerThread.run;java/util/concurrent/ForkJoinPool.runWorker;java/util/concurrent/ForkJoinPool.scan;java/util/concurrent/ForkJoinPool$WorkQueue.topLevelExec;java/util/concurrent/ForkJoinTask.doExec;java/util/concurrent/ForkJoinTask$AdaptedRunnableAction.exec;java/lang/VirtualThread$$Lambda.0x0000788c88039ae0.run;java/lang/VirtualThread.runContinuation;jdk/internal/vm/Continuation.run;jdk/internal/vm/Continuation.enterSpecial;jdk/internal/vm/Continuation.enter;jdk/internal/vm/Continuation.enter0;java/lang/VirtualThread$VThreadContinuation$1.run;java/lang/VirtualThread.run;java/lang/Thread.runWith;uk/ac/ncl/jensen/benchmark/VThreadTransitionBenchmark$$Lambda.0x0000788c88029bb0.run;uk/ac/ncl/jensen/benchmark/VThreadTransitionBenchmark.lambda$transition_yield$0;java/lang/Thread.yield;java/lang/VirtualThread.tryYield;java/lang/VirtualThread.yieldContinuation;jdk/internal/vm/Continuation.yield;jdk/internal/vm/Continuation.yield0;jdk/internal/vm/Continuation.doYield;int freeze<Config<(oop_kind)0, G1BarrierSet> >;FreezeBase::freeze_fast_existing_chunk 1
java/util/concurrent/ForkJoinWorkerThread.run;java/util/concurrent/ForkJoinPool.runWorker;java/util/concurrent/ForkJoinPool.scan;java/util/concurrent/ForkJoinPool$WorkQueue.topLevelExec;java/util/concurrent/ForkJoinPool$WorkQueue.tryPoll 3
java/util/concurrent/ForkJoinWorkerThread.run;java/util/concurrent/ForkJoinPool.runWorker;java/util/concurrent/ForkJoinPool.scan;java/util/concurrent/ForkJoinPool$WorkQueue.topLevelExec;java/util/concurrent/ForkJoinTask.doExec;java/util/concurrent/ForkJoinTask$AdaptedRunnableAction.exec;java/lang/VirtualThread$$Lambda.0x0000788c88039ae0.run;java/lang/VirtualThread.runContinuation;java/lang/VirtualThread.afterYield;java/lang/VirtualThread.externalSubmitRunContinuation;java/util/concurrent/ForkJoinPool.externalSubmit;java/util/concurrent/ForkJoinPool$WorkQueue.push 1
java/util/concurrent/ForkJoinWorkerThread.run;java/util/concurrent/ForkJoinPool.runWorker;java/util/concurrent/ForkJoinPool.scan;java/util/concurrent/ForkJoinPool$WorkQueue.topLevelExec;java/util/concurrent/ForkJoinTask.doExec;java/util/concurrent/ForkJoinTask$AdaptedRunnableAction.exec;java/lang/VirtualThread$$Lambda.0x0000788c88039ae0.run;java/lang/VirtualThread.runContinuation;java/lang/VirtualThread.afterYield;java/lang/VirtualThread.externalSubmitRunContinuation;java/util/concurrent/ForkJoinPool.externalSubmit;java/util/concurrent/ForkJoinPool$WorkQueue.push;java/util/concurrent/ForkJoinPool.signalWork 1
java/util/concurrent/ForkJoinWorkerThread.run;java/util/concurrent/ForkJoinPool.runWorker;java/util/concurrent/ForkJoinPool.scan;java/util/concurrent/ForkJoinPool$WorkQueue.topLevelExec;java/util/concurrent/ForkJoinTask.doExec;java/util/concurrent/ForkJoinTask$AdaptedRunnableAction.exec;java/lang/VirtualThread$$Lambda.0x0000788c88039ae0.run;java/lang/VirtualThread.runContinuation;jdk/internal/vm/Continuation.run;jdk/internal/vm/Continuation.enterSpecial;jdk/internal/vm/Continuation.enter;jdk/internal/vm/Continuation.enter0;java/lang/VirtualThread$VThreadContinuation$1.run;java/lang/VirtualThread.run;java/lang/Thread.runWith;uk/ac/ncl/jensen/benchmark/VThreadTransitionBenchmark$$Lambda.0x0000788c88029bb0.run;uk/ac/ncl/jensen/benchmark/VThreadTransitionBenchmark.lambda$transition_yield$0;java/lang/Thread.yield;java/lang/VirtualThread.tryYield;java/lang/VirtualThread.yieldContinuation;_notify_jvmti_vthread_unmount;SharedRuntime::notify_jvmti_vthread_unmount;JavaThread::rebind_to_jvmti_thread_state_of;JvmtiThreadState::set_thread 1
java/util/concurrent/ForkJoinWorkerThread.run;java/util/concurrent/ForkJoinPool.runWorker;java/util/concurrent/ForkJoinPool.awaitWork;java/util/concurrent/locks/LockSupport.park;jdk/internal/misc/Unsafe.park;Unsafe_Park 5
java/util/concurrent/ForkJoinWorkerThread.run;java/util/concurrent/ForkJoinPool.runWorker;java/util/concurrent/ForkJoinPool.scan;java/util/concurrent/ForkJoinPool$WorkQueue.topLevelExec;java/util/concurrent/ForkJoinTask.doExec;java/util/concurrent/ForkJoinTask$AdaptedRunnableAction.exec;java/lang/VirtualThread$$Lambda.0x0000788c88039ae0.run;java/lang/VirtualThread.runContinuation;jdk/internal/vm/Continuation.run;jdk/internal/vm/Continuation.mount;jdk/internal/vm/Continuation.compareAndSetMounted;jdk/internal/misc/Unsafe.compareAndSetBoolean 7
java/util/concurrent/ForkJoinWorkerThread.run;java/util/concurrent/ForkJoinPool.runWorker;java/util/concurrent/ForkJoinPool.scan 1
java/util/concurrent/ForkJoinWorkerThread.run;java/util/concurrent/ForkJoinPool.runWorker;java/util/concurrent/ForkJoinPool.awaitWork;java/util/concurrent/locks/LockSupport.park;jdk/internal/misc/Unsafe.park 5
java/util/concurrent/ForkJoinWorkerThread.run;java/util/concurrent/ForkJoinPool.runWorker;java/util/concurrent/ForkJoinPool.awaitWork;java/util/concurrent/locks/LockSupport.park;jdk/internal/misc/Unsafe.park;Unsafe_Park;Parker::park;pthread_cond_wait 3
java/util/concurrent/ForkJoinWorkerThread.run;java/util/concurrent/ForkJoinPool.runWorker;java/util/concurrent/ForkJoinPool.awaitWork;java/util/concurrent/locks/LockSupport.park;jdk/internal/misc/Unsafe.park;Unsafe_Park;Parker::park;pthread_cond_wait;/usr/lib/x86_64-linux-gnu/libc.so.6;entry_SYSCALL_64_after_hwframe_[k];do_syscall_64_[k];x64_sys_call_[k];__x64_sys_futex_[k];do_futex_[k];futex_wait_[k];__futex_wait_[k];futex_wait_setup_[k];futex_ref_get_[k] 1
java/util/concurrent/ForkJoinWorkerThread.run;java/util/concurrent/ForkJoinPool.runWorker;java/util/concurrent/ForkJoinPool.scan;java/util/concurrent/ForkJoinPool$WorkQueue.topLevelExec;java/util/concurrent/ForkJoinTask.doExec;java/util/concurrent/ForkJoinTask$AdaptedRunnableAction.exec;java/lang/VirtualThread$$Lambda.0x0000788c88039ae0.run;java/lang/VirtualThread.runContinuation;java/lang/VirtualThread.afterYield;java/lang/VirtualThread.externalSubmitRunContinuation;java/util/concurrent/ForkJoinTask.adapt;asm_exc_page_fault_[k];exc_page_fault_[k];do_user_addr_fault_[k];handle_mm_fault_[k];__handle_mm_fault_[k];handle_pte_fault_[k];do_anonymous_page_[k];alloc_anon_folio_[k];__mem_cgroup_charge_[k];get_mem_cgroup_from_mm_[k] 1
java/util/concurrent/ForkJoinWorkerThread.run;java/util/concurrent/ForkJoinPool.runWorker;java/util/concurrent/ForkJoinPool.scan 60
java/util/concurrent/ForkJoinWorkerThread.run;java/util/concurrent/ForkJoinPool.runWorker;java/util/concurrent/ForkJoinPool.scan 2
java/util/concurrent/ForkJoinWorkerThread.run;java/util/concurrent/ForkJoinPool.runWorker;java/util/concurrent/ForkJoinPool.scan;java/util/concurrent/ForkJoinPool$WorkQueue.topLevelExec;java/util/concurrent/ForkJoinTask.doExec;java/util/concurrent/ForkJoinTask$AdaptedRunnableAction.exec;java/lang/VirtualThread$$Lambda.0x0000788c88039ae0.run;java/lang/VirtualThread.runContinuation;jdk/internal/vm/Continuation.run;jdk/internal/vm/Continuation.enterSpecial;jdk/internal/vm/Continuation.enter;jdk/internal/vm/Continuation.enter0;java/lang/VirtualThread$VThreadContinuation$1.run;java/lang/VirtualThread.run;java/lang/Thread.runWith;uk/ac/ncl/jensen/benchmark/VThreadTransitionBenchmark$$Lambda.0x0000788c88029bb0.run;uk/ac/ncl/jensen/benchmark/VThreadTransitionBenchmark.lambda$transition_yield$0;java/lang/Thread.yield;java/lang/VirtualThread.tryYield;java/lang/VirtualThread.yieldContinuation;_notify_jvmti_vthread_mount;SharedRuntime::notify_jvmti_vthread_mount;JNIHandleBlock::allocate_handle 4
java/util/concurrent/ForkJoinWorkerThread.run;java/util/concurrent/ForkJoinPool.runWorker;java/util/concurrent/ForkJoinPool.scan;java/util/concurrent/ForkJoinPool$WorkQueue.topLevelExec;java/util/concurrent/ForkJoinTask.doExec;java/util/concurrent/ForkJoinTask$AdaptedRunnableAction.exec;java/lang/VirtualThread$$Lambda.0x0000788c88039ae0.run;java/lang/VirtualThread.runContinuation;java/lang/VirtualThread.afterYield;java/lang/VirtualThread.externalSubmitRunContinuation;java/util/concurrent/ForkJoinPool.externalSubmit;java/util/concurrent/ForkJoinPool$WorkQueue.push;java/util/concurrent/ForkJoinPool$WorkQueue.getAndSetAccess 73
java/util/concurrent/ForkJoinWorkerThread.run;java/util/concurrent/ForkJoinPool.runWorker;java/util/concurrent/ForkJoinPool.awaitWork;java/util/concurrent/locks/LockSupport.park;jdk/internal/misc/Unsafe.park;Unsafe_Park;Parker::park;pthread_cond_wait;/usr/lib/x86_64-linux-gnu/libc.so.6;entry_SYSCALL_64_after_hwframe_[k];do_syscall_64_[k];x64_sys_call_[k];__x64_sys_futex_[k];do_futex_[k] 2
java/util/concurrent/ForkJoinWorkerThread.run;java/util/concurrent/ForkJoinPool.runWorker;java/util/concurrent/ForkJoinPool.scan 68
Cont thaw;Continuation::prepare_thaw 30
java/util/concurrent/ForkJoinWorkerThread.run;java/util/concurrent/ForkJoinPool.runWorker;java/util/concurrent/ForkJoinPool.scan;java/util/concurrent/ForkJoinPool$WorkQueue.topLevelExec;java/util/concurrent/ForkJoinTask.doExec;java/util/concurrent/ForkJoinTask$AdaptedRunnableAction.exec;java/lang/VirtualThread$$Lambda.0x0000788c88039ae0.run;java/lang/VirtualThread.runContinuation;jdk/internal/vm/Continuation.run;jdk/internal/vm/Continuation.enterSpecial;int freeze<Config<(oop_kind)0, G1BarrierSet> >;FreezeBase::freeze_fast_copy 1
java/util/concurrent/ForkJoinWorkerThread.run;java/util/concurrent/ForkJoinPool.runWorker;java/util/concurrent/ForkJoinPool.scan;java/util/concurrent/ForkJoinPool$WorkQueue.topLevelExec;java/util/concurrent/ForkJoinTask.doExec;java/util/concurrent/ForkJoinTask$AdaptedRunnableAction.exec;java/lang/VirtualThread$$Lambda.0x0000788c88039ae0.run;java/lang/VirtualThread.runContinuation;java/lang/VirtualThread.afterYield;java/lang/VirtualThread.externalSubmitRunContinuation;java/util/concurrent/ForkJoinPool.externalSubmit;java/util/concurrent/ForkJoinPool$WorkQueue.push;java/util/concurrent/ForkJoinPool.signalWork 2
java/util/concurrent/ForkJoinWorkerThread.run;java/util/concurrent/ForkJoinPool.runWorker;java/util/concurrent/ForkJoinPool.scan;java/util/concurrent/ForkJoinPool$WorkQueue.topLevelExec;java/util/concurrent/ForkJoinTask.doExec;java/util/concurrent/ForkJoinTask$AdaptedRunnableAction.exec;java/lang/VirtualThread$$Lambda.0x0000788c88039ae0.run;java/lang/VirtualThread.runContinuation;java/lang/VirtualThread.unmount;_notify_jvmti_vthread_unmount;SharedRuntime::notify_jvmti_vthread_unmount;JNIHandleBlock::allocate_handle 1
java/util/concurrent/ForkJoinWorkerThread.run;java/util/concurrent/ForkJoinPool.runWorker;java/util/concurrent/ForkJoinPool.scan;java/util/concurrent/ForkJoinPool$WorkQueue.topLevelExec;java/util/concurrent/ForkJoinTask.doExec;java/util/concurrent/ForkJoinTask$AdaptedRunnableAction.exec;java/lang/VirtualThread$$Lambda.0x0000788c88039ae0.run;java/lang/VirtualThread.runContinuation;java/lang/VirtualThread.afterYield;java/lang/VirtualThread.externalSubmitRunContinuation;java/util/concurrent/ForkJoinPool.externalSubmit;java/util/concurrent/ForkJoinPool$WorkQueue.push;java/util/concurrent/ForkJoinPool.signalWork;java/util/concurrent/locks/LockSupport.unpark;jdk/internal/misc/Unsafe.unpark;Unsafe_Unpark;oopDesc::address_field_acquire 1
java/util/concurrent/ForkJoinWorkerThread.run;java/util/concurrent/ForkJoinPool.runWorker;java/util/concurrent/ForkJoinPool.scan;java/util/concurrent/ForkJoinPool$WorkQueue.topLevelExec;java/util/concurrent/ForkJoinTask.doExec;java/util/concurrent/ForkJoinTask$AdaptedRunnableAction.exec;java/lang/VirtualThread$$Lambda.0x0000788c88039ae0.run;java/lang/VirtualThread.runContinuation;java/lang/VirtualThread.afterYield;java/lang/VirtualThread.externalSubmitRunContinuation;java/util/concurrent/ForkJoinPool.externalSubmit;java/util/concurrent/ForkJoinPool$WorkQueue.push;java/util/concurrent/ForkJoinPool.signalWork;java/util/concurrent/locks/LockSupport.unpark;jdk/internal/misc/Unsafe.unpark;Unsafe_Unpark;Parker::unpark;pthread_mutex_lock 3
java/util/concurrent/ForkJoinWorkerThread.run;java/util/concurrent/ForkJoinPool.runWorker;java/util/concurrent/ForkJoinPool.awaitWork;java/lang/Thread.interrupted 1
java/util/concurrent/ForkJoinWorkerThread.run;java/util/concurrent/ForkJoinPool.runWorker;java/util/concurrent/ForkJoinPool.scan;java/util/concurrent/ForkJoinPool$WorkQueue.topLevelExec;java/util/concurrent/ForkJoinTask.doExec;java/util/concurrent/ForkJoinTask$AdaptedRunnableAction.exec;java/lang/VirtualThread$$Lambda.0x0000788c88039ae0.run;java/lang/VirtualThread.runContinuation;java/lang/VirtualThread.afterYield;java/lang/VirtualThread.externalSubmitRunContinuation;java/util/concurrent/ForkJoinTask.adapt;asm_exc_page_fault_[k];exc_page_fault_[k];do_user_addr_fault_[k];handle_mm_fault_[k];__handle_mm_fault_[k];handle_pte_fault_[k];do_anonymous_page_[k];_raw_spin_lock_[k] 2
java/util/concurrent/ForkJoinWorkerThread.run;java/util/concurrent/ForkJoinPool.runWorker 270
Cont thaw;long* thaw<Config<(oop_kind)0, G1BarrierSet> >;AccessInternal::PostRuntimeDispatch<G1BarrierSet::AccessBarrier<286822ul, G1BarrierSet>, (AccessInternal::BarrierType)3, 286822ul>::oop_access_barrier 1
java/util/concurrent/ForkJoinWorkerThread.run;java/util/concurrent/ForkJoinPool.runWorker;java/util/concurrent/ForkJoinPool.scan;java/util/concurrent/ForkJoinPool$WorkQueue.topLevelExec;java/util/concurrent/ForkJoinTask.doExec;java/util/concurrent/ForkJoinTask$AdaptedRunnableAction.exec;java/lang/VirtualThread$$Lambda.0x0000788c88039ae0.run;java/lang/VirtualThread.runContinuation;jdk/internal/vm/Continuation.run;jdk/internal/vm/Continuation.enterSpecial;jdk/internal/vm/Continuation.enter;jdk/internal/vm/Continuation.enter0;java/lang/VirtualThread$VThreadContinuation$1.run;java/lang/VirtualThread.run;java/lang/Thread.runWith;uk/ac/ncl/jensen/benchmark/VThreadTransitionBenchmark$$Lambda.0x0000788c88029bb0.run;uk/ac/ncl/jensen/benchmark/VThreadTransitionBenchmark.lambda$transition_yield$0;java/lang/Thread.yield;java/lang/VirtualThread.tryYield;java/lang/VirtualThread.yieldContinuation;_notify_jvmti_vthread_unmount;SharedRuntime::notify_jvmti_vthread_unmount;JvmtiVTMSTransitionDisabler::VTMS_vthread_unmount 1
java/util/concurrent/ForkJoinWorkerThread.run;java/util/concurrent/ForkJoinPool.runWorker;java/util/concurrent/ForkJoinPool.scan;java/util/concurrent/ForkJoinPool$WorkQueue.topLevelExec;java/util/concurrent/ForkJoinTask.doExec;java/util/concurrent/ForkJoinTask$AdaptedRunnableAction.exec;java/lang/VirtualThread$$Lambda.0x0000788c88039ae0.run;java/lang/VirtualThread.runContinuation;jdk/internal/vm/Continuation.run;java/lang/System$2.setScopedValueCache 20
java/util/concurrent/ForkJoinWorkerThread.run;java/util/concurrent/ForkJoinPool.runWorker;java/util/concurrent/ForkJoinPool.scan;java/util/concurrent/ForkJoinPool$WorkQueue.topLevelExec;java/util/concurrent/ForkJoinTask.doExec;java/util/concurrent/ForkJoinTask$AdaptedRunnableAction.exec;java/lang/VirtualThread$$Lambda.0x0000788c88039ae0.run;java/lang/VirtualThread.runContinuation;jdk/internal/vm/Continuation.run;jdk/internal/vm/Continuation.enterSpecial;jdk/internal/vm/Continuation.enter;jdk/internal/vm/Continuation.enter0;java/lang/VirtualThread$VThreadContinuation$1.run;java/lang/VirtualThread.run;java/lang/Thread.runWith;uk/ac/ncl/jensen/benchmark/VThreadTransitionBenchmark$$Lambda.0x0000788c88029bb0.run;uk/ac/ncl/jensen/benchmark/VThreadTransitionBenchmark.lambda$transition_yield$0;java/lang/Thread.yield;java/lang/VirtualThread.tryYield;java/lang/VirtualThread.yieldContinuation;_notify_jvmti_vthread_unmount;SharedRuntime::notify_jvmti_vthread_unmount;JvmtiVTMSTransitionDisabler::VTMS_vthread_unmount;JvmtiVTMSTransitionDisabler::start_VTMS_transition;HandleMark::~HandleMark 1
java/util/concurrent/ForkJoinWorkerThread.run;java/util/concurrent/ForkJoinPool.runWorker;java/util/concurrent/ForkJoinPool.scan;java/util/concurrent/ForkJoinPool$WorkQueue.topLevelExec;java/util/concurrent/ForkJoinTask.doExec;java/util/concurrent/ForkJoinTask$AdaptedRunnableAction.exec;java/lang/VirtualThread$$Lambda.0x0000788c88039ae0.run;java/lang/VirtualThread.runContinuation;jdk/internal/vm/Continuation.run;jdk/internal/vm/Continuation.enterSpecial;jdk/internal/vm/Continuation.enter;jdk/internal/vm/Continuation.enter0;java/lang/VirtualThread$VThreadContinuation$1.run;java/lang/VirtualThread.run;java/lang/Thread.runWith;uk/ac/ncl/jensen/benchmark/VThreadTransitionBenchmark$$Lambda.0x0000788c88029bb0.run;uk/ac/ncl/jensen/benchmark/VThreadTransitionBenchmark.lambda$transition_yield$0;java/lang/Thread.yield;java/lang/VirtualThread.tryYield;java/lang/VirtualThread.yieldContinuation;_notify_jvmti_vthread_mount;SharedRuntime::notify_jvmti_vthread_mount;JvmtiVTMSTransitionDisabler::VTMS_vthread_mount;JvmtiVTMSTransitionDisabler::VTMS_mount_end 2
java/util/concurrent/ForkJoinWorkerThread.run;java/util/concurrent/ForkJoinPool.runWorker;java/util/concurrent/ForkJoinPool.scan;java/util/concurrent/ForkJoinPool$WorkQueue.topLevelExec;java/util/concurrent/ForkJoinTask.doExec;java/util/concurrent/ForkJoinTask$AdaptedRunnableAction.exec;java/lang/VirtualThread$$Lambda.0x0000788c88039ae0.run;java/lang/VirtualThread.runContinuation;java/lang/VirtualThread.afterYield;java/lang/VirtualThread.externalSubmitRunContinuation;java/util/concurrent/ForkJoinTask.adapt 2
[unknown];jdk/internal/vm/Continuation.doYield 1
java/util/concurrent/ForkJoinWorkerThread.run;java/util/concurrent/ForkJoinPool.runWorker;java/util/concurrent/ForkJoinPool.scan;java/util/concurrent/ForkJoinPool$WorkQueue.topLevelExec;java/util/concurrent/ForkJoinTask.doExec;java/util/concurrent/ForkJoinTask$AdaptedRunnableAction.exec;java/lang/VirtualThread$$Lambda.0x0000788c88039ae0.run;java/lang/VirtualThread.runContinuation;java/lang/VirtualThread.afterYield;java/lang/VirtualThread.externalSubmitRunContinuation;java/util/concurrent/ForkJoinPool.externalSubmit;java/util/concurrent/ForkJoinPool$WorkQueue.push;java/util/concurrent/ForkJoinPool.signalWork;java/util/concurrent/locks/LockSupport.unpark;jdk/internal/misc/Unsafe.unpark;Unsafe_Unpark;pthread_cond_signal;entry_SYSCALL_64_after_hwframe_[k];do_syscall_64_[k];x64_sys_call_[k];__x64_sys_futex_[k];do_futex_[k];futex_wake_[k];wake_q_add_safe_[k] 1
java/util/concurrent/ForkJoinWorkerThread.run;java/util/concurrent/ForkJoinPool.runWorker;java/util/concurrent/ForkJoinPool.awaitWork 1
java/util/concurrent/ForkJoinWorkerThread.run;java/util/concurrent/ForkJoinPool.runWorker;java/util/concurrent/ForkJoinPool.scan;java/util/concurrent/ForkJoinPool$WorkQueue.topLevelExec;java/util/concurrent/ForkJoinTask.doExec;java/util/concurrent/ForkJoinTask$AdaptedRunnableAction.exec;java/lang/VirtualThread$$Lambda.0x0000788c88039ae0.run;java/lang/VirtualThread.runContinuation;jdk/internal/vm/Continuation.run;jdk/internal/vm/Continuation.enterSpecial;jdk/internal/vm/Continuation.enter;jdk/internal/vm/Continuation.enter0;java/lang/VirtualThread$VThreadContinuation$1.run;java/lang/VirtualThread.run;java/lang/Thread.runWith;uk/ac/ncl/jensen/benchmark/VThreadTransitionBenchmark$$Lambda.0x0000788c88029bb0.run;uk/ac/ncl/jensen/benchmark/VThreadTransitionBenchmark.lambda$transition_yield$0;java/lang/Thread.yield;java/lang/VirtualThread.tryYield;java/lang/VirtualThread.yieldContinuation;_notify_jvmti_vthread_unmount;SharedRuntime::notify_jvmti_vthread_unmount;JvmtiVTMSTransitionDisabler::VTMS_vthread_unmount;JvmtiVTMSTransitionDisabler::start_VTMS_transition;__tls_get_addr 1
java/util/concurrent/ForkJoinWorkerThread.run;java/util/concurrent/ForkJoinPool.runWorker;java/util/concurrent/ForkJoinPool.scan;java/util/concurrent/ForkJoinPool$WorkQueue.topLevelExec;java/util/concurrent/ForkJoinTask.doExec;java/util/concurrent/ForkJoinTask$AdaptedRunnableAction.exec;java/lang/VirtualThread$$Lambda.0x0000788c88039ae0.run;java/lang/VirtualThread.runContinuation;jdk/internal/vm/Continuation.run;jdk/internal/vm/Continuation.enterSpecial;int freeze<Config<(oop_kind)0, G1BarrierSet> >;AccessInternal::PostRuntimeDispatch<G1BarrierSet::AccessBarrier<286822ul, G1BarrierSet>, (AccessInternal::BarrierType)1, 286822ul>::oop_access_barrier 7
java/util/concurrent/ForkJoinWorkerThread.run;java/util/concurrent/ForkJoinPool.runWorker;java/util/concurrent/ForkJoinPool.awaitWork 104
java/util/concurrent/ForkJoinWorkerThread.run;java/util/concurrent/ForkJoinPool.runWorker;java/util/concurrent/ForkJoinPool.scan;java/util/concurrent/ForkJoinPool$WorkQueue.topLevelExec;java/util/concurrent/ForkJoinTask.doExec;java/util/concurrent/ForkJoinTask$AdaptedRunnableAction.exec;java/lang/VirtualThread$$Lambda.0x0000788c88039ae0.run;java/lang/VirtualThread.runContinuation;jdk/internal/vm/Continuation.run;jdk/internal/vm/Continuation.enterSpecial;jdk/internal/vm/Continuation.enter;jdk/internal/vm/Continuation.enter0;java/lang/VirtualThread$VThreadContinuation$1.run;java/lang/VirtualThread.run;java/lang/Thread.runWith;uk/ac/ncl/jensen/benchmark/VThreadTransitionBenchmark$$Lambda.0x0000788c88029bb0.run;uk/ac/ncl/jensen/benchmark/VThreadTransitionBenchmark.lambda$transition_yield$0;java/lang/Thread.yield;java/lang/VirtualThread.tryYield;java/lang/VirtualThread.yieldContinuation;_notify_jvmti_vthread_mount;SharedRuntime::notify_jvmti_vthread_mount;JvmtiVTMSTransitionDisabler::VTMS_vthread_mount;JvmtiVTMSTransitionDisabler::finish_VTMS_transition;java_lang_Thread::set_is_in_VTMS_transition 7
java/util/concurrent/ForkJoinWorkerThread.run;java/util/concurrent/ForkJoinPool.runWorker;java/util/concurrent/ForkJoinPool.scan;java/util/concurrent/ForkJoinPool$WorkQueue.topLevelExec;java/util/concurrent/ForkJoinPool$WorkQueue.tryPoll 18
java/util/concurrent/ForkJoinWorkerThread.run;java/util/concurrent/ForkJoinPool.runWorker;java/util/concurrent/ForkJoinPool.scan;java/util/concurrent/ForkJoinPool$WorkQueue.topLevelExec;java/util/concurrent/ForkJoinTask.doExec;java/util/concurrent/ForkJoinTask$AdaptedRunnableAction.exec;java/lang/VirtualThread$$Lambda.0x0000788c88039ae0.run;java/lang/VirtualThread.runContinuation;jdk/internal/vm/Continuation.run;jdk/internal/vm/Continuation.enterSpecial;jdk/internal/vm/Continuation.enter;jdk/internal/vm/Continuation.enter0;java/lang/VirtualThread$VThreadContinuation$1.run;java/lang/VirtualThread.run;java/lang/Thread.runWith;uk/ac/ncl/jensen/benchmark/VThreadTransitionBenchmark$$Lambda.0x0000788c88029bb0.run;uk/ac/ncl/jensen/benchmark/VThreadTransitionBenchmark.lambda$transition_yield$0;java/lang/Thread.yield;java/lang/VirtualThread.tryYield;java/lang/VirtualThread.yieldContinuation;_notify_jvmti_vthread_mount;SharedRuntime::notify_jvmti_vthread_mount;JvmtiVTMSTransitionDisabler::VTMS_vthread_mount;JvmtiVTMSTransitionDisabler::VTMS_mount_end;JavaThread::rebind_to_jvmti_thread_state_of 36
java/util/concurrent/ForkJoinWorkerThread.run;java/util/concurrent/ForkJoinPool.runWorker;java/util/concurrent/ForkJoinPool.scan;java/util/concurrent/ForkJoinPool$WorkQueue.topLevelExec;java/util/concurrent/ForkJoinTask.doExec;java/util/concurrent/ForkJoinTask$AdaptedRunnableAction.exec;java/lang/VirtualThread$$Lambda.0x0000788c88039ae0.run;java/lang/VirtualThread.runContinuation;jdk/internal/vm/Continuation.run;jdk/internal/vm/Continuation.enterSpecial;jdk/internal/vm/Continuation.enter;jdk/internal/vm/Continuation.enter0;java/lang/VirtualThread$VThreadContinuation$1.run;java/lang/VirtualThread.run;java/lang/Thread.runWith;uk/ac/ncl/jensen/benchmark/VThreadTransitionBenchmark$$Lambda.0x0000788c88029bb0.run;uk/ac/ncl/jensen/benchmark/VThreadTransitionBenchmark.lambda$transition_yield$0;java/lang/Thread.yield;java/lang/VirtualThread.tryYield;java/lang/VirtualThread.yieldContinuation;_notify_jvmti_vthread_unmount;SharedRuntime::notify_jvmti_vthread_unmount;JNIHandleBlock::allocate_handle 3
java/util/concurrent/ForkJoinWorkerThread.run;java/util/concurrent/ForkJoinPool.runWorker;java/util/concurrent/ForkJoinPool.awaitWork 59
java/util/concurrent/ForkJoinWorkerThread.run;java/util/concurrent/ForkJoinPool.runWorker;java/util/concurrent/ForkJoinPool.scan 109
java/util/concurrent/ForkJoinWorkerThread.run;java/util/concurrent/ForkJoinPool.runWorker;java/util/concurrent/ForkJoinPool.scan;java/util/concurrent/ForkJoinPool$WorkQueue.topLevelExec;java/util/concurrent/ForkJoinTask.doExec;java/util/concurrent/ForkJoinTask$AdaptedRunnableAction.exec;java/lang/VirtualThread$$Lambda.0x0000788c88039ae0.run;java/lang/VirtualThread.runContinuation;java/lang/VirtualThread.afterYield;java/lang/VirtualThread.externalSubmitRunContinuation;java/util/concurrent/ForkJoinPool.externalSubmit;java/util/concurrent/ForkJoinPool$WorkQueue.push;java/util/concurrent/ForkJoinPool.signalWork;java/util/concurrent/locks/LockSupport.unpark;jdk/internal/misc/Unsafe.unpark;Unsafe_Unpark;ThreadInVMfromNative::ThreadInVMfromNative 2
java/util/concurrent/ForkJoinWorkerThread.run;java/util/concurrent/ForkJoinPool.runWorker;java/util/concurrent/ForkJoinPool.scan;java/util/concurrent/ForkJoinPool$WorkQueue.topLevelExec;java/util/concurrent/ForkJoinTask.doExec;java/util/concurrent/ForkJoinTask$AdaptedRunnableAction.exec;java/lang/VirtualThread$$Lambda.0x0000788c88039ae0.run;java/lang/VirtualThread.runContinuation 15
java/util/concurrent/ForkJoinWorkerThread.run;java/util/concurrent/ForkJoinPool.runWorker;java/util/concurrent/ForkJoinPool.awaitWork 1
java/util/concurrent/ForkJoinWorkerThread.run;java/util/concurrent/ForkJoinPool.runWorker;java/util/concurrent/ForkJoinPool.scan;java/util/concurrent/ForkJoinPool$WorkQueue.topLevelExec;java/util/concurrent/ForkJoinTask.doExec;java/util/concurrent/ForkJoinTask$AdaptedRunnableAction.exec;java/lang/VirtualThread$$Lambda.0x0000788c88039ae0.run 5
java/util/concurrent/ForkJoinWorkerThread.run;java/util/concurrent/ForkJoinPool.runWorker;java/util/concurrent/ForkJoinPool.scan;java/util/concurrent/ForkJoinPool$WorkQueue.topLevelExec;java/util/concurrent/ForkJoinTask.doExec;java/util/concurrent/ForkJoinTask$AdaptedRunnableAction.exec;java/lang/VirtualThread$$Lambda.0x0000788c88039ae0.run;java/lang/VirtualThread.runContinuation;jdk/internal/vm/Continuation.run;jdk/internal/vm/Continuation.enterSpecial;jdk/internal/vm/Continuation.enter;jdk/internal/vm/Continuation.enter0;java/lang/VirtualThread$VThreadContinuation$1.run;java/lang/VirtualThread.run;java/lang/Thread.runWith;uk/ac/ncl/jensen/benchmark/VThreadTransitionBenchmark$$Lambda.0x0000788c88029bb0.run;uk/ac/ncl/jensen/benchmark/VThreadTransitionBenchmark.lambda$transition_yield$0;java/lang/Thread.yield;java/lang/VirtualThread.tryYield;java/lang/VirtualThread.yieldContinuation;_notify_jvmti_vthread_unmount;SharedRuntime::notify_jvmti_vthread_unmount;JvmtiVTMSTransitionDisabler::VTMS_vthread_unmount;JvmtiVTMSTransitionDisabler::start_VTMS_transition;__tls_get_addr@plt 1
Cont thaw;long* thaw<Config<(oop_kind)0, G1BarrierSet> >;Thaw<Config<(oop_kind)0, G1BarrierSet> >::thaw_fast;/usr/lib/x86_64-linux-gnu/libc.so.6 36
java/util/concurrent/ForkJoinWorkerThread.run;java/util/concurrent/ForkJoinPool.runWorker;java/util/concurrent/ForkJoinPool.scan;java/util/concurrent/ForkJoinPool$WorkQueue.topLevelExec;java/util/concurrent/ForkJoinTask.doExec;java/util/concurrent/ForkJoinTask$AdaptedRunnableAction.exec;java/lang/VirtualThread$$Lambda.0x0000788c88039ae0.run;java/lang/VirtualThread.runContinuation;jdk/internal/vm/Continuation.run;jdk/internal/vm/Continuation.enterSpecial;jdk/internal/vm/Continuation.enter;jdk/internal/vm/Continuation.enter0;java/lang/VirtualThread$VThreadContinuation$1.run;java/lang/VirtualThread.run;java/lang/Thread.runWith;uk/ac/ncl/jensen/benchmark/VThreadTransitionBenchmark$$Lambda.0x0000788c88029bb0.run;uk/ac/ncl/jensen/benchmark/VThreadTransitionBenchmark.lambda$transition_yield$0;java/lang/Thread.yield;java/lang/VirtualThread.tryYield;java/lang/VirtualThread.yieldContinuation;jdk/internal/vm/Continuation.yield;jdk/internal/vm/Continuation.yield0 3
java/util/concurrent/ForkJoinWorkerThread.run;java/util/concurrent/ForkJoinPool.runWorker;java/util/concurrent/ForkJoinPool.scan;java/util/concurrent/ForkJoinPool$WorkQueue.topLevelExec;java/util/concurrent/ForkJoinTask.doExec;java/util/concurrent/ForkJoinTask$AdaptedRunnableAction.exec;java/lang/VirtualThread$$Lambda.0x0000788c88039ae0.run;java/lang/VirtualThread.runContinuation;java/lang/VirtualThread.mount;_notify_jvmti_vthread_mount;SharedRuntime::notify_jvmti_vthread_mount;JvmtiVTMSTransitionDisabler::start_VTMS_transition;java_lang_Thread::VTMS_transition_disable_count 1
java/util/concurrent/ForkJoinWorkerThread.run;java/util/concurrent/ForkJoinPool.runWorker;java/util/concurrent/ForkJoinPool.scan;java/util/concurrent/ForkJoinPool$WorkQueue.topLevelExec;java/util/concurrent/ForkJoinTask.doExec;java/util/concurrent/ForkJoinTask$AdaptedRunnableAction.exec;java/lang/VirtualThread$$Lambda.0x0000788c88039ae0.run;java/lang/VirtualThread.runContinuation;java/lang/VirtualThread.unmount;_notify_jvmti_vthread_unmount;SharedRuntime::notify_jvmti_vthread_unmount;JvmtiVTMSTransitionDisabler::finish_VTMS_transition;JavaThread::set_is_in_VTMS_transition 1
java/util/concurrent/ForkJoinWorkerThread.run;java/util/concurrent/ForkJoinPool.runWorker;java/util/concurrent/ForkJoinPool.scan;java/util/concurrent/ForkJoinPool$WorkQueue.topLevelExec;java/util/concurrent/ForkJoinTask.doExec;java/util/concurrent/ForkJoinTask$AdaptedRunnableAction.exec;java/lang/VirtualThread$$Lambda.0x0000788c88039ae0.run;java/lang/VirtualThread.runContinuation;java/lang/VirtualThread.afterYield;java/lang/VirtualThread.externalSubmitRunContinuation;java/util/concurrent/ForkJoinPool.externalSubmit;java/util/concurrent/ForkJoinPool$WorkQueue.push;java/util/concurrent/ForkJoinPool.signalWork 46
java/util/concurrent/ForkJoinWorkerThread.run;java/util/concurrent/ForkJoinPool.runWorker;java/util/concurrent/ForkJoinPool.scan;java/util/concurrent/ForkJoinPool$WorkQueue.topLevelExec;java/util/concurrent/ForkJoinTask.doExec;java/util/concurrent/ForkJoinTask$AdaptedRunnableAction.exec;java/lang/VirtualThread$$Lambda.0x0000788c88039ae0.run;java/lang/VirtualThread.runContinuation;jdk/internal/vm/Continuation.run;jdk/internal/vm/Continuation.enterSpecial;jdk/internal/vm/Continuation.enter;jdk/internal/vm/Continuation.enter0;java/lang/VirtualThread$VThreadContinuation$1.run;java/lang/VirtualThread.run;java/lang/Thread.runWith;uk/ac/ncl/jensen/benchmark/VThreadTransitionBenchmark$$Lambda.0x0000788c88029bb0.run;uk/ac/ncl/jensen/benchmark/VThreadTransitionBenchmark.lambda$transition_yield$0;java/lang/Thread.yield;java/lang/VirtualThread.tryYield;java/lang/VirtualThread.yieldContinuation;_notify_jvmti_vthread_unmount;SharedRuntime::notify_jvmti_vthread_unmount;JavaThread::rebind_to_jvmti_thread_state_of 4
java/util/concurrent/ForkJoinWorkerThread.run;java/util/concurrent/ForkJoinPool.runWorker;java/util/concurrent/ForkJoinPool.awaitWork;java/util/concurrent/locks/LockSupport.park;jdk/internal/misc/Unsafe.park;Unsafe_Park;Parker::park;pthread_cond_wait;/usr/lib/x86_64-linux-gnu/libc.so.6;entry_SYSCALL_64_after_hwframe_[k];do_syscall_64_[k];x64_sys_call_[k];__x64_sys_futex_[k];do_futex_[k];futex_wait_[k];__futex_wait_[k];futex_wait_setup_[k];_raw_spin_lock_[k] 1
java/util/concurrent/ForkJoinWorkerThread.run;java/util/concurrent/ForkJoinPool.runWorker;java/util/concurrent/ForkJoinPool.scan;java/util/concurrent/ForkJoinPool$WorkQueue.topLevelExec;java/util/concurrent/ForkJoinTask.doExec;java/util/concurrent/ForkJoinTask$AdaptedRunnableAction.exec;java/lang/VirtualThread$$Lambda.0x0000788c88039ae0.run;java/lang/VirtualThread.runContinuation;jdk/internal/vm/Continuation.run;jdk/internal/vm/Continuation.enterSpecial;int freeze<Config<(oop_kind)0, G1BarrierSet> > 2
java/util/concurrent/ForkJoinWorkerThread.run;java/util/concurrent/ForkJoinPool.runWorker;java/util/concurrent/ForkJoinPool.scan;java/util/concurrent/ForkJoinPool$WorkQueue.topLevelExec;java/util/concurrent/ForkJoinTask.doExec;java/util/concurrent/ForkJoinTask$AdaptedRunnableAction.exec;java/lang/VirtualThread$$Lambda.0x0000788c88039ae0.run;java/lang/VirtualThread.runContinuation;java/lang/VirtualThread.afterYield;java/lang/VirtualThread.externalSubmitRunContinuation;java/util/concurrent/ForkJoinPool.externalSubmit;java/util/concurrent/ForkJoinPool$WorkQueue.push;java/util/concurrent/ForkJoinPool.signalWork;java/util/concurrent/ForkJoinPool.compareAndExchangeCtl 25
java/util/concurrent/ForkJoinWorkerThread.run;java/util/concurrent/ForkJoinPool.runWorker;java/util/concurrent/ForkJoinPool.scan 285
java/util/concurrent/ForkJoinWorkerThread.run;java/util/concurrent/ForkJoinPool.runWorker;java/util/concurrent/ForkJoinPool.scan;java/util/concurrent/ForkJoinPool$WorkQueue.topLevelExec;java/util/concurrent/ForkJoinTask.doExec;java/util/concurrent/ForkJoinTask$AdaptedRunnableAction.exec;java/lang/VirtualThread$$Lambda.0x0000788c88039ae0.run;java/lang/VirtualThread.runContinuation;java/lang/VirtualThread.afterYield;java/lang/VirtualThread.externalSubmitRunContinuation;java/util/concurrent/ForkJoinPool.externalSubmit;java/util/concurrent/ForkJoinPool$WorkQueue.push;java/util/concurrent/ForkJoinPool.signalWork;java/util/concurrent/locks/LockSupport.unpark;jdk/internal/misc/Unsafe.unpark;Unsafe_Unpark;pthread_cond_signal;entry_SYSCALL_64_after_hwframe_[k];do_syscall_64_[k];x64_sys_call_[k];__x64_sys_futex_[k];do_futex_[k];futex_wake_[k];futex_wake_mark_[k] 12
java/util/concurrent/ForkJoinWorkerThread.run;java/util/concurrent/ForkJoinPool.runWorker;java/util/concurrent/ForkJoinPool.scan;java/util/concurrent/ForkJoinPool$WorkQueue.topLevelExec;java/util/concurrent/ForkJoinTask.doExec;java/util/concurrent/ForkJoinTask$AdaptedRunnableAction.exec;java/lang/VirtualThread$$Lambda.0x0000788c88039ae0.run;java/lang/VirtualThread.runContinuation;jdk/internal/vm/Continuation.run;jdk/internal/vm/Continuation.enterSpecial;jdk/internal/vm/Continuation.enter;jdk/internal/vm/Continuation.enter0;java/lang/VirtualThread$VThreadContinuation$1.run;java/lang/VirtualThread.run;java/lang/Thread.runWith;uk/ac/ncl/jensen/benchmark/VThreadTransitionBenchmark$$Lambda.0x0000788c88029bb0.run;uk/ac/ncl/jensen/benchmark/VThreadTransitionBenchmark.lambda$transition_yield$0;java/lang/Thread.yield;java/lang/VirtualThread.tryYield;java/lang/VirtualThread.yieldContinuation;_notify_jvmti_vthread_unmount;SharedRuntime::notify_jvmti_vthread_unmount;JavaThread::rebind_to_jvmti_thread_state_of;AccessInternal::PostRuntimeDispatch<G1BarrierSet::AccessBarrier<548964ul, G1BarrierSet>, (AccessInternal::BarrierType)0, 548964ul>::oop_access_barrier 1
java/util/concurrent/ForkJoinWorkerThread.run;java/util/concurrent/ForkJoinPool.runWorker;java/util/concurrent/ForkJoinPool.scan;java/util/concurrent/ForkJoinPool$WorkQueue.topLevelExec;java/util/concurrent/ForkJoinTask.doExec;java/util/concurrent/ForkJoinTask$AdaptedRunnableAction.exec;java/lang/VirtualThread$$Lambda.0x0000788c88039ae0.run;java/lang/VirtualThread.runContinuation;java/lang/VirtualThread.afterYield;java/lang/VirtualThread.externalSubmitRunContinuation;java/util/concurrent/ForkJoinPool.externalSubmit;java/util/concurrent/ForkJoinPool$WorkQueue.push 1
java/util/concurrent/ForkJoinWorkerThread.run;java/util/concurrent/ForkJoinPool.runWorker;java/util/concurrent/ForkJoinPool.scan 76
java/util/concurrent/ForkJoinWorkerThread.run;java/util/concurrent/ForkJoinPool.runWorker;java/util/concurrent/ForkJoinPool.scan 24
Cont thaw;long* thaw<Config<(oop_kind)0, G1BarrierSet> >;G1CollectedHeap::requires_barriers 3
Cont thaw;long* thaw<Config<(oop_kind)0, G1BarrierSet> >;Thaw<Config<(oop_kind)0, G1BarrierSet> >::thaw_fast 12
java/util/concurrent/ForkJoinWorkerThread.run;java/util/concurrent/ForkJoinPool.runWorker;java/util/concurrent/ForkJoinPool.scan;java/util/concurrent/ForkJoinPool$WorkQueue.topLevelExec;java/util/concurrent/ForkJoinPool$WorkQueue.tryPoll 7
java/util/concurrent/ForkJoinWorkerThread.run;java/util/concurrent/ForkJoinPool.runWorker;java/util/concurrent/ForkJoinPool.awaitWork;java/util/concurrent/locks/LockSupport.park;jdk/internal/misc/Unsafe.park;Unsafe_Park;Parker::park;pthread_cond_wait;/usr/lib/x86_64-linux-gnu/libc.so.6;entry_SYSCALL_64_after_hwframe_[k];do_syscall_64_[k];x64_sys_call_[k];__x64_sys_futex_[k] 1
java/util/concurrent/ForkJoinWorkerThread.run;java/util/concurrent/ForkJoinPool.runWorker;java/util/concurrent/ForkJoinPool.scan 12
java/util/concurrent/ForkJoinWorkerThread.run;java/util/concurrent/ForkJoinPool.runWorker;java/util/concurrent/ForkJoinPool.scan;java/util/concurrent/ForkJoinPool$WorkQueue.topLevelExec;java/util/concurrent/ForkJoinTask.doExec;java/util/concurrent/ForkJoinTask$AdaptedRunnableAction.exec;java/lang/VirtualThread$$Lambda.0x0000788c88039ae0.run;java/lang/VirtualThread.runContinuation;java/lang/VirtualThread.mount;_notify_jvmti_vthread_mount;SharedRuntime::notify_jvmti_vthread_mount;JNIHandleBlock::allocate_handle 3
java/util/concurrent/ForkJoinWorkerThread.run;java/util/concurrent/ForkJoinPool.runWorker;java/util/concurrent/ForkJoinPool.awaitWork;java/util/concurrent/locks/LockSupport.park;jdk/internal/misc/Unsafe.park;Unsafe_Park;Parker::park;pthread_cond_wait;/usr/lib/x86_64-linux-gnu/libc.so.6;entry_SYSCALL_64_after_hwframe_[k];do_syscall_64_[k];x64_sys_call_[k];__x64_sys_futex_[k];do_futex_[k];__futex_wait_[k] 1
java/util/concurrent/ForkJoinWorkerThread.run;java/util/concurrent/ForkJoinPool.runWorker;java/util/concurrent/ForkJoinPool.scan;java/util/concurrent/ForkJoinPool$WorkQueue.topLevelExec;java/util/concurrent/ForkJoinTask.doExec;java/util/concurrent/ForkJoinTask$AdaptedRunnableAction.exec;java/lang/VirtualThread$$Lambda.0x0000788c88039ae0.run;java/lang/VirtualThread.runContinuation;java/lang/VirtualThread.unmount;_notify_jvmti_vthread_unmount;SharedRuntime::notify_jvmti_vthread_unmount;JvmtiVTMSTransitionDisabler::finish_VTMS_transition;java_lang_Thread::set_is_in_VTMS_transition 4
java/util/concurrent/ForkJoinWorkerThread.run;java/util/concurrent/ForkJoinPool.runWorker;java/util/concurrent/ForkJoinPool.scan;java/util/concurrent/ForkJoinPool$WorkQueue.topLevelExec;java/util/concurrent/ForkJoinTask.doExec;java/util/concurrent/ForkJoinTask$AdaptedRunnableAction.exec;java/lang/VirtualThread$$Lambda.0x0000788c88039ae0.run;java/lang/VirtualThread.runContinuation;java/lang/VirtualThread.compareAndSetState 21
java/util/concurrent/ForkJoinWorkerThread.run;java/util/concurrent/ForkJoinPool.runWorker;java/util/concurrent/ForkJoinPool.scan;java/util/concurrent/ForkJoinPool$WorkQueue.topLevelExec;java/util/concurrent/ForkJoinTask.doExec;java/util/concurrent/ForkJoinTask$AdaptedRunnableAction.exec;java/lang/VirtualThread$$Lambda.0x0000788c88039ae0.run;java/lang/VirtualThread.runContinuation;java/lang/VirtualThread.mount;java/lang/VirtualThread.setCarrierThread 7
java/util/concurrent/ForkJoinWorkerThread.run;java/util/concurrent/ForkJoinPool.runWorker;java/util/concurrent/ForkJoinPool.scan 306
java/util/concurrent/ForkJoinWorkerThread.run;java/util/concurrent/ForkJoinPool.runWorker;java/util/concurrent/ForkJoinPool.scan;java/util/concurrent/ForkJoinPool$WorkQueue.topLevelExec;java/util/concurrent/ForkJoinPool$WorkQueue.tryPoll 6
java/util/concurrent/ForkJoinWorkerThread.run;java/util/concurrent/ForkJoinPool.runWorker;java/util/concurrent/ForkJoinPool.scan;java/util/concurrent/ForkJoinPool$WorkQueue.topLevelExec;java/util/concurrent/ForkJoinTask.doExec;java/util/concurrent/ForkJoinTask$AdaptedRunnableAction.exec;java/lang/VirtualThread$$Lambda.0x0000788c88039ae0.run;java/lang/VirtualThread.runContinuation;java/lang/VirtualThread.afterYield 1
java/util/concurrent/ForkJoinWorkerThread.run;java/util/concurrent/ForkJoinPool.runWorker;java/util/concurrent/ForkJoinPool.scan;java/util/concurrent/ForkJoinPool$WorkQueue.topLevelExec;java/util/concurrent/ForkJoinTask.doExec;java/util/concurrent/ForkJoinTask$AdaptedRunnableAction.exec;java/lang/VirtualThread$$Lambda.0x0000788c88039ae0.run;java/lang/VirtualThread.runContinuation;java/lang/VirtualThread.mount;_notify_jvmti_vthread_mount;SharedRuntime::notify_jvmti_vthread_mount;JvmtiVTMSTransitionDisabler::start_VTMS_transition;__tls_get_addr 1
java/util/concurrent/ForkJoinWorkerThread.run;java/util/concurrent/ForkJoinPool.runWorker;java/util/concurrent/ForkJoinPool.scan 3
java/util/concurrent/ForkJoinWorkerThread.run;java/util/concurrent/ForkJoinPool.runWorker;java/util/concurrent/ForkJoinPool.scan;java/util/concurrent/ForkJoinPool$WorkQueue.topLevelExec;java/util/concurrent/ForkJoinTask.doExec;java/util/concurrent/ForkJoinTask$AdaptedRunnableAction.exec;java/lang/VirtualThread$$Lambda.0x0000788c88039ae0.run;java/lang/VirtualThread.runContinuation;jdk/internal/vm/Continuation.run;jdk/internal/vm/Continuation.enterSpecial;jdk/internal/vm/Continuation.enter;jdk/internal/vm/Continuation.enter0;java/lang/VirtualThread$VThreadContinuation$1.run;java/lang/VirtualThread.run;java/lang/Thread.runWith;uk/ac/ncl/jensen/benchmark/VThreadTransitionBenchmark$$Lambda.0x0000788c88029bb0.run;uk/ac/ncl/jensen/benchmark/VThreadTransitionBenchmark.lambda$transition_yield$0;java/lang/Thread.yield;java/lang/VirtualThread.tryYield;java/lang/VirtualThread.yieldContinuation;_notify_jvmti_vthread_mount;SharedRuntime::notify_jvmti_vthread_mount;JvmtiVTMSTransitionDisabler::VTMS_vthread_mount;JvmtiVTMSTransitionDisabler::VTMS_mount_end;Mutex::lock 1
java/util/concurrent/ForkJoinWorkerThread.run;java/util/concurrent/ForkJoinPool.runWorker;java/util/concurrent/ForkJoinPool.scan 15
java/util/concurrent/ForkJoinWorkerThread.run;java/util/concurrent/ForkJoinPool.runWorker;java/util/concurrent/ForkJoinPool.scan;java/util/concurrent/ForkJoinPool$WorkQueue.topLevelExec;java/util/concurrent/ForkJoinTask.doExec;java/util/concurrent/ForkJoinTask$AdaptedRunnableAction.exec;java/lang/VirtualThread$$Lambda.0x0000788c88039ae0.run;java/lang/VirtualThread.runContinuation;java/lang/VirtualThread.afterYield;java/lang/VirtualThread.externalSubmitRunContinuation;java/util/concurrent/ForkJoinPool.externalSubmit;java/util/concurrent/ForkJoinPool$WorkQueue.push;java/util/concurrent/ForkJoinPool.signalWork;java/util/concurrent/locks/LockSupport.unpark;jdk/internal/misc/Unsafe.unpark;Unsafe_Unpark;SafeThreadsListPtr::release_stable_list 1
java/util/concurrent/ForkJoinWorkerThread.run;java/util/concurrent/ForkJoinPool.runWorker;java/util/concurrent/ForkJoinPool.awaitWork;java/util/concurrent/locks/LockSupport.park;jdk/internal/misc/Unsafe.park;Unsafe_Park;java_lang_Thread::set_thread_status;AccessInternal::PostRuntimeDispatch<G1BarrierSet::AccessBarrier<286822ul, G1BarrierSet>, (AccessInternal::BarrierType)3, 286822ul>::oop_access_barrier 3
java/util/concurrent/ForkJoinWorkerThread.run;java/util/concurrent/ForkJoinPool.runWorker;java/util/concurrent/ForkJoinPool.scan;java/util/concurrent/ForkJoinPool$WorkQueue.topLevelExec;java/util/concurrent/ForkJoinTask.doExec;java/util/concurrent/ForkJoinTask$AdaptedRunnableAction.exec;java/lang/VirtualThread$$Lambda.0x0000788c88039ae0.run;java/lang/VirtualThread.runContinuation;jdk/internal/vm/Continuation.run;jdk/internal/vm/Continuation.enterSpecial;jdk/internal/vm/Continuation.enter;jdk/internal/vm/Continuation.enter0;java/lang/VirtualThread$VThreadContinuation$1.run;java/lang/VirtualThread.run;java/lang/Thread.runWith;uk/ac/ncl/jensen/benchmark/VThreadTransitionBenchmark$$Lambda.0x0000788c88029bb0.run;uk/ac/ncl/jensen/benchmark/VThreadTransitionBenchmark.lambda$transition_yield$0;java/lang/Thread.yield;java/lang/VirtualThread.tryYield;java/lang/VirtualThread.yieldContinuation;_notify_jvmti_vthread_mount;SharedRuntime::notify_jvmti_vthread_mount 6
java/util/concurrent/ForkJoinWorkerThread.run;java/util/concurrent/ForkJoinPool.runWorker;java/util/concurrent/ForkJoinPool.scan 1
java/util/concurrent/ForkJoinWorkerThread.run;java/util/concurrent/ForkJoinPool.runWorker;java/util/concurrent/ForkJoinPool.scan;java/util/concurrent/ForkJoinPool$WorkQueue.topLevelExec;java/util/concurrent/ForkJoinPool$WorkQueue.nextLocalTask 2
java/util/concurrent/ForkJoinWorkerThread.run;java/util/concurrent/ForkJoinPool.runWorker;java/util/concurrent/ForkJoinPool.scan;java/util/concurrent/ForkJoinPool$WorkQueue.topLevelExec;java/util/concurrent/ForkJoinTask.doExec;java/util/concurrent/ForkJoinTask$AdaptedRunnableAction.exec;java/lang/VirtualThread$$Lambda.0x0000788c88039ae0.run;java/lang/VirtualThread.runContinuation;java/lang/VirtualThread.afterYield;java/lang/VirtualThread.externalSubmitRunContinuation;java/util/concurrent/ForkJoinPool.externalSubmit;java/util/concurrent/ForkJoinPool$WorkQueue.push 1
java/util/concurrent/ForkJoinWorkerThread.run;java/util/concurrent/ForkJoinPool.runWorker;java/util/concurrent/ForkJoinPool.scan;java/util/concurrent/ForkJoinPool$WorkQueue.topLevelExec;java/util/concurrent/ForkJoinTask.doExec;java/util/concurrent/ForkJoinTask$AdaptedRunnableAction.exec;java/lang/VirtualThread$$Lambda.0x0000788c88039ae0.run;java/lang/VirtualThread.runContinuation;java/lang/VirtualThread.afterYield;java/lang/VirtualThread.externalSubmitRunContinuation;java/util/concurrent/ForkJoinPool.externalSubmit;java/util/concurrent/ForkJoinPool$WorkQueue.push;java/util/concurrent/ForkJoinPool.signalWork;java/util/concurrent/locks/LockSupport.unpark;jdk/internal/misc/Unsafe.unpark;Unsafe_Unpark;FastThreadsListHandle::FastThreadsListHandle 1
java/util/concurrent/ForkJoinWorkerThread.run;java/util/concurrent/ForkJoinPool.runWorker;java/util/concurrent/ForkJoinPool.scan;java/util/concurrent/ForkJoinPool$WorkQueue.topLevelExec;java/util/concurrent/ForkJoinTask.doExec;java/util/concurrent/ForkJoinTask$AdaptedRunnableAction.exec;java/lang/VirtualThread$$Lambda.0x0000788c88039ae0.run;java/lang/VirtualThread.runContinuation;java/lang/VirtualThread.afterYield;java/lang/VirtualThread.externalSubmitRunContinuation;java/util/concurrent/ForkJoinPool.externalSubmit;java/util/concurrent/ForkJoinPool$WorkQueue.push;java/util/concurrent/ForkJoinPool.signalWork;java/util/concurrent/locks/LockSupport.unpark;jdk/internal/misc/Unsafe.unpark;Unsafe_Unpark;pthread_cond_signal;entry_SYSCALL_64_after_hwframe_[k];do_syscall_64_[k];x64_sys_call_[k];__x64_sys_futex_[k];do_futex_[k];futex_wake_[k];futex_hash_[k];__futex_hash_[k] 2
java/util/concurrent/ForkJoinWorkerThread.run;java/util/concurrent/ForkJoinPool.runWorker;java/util/concurrent/ForkJoinPool.scan;java/util/concurrent/ForkJoinPool$WorkQueue.topLevelExec;java/util/concurrent/ForkJoinTask.doExec 2
java/util/concurrent/ForkJoinWorkerThread.run;java/util/concurrent/ForkJoinPool.runWorker;java/util/concurrent/ForkJoinPool.scan 5
java/util/concurrent/ForkJoinWorkerThread.run;java/util/concurrent/ForkJoinPool.runWorker;java/util/concurrent/ForkJoinPool.scan 1
java/util/concurrent/ForkJoinWorkerThread.run;java/util/concurrent/ForkJoinPool.runWorker;java/util/concurrent/ForkJoinPool.scan;java/util/concurrent/ForkJoinPool$WorkQueue.topLevelExec;java/util/concurrent/ForkJoinTask.doExec;java/util/concurrent/ForkJoinTask$AdaptedRunnableAction.exec;java/lang/VirtualThread$$Lambda.0x0000788c88039ae0.run;java/lang/VirtualThread.runContinuation;java/lang/VirtualThread.afterYield;java/lang/VirtualThread.externalSubmitRunContinuation;java/util/concurrent/ForkJoinPool.externalSubmit;java/util/concurrent/ForkJoinPool$WorkQueue.push;java/util/concurrent/ForkJoinPool.signalWork 27
java/util/concurrent/ForkJoinWorkerThread.run;java/util/concurrent/ForkJoinPool.runWorker;java/util/concurrent/ForkJoinPool.scan;java/util/concurrent/ForkJoinPool$WorkQueue.topLevelExec;java/util/concurrent/ForkJoinTask.doExec;java/util/concurrent/ForkJoinTask$AdaptedRunnableAction.exec;java/lang/VirtualThread$$Lambda.0x0000788c88039ae0.run;java/lang/VirtualThread.runContinuation;java/lang/VirtualThread.afterYield;java/lang/VirtualThread.setState 5
java/util/concurrent/ForkJoinWorkerThread.run;java/util/concurrent/ForkJoinPool.runWorker;java/util/concurrent/ForkJoinPool.scan;java/util/concurrent/ForkJoinPool$WorkQueue.topLevelExec;java/util/concurrent/ForkJoinTask.doExec;java/util/concurrent/ForkJoinTask$AdaptedRunnableAction.exec;java/lang/VirtualThread$$Lambda.0x0000788c88039ae0.run;java/lang/VirtualThread.runContinuation;java/lang/VirtualThread.unmount;_notify_jvmti_vthread_unmount;SharedRuntime::notify_jvmti_vthread_unmount;JvmtiVTMSTransitionDisabler::finish_VTMS_transition;__tls_get_addr 1
java/util/concurrent/ForkJoinWorkerThread.run;java/util/concurrent/ForkJoinPool.runWorker;java/util/concurrent/ForkJoinPool.scan 37
java/util/concurrent/ForkJoinWorkerThread.run;java/util/concurrent/ForkJoinPool.runWorker;java/util/concurrent/ForkJoinPool.awaitWork;java/util/concurrent/locks/LockSupport.park;jdk/internal/misc/Unsafe.park;Unsafe_Park;Parker::park;pthread_cond_wait;/usr/lib/x86_64-linux-gnu/libc.so.6;entry_SYSCALL_64_after_hwframe_[k];do_syscall_64_[k];x64_sys_call_[k];__x64_sys_futex_[k];do_futex_[k];futex_wait_[k];__futex_wait_[k];futex_wait_setup_[k];futex_hash_[k];__futex_hash_[k] 1
java/util/concurrent/ForkJoinWorkerThread.run;java/util/concurrent/ForkJoinPool.runWorker;java/util/concurrent/ForkJoinPool.awaitWork 10
java/util/concurrent/ForkJoinWorkerThread.run;java/util/concurrent/ForkJoinPool.runWorker;java/util/concurrent/ForkJoinPool.scan;java/util/concurrent/ForkJoinPool$WorkQueue.topLevelExec;java/util/concurrent/ForkJoinTask.doExec;java/util/concurrent/ForkJoinTask$AdaptedRunnableAction.exec;java/lang/VirtualThread$$Lambda.0x0000788c88039ae0.run;java/lang/VirtualThread.runContinuation;jdk/internal/vm/Continuation.run;jdk/internal/vm/Continuation.enterSpecial;jdk/internal/vm/Continuation.enter;jdk/internal/vm/Continuation.enter0;java/lang/VirtualThread$VThreadContinuation$1.run;java/lang/VirtualThread.run;java/lang/Thread.runWith;uk/ac/ncl/jensen/benchmark/VThreadTransitionBenchmark$$Lambda.0x0000788c88029bb0.run;uk/ac/ncl/jensen/benchmark/VThreadTransitionBenchmark.lambda$transition_yield$0;java/lang/Thread.yield;java/lang/VirtualThread.tryYield;java/lang/VirtualThread.yieldContinuation;_notify_jvmti_vthread_unmount;SharedRuntime::notify_jvmti_vthread_unmount;JvmtiVTMSTransitionDisabler::VTMS_vthread_unmount;__tls_get_addr 1
java/util/concurrent/ForkJoinWorkerThread.run;java/util/concurrent/ForkJoinPool.runWorker;java/util/concurrent/ForkJoinPool.awaitWork 2
java/util/concurrent/ForkJoinWorkerThread.run;java/util/concurrent/ForkJoinPool.runWorker;java/util/concurrent/ForkJoinPool.scan;java/util/concurrent/ForkJoinPool$WorkQueue.topLevelExec;java/util/concurrent/ForkJoinTask.doExec;java/util/concurrent/ForkJoinTask$AdaptedRunnableAction.exec;java/lang/VirtualThread$$Lambda.0x0000788c88039ae0.run;java/lang/VirtualThread.runContinuation;jdk/internal/vm/Continuation.run;jdk/internal/vm/Continuation.enterSpecial;jdk/internal/vm/Continuation.enter;jdk/internal/vm/Continuation.enter0;java/lang/VirtualThread$VThreadContinuation$1.run;java/lang/VirtualThread.run;java/lang/Thread.runWith;uk/ac/ncl/jensen/benchmark/VThreadTransitionBenchmark$$Lambda.0x0000788c88029bb0.run;uk/ac/ncl/jensen/benchmark/VThreadTransitionBenchmark.lambda$transition_yield$0;java/lang/Thread.yield;java/lang/VirtualThread.tryYield;java/lang/VirtualThread.yieldContinuation;_notify_jvmti_vthread_mount;SharedRuntime::notify_jvmti_vthread_mount;JNIHandles::make_local 1
java/util/concurrent/ForkJoinWorkerThread.run;java/util/concurrent/ForkJoinPool.runWorker;java/util/concurrent/ForkJoinPool.scan;java/util/concurrent/ForkJoinPool$WorkQueue.topLevelExec;java/util/concurrent/ForkJoinTask.doExec;java/util/concurrent/ForkJoinTask$AdaptedRunnableAction.exec;java/lang/VirtualThread$$Lambda.0x0000788c88039ae0.run;java/lang/VirtualThread.runContinuation;jdk/internal/vm/Continuation.run;jdk/internal/vm/Continuation.enterSpecial;jdk/internal/vm/Continuation.enter;jdk/internal/vm/Continuation.enter0;java/lang/VirtualThread$VThreadContinuation$1.run;java/lang/VirtualThread.run;java/lang/Thread.runWith;uk/ac/ncl/jensen/benchmark/VThreadTransitionBenchmark$$Lambda.0x0000788c88029bb0.run;uk/ac/ncl/jensen/benchmark/VThreadTransitionBenchmark.lambda$transition_yield$0;java/lang/Thread.yield;java/lang/VirtualThread.tryYield;java/lang/VirtualThread.yieldContinuation;_notify_jvmti_vthread_unmount;SharedRuntime::notify_jvmti_vthread_unmount;JNIHandles::make_local 1
java/util/concurrent/ForkJoinWorkerThread.run;java/util/concurrent/ForkJoinPool.runWorker;java/util/concurrent/ForkJoinPool.scan;java/util/concurrent/ForkJoinPool$WorkQueue.topLevelExec;java/util/concurrent/ForkJoinTask.doExec;java/util/concurrent/ForkJoinTask$AdaptedRunnableAction.exec;java/lang/VirtualThread$$Lambda.0x0000788c88039ae0.run;java/lang/VirtualThread.runContinuation;java/lang/VirtualThread.unmount;_notify_jvmti_vthread_unmount;SharedRuntime::notify_jvmti_vthread_unmount;JvmtiVTMSTransitionDisabler::finish_VTMS_transition 5
java/util/concurrent/ForkJoinWorkerThread.run;java/util/concurrent/ForkJoinPool.runWorker;java/util/concurrent/ForkJoinPool.scan 31
java/util/concurrent/ForkJoinWorkerThread.run;java/util/concurrent/ForkJoinPool.runWorker;java/util/concurrent/ForkJoinPool.scan;java/util/concurrent/ForkJoinPool$WorkQueue.topLevelExec;java/util/concurrent/ForkJoinTask.doExec;java/util/concurrent/ForkJoinTask$AdaptedRunnableAction.exec;java/lang/VirtualThread$$Lambda.0x0000788c88039ae0.run;java/lang/VirtualThread.runContinuation;jdk/internal/vm/Continuation.run;jdk/internal/vm/Continuation.enterSpecial;jdk/internal/vm/Continuation.enter;jdk/internal/vm/Continuation.enter0;java/lang/VirtualThread$VThreadContinuation$1.run;java/lang/VirtualThread.run;java/lang/Thread.runWith;uk/ac/ncl/jensen/benchmark/VThreadTransitionBenchmark$$Lambda.0x0000788c88029bb0.run;uk/ac/ncl/jensen/benchmark/VThreadTransitionBenchmark.lambda$transition_yield$0;java/lang/Thread.yield;java/lang/VirtualThread.tryYield;java/lang/VirtualThread.yieldContinuation;_notify_jvmti_vthread_mount;SharedRuntime::notify_jvmti_vthread_mount;JNIHandles::make_local;__tls_get_addr 2
java/util/concurrent/ForkJoinWorkerThread.run;java/util/concurrent/ForkJoinPool.runWorker;java/util/concurrent/ForkJoinPool.awaitWork;java/util/concurrent/locks/LockSupport.park;jdk/internal/misc/Unsafe.park;Unsafe_Park;Parker::park;pthread_cond_wait;/usr/lib/x86_64-linux-gnu/libc.so.6 1
java/util/concurrent/ForkJoinWorkerThread.run;java/util/concurrent/ForkJoinPool.runWorker;java/util/concurrent/ForkJoinPool.scan;java/util/concurrent/ForkJoinPool$WorkQueue.topLevelExec;java/util/concurrent/ForkJoinTask.doExec;java/util/concurrent/ForkJoinTask$AdaptedRunnableAction.exec;java/lang/VirtualThread$$Lambda.0x0000788c88039ae0.run;java/lang/VirtualThread.runContinuation 1
java/util/concurrent/ForkJoinWorkerThread.run;java/util/concurrent/ForkJoinPool.runWorker;java/util/concurrent/ForkJoinPool.scan 7
java/util/concurrent/ForkJoinWorkerThread.run;java/util/concurrent/ForkJoinPool.runWorker;java/util/concurrent/ForkJoinPool.scan;java/util/concurrent/ForkJoinPool$WorkQueue.topLevelExec;java/util/concurrent/ForkJoinTask.doExec;java/util/concurrent/ForkJoinTask$AdaptedRunnableAction.exec;java/lang/VirtualThread$$Lambda.0x0000788c88039ae0.run;java/lang/VirtualThread.runContinuation;java/lang/VirtualThread.unmount;_notify_jvmti_vthread_unmount 1
java/util/concurrent/ForkJoinWorkerThread.run;java/util/concurrent/ForkJoinPool.runWorker;java/util/concurrent/ForkJoinPool.scan;java/util/concurrent/ForkJoinPool$WorkQueue.topLevelExec;java/util/concurrent/ForkJoinTask.doExec;java/util/concurrent/ForkJoinTask$AdaptedRunnableAction.exec;java/lang/VirtualThread$$Lambda.0x0000788c88039ae0.run;java/lang/VirtualThread.runContinuation;java/lang/VirtualThread.afterYield;java/lang/VirtualThread.externalSubmitRunContinuation;java/util/concurrent/ForkJoinTask.adapt;asm_exc_page_fault_[k];exc_page_fault_[k];do_user_addr_fault_[k] 2
