cont return barrier;uk/ac/ncl/jensen/benchmark/VThreadTransitionBenchmark.lambda$transition_yield$0;java/lang/Thread.yield;java/lang/VirtualThread.tryYield;java/lang/VirtualThread.yieldContinuation;_notify_jvmti_vthread_mount;SharedRuntime::notify_jvmti_vthread_mount;JvmtiVTMSTransitionDisabler::VTMS_vthread_mount 3
java/util/concurrent/ForkJoinWorkerThread.run;java/util/concurrent/ForkJoinPool.runWorker;java/util/concurrent/ForkJoinPool.scan;java/util/concurrent/ForkJoinPool$WorkQueue.topLevelExec;java/util/concurrent/ForkJoinTask.doExec;java/util/concurrent/ForkJoinTask$AdaptedRunnableAction.exec;java/lang/VirtualThread$$Lambda.0x000000a801039ae0.run;java/lang/VirtualThread.runContinuation;jdk/internal/vm/Continuation.run;jdk/internal/vm/Continuation.enterSpecial;jdk/internal/vm/Continuation.enter;jdk/internal/vm/Continuation.enter0;java/lang/VirtualThread$VThreadContinuation$1.run;java/lang/VirtualThread.run;java/lang/Thread.runWith;uk/ac/ncl/jensen/benchmark/VThreadTransitionBenchmark$$Lambda.0x000000a801029bb0.run;uk/ac/ncl/jensen/benchmark/VThreadTransitionBenchmark.lambda$transition_yield$0;java/lang/Thread.yield;java/lang/VirtualThread.tryYield;java/lang/VirtualThread.yieldContinuation;_notify_jvmti_vthread_unmount;SharedRuntime::notify_jvmti_vthread_unmount;JNIHandles::make_local;_dl_tlsdesc_return 2
java/util/concurrent/ForkJoinWorkerThread.run;java/util/concurrent/ForkJoinPool.runWorker;java/util/concurrent/ForkJoinPool.scan;java/util/concurrent/ForkJoinPool$WorkQueue.topLevelExec;java/util/concurrent/ForkJoinTask.doExec;java/util/concurrent/ForkJoinTask$AdaptedRunnableAction.exec;java/lang/VirtualThread$$Lambda.0x000000a801039ae0.run;java/lang/VirtualThread.runContinuation;jdk/internal/vm/Continuation.run;jdk/internal/vm/Continuation.enterSpecial;int freeze<Config<(oop_kind)0, G1BarrierSet> >;SafepointMechanism::update_poll_values 15
java/util/concurrent/ForkJoinWorkerThread.run;java/util/concurrent/ForkJoinPool.runWorker;java/util/concurrent/ForkJoinPool.scan;java/util/concurrent/ForkJoinPool$WorkQueue.topLevelExec;java/util/concurrent/ForkJoinTask.doExec;java/util/concurrent/ForkJoinTask$AdaptedRunnableAction.exec;java/lang/VirtualThread$$Lambda.0x000000a801039ae0.run;java/lang/VirtualThread.runContinuation;jdk/internal/vm/Continuation.run;jdk/internal/vm/Continuation.enterSpecial;jdk/internal/vm/Continuation.enter;jdk/internal/vm/Continuation.enter0;java/lang/VirtualThread$VThreadContinuation$1.run;java/lang/VirtualThread.run;java/lang/Thread.runWith;uk/ac/ncl/jensen/benchmark/VThreadTransitionBenchmark$$Lambda.0x000000a801029bb0.run;uk/ac/ncl/jensen/benchmark/VThreadTransitionBenchmark.lambda$transition_yield$0;java/lang/Thread.yield;java/lang/VirtualThread.tryYield;java/lang/VirtualThread.yieldContinuation;_notify_jvmti_vthread_unmount;SharedRuntime::notify_jvmti_vthread_unmount;JvmtiVTMSTransitionDisabler::VTMS_vthread_unmount;JvmtiVTMSTransitionDisabler::start_VTMS_transition;atomic entry points 1
java/util/concurrent/ForkJoinWorkerThread.run;java/util/concurrent/ForkJoinPool.runWorker;java/util/concurrent/ForkJoinPool.scan;java/util/concurrent/ForkJoinPool$WorkQueue.topLevelExec;java/util/concurrent/ForkJoinTask.doExec;java/util/concurrent/ForkJoinTask$AdaptedRunnableAction.exec;java/lang/VirtualThread$$Lambda.0x000000a801039ae0.run;java/lang/VirtualThread.runContinuation;jdk/internal/vm/Continuation.run;jdk/internal/vm/Continuation.enterSpecial;jdk/internal/vm/Continuation.enter;jdk/internal/vm/Continuation.enter0;java/lang/VirtualThread$VThreadContinuation$1.run;java/lang/VirtualThread.run;java/lang/Thread.runWith;uk/ac/ncl/jensen/benchmark/VThreadTransitionBenchmark$$Lambda.0x000000a801029bb0.run;uk/ac/ncl/jensen/benchmark/VThreadTransitionBenchmark.lambda$transition_yield$0;java/lang/Thread.yield;java/lang/VirtualThread.tryYield;java/lang/VirtualThread.yieldContinuation;_notify_jvmti_vthread_mount;SharedRuntime::notify_jvmti_vthread_mount;JvmtiVTMSTransitionDisabler::VTMS_vthread_mount;JvmtiVTMSTransitionDisabler::VTMS_mount_end;Mutex::lock;pthread_mutex_trylock@plt 1
java/util/concurrent/ForkJoinWorkerThread.run;java/util/concurrent/ForkJoinPool.runWorker;java/util/concurrent/ForkJoinPool.awaitWork;java/util/concurrent/locks/LockSupport.park;jdk/internal/misc/Unsafe.park;Unsafe_Park;Parker::park;JavaThread::is_interrupted;java_lang_Thread::interrupted 2
java/util/concurrent/ForkJoinWorkerThread.run;java/util/concurrent/ForkJoinPool.runWorker;java/util/concurrent/ForkJoinPool.awaitWork;java/util/concurrent/locks/LockSupport.park;jdk/internal/misc/Unsafe.park;Unsafe_Park;Parker::park;___pthread_cond_wait;__aarch64_cas4_acq 6
java/util/concurrent/ForkJoinWorkerThread.run;java/util/concurrent/ForkJoinPool.runWorker;java/util/concurrent/ForkJoinPool.scan 1
cont return barrier;uk/ac/ncl/jensen/benchmark/VThreadTransitionBenchmark.lambda$transition_yield$0;java/lang/Thread.yield;java/lang/VirtualThread.tryYield;java/lang/VirtualThread.yieldContinuation;jdk/internal/vm/Continuation.yield;jdk/internal/vm/Continuation.yield0 6
java/util/concurrent/ForkJoinWorkerThread.run;java/util/concurrent/ForkJoinPool.runWorker;java/util/concurrent/ForkJoinPool.awaitWork;java/util/concurrent/locks/LockSupport.park;jdk/internal/misc/Unsafe.park;Unsafe_Park;JavaFrameAnchor::make_walkable 2
java/util/concurrent/ForkJoinWorkerThread.run;java/util/concurrent/ForkJoinPool.runWorker;java/util/concurrent/ForkJoinPool.scan;java/util/concurrent/ForkJoinPool$WorkQueue.topLevelExec;java/util/concurrent/ForkJoinTask.doExec;java/util/concurrent/ForkJoinTask$AdaptedRunnableAction.exec;java/lang/VirtualThread$$Lambda.0x000000a801039ae0.run;java/lang/VirtualThread.runContinuation;jdk/internal/vm/Continuation.run;jdk/internal/vm/Continuation.enterSpecial;jdk/internal/vm/Continuation.enter;jdk/internal/vm/Continuation.enter0;java/lang/VirtualThread$VThreadContinuation$1.run;java/lang/VirtualThread.run;java/lang/Thread.runWith;uk/ac/ncl/jensen/benchmark/VThreadTransitionBenchmark$$Lambda.0x000000a801029bb0.run;uk/ac/ncl/jensen/benchmark/VThreadTransitionBenchmark.lambda$transition_yield$0;java/lang/Thread.yield;java/lang/VirtualThread.tryYield;java/lang/VirtualThread.yieldContinuation;jdk/internal/vm/Continuation.yield;jdk/internal/vm/Continuation.yield0 2
java/util/concurrent/ForkJoinWorkerThread.run;java/util/concurrent/ForkJoinPool.runWorker;java/util/concurrent/ForkJoinPool.scan;java/util/concurrent/ForkJoinPool$WorkQueue.topLevelExec;java/util/concurrent/ForkJoinTask.doExec;java/util/concurrent/ForkJoinTask$AdaptedRunnableAction.exec;java/lang/VirtualThread$$Lambda.0x000000a801039ae0.run;java/lang/VirtualThread.runContinuation;java/lang/VirtualThread.afterYield;java/lang/VirtualThread.externalSubmitRunContinuation;java/util/concurrent/ForkJoinPool.externalSubmit;java/util/concurrent/ForkJoinPool$WorkQueue.push;java/util/concurrent/ForkJoinPool.signalWork;java/util/concurrent/locks/LockSupport.unpark;jdk/internal/misc/Unsafe.unpark;Unsafe_Unpark;Parker::unpark;__pthread_mutex_lock@GLIBC_2.17 1
java/util/concurrent/ForkJoinWorkerThread.run;java/util/concurrent/ForkJoinPool.runWorker;java/util/concurrent/ForkJoinPool.scan;java/util/concurrent/ForkJoinPool$WorkQueue.topLevelExec;java/util/concurrent/ForkJoinTask.doExec;java/util/concurrent/ForkJoinTask$AdaptedRunnableAction.exec;java/lang/VirtualThread$$Lambda.0x000000a801039ae0.run;java/lang/VirtualThread.runContinuation;java/lang/VirtualThread.afterYield;java/lang/VirtualThread.externalSubmitRunContinuation;java/util/concurrent/ForkJoinTask.adapt;_new_instance_Java;OptoRuntime::new_instance_C;InstanceKlass::allocate_instance;MemAllocator::allocate;MemAllocator::mem_allocate_inside_tlab_slow;G1Allocator::unsafe_max_tlab_alloc 1
java/util/concurrent/ForkJoinWorkerThread.run;java/util/concurrent/ForkJoinPool.runWorker;java/util/concurrent/ForkJoinPool.awaitWork;java/util/concurrent/locks/LockSupport.park;jdk/internal/misc/Unsafe.park;Unsafe_Park;Parker::park;___pthread_cond_wait;__GI___futex_abstimed_wait_cancelable64;__internal_syscall_cancel;__syscall_cancel_arch_end 341
java/util/concurrent/ForkJoinWorkerThread.run;java/util/concurrent/ForkJoinPool.runWorker;java/util/concurrent/ForkJoinPool.scan;java/util/concurrent/ForkJoinPool$WorkQueue.topLevelExec;java/util/concurrent/ForkJoinTask.doExec;java/util/concurrent/ForkJoinTask$AdaptedRunnableAction.exec;java/lang/VirtualThread$$Lambda.0x000000a801039ae0.run;java/lang/VirtualThread.runContinuation;java/lang/VirtualThread.afterYield;java/lang/VirtualThread.externalSubmitRunContinuation;java/util/concurrent/ForkJoinPool.externalSubmit;java/util/concurrent/ForkJoinPool$WorkQueue.push;java/util/concurrent/ForkJoinPool.signalWork;java/util/concurrent/locks/LockSupport.unpark;jdk/internal/misc/Unsafe.unpark;Unsafe_Unpark;oopDesc* JNIHandles::resolve_impl<0ul, false> 9
java/util/concurrent/ForkJoinWorkerThread.run;java/util/concurrent/ForkJoinPool.runWorker;java/util/concurrent/ForkJoinPool.scan;java/util/concurrent/ForkJoinPool$WorkQueue.topLevelExec;java/util/concurrent/ForkJoinTask.doExec;java/util/concurrent/ForkJoinTask$AdaptedRunnableAction.exec;java/lang/VirtualThread$$Lambda.0x000000a801039ae0.run;java/lang/VirtualThread.runContinuation;jdk/internal/vm/Continuation.run;jdk/internal/vm/Continuation.enterSpecial;jdk/internal/vm/Continuation.enter;jdk/internal/vm/Continuation.enter0;java/lang/VirtualThread$VThreadContinuation$1.run;java/lang/VirtualThread.run;java/lang/Thread.runWith;uk/ac/ncl/jensen/benchmark/VThreadTransitionBenchmark$$Lambda.0x000000a801029bb0.run;uk/ac/ncl/jensen/benchmark/VThreadTransitionBenchmark.lambda$transition_yield$0;java/lang/Thread.yield;java/lang/VirtualThread.tryYield;java/lang/VirtualThread.yieldContinuation;jdk/internal/vm/Continuation.yield;jdk/internal/vm/Continuation.yield0;jdk/internal/vm/Continuation.doYield 1
java/util/concurrent/ForkJoinWorkerThread.run;java/util/concurrent/ForkJoinPool.runWorker;java/util/concurrent/ForkJoinPool.scan;java/util/concurrent/ForkJoinPool$WorkQueue.topLevelExec;java/util/concurrent/ForkJoinTask.doExec;java/util/concurrent/ForkJoinTask$AdaptedRunnableAction.exec;java/lang/VirtualThread$$Lambda.0x000000a801039ae0.run;java/lang/VirtualThread.runContinuation;jdk/internal/vm/Continuation.run 3
java/util/concurrent/ForkJoinWorkerThread.run;java/util/concurrent/ForkJoinPool.runWorker;java/util/concurrent/ForkJoinPool.awaitWork;java/util/concurrent/locks/LockSupport.park;jdk/internal/misc/Unsafe.park;Unsafe_Park;java_lang_Thread::get_thread_status;AccessInternal::PostRuntimeDispatch<G1BarrierSet::AccessBarrier<286822ul, G1BarrierSet>, (AccessInternal::BarrierType)3, 286822ul>::oop_access_barrier 1
Cont thaw;long* thaw<Config<(oop_kind)0, G1BarrierSet> > 13
java/util/concurrent/ForkJoinWorkerThread.run;java/util/concurrent/ForkJoinPool.runWorker;java/util/concurrent/ForkJoinPool.awaitWork;java/util/concurrent/locks/LockSupport.park;jdk/internal/misc/Unsafe.park;Unsafe_Park;Parker::park;___pthread_cond_wait;__condvar_confirm_wakeup 1
java/lang/Thread.run;java/lang/Thread.runWith;java/util/concurrent/ThreadPoolExecutor$Worker.run;java/util/concurrent/ThreadPoolExecutor.runWorker;java/util/concurrent/FutureTask.run;java/util/concurrent/Executors$RunnableAdapter.call;java/util/concurrent/FutureTask.run;org/openjdk/jmh/runner/BenchmarkHandler$BenchmarkTask.call;org/openjdk/jmh/runner/BenchmarkHandler$BenchmarkTask.call;java/lang/reflect/Method.invoke;jdk/internal/reflect/DirectMethodHandleAccessor.invoke;jdk/internal/reflect/DirectMethodHandleAccessor.invokeImpl;java/lang/invoke/LambdaForm$MH.0x000000a80102e800.invokeExact_MT;java/lang/invoke/LambdaForm$MH.0x000000a80102e400.invoke;java/lang/invoke/DirectMethodHandle$Holder.invokeSpecial;uk/ac/ncl/jensen/benchmark/jmh_generated/VThreadTransitionBenchmark_transition_yield_jmhTest.transition_yield_AverageTime;uk/ac/ncl/jensen/benchmark/jmh_generated/VThreadTransitionBenchmark_transition_yield_jmhTest.transition_yield_avgt_jmhStub;uk/ac/ncl/jensen/benchmark/VThreadTransitionBenchmark.transition_yield;java/lang/VirtualThread.start;java/lang/VirtualThread.start 1
java/util/concurrent/ForkJoinWorkerThread.run;java/util/concurrent/ForkJoinPool.runWorker;java/util/concurrent/ForkJoinPool.scan;java/util/concurrent/ForkJoinPool$WorkQueue.topLevelExec;java/util/concurrent/ForkJoinTask.doExec;java/util/concurrent/ForkJoinTask$AdaptedRunnableAction.exec;java/lang/VirtualThread$$Lambda.0x000000a801039ae0.run;java/lang/VirtualThread.runContinuation;java/lang/VirtualThread.afterYield;java/lang/VirtualThread.externalSubmitRunContinuation;java/util/concurrent/ForkJoinPool.externalSubmit;java/util/concurrent/ForkJoinPool$WorkQueue.push;java/util/concurrent/ForkJoinPool.signalWork;java/util/concurrent/locks/LockSupport.unpark;jdk/internal/misc/Unsafe.unpark;Unsafe_Unpark;___pthread_cond_signal;__aarch64_ldeor8_rel 1
java/util/concurrent/ForkJoinWorkerThread.run;java/util/concurrent/ForkJoinPool.runWorker;java/util/concurrent/ForkJoinPool.scan;java/util/concurrent/ForkJoinPool$WorkQueue.topLevelExec;java/util/concurrent/ForkJoinTask.doExec;java/util/concurrent/ForkJoinTask$AdaptedRunnableAction.exec;java/lang/VirtualThread$$Lambda.0x000000a801039ae0.run;java/lang/VirtualThread.runContinuation;jdk/internal/vm/Continuation.run;jdk/internal/vm/Continuation.enterSpecial;jdk/internal/vm/Continuation.enter;jdk/internal/vm/Continuation.enter0;java/lang/VirtualThread$VThreadContinuation$1.run;java/lang/VirtualThread.run;java/lang/Thread.runWith;uk/ac/ncl/jensen/benchmark/VThreadTransitionBenchmark$$Lambda.0x000000a801029bb0.run;uk/ac/ncl/jensen/benchmark/VThreadTransitionBenchmark.lambda$transition_yield$0;java/lang/Thread.yield;java/lang/VirtualThread.tryYield;java/lang/VirtualThread.yieldContinuation;_notify_jvmti_vthread_mount;SharedRuntime::notify_jvmti_vthread_mount;JvmtiVTMSTransitionDisabler::VTMS_vthread_mount;JvmtiVTMSTransitionDisabler::VTMS_mount_end;__GI___pthread_mutex_unlock_usercnt 2
java/util/concurrent/ForkJoinWorkerThread.run;java/util/concurrent/ForkJoinPool.runWorker;java/util/concurrent/ForkJoinPool.scan;java/util/concurrent/ForkJoinPool$WorkQueue.topLevelExec;java/util/concurrent/ForkJoinTask.doExec;java/util/concurrent/ForkJoinTask$AdaptedRunnableAction.exec;java/lang/VirtualThread$$Lambda.0x000000a801039ae0.run;java/lang/VirtualThread.runContinuation;java/lang/VirtualThread.mount;_notify_jvmti_vthread_mount;SharedRuntime::notify_jvmti_vthread_mount 9
java/util/concurrent/ForkJoinWorkerThread.run;java/util/concurrent/ForkJoinPool.runWorker;java/util/concurrent/ForkJoinPool.scan;java/util/concurrent/ForkJoinPool$WorkQueue.topLevelExec;java/util/concurrent/ForkJoinTask.doExec;java/util/concurrent/ForkJoinTask$AdaptedRunnableAction.exec;java/lang/VirtualThread$$Lambda.0x000000a801039ae0.run;java/lang/VirtualThread.runContinuation;java/lang/VirtualThread.mount;_notify_jvmti_vthread_mount;SharedRuntime::notify_jvmti_vthread_mount;JvmtiVTMSTransitionDisabler::start_VTMS_transition;JNIHandles::resolve_external_guard 2
java/util/concurrent/ForkJoinWorkerThread.run;java/util/concurrent/ForkJoinPool.runWorker;java/util/concurrent/ForkJoinPool.scan;java/util/concurrent/ForkJoinPool$WorkQueue.topLevelExec;java/util/concurrent/ForkJoinTask.doExec;java/util/concurrent/ForkJoinTask$AdaptedRunnableAction.exec;java/lang/VirtualThread$$Lambda.0x000000a801039ae0.run;java/lang/VirtualThread.runContinuation;java/lang/VirtualThread.afterYield 1
java/util/concurrent/ForkJoinWorkerThread.run;java/util/concurrent/ForkJoinPool.runWorker;java/util/concurrent/ForkJoinPool.awaitWork 3
java/util/concurrent/ForkJoinWorkerThread.run;java/util/concurrent/ForkJoinPool.runWorker;java/util/concurrent/ForkJoinPool.scan;java/util/concurrent/ForkJoinPool$WorkQueue.topLevelExec;java/util/concurrent/ForkJoinTask.doExec;java/util/concurrent/ForkJoinTask$AdaptedRunnableAction.exec;java/lang/VirtualThread$$Lambda.0x000000a801039ae0.run;java/lang/VirtualThread.runContinuation 2
java/util/concurrent/ForkJoinWorkerThread.run;java/util/concurrent/ForkJoinPool.runWorker;java/util/concurrent/ForkJoinPool.scan;java/util/concurrent/ForkJoinPool$WorkQueue.topLevelExec;java/util/concurrent/ForkJoinTask.doExec;java/util/concurrent/ForkJoinTask$AdaptedRunnableAction.exec;java/lang/VirtualThread$$Lambda.0x000000a801039ae0.run;java/lang/VirtualThread.runContinuation;java/lang/VirtualThread.afterYield;java/lang/VirtualThread.externalSubmitRunContinuation;java/util/concurrent/ForkJoinPool.externalSubmit;java/util/concurrent/ForkJoinPool$WorkQueue.push;java/util/concurrent/ForkJoinPool$WorkQueue.getAndSetAccess 16
java/util/concurrent/ForkJoinWorkerThread.run;java/util/concurrent/ForkJoinPool.runWorker;java/util/concurrent/ForkJoinPool.awaitWork 19
java/util/concurrent/ForkJoinWorkerThread.run;java/util/concurrent/ForkJoinPool.runWorker;java/util/concurrent/ForkJoinPool.awaitWork 1
java/util/concurrent/ForkJoinWorkerThread.run;java/util/concurrent/ForkJoinPool.runWorker;java/util/concurrent/ForkJoinPool.awaitWork;java/util/concurrent/locks/LockSupport.park;jdk/internal/misc/Unsafe.park;Unsafe_Park;Parker::park;___pthread_cond_wait;_pthread_cleanup_pop@@GLIBC_2.34 1
java/util/concurrent/ForkJoinWorkerThread.run;java/util/concurrent/ForkJoinPool.runWorker;java/util/concurrent/ForkJoinPool.scan;java/util/concurrent/ForkJoinPool$WorkQueue.topLevelExec;java/util/concurrent/ForkJoinTask.doExec;java/util/concurrent/ForkJoinTask$AdaptedRunnableAction.exec;java/lang/VirtualThread$$Lambda.0x000000a801039ae0.run;java/lang/VirtualThread.runContinuation;java/lang/VirtualThread.mount;_notify_jvmti_vthread_mount;SharedRuntime::notify_jvmti_vthread_mount;JvmtiVTMSTransitionDisabler::start_VTMS_transition;java_lang_Thread::set_is_in_VTMS_transition 2
cont return barrier;uk/ac/ncl/jensen/benchmark/VThreadTransitionBenchmark.lambda$transition_yield$0;java/lang/Thread.yield;java/lang/VirtualThread.tryYield;java/lang/VirtualThread.yieldContinuation;_notify_jvmti_vthread_unmount;SharedRuntime::notify_jvmti_vthread_unmount 1
java/util/concurrent/ForkJoinWorkerThread.run;java/util/concurrent/ForkJoinPool.runWorker;java/util/concurrent/ForkJoinPool.scan;java/util/concurrent/ForkJoinPool$WorkQueue.topLevelExec;java/util/concurrent/ForkJoinTask.doExec;java/util/concurrent/ForkJoinTask$AdaptedRunnableAction.exec;java/lang/VirtualThread$$Lambda.0x000000a801039ae0.run;java/lang/VirtualThread.runContinuation;jdk/internal/vm/Continuation.run;jdk/internal/vm/Continuation.enterSpecial;jdk/internal/vm/Continuation.enter;jdk/internal/vm/Continuation.enter0;java/lang/VirtualThread$VThreadContinuation$1.run;java/lang/VirtualThread.run;java/lang/Thread.runWith;uk/ac/ncl/jensen/benchmark/VThreadTransitionBenchmark$$Lambda.0x000000a801029bb0.run;uk/ac/ncl/jensen/benchmark/VThreadTransitionBenchmark.lambda$transition_yield$0;java/lang/Thread.yield;java/lang/VirtualThread.tryYield;java/lang/VirtualThread.yieldContinuation;jdk/internal/vm/Continuation.yield;jdk/internal/vm/Continuation.yield0 42
java/util/concurrent/ForkJoinWorkerThread.run;java/util/concurrent/ForkJoinPool.runWorker;java/util/concurrent/ForkJoinPool.scan;java/util/concurrent/ForkJoinPool$WorkQueue.topLevelExec;java/util/concurrent/ForkJoinTask.doExec;java/util/concurrent/ForkJoinTask$AdaptedRunnableAction.exec;java/lang/VirtualThread$$Lambda.0x000000a801039ae0.run;java/lang/VirtualThread.runContinuation;java/lang/VirtualThread.mount;_notify_jvmti_vthread_mount;SharedRuntime::notify_jvmti_vthread_mount;JNIHandles::make_local;_dl_tlsdesc_return 1
java/util/concurrent/ForkJoinWorkerThread.run;java/util/concurrent/ForkJoinPool.runWorker;java/util/concurrent/ForkJoinPool.awaitWork;java/util/concurrent/locks/LockSupport.park;jdk/internal/misc/Unsafe.park;Unsafe_Park;Parker::park;___pthread_cond_wait;__GI___futex_abstimed_wait_cancelable64 19
cont return barrier;uk/ac/ncl/jensen/benchmark/VThreadTransitionBenchmark.lambda$transition_yield$0;java/lang/Thread.yield;java/lang/VirtualThread.tryYield;java/lang/VirtualThread.yieldContinuation;jdk/internal/vm/Continuation.yield;jdk/internal/vm/Continuation.yield0;jdk/internal/vm/Continuation.doYield;int freeze<Config<(oop_kind)0, G1BarrierSet> >;FreezeBase::size_if_fast_freeze_available 2
java/util/concurrent/ForkJoinWorkerThread.run;java/util/concurrent/ForkJoinPool.runWorker;java/util/concurrent/ForkJoinPool.scan;java/util/concurrent/ForkJoinPool$WorkQueue.topLevelExec;java/util/concurrent/ForkJoinTask.doExec;java/util/concurrent/ForkJoinTask$AdaptedRunnableAction.exec;java/lang/VirtualThread$$Lambda.0x000000a801039ae0.run;java/lang/VirtualThread.runContinuation;jdk/internal/vm/Continuation.run;jdk/internal/vm/Continuation.enterSpecial;int freeze<Config<(oop_kind)0, G1BarrierSet> >;FreezeBase::freeze_fast_copy 5
java/util/concurrent/ForkJoinWorkerThread.run;java/util/concurrent/ForkJoinPool.runWorker;java/util/concurrent/ForkJoinPool.scan;java/util/concurrent/ForkJoinPool$WorkQueue.topLevelExec;java/util/concurrent/ForkJoinTask.doExec;java/util/concurrent/ForkJoinTask$AdaptedRunnableAction.exec;java/lang/VirtualThread$$Lambda.0x000000a801039ae0.run;java/lang/VirtualThread.runContinuation;jdk/internal/vm/Continuation.run;jdk/internal/vm/Continuation.enterSpecial;jdk/internal/vm/Continuation.enter;jdk/internal/vm/Continuation.enter0;java/lang/VirtualThread$VThreadContinuation$1.run;java/lang/VirtualThread.run;java/lang/Thread.runWith;uk/ac/ncl/jensen/benchmark/VThreadTransitionBenchmark$$Lambda.0x000000a801029bb0.run;uk/ac/ncl/jensen/benchmark/VThreadTransitionBenchmark.lambda$transition_yield$0;java/lang/Thread.yield;java/lang/VirtualThread.tryYield;java/lang/VirtualThread.yieldContinuation;_notify_jvmti_vthread_mount;SharedRuntime::notify_jvmti_vthread_mount;JvmtiVTMSTransitionDisabler::VTMS_vthread_mount;JvmtiVTMSTransitionDisabler::VTMS_mount_end;Mutex::lock;__pthread_mutex_trylock@GLIBC_2.17 1
java/util/concurrent/ForkJoinWorkerThread.run;java/util/concurrent/ForkJoinPool.runWorker;java/util/concurrent/ForkJoinPool.scan;java/util/concurrent/ForkJoinPool$WorkQueue.topLevelExec;java/util/concurrent/ForkJoinTask.doExec;java/util/concurrent/ForkJoinTask$AdaptedRunnableAction.exec;java/lang/VirtualThread$$Lambda.0x000000a801039ae0.run;java/lang/VirtualThread.runContinuation;jdk/internal/vm/Continuation.run;jdk/internal/vm/Continuation.enterSpecial;jdk/internal/vm/Continuation.enter;jdk/internal/vm/Continuation.enter0;java/lang/VirtualThread$VThreadContinuation$1.run;java/lang/VirtualThread.run;java/lang/Thread.runWith;uk/ac/ncl/jensen/benchmark/VThreadTransitionBenchmark$$Lambda.0x000000a801029bb0.run;uk/ac/ncl/jensen/benchmark/VThreadTransitionBenchmark.lambda$transition_yield$0;java/lang/Thread.yield;java/lang/VirtualThread.tryYield;java/lang/VirtualThread.yieldContinuation;jdk/internal/vm/Continuation.yield;jdk/internal/vm/Continuation.yield0;jdk/internal/vm/Continuation.doYield;int freeze<Config<(oop_kind)0, G1BarrierSet> >;FreezeBase::freeze_fast_copy;ContinuationEntry::flush_stack_processing;StackWatermarkSet::head 1
java/util/concurrent/ForkJoinWorkerThread.run;java/util/concurrent/ForkJoinPool.runWorker;java/util/concurrent/ForkJoinPool.scan;java/util/concurrent/ForkJoinPool$WorkQueue.casSlotToNull 71
java/util/concurrent/ForkJoinWorkerThread.run;java/util/concurrent/ForkJoinPool.runWorker;java/util/concurrent/ForkJoinPool.awaitWork 18
java/util/concurrent/ForkJoinWorkerThread.run;java/util/concurrent/ForkJoinPool.runWorker;java/util/concurrent/ForkJoinPool.scan;java/util/concurrent/ForkJoinPool$WorkQueue.topLevelExec;java/util/concurrent/ForkJoinTask.doExec;java/util/concurrent/ForkJoinTask$AdaptedRunnableAction.exec;java/lang/VirtualThread$$Lambda.0x000000a801039ae0.run;java/lang/VirtualThread.runContinuation;jdk/internal/vm/Continuation.run;jdk/internal/vm/Continuation.enterSpecial 4
Cont thaw;long* thaw<Config<(oop_kind)0, G1BarrierSet> >;Thaw<Config<(oop_kind)0, G1BarrierSet> >::thaw_fast 30
java/util/concurrent/ForkJoinWorkerThread.run;java/util/concurrent/ForkJoinPool.runWorker;java/util/concurrent/ForkJoinPool.awaitWork;java/util/concurrent/locks/LockSupport.park;jdk/internal/misc/Unsafe.park;Unsafe_Park;Parker::park;pthread_mutex_unlock@plt 1
java/util/concurrent/ForkJoinWorkerThread.run;java/util/concurrent/ForkJoinPool.runWorker;java/util/concurrent/ForkJoinPool.scan;java/util/concurrent/ForkJoinPool$WorkQueue.topLevelExec;java/util/concurrent/ForkJoinTask.doExec;java/util/concurrent/ForkJoinTask.setDone;java/util/concurrent/ForkJoinTask.getAndBitwiseOrStatus;jdk/internal/misc/Unsafe.getAndBitwiseOrInt 7
java/util/concurrent/ForkJoinWorkerThread.run;java/util/concurrent/ForkJoinPool.runWorker;java/util/concurrent/ForkJoinPool.awaitWork 34
java/util/concurrent/ForkJoinWorkerThread.run;java/util/concurrent/ForkJoinPool.runWorker;java/util/concurrent/ForkJoinPool.awaitWork 1
java/util/concurrent/ForkJoinWorkerThread.run;java/util/concurrent/ForkJoinPool.runWorker;java/util/concurrent/ForkJoinPool.scan;java/util/concurrent/ForkJoinPool$WorkQueue.topLevelExec;java/util/concurrent/ForkJoinTask.doExec;java/util/concurrent/ForkJoinTask$AdaptedRunnableAction.exec;java/lang/VirtualThread$$Lambda.0x000000a801039ae0.run;java/lang/VirtualThread.runContinuation;jdk/internal/vm/Continuation.run;jdk/internal/vm/Continuation.enterSpecial;jdk/internal/vm/Continuation.enter;jdk/internal/vm/Continuation.enter0;java/lang/VirtualThread$VThreadContinuation$1.run;java/lang/VirtualThread.run;java/lang/Thread.runWith;uk/ac/ncl/jensen/benchmark/VThreadTransitionBenchmark$$Lambda.0x000000a801029bb0.run;uk/ac/ncl/jensen/benchmark/VThreadTransitionBenchmark.lambda$transition_yield$0;java/lang/Thread.yield;java/lang/VirtualThread.tryYield;java/lang/VirtualThread.yieldContinuation;_notify_jvmti_vthread_mount;SharedRuntime::notify_jvmti_vthread_mount;JNIHandles::make_local 2
java/util/concurrent/ForkJoinWorkerThread.run;java/util/concurrent/ForkJoinPool.runWorker;java/util/concurrent/ForkJoinPool.scan;java/util/concurrent/ForkJoinPool$WorkQueue.topLevelExec;java/util/concurrent/ForkJoinTask.doExec;java/util/concurrent/ForkJoinTask$AdaptedRunnableAction.exec;java/lang/VirtualThread$$Lambda.0x000000a801039ae0.run;java/lang/VirtualThread.runContinuation;jdk/internal/vm/Continuation.run;jdk/internal/vm/Continuation.enterSpecial;jdk/internal/vm/Continuation.enter;jdk/internal/vm/Continuation.enter0;java/lang/VirtualThread$VThreadContinuation$1.run;java/lang/VirtualThread.run;java/lang/Thread.runWith;uk/ac/ncl/jensen/benchmark/VThreadTransitionBenchmark$$Lambda.0x000000a801029bb0.run;uk/ac/ncl/jensen/benchmark/VThreadTransitionBenchmark.lambda$transition_yield$0;java/lang/Thread.yield;java/lang/VirtualThread.tryYield;java/lang/VirtualThread.yieldContinuation;jdk/internal/vm/Continuation.yield;jdk/internal/vm/Continuation.yield0;jdk/internal/vm/Continuation.doYield;int freeze<Config<(oop_kind)0, G1BarrierSet> >;FreezeBase::freeze_fast_existing_chunk 5
java/util/concurrent/ForkJoinWorkerThread.run;java/util/concurrent/ForkJoinPool.runWorker;java/util/concurrent/ForkJoinPool.scan;java/util/concurrent/ForkJoinPool$WorkQueue.topLevelExec;java/util/concurrent/ForkJoinTask.doExec;java/util/concurrent/ForkJoinTask$AdaptedRunnableAction.exec;java/lang/VirtualThread$$Lambda.0x000000a801039ae0.run;java/lang/VirtualThread.runContinuation;java/lang/VirtualThread.afterYield;java/lang/VirtualThread.externalSubmitRunContinuation;java/util/concurrent/ForkJoinPool.externalSubmit;java/util/concurrent/ForkJoinPool$WorkQueue.push 1
java/util/concurrent/ForkJoinWorkerThread.run;java/util/concurrent/ForkJoinPool.runWorker;java/util/concurrent/ForkJoinPool.scan;java/util/concurrent/ForkJoinPool$WorkQueue.topLevelExec;java/util/concurrent/ForkJoinTask.doExec;java/util/concurrent/ForkJoinTask$AdaptedRunnableAction.exec;java/lang/VirtualThread$$Lambda.0x000000a801039ae0.run;java/lang/VirtualThread.runContinuation;java/lang/VirtualThread.mount;_notify_jvmti_vthread_mount;SharedRuntime::notify_jvmti_vthread_mount;JvmtiVTMSTransitionDisabler::VTMS_vthread_mount 1
java/util/concurrent/ForkJoinWorkerThread.run;java/util/concurrent/ForkJoinPool.runWorker;java/util/concurrent/ForkJoinPool.scan;java/util/concurrent/ForkJoinPool$WorkQueue.topLevelExec;java/util/concurrent/ForkJoinTask.doExec;java/util/concurrent/ForkJoinTask$AdaptedRunnableAction.exec;java/lang/VirtualThread$$Lambda.0x000000a801039ae0.run;java/lang/VirtualThread.runContinuation;java/lang/VirtualThread.afterYield;java/lang/VirtualThread.externalSubmitRunContinuation;java/util/concurrent/ForkJoinTask.adapt;java/util/concurrent/ForkJoinTask$AdaptedRunnableAction.<init> 3
java/util/concurrent/ForkJoinWorkerThread.run;java/util/concurrent/ForkJoinPool.runWorker;java/util/concurrent/ForkJoinPool.scan;java/util/concurrent/ForkJoinPool$WorkQueue.topLevelExec;java/util/concurrent/ForkJoinTask.doExec;java/util/concurrent/ForkJoinTask$AdaptedRunnableAction.exec;java/lang/VirtualThread$$Lambda.0x000000a801039ae0.run;java/lang/VirtualThread.runContinuation;jdk/internal/vm/Continuation.run;jdk/internal/vm/Continuation.enterSpecial;jdk/internal/vm/Continuation.enter;jdk/internal/vm/Continuation.enter0;java/lang/VirtualThread$VThreadContinuation$1.run;java/lang/VirtualThread.run;java/lang/Thread.runWith;uk/ac/ncl/jensen/benchmark/VThreadTransitionBenchmark$$Lambda.0x000000a801029bb0.run;uk/ac/ncl/jensen/benchmark/VThreadTransitionBenchmark.lambda$transition_yield$0;java/lang/Thread.yield;java/lang/VirtualThread.tryYield;java/lang/VirtualThread.yieldContinuation;_notify_jvmti_vthread_unmount;SharedRuntime::notify_jvmti_vthread_unmount;JvmtiVTMSTransitionDisabler::VTMS_vthread_unmount;JvmtiVTMSTransitionDisabler::start_VTMS_transition 4
java/util/concurrent/ForkJoinWorkerThread.run;java/util/concurrent/ForkJoinPool.runWorker;java/util/concurrent/ForkJoinPool.scan;java/util/concurrent/ForkJoinPool$WorkQueue.topLevelExec;java/util/concurrent/ForkJoinTask.doExec;java/util/concurrent/ForkJoinTask$AdaptedRunnableAction.exec;java/lang/VirtualThread$$Lambda.0x000000a801039ae0.run;java/lang/VirtualThread.runContinuation;jdk/internal/vm/Continuation.run;jdk/internal/vm/Continuation.enterSpecial;jdk/internal/vm/Continuation.enter;jdk/internal/vm/Continuation.enter0;java/lang/VirtualThread$VThreadContinuation$1.run;java/lang/VirtualThread.run;java/lang/Thread.runWith;uk/ac/ncl/jensen/benchmark/VThreadTransitionBenchmark$$Lambda.0x000000a801029bb0.run;uk/ac/ncl/jensen/benchmark/VThreadTransitionBenchmark.lambda$transition_yield$0;java/lang/Thread.yield;java/lang/VirtualThread.tryYield;java/lang/VirtualThread.yieldContinuation;_notify_jvmti_vthread_unmount;SharedRuntime::notify_jvmti_vthread_unmount;JvmtiVTMSTransitionDisabler::VTMS_vthread_unmount;JvmtiVTMSTransitionDisabler::start_VTMS_transition;HandleMark::initialize 2
java/util/concurrent/ForkJoinWorkerThread.run;java/util/concurrent/ForkJoinPool.runWorker;java/util/concurrent/ForkJoinPool.scan;java/util/concurrent/ForkJoinPool$WorkQueue.topLevelExec;java/util/concurrent/ForkJoinPool$WorkQueue.tryPoll 1
Cont thaw 4
java/util/concurrent/ForkJoinWorkerThread.run;java/util/concurrent/ForkJoinPool.runWorker;java/util/concurrent/ForkJoinPool.scan;java/util/concurrent/ForkJoinPool$WorkQueue.topLevelExec;java/util/concurrent/ForkJoinTask.doExec;java/util/concurrent/ForkJoinTask$AdaptedRunnableAction.exec;java/lang/VirtualThread$$Lambda.0x000000a801039ae0.run;java/lang/VirtualThread.runContinuation;jdk/internal/vm/Continuation.run;jdk/internal/vm/Continuation.enterSpecial;jdk/internal/vm/Continuation.enter;jdk/internal/vm/Continuation.enter0;java/lang/VirtualThread$VThreadContinuation$1.run;java/lang/VirtualThread.run;java/lang/Thread.runWith;uk/ac/ncl/jensen/benchmark/VThreadTransitionBenchmark$$Lambda.0x000000a801029bb0.run;uk/ac/ncl/jensen/benchmark/VThreadTransitionBenchmark.lambda$transition_yield$0;java/lang/Thread.yield;java/lang/VirtualThread.tryYield;java/lang/VirtualThread.yieldContinuation;jdk/internal/vm/Continuation.yield 9
java/util/concurrent/ForkJoinWorkerThread.run;java/util/concurrent/ForkJoinPool.runWorker;java/util/concurrent/ForkJoinPool.scan;java/util/concurrent/ForkJoinPool$WorkQueue.topLevelExec;java/util/concurrent/ForkJoinTask.doExec;java/util/concurrent/ForkJoinTask$AdaptedRunnableAction.exec;java/lang/VirtualThread$$Lambda.0x000000a801039ae0.run;java/lang/VirtualThread.runContinuation;java/lang/VirtualThread.afterYield;java/lang/VirtualThread.externalSubmitRunContinuation;java/util/concurrent/ForkJoinPool.externalSubmit;java/util/concurrent/ForkJoinTask.markPoolSubmission;java/util/concurrent/ForkJoinTask.getAndBitwiseOrStatus;jdk/internal/misc/Unsafe.getAndBitwiseOrInt 32
Cont thaw;long* thaw<Config<(oop_kind)0, G1BarrierSet> >;Thaw<Config<(oop_kind)0, G1BarrierSet> >::thaw_fast;__GI_memcpy 28
java/util/concurrent/ForkJoinWorkerThread.run;java/util/concurrent/ForkJoinPool.runWorker;java/util/concurrent/ForkJoinPool.scan;java/util/concurrent/ForkJoinPool$WorkQueue.topLevelExec;java/util/concurrent/ForkJoinTask.doExec;java/util/concurrent/ForkJoinTask$AdaptedRunnableAction.exec;java/lang/VirtualThread$$Lambda.0x000000a801039ae0.run;java/lang/VirtualThread.runContinuation;jdk/internal/vm/Continuation.run;jdk/internal/vm/Continuation.enterSpecial;jdk/internal/vm/Continuation.enter;jdk/internal/vm/Continuation.enter0;java/lang/VirtualThread$VThreadContinuation$1.run;java/lang/VirtualThread.run;java/lang/Thread.runWith;uk/ac/ncl/jensen/benchmark/VThreadTransitionBenchmark$$Lambda.0x000000a801029bb0.run;uk/ac/ncl/jensen/benchmark/VThreadTransitionBenchmark.lambda$transition_yield$0;java/lang/Thread.yield;java/lang/VirtualThread.tryYield;java/lang/VirtualThread.yieldContinuation;_notify_jvmti_vthread_mount;SharedRuntime::notify_jvmti_vthread_mount;JvmtiVTMSTransitionDisabler::VTMS_vthread_mount;JvmtiVTMSTransitionDisabler::finish_VTMS_transition;java_lang_Thread::set_is_in_VTMS_transition 1
java/util/concurrent/ForkJoinWorkerThread.run;java/util/concurrent/ForkJoinPool.runWorker;java/util/concurrent/ForkJoinPool.scan;java/util/concurrent/ForkJoinPool$WorkQueue.topLevelExec;java/util/concurrent/ForkJoinTask.doExec;java/util/concurrent/ForkJoinTask$AdaptedRunnableAction.exec;java/lang/VirtualThread$$Lambda.0x000000a801039ae0.run;java/lang/VirtualThread.runContinuation;java/lang/VirtualThread.afterYield;java/lang/VirtualThread.externalSubmitRunContinuation;java/util/concurrent/ForkJoinPool.externalSubmit;java/util/concurrent/ForkJoinPool$WorkQueue.push;java/util/concurrent/ForkJoinPool.signalWork;java/util/concurrent/locks/LockSupport.unpark;jdk/internal/misc/Unsafe.unpark;Unsafe_Unpark;Parker::unpark 1
java/util/concurrent/ForkJoinWorkerThread.run;java/util/concurrent/ForkJoinPool.runWorker;java/util/concurrent/ForkJoinPool.scan;java/util/concurrent/ForkJoinPool$WorkQueue.topLevelExec;java/util/concurrent/ForkJoinTask.doExec;java/util/concurrent/ForkJoinTask$AdaptedRunnableAction.exec;java/lang/VirtualThread$$Lambda.0x000000a801039ae0.run;java/lang/VirtualThread.runContinuation;java/lang/VirtualThread.unmount;_notify_jvmti_vthread_unmount;SharedRuntime::notify_jvmti_vthread_unmount 3
java/util/concurrent/ForkJoinWorkerThread.run;java/util/concurrent/ForkJoinPool.runWorker;java/util/concurrent/ForkJoinPool.scan 10
java/util/concurrent/ForkJoinWorkerThread.run;java/util/concurrent/ForkJoinPool.runWorker;java/util/concurrent/ForkJoinPool.scan;java/util/concurrent/ForkJoinPool$WorkQueue.topLevelExec;java/util/concurrent/ForkJoinTask.doExec;java/util/concurrent/ForkJoinTask$AdaptedRunnableAction.exec;java/lang/VirtualThread$$Lambda.0x000000a801039ae0.run;java/lang/VirtualThread.runContinuation;java/lang/VirtualThread.mount 5
java/util/concurrent/ForkJoinWorkerThread.run;java/util/concurrent/ForkJoinPool.runWorker;java/util/concurrent/ForkJoinPool.scan;java/util/concurrent/ForkJoinPool$WorkQueue.topLevelExec;java/util/concurrent/ForkJoinTask.doExec;java/util/concurrent/ForkJoinTask$AdaptedRunnableAction.exec;java/lang/VirtualThread$$Lambda.0x000000a801039ae0.run;java/lang/VirtualThread.runContinuation;jdk/internal/vm/Continuation.run;jdk/internal/vm/Continuation.enterSpecial;jdk/internal/vm/Continuation.enter;jdk/internal/vm/Continuation.enter0;java/lang/VirtualThread$VThreadContinuation$1.run;java/lang/VirtualThread.run;java/lang/Thread.runWith;uk/ac/ncl/jensen/benchmark/VThreadTransitionBenchmark$$Lambda.0x000000a801029bb0.run;uk/ac/ncl/jensen/benchmark/VThreadTransitionBenchmark.lambda$transition_yield$0;java/lang/Thread.yield;java/lang/VirtualThread.tryYield;java/lang/VirtualThread.yieldContinuation;_notify_jvmti_vthread_unmount;SharedRuntime::notify_jvmti_vthread_unmount;JvmtiVTMSTransitionDisabler::VTMS_vthread_unmount;JvmtiVTMSTransitionDisabler::start_VTMS_transition;HandleMark::~HandleMark 1
java/util/concurrent/ForkJoinWorkerThread.run;java/util/concurrent/ForkJoinPool.runWorker;java/util/concurrent/ForkJoinPool.scan;java/util/concurrent/ForkJoinPool$WorkQueue.topLevelExec;java/util/concurrent/ForkJoinTask.doExec;java/util/concurrent/ForkJoinTask$AdaptedRunnableAction.exec;java/lang/VirtualThread$$Lambda.0x000000a801039ae0.run;java/lang/VirtualThread.runContinuation;java/lang/VirtualThread.mount;_notify_jvmti_vthread_mount;SharedRuntime::notify_jvmti_vthread_mount;JvmtiVTMSTransitionDisabler::start_VTMS_transition;HandleMark::initialize 1
java/util/concurrent/ForkJoinWorkerThread.run;java/util/concurrent/ForkJoinPool.runWorker;java/util/concurrent/ForkJoinPool.awaitWork;java/util/concurrent/locks/LockSupport.park;jdk/internal/misc/Unsafe.park;Unsafe_Park;JavaThread::threadObj 5
java/util/concurrent/ForkJoinWorkerThread.run;java/util/concurrent/ForkJoinPool.runWorker;java/util/concurrent/ForkJoinPool.scan;java/util/concurrent/ForkJoinPool$WorkQueue.topLevelExec;java/util/concurrent/ForkJoinTask.doExec;java/util/concurrent/ForkJoinTask$AdaptedRunnableAction.exec;java/lang/VirtualThread$$Lambda.0x000000a801039ae0.run;java/lang/VirtualThread.runContinuation;jdk/internal/vm/Continuation.run;jdk/internal/vm/Continuation.enterSpecial;jdk/internal/vm/Continuation.enter;jdk/internal/vm/Continuation.enter0;java/lang/VirtualThread$VThreadContinuation$1.run;java/lang/VirtualThread.run;java/lang/Thread.runWith;uk/ac/ncl/jensen/benchmark/VThreadTransitionBenchmark$$Lambda.0x000000a801029bb0.run;uk/ac/ncl/jensen/benchmark/VThreadTransitionBenchmark.lambda$transition_yield$0;java/lang/Thread.yield;java/lang/VirtualThread.tryYield;java/lang/VirtualThread.yieldContinuation;jdk/internal/vm/Continuation.yield;jdk/internal/vm/Continuation.yield0;jdk/internal/vm/Continuation.doYield;int freeze<Config<(oop_kind)0, G1BarrierSet> >;FreezeBase::size_if_fast_freeze_available 22
java/util/concurrent/ForkJoinWorkerThread.run;java/util/concurrent/ForkJoinPool.runWorker;java/util/concurrent/ForkJoinPool.scan;java/util/concurrent/ForkJoinPool$WorkQueue.topLevelExec;java/util/concurrent/ForkJoinTask.doExec;java/util/concurrent/ForkJoinTask$AdaptedRunnableAction.exec;java/lang/VirtualThread$$Lambda.0x000000a801039ae0.run;java/lang/VirtualThread.runContinuation;jdk/internal/vm/Continuation.run;jdk/internal/vm/Continuation.enterSpecial;jdk/internal/vm/Continuation.enter;jdk/internal/vm/Continuation.enter0;java/lang/VirtualThread$VThreadContinuation$1.run;java/lang/VirtualThread.run;java/lang/Thread.runWith;uk/ac/ncl/jensen/benchmark/VThreadTransitionBenchmark$$Lambda.0x000000a801029bb0.run;uk/ac/ncl/jensen/benchmark/VThreadTransitionBenchmark.lambda$transition_yield$0;java/lang/Thread.yield;java/lang/VirtualThread.tryYield;java/lang/VirtualThread.yieldContinuation;_notify_jvmti_vthread_unmount;SharedRuntime::notify_jvmti_vthread_unmount;JvmtiVTMSTransitionDisabler::VTMS_vthread_unmount;JvmtiVTMSTransitionDisabler::start_VTMS_transition;JNIHandles::resolve_external_guard 1
java/util/concurrent/ForkJoinWorkerThread.run;java/util/concurrent/ForkJoinPool.runWorker;java/util/concurrent/ForkJoinPool.awaitWork;java/util/concurrent/locks/LockSupport.park;jdk/internal/misc/Unsafe.park;Unsafe_Park;Parker::park;___pthread_cond_wait;__GI___futex_abstimed_wait_cancelable64;__internal_syscall_cancel 2
java/util/concurrent/ForkJoinWorkerThread.run;java/util/concurrent/ForkJoinPool.runWorker;java/util/concurrent/ForkJoinPool.scan;java/util/concurrent/ForkJoinPool$WorkQueue.topLevelExec;java/util/concurrent/ForkJoinPool$WorkQueue.tryPoll 1
java/util/concurrent/ForkJoinWorkerThread.run;java/util/concurrent/ForkJoinPool.runWorker;java/util/concurrent/ForkJoinPool.awaitWork;java/util/concurrent/locks/LockSupport.park;jdk/internal/misc/Unsafe.park;Unsafe_Park;java_lang_Thread::set_thread_status;AccessInternal::PostRuntimeDispatch<G1BarrierSet::AccessBarrier<286822ul, G1BarrierSet>, (AccessInternal::BarrierType)3, 286822ul>::oop_access_barrier 6
cont return barrier;uk/ac/ncl/jensen/benchmark/VThreadTransitionBenchmark.lambda$transition_yield$0;java/lang/Thread.yield;java/lang/VirtualThread.tryYield;java/lang/VirtualThread.yieldContinuation;_notify_jvmti_vthread_unmount;SharedRuntime::notify_jvmti_vthread_unmount;JNIHandles::make_local;_dl_tlsdesc_return 1
java/util/concurrent/ForkJoinWorkerThread.run;java/util/concurrent/ForkJoinPool.runWorker;java/util/concurrent/ForkJoinPool.awaitWork;java/util/concurrent/locks/LockSupport.park;jdk/internal/misc/Unsafe.park;Unsafe_Park;Parker::park;__GI___pthread_mutex_unlock_usercnt;__lll_lock_wake 148
cont return barrier;uk/ac/ncl/jensen/benchmark/VThreadTransitionBenchmark.lambda$transition_yield$0;java/lang/Thread.yield;java/lang/VirtualThread.tryYield;java/lang/VirtualThread.yieldContinuation;_notify_jvmti_vthread_unmount;SharedRuntime::notify_jvmti_vthread_unmount;JavaThread::rebind_to_jvmti_thread_state_of;Continuation::set_cont_fastpath_thread_state 2
java/util/concurrent/ForkJoinWorkerThread.run;java/util/concurrent/ForkJoinPool.runWorker;java/util/concurrent/ForkJoinPool.scan;java/util/concurrent/ForkJoinPool$WorkQueue.topLevelExec;java/util/concurrent/ForkJoinTask.doExec;java/util/concurrent/ForkJoinTask$AdaptedRunnableAction.exec;java/lang/VirtualThread$$Lambda.0x000000a801039ae0.run;java/lang/VirtualThread.runContinuation;jdk/internal/vm/Continuation.run;jdk/internal/vm/Continuation.enterSpecial;jdk/internal/vm/Continuation.enter;jdk/internal/vm/Continuation.enter0;java/lang/VirtualThread$VThreadContinuation$1.run;java/lang/VirtualThread.run;java/lang/Thread.runWith;uk/ac/ncl/jensen/benchmark/VThreadTransitionBenchmark$$Lambda.0x000000a801029bb0.run;uk/ac/ncl/jensen/benchmark/VThreadTransitionBenchmark.lambda$transition_yield$0;java/lang/Thread.yield;java/lang/VirtualThread.tryYield;java/lang/VirtualThread.yieldContinuation;_notify_jvmti_vthread_mount;SharedRuntime::notify_jvmti_vthread_mount;JvmtiVTMSTransitionDisabler::VTMS_vthread_mount;JvmtiVTMSTransitionDisabler::VTMS_mount_end;JavaThread::rebind_to_jvmti_thread_state_of;Continuation::set_cont_fastpath_thread_state 7
java/util/concurrent/ForkJoinWorkerThread.run;java/util/concurrent/ForkJoinPool.runWorker;java/util/concurrent/ForkJoinPool.awaitWork 8
java/util/concurrent/ForkJoinWorkerThread.run;java/util/concurrent/ForkJoinPool.runWorker;java/util/concurrent/ForkJoinPool.scan;java/util/concurrent/ForkJoinPool$WorkQueue.topLevelExec;java/util/concurrent/ForkJoinTask.doExec;java/util/concurrent/ForkJoinTask$AdaptedRunnableAction.exec;java/lang/VirtualThread$$Lambda.0x000000a801039ae0.run;java/lang/VirtualThread.runContinuation;java/lang/VirtualThread.mount;_notify_jvmti_vthread_mount;SharedRuntime::notify_jvmti_vthread_mount;JNIHandleBlock::allocate_handle 1
cont return barrier;uk/ac/ncl/jensen/benchmark/VThreadTransitionBenchmark.lambda$transition_yield$0;java/lang/Thread.yield;java/lang/VirtualThread.tryYield;java/lang/VirtualThread.yieldContinuation;_notify_jvmti_vthread_unmount;SharedRuntime::notify_jvmti_vthread_unmount;JvmtiVTMSTransitionDisabler::VTMS_vthread_unmount;JvmtiVTMSTransitionDisabler::start_VTMS_transition;HandleMark::~HandleMark 2
cont return barrier;uk/ac/ncl/jensen/benchmark/VThreadTransitionBenchmark.lambda$transition_yield$0;java/lang/Thread.yield;java/lang/VirtualThread.tryYield;java/lang/VirtualThread.yieldContinuation;_notify_jvmti_vthread_mount;SharedRuntime::notify_jvmti_vthread_mount;JvmtiVTMSTransitionDisabler::VTMS_vthread_mount;JvmtiVTMSTransitionDisabler::VTMS_mount_end 1
java/util/concurrent/ForkJoinWorkerThread.run;java/util/concurrent/ForkJoinPool.runWorker;java/util/concurrent/ForkJoinPool.scan;java/util/concurrent/ForkJoinPool$WorkQueue.topLevelExec;java/util/concurrent/ForkJoinTask.doExec;java/util/concurrent/ForkJoinTask$AdaptedRunnableAction.exec;java/lang/VirtualThread$$Lambda.0x000000a801039ae0.run;java/lang/VirtualThread.runContinuation;java/lang/VirtualThread.mount;_notify_jvmti_vthread_mount;SharedRuntime::notify_jvmti_vthread_mount;JvmtiVTMSTransitionDisabler::start_VTMS_transition;java_lang_Thread::VTMS_transition_disable_count 2
java/util/concurrent/ForkJoinWorkerThread.run;java/util/concurrent/ForkJoinPool.runWorker;java/util/concurrent/ForkJoinPool.scan 1
java/util/concurrent/ForkJoinWorkerThread.run;java/util/concurrent/ForkJoinPool.runWorker;java/util/concurrent/ForkJoinPool.scan;java/util/concurrent/ForkJoinPool$WorkQueue.topLevelExec;java/util/concurrent/ForkJoinTask.doExec;java/util/concurrent/ForkJoinTask$AdaptedRunnableAction.exec;java/lang/VirtualThread$$Lambda.0x000000a801039ae0.run;java/lang/VirtualThread.runContinuation;jdk/internal/vm/Continuation.run;jdk/internal/vm/Continuation.enterSpecial;jdk/internal/vm/Continuation.enter;jdk/internal/vm/Continuation.enter0;java/lang/VirtualThread$VThreadContinuation$1.run;java/lang/VirtualThread.run;java/lang/Thread.runWith;uk/ac/ncl/jensen/benchmark/VThreadTransitionBenchmark$$Lambda.0x000000a801029bb0.run;uk/ac/ncl/jensen/benchmark/VThreadTransitionBenchmark.lambda$transition_yield$0;java/lang/Thread.yield;java/lang/VirtualThread.tryYield;java/lang/VirtualThread.yieldContinuation;_notify_jvmti_vthread_mount;SharedRuntime::notify_jvmti_vthread_mount;JvmtiVTMSTransitionDisabler::VTMS_vthread_mount;JvmtiVTMSTransitionDisabler::VTMS_mount_end;JavaThread::rebind_to_jvmti_thread_state_of 4
java/util/concurrent/ForkJoinWorkerThread.run;java/util/concurrent/ForkJoinPool.runWorker;java/util/concurrent/ForkJoinPool.scan;java/util/concurrent/ForkJoinPool$WorkQueue.topLevelExec;java/util/concurrent/ForkJoinTask.doExec;java/util/concurrent/ForkJoinTask$AdaptedRunnableAction.exec;java/lang/VirtualThread$$Lambda.0x000000a801039ae0.run;java/lang/VirtualThread.runContinuation;java/lang/VirtualThread.unmount;_notify_jvmti_vthread_unmount;SharedRuntime::notify_jvmti_vthread_unmount;JvmtiVTMSTransitionDisabler::finish_VTMS_transition;_dl_tlsdesc_return 1
java/util/concurrent/ForkJoinWorkerThread.run;java/util/concurrent/ForkJoinPool.runWorker;java/util/concurrent/ForkJoinPool.scan;java/util/concurrent/ForkJoinPool$WorkQueue.topLevelExec;java/util/concurrent/ForkJoinTask.doExec;java/util/concurrent/ForkJoinTask$AdaptedRunnableAction.exec;java/lang/VirtualThread$$Lambda.0x000000a801039ae0.run;java/lang/VirtualThread.runContinuation;jdk/internal/vm/Continuation.run;jdk/internal/vm/Continuation.enterSpecial;jdk/internal/vm/Continuation.enter;jdk/internal/vm/Continuation.enter0;java/lang/VirtualThread$VThreadContinuation$1.run;java/lang/VirtualThread.run;java/lang/Thread.runWith;uk/ac/ncl/jensen/benchmark/VThreadTransitionBenchmark$$Lambda.0x000000a801029bb0.run;uk/ac/ncl/jensen/benchmark/VThreadTransitionBenchmark.lambda$transition_yield$0;java/lang/Thread.yield;java/lang/VirtualThread.tryYield;java/lang/VirtualThread.yieldContinuation;jdk/internal/vm/Continuation.yield;jdk/internal/vm/Continuation.yield0;jdk/internal/vm/Continuation.doYield;int freeze<Config<(oop_kind)0, G1BarrierSet> > 13
java/util/concurrent/ForkJoinWorkerThread.run;java/util/concurrent/ForkJoinPool.runWorker;java/util/concurrent/ForkJoinPool.scan;java/util/concurrent/ForkJoinPool$WorkQueue.topLevelExec;java/util/concurrent/ForkJoinTask.doExec;java/util/concurrent/ForkJoinTask$AdaptedRunnableAction.exec;java/lang/VirtualThread$$Lambda.0x000000a801039ae0.run;java/lang/VirtualThread.runContinuation;java/lang/VirtualThread.mount;_notify_jvmti_vthread_mount;SharedRuntime::notify_jvmti_vthread_mount;JvmtiVTMSTransitionDisabler::start_VTMS_transition 2
cont return barrier;uk/ac/ncl/jensen/benchmark/VThreadTransitionBenchmark.lambda$transition_yield$0;java/lang/Thread.yield;java/lang/VirtualThread.tryYield;java/lang/VirtualThread.yieldContinuation;_notify_jvmti_vthread_mount;SharedRuntime::notify_jvmti_vthread_mount;JvmtiVTMSTransitionDisabler::VTMS_vthread_mount;JvmtiVTMSTransitionDisabler::VTMS_mount_end;JavaThread::rebind_to_jvmti_thread_state_of 1
java/util/concurrent/ForkJoinWorkerThread.run;java/util/concurrent/ForkJoinPool.runWorker;java/util/concurrent/ForkJoinPool.scan;java/util/concurrent/ForkJoinPool$WorkQueue.topLevelExec;java/util/concurrent/ForkJoinTask.doExec;java/util/concurrent/ForkJoinTask$AdaptedRunnableAction.exec;java/lang/VirtualThread$$Lambda.0x000000a801039ae0.run;java/lang/VirtualThread.runContinuation;jdk/internal/vm/Continuation.run;jdk/internal/vm/Continuation.enterSpecial;jdk/internal/vm/Continuation.enter;jdk/internal/vm/Continuation.enter0;java/lang/VirtualThread$VThreadContinuation$1.run;java/lang/VirtualThread.run;java/lang/Thread.runWith;uk/ac/ncl/jensen/benchmark/VThreadTransitionBenchmark$$Lambda.0x000000a801029bb0.run;uk/ac/ncl/jensen/benchmark/VThreadTransitionBenchmark.lambda$transition_yield$0;java/lang/Thread.yield;java/lang/VirtualThread.tryYield;java/lang/VirtualThread.yieldContinuation;_notify_jvmti_vthread_unmount;SharedRuntime::notify_jvmti_vthread_unmount;JavaThread::rebind_to_jvmti_thread_state_of;Continuation::set_cont_fastpath_thread_state 7
java/util/concurrent/ForkJoinWorkerThread.run;java/util/concurrent/ForkJoinPool.runWorker;java/util/concurrent/ForkJoinPool.scan;java/util/concurrent/ForkJoinPool$WorkQueue.topLevelExec;java/util/concurrent/ForkJoinTask.doExec;java/util/concurrent/ForkJoinTask$AdaptedRunnableAction.exec;java/lang/VirtualThread$$Lambda.0x000000a801039ae0.run;java/lang/VirtualThread.runContinuation;java/lang/VirtualThread.afterYield;java/lang/VirtualThread.externalSubmitRunContinuation;java/util/concurrent/ForkJoinPool.externalSubmit;java/util/concurrent/ForkJoinPool$WorkQueue.push;java/util/concurrent/ForkJoinPool.signalWork;java/util/concurrent/locks/LockSupport.unpark;jdk/internal/misc/Unsafe.unpark;Unsafe_Unpark;Parker::unpark;__GI___pthread_mutex_unlock_usercnt;__lll_lock_wake 2
java/util/concurrent/ForkJoinWorkerThread.run;java/util/concurrent/ForkJoinPool.runWorker;java/util/concurrent/ForkJoinPool.scan;java/util/concurrent/ForkJoinPool$WorkQueue.topLevelExec;java/util/concurrent/ForkJoinTask.doExec;java/util/concurrent/ForkJoinTask$AdaptedRunnableAction.exec;java/lang/VirtualThread$$Lambda.0x000000a801039ae0.run;java/lang/VirtualThread.runContinuation 3
java/util/concurrent/ForkJoinWorkerThread.run;java/util/concurrent/ForkJoinPool.runWorker;java/util/concurrent/ForkJoinPool.scan;java/util/concurrent/ForkJoinPool$WorkQueue.topLevelExec;java/util/concurrent/ForkJoinTask.doExec 1
java/util/concurrent/ForkJoinWorkerThread.run;java/util/concurrent/ForkJoinPool.runWorker;java/util/concurrent/ForkJoinPool.scan;java/util/concurrent/ForkJoinPool$WorkQueue.topLevelExec;java/util/concurrent/ForkJoinTask.doExec;java/util/concurrent/ForkJoinTask$AdaptedRunnableAction.exec;java/lang/VirtualThread$$Lambda.0x000000a801039ae0.run;java/lang/VirtualThread.runContinuation;java/lang/VirtualThread.compareAndSetState 1
java/util/concurrent/ForkJoinWorkerThread.run;java/util/concurrent/ForkJoinPool.runWorker;java/util/concurrent/ForkJoinPool.scan;java/util/concurrent/ForkJoinPool$WorkQueue.topLevelExec;java/util/concurrent/ForkJoinTask.doExec;java/util/concurrent/ForkJoinTask$AdaptedRunnableAction.exec;java/lang/VirtualThread$$Lambda.0x000000a801039ae0.run;java/lang/VirtualThread.runContinuation;java/lang/VirtualThread.afterYield;java/lang/VirtualThread.externalSubmitRunContinuation;java/util/concurrent/ForkJoinPool.externalSubmit;java/util/concurrent/ForkJoinPool.submissionQueue 3
java/util/concurrent/ForkJoinWorkerThread.run;java/util/concurrent/ForkJoinPool.runWorker;java/util/concurrent/ForkJoinPool.scan;java/util/concurrent/ForkJoinPool$WorkQueue.topLevelExec;java/util/concurrent/ForkJoinTask.doExec;java/util/concurrent/ForkJoinTask$AdaptedRunnableAction.exec;java/lang/VirtualThread$$Lambda.0x000000a801039ae0.run;java/lang/VirtualThread.runContinuation;java/lang/VirtualThread.unmount;_notify_jvmti_vthread_unmount;SharedRuntime::notify_jvmti_vthread_unmount;JvmtiVTMSTransitionDisabler::finish_VTMS_transition;atomic entry points 1
java/util/concurrent/ForkJoinWorkerThread.run;java/util/concurrent/ForkJoinPool.runWorker;java/util/concurrent/ForkJoinPool.awaitWork;java/util/concurrent/locks/LockSupport.park;jdk/internal/misc/Unsafe.park 4
_notify_jvmti_vthread_mount 3
java/util/concurrent/ForkJoinWorkerThread.run;java/util/concurrent/ForkJoinPool.runWorker;java/util/concurrent/ForkJoinPool.scan;java/util/concurrent/ForkJoinPool$WorkQueue.topLevelExec;java/util/concurrent/ForkJoinTask.doExec;java/util/concurrent/ForkJoinTask$AdaptedRunnableAction.exec;java/lang/VirtualThread$$Lambda.0x000000a801039ae0.run;java/lang/VirtualThread.runContinuation;jdk/internal/vm/Continuation.run;jdk/internal/vm/Continuation.enterSpecial;jdk/internal/vm/Continuation.enter;jdk/internal/vm/Continuation.enter0;java/lang/VirtualThread$VThreadContinuation$1.run;java/lang/VirtualThread.run;java/lang/Thread.runWith;uk/ac/ncl/jensen/benchmark/VThreadTransitionBenchmark$$Lambda.0x000000a801029bb0.run;uk/ac/ncl/jensen/benchmark/VThreadTransitionBenchmark.lambda$transition_yield$0;java/lang/Thread.yield;java/lang/VirtualThread.tryYield;java/lang/VirtualThread.yieldContinuation;_notify_jvmti_vthread_mount;SharedRuntime::notify_jvmti_vthread_mount;JvmtiVTMSTransitionDisabler::VTMS_vthread_mount;JvmtiVTMSTransitionDisabler::VTMS_mount_end;Mutex::lock 3
cont return barrier;uk/ac/ncl/jensen/benchmark/VThreadTransitionBenchmark.lambda$transition_yield$0;java/lang/Thread.yield;java/lang/VirtualThread.tryYield;java/lang/VirtualThread.yieldContinuation;_notify_jvmti_vthread_mount;SharedRuntime::notify_jvmti_vthread_mount;JvmtiVTMSTransitionDisabler::VTMS_vthread_mount;JvmtiVTMSTransitionDisabler::VTMS_mount_end;JavaThread::rebind_to_jvmti_thread_state_of;Continuation::set_cont_fastpath_thread_state 1
java/util/concurrent/ForkJoinWorkerThread.run;java/util/concurrent/ForkJoinPool.runWorker;java/util/concurrent/ForkJoinPool.scan;java/util/concurrent/ForkJoinPool$WorkQueue.topLevelExec;java/util/concurrent/ForkJoinTask.doExec;java/util/concurrent/ForkJoinTask$AdaptedRunnableAction.exec;java/lang/VirtualThread$$Lambda.0x000000a801039ae0.run;java/lang/VirtualThread.runContinuation;java/lang/VirtualThread.afterYield;java/lang/VirtualThread.externalSubmitRunContinuation;java/util/concurrent/ForkJoinPool.externalSubmit;java/util/concurrent/ForkJoinPool$WorkQueue.push;java/util/concurrent/ForkJoinPool.signalWork;java/util/concurrent/locks/LockSupport.unpark;jdk/internal/misc/Unsafe.unpark;Unsafe_Unpark;SafeThreadsListPtr::release_stable_list 1
java/util/concurrent/ForkJoinWorkerThread.run;java/util/concurrent/ForkJoinPool.runWorker;java/util/concurrent/ForkJoinPool.scan;java/util/concurrent/ForkJoinPool$WorkQueue.topLevelExec;java/util/concurrent/ForkJoinTask.doExec;java/util/concurrent/ForkJoinTask$AdaptedRunnableAction.exec;java/lang/VirtualThread$$Lambda.0x000000a801039ae0.run;java/lang/VirtualThread.runContinuation;jdk/internal/vm/Continuation.run;jdk/internal/vm/Continuation.enterSpecial;jdk/internal/vm/Continuation.enter;jdk/internal/vm/Continuation.enter0;java/lang/VirtualThread$VThreadContinuation$1.run;java/lang/VirtualThread.run;java/lang/Thread.runWith;uk/ac/ncl/jensen/benchmark/VThreadTransitionBenchmark$$Lambda.0x000000a801029bb0.run;uk/ac/ncl/jensen/benchmark/VThreadTransitionBenchmark.lambda$transition_yield$0;java/lang/Thread.yield;java/lang/VirtualThread.tryYield;java/lang/VirtualThread.yieldContinuation;_notify_jvmti_vthread_unmount;SharedRuntime::notify_jvmti_vthread_unmount;JNIHandleBlock::allocate_handle 3
java/util/concurrent/ForkJoinWorkerThread.run;java/util/concurrent/ForkJoinPool.runWorker;java/util/concurrent/ForkJoinPool.scan;java/util/concurrent/ForkJoinPool$WorkQueue.topLevelExec;java/util/concurrent/ForkJoinTask.doExec;java/util/concurrent/ForkJoinTask$AdaptedRunnableAction.exec;java/lang/VirtualThread$$Lambda.0x000000a801039ae0.run;java/lang/VirtualThread.runContinuation;jdk/internal/vm/Continuation.run;jdk/internal/vm/Continuation.enterSpecial;jdk/internal/vm/Continuation.enter;jdk/internal/vm/Continuation.enter0;java/lang/VirtualThread$VThreadContinuation$1.run;java/lang/VirtualThread.run;java/lang/Thread.runWith;uk/ac/ncl/jensen/benchmark/VThreadTransitionBenchmark$$Lambda.0x000000a801029bb0.run;uk/ac/ncl/jensen/benchmark/VThreadTransitionBenchmark.lambda$transition_yield$0;java/lang/Thread.yield;java/lang/VirtualThread.tryYield;java/lang/VirtualThread.yieldContinuation;_notify_jvmti_vthread_unmount;SharedRuntime::notify_jvmti_vthread_unmount;JvmtiVTMSTransitionDisabler::VTMS_vthread_unmount 7
java/util/concurrent/ForkJoinWorkerThread.run;java/util/concurrent/ForkJoinPool.runWorker;java/util/concurrent/ForkJoinPool.scan;java/util/concurrent/ForkJoinPool$WorkQueue.topLevelExec;java/util/concurrent/ForkJoinTask.doExec;java/util/concurrent/ForkJoinTask$AdaptedRunnableAction.exec;java/lang/VirtualThread$$Lambda.0x000000a801039ae0.run;java/lang/VirtualThread.runContinuation;jdk/internal/vm/Continuation.run 3
java/util/concurrent/ForkJoinWorkerThread.run;java/util/concurrent/ForkJoinPool.runWorker;java/util/concurrent/ForkJoinPool.scan 45
java/util/concurrent/ForkJoinWorkerThread.run;java/util/concurrent/ForkJoinPool.runWorker;java/util/concurrent/ForkJoinPool.awaitWork 1
java/util/concurrent/ForkJoinWorkerThread.run;java/util/concurrent/ForkJoinPool.runWorker;java/util/concurrent/ForkJoinPool.awaitWork;java/util/concurrent/locks/LockSupport.park;jdk/internal/misc/Unsafe.park;Unsafe_Park;Parker::park;___pthread_cond_wait 6
java/util/concurrent/ForkJoinWorkerThread.run;java/util/concurrent/ForkJoinPool.runWorker;java/util/concurrent/ForkJoinPool.scan;java/util/concurrent/ForkJoinPool$WorkQueue.topLevelExec;java/util/concurrent/ForkJoinTask.doExec;java/util/concurrent/ForkJoinTask$AdaptedRunnableAction.exec;java/lang/VirtualThread$$Lambda.0x000000a801039ae0.run;java/lang/VirtualThread.runContinuation;jdk/internal/vm/Continuation.run;jdk/internal/vm/Continuation.enterSpecial;jdk/internal/vm/Continuation.enter;jdk/internal/vm/Continuation.enter0;java/lang/VirtualThread$VThreadContinuation$1.run;java/lang/VirtualThread.run;java/lang/Thread.runWith;uk/ac/ncl/jensen/benchmark/VThreadTransitionBenchmark$$Lambda.0x000000a801029bb0.run;uk/ac/ncl/jensen/benchmark/VThreadTransitionBenchmark.lambda$transition_yield$0;java/lang/Thread.yield;java/lang/VirtualThread.tryYield;java/lang/VirtualThread.yieldContinuation;_notify_jvmti_vthread_unmount;SharedRuntime::notify_jvmti_vthread_unmount;JNIHandles::make_local 9
cont return barrier;uk/ac/ncl/jensen/benchmark/VThreadTransitionBenchmark.lambda$transition_yield$0;java/lang/Thread.yield;java/lang/VirtualThread.tryYield;java/lang/VirtualThread.yieldContinuation;_notify_jvmti_vthread_unmount;SharedRuntime::notify_jvmti_vthread_unmount;JvmtiVTMSTransitionDisabler::VTMS_vthread_unmount;JvmtiVTMSTransitionDisabler::start_VTMS_transition;JNIHandles::resolve_external_guard 3
java/util/concurrent/ForkJoinWorkerThread.run;java/util/concurrent/ForkJoinPool.runWorker;java/util/concurrent/ForkJoinPool.scan 10
java/util/concurrent/ForkJoinWorkerThread.run;java/util/concurrent/ForkJoinPool.runWorker;java/util/concurrent/ForkJoinPool.scan;java/util/concurrent/ForkJoinPool$WorkQueue.topLevelExec;java/util/concurrent/ForkJoinTask.doExec;java/util/concurrent/ForkJoinTask$AdaptedRunnableAction.exec;java/lang/VirtualThread$$Lambda.0x000000a801039ae0.run 2
java/util/concurrent/ForkJoinWorkerThread.run;java/util/concurrent/ForkJoinPool.runWorker;java/util/concurrent/ForkJoinPool.scan 29
Cont thaw;long* thaw<Config<(oop_kind)0, G1BarrierSet> >;Thaw<Config<(oop_kind)0, G1BarrierSet> >::thaw_fast;memcpy@plt 1
java/util/concurrent/ForkJoinWorkerThread.run;java/util/concurrent/ForkJoinPool.runWorker;java/util/concurrent/ForkJoinPool.awaitWork;java/util/concurrent/locks/LockSupport.park;jdk/internal/misc/Unsafe.park;Unsafe_Park;Parker::park;JavaThread::is_interrupted;AccessInternal::PostRuntimeDispatch<G1BarrierSet::AccessBarrier<548964ul, G1BarrierSet>, (AccessInternal::BarrierType)2, 548964ul>::oop_access_barrier 1
java/util/concurrent/ForkJoinWorkerThread.run;java/util/concurrent/ForkJoinPool.runWorker;java/util/concurrent/ForkJoinPool.scan;java/util/concurrent/ForkJoinPool$WorkQueue.topLevelExec;java/util/concurrent/ForkJoinTask.doExec;java/util/concurrent/ForkJoinTask$AdaptedRunnableAction.exec;java/lang/VirtualThread$$Lambda.0x000000a801039ae0.run;java/lang/VirtualThread.runContinuation;java/lang/VirtualThread.mount;_notify_jvmti_vthread_mount;SharedRuntime::notify_jvmti_vthread_mount;JvmtiVTMSTransitionDisabler::start_VTMS_transition;JavaThread::set_is_in_VTMS_transition 2
java/util/concurrent/ForkJoinWorkerThread.run;java/util/concurrent/ForkJoinPool.runWorker;java/util/concurrent/ForkJoinPool.scan;java/util/concurrent/ForkJoinPool$WorkQueue.topLevelExec;java/util/concurrent/ForkJoinTask.doExec;java/util/concurrent/ForkJoinTask$AdaptedRunnableAction.exec;java/lang/VirtualThread$$Lambda.0x000000a801039ae0.run;java/lang/VirtualThread.runContinuation;java/lang/VirtualThread.afterYield;java/lang/VirtualThread.externalSubmitRunContinuation;java/util/concurrent/ForkJoinPool.externalSubmit;java/util/concurrent/ForkJoinPool$WorkQueue.push;java/util/concurrent/ForkJoinPool.signalWork;java/util/concurrent/locks/LockSupport.unpark;jdk/internal/misc/Unsafe.unpark;Unsafe_Unpark;Parker::unpark;__pthread_mutex_lock@GLIBC_2.17;__GI___lll_lock_wait 1
java/util/concurrent/ForkJoinWorkerThread.run;java/util/concurrent/ForkJoinPool.runWorker;java/util/concurrent/ForkJoinPool.scan 7
java/util/concurrent/ForkJoinWorkerThread.run;java/util/concurrent/ForkJoinPool.runWorker;java/util/concurrent/ForkJoinPool.awaitWork;java/lang/Thread.interrupted 1
java/util/concurrent/ForkJoinWorkerThread.run;java/util/concurrent/ForkJoinPool.runWorker;java/util/concurrent/ForkJoinPool.scan;java/util/concurrent/ForkJoinPool$WorkQueue.topLevelExec;java/util/concurrent/ForkJoinTask.doExec;java/util/concurrent/ForkJoinTask$AdaptedRunnableAction.exec;java/lang/VirtualThread$$Lambda.0x000000a801039ae0.run;java/lang/VirtualThread.runContinuation;jdk/internal/vm/Continuation.run;jdk/internal/vm/Continuation.enterSpecial;jdk/internal/vm/Continuation.enter;jdk/internal/vm/Continuation.enter0;java/lang/VirtualThread$VThreadContinuation$1.run;java/lang/VirtualThread.run;java/lang/Thread.runWith;uk/ac/ncl/jensen/benchmark/VThreadTransitionBenchmark$$Lambda.0x000000a801029bb0.run;uk/ac/ncl/jensen/benchmark/VThreadTransitionBenchmark.lambda$transition_yield$0;java/lang/Thread.yield;java/lang/VirtualThread.tryYield;java/lang/VirtualThread.yieldContinuation;_notify_jvmti_vthread_unmount;SharedRuntime::notify_jvmti_vthread_unmount;JvmtiVTMSTransitionDisabler::VTMS_vthread_unmount;JvmtiVTMSTransitionDisabler::start_VTMS_transition;_dl_tlsdesc_return 4
Cont thaw;long* thaw<Config<(oop_kind)0, G1BarrierSet> >;G1CollectedHeap::requires_barriers 11
java/util/concurrent/ForkJoinWorkerThread.run;java/util/concurrent/ForkJoinPool.runWorker;java/util/concurrent/ForkJoinPool.scan;java/util/concurrent/ForkJoinPool$WorkQueue.topLevelExec;java/util/concurrent/ForkJoinTask.doExec 1
java/util/concurrent/ForkJoinWorkerThread.run;java/util/concurrent/ForkJoinPool.runWorker;java/util/concurrent/ForkJoinPool.scan;java/util/concurrent/ForkJoinPool$WorkQueue.topLevelExec;java/util/concurrent/ForkJoinTask.doExec;java/util/concurrent/ForkJoinTask$AdaptedRunnableAction.exec;java/lang/VirtualThread$$Lambda.0x000000a801039ae0.run;java/lang/VirtualThread.runContinuation;java/lang/VirtualThread.mount 1
java/util/concurrent/ForkJoinWorkerThread.run;java/util/concurrent/ForkJoinPool.runWorker;java/util/concurrent/ForkJoinPool.scan 11
java/util/concurrent/ForkJoinWorkerThread.run;java/util/concurrent/ForkJoinPool.runWorker;java/util/concurrent/ForkJoinPool.awaitWork;java/util/concurrent/locks/LockSupport.park;jdk/internal/misc/Unsafe.park;Unsafe_Park;Parker::park;__GI___pthread_mutex_unlock_usercnt 2
java/util/concurrent/ForkJoinWorkerThread.run;java/util/concurrent/ForkJoinPool.runWorker;java/util/concurrent/ForkJoinPool.awaitWork;java/util/concurrent/locks/LockSupport.park;jdk/internal/misc/Unsafe.park;Unsafe_Park 20
java/util/concurrent/ForkJoinWorkerThread.run;java/util/concurrent/ForkJoinPool.runWorker;java/util/concurrent/ForkJoinPool.scan;java/util/concurrent/ForkJoinPool$WorkQueue.topLevelExec;java/util/concurrent/ForkJoinTask.doExec;java/util/concurrent/ForkJoinTask$AdaptedRunnableAction.exec;java/lang/VirtualThread$$Lambda.0x000000a801039ae0.run;java/lang/VirtualThread.runContinuation;java/lang/VirtualThread.unmount;_notify_jvmti_vthread_unmount;SharedRuntime::notify_jvmti_vthread_unmount;JNIHandleBlock::allocate_handle 1
java/util/concurrent/ForkJoinWorkerThread.run;java/util/concurrent/ForkJoinPool.runWorker;java/util/concurrent/ForkJoinPool.scan;java/util/concurrent/ForkJoinPool$WorkQueue.topLevelExec;java/util/concurrent/ForkJoinTask.doExec;java/util/concurrent/ForkJoinTask$AdaptedRunnableAction.exec;java/lang/VirtualThread$$Lambda.0x000000a801039ae0.run;java/lang/VirtualThread.runContinuation;jdk/internal/vm/Continuation.run;jdk/internal/vm/Continuation.mount;jdk/internal/vm/Continuation.compareAndSetMounted;jdk/internal/misc/Unsafe.compareAndSetBoolean 2
java/util/concurrent/ForkJoinWorkerThread.run;java/util/concurrent/ForkJoinPool.runWorker;java/util/concurrent/ForkJoinPool.awaitWork 1
_notify_jvmti_vthread_unmount 1
java/util/concurrent/ForkJoinWorkerThread.run;java/util/concurrent/ForkJoinPool.runWorker;java/util/concurrent/ForkJoinPool.scan 2
java/util/concurrent/ForkJoinWorkerThread.run;java/util/concurrent/ForkJoinPool.runWorker;java/util/concurrent/ForkJoinPool.awaitWork;java/util/concurrent/locks/LockSupport.park;jdk/internal/misc/Unsafe.park;Unsafe_Park;Parker::park;___pthread_cond_wait;__GI___futex_abstimed_wait_cancelable64;__internal_syscall_cancel;__syscall_cancel_arch 42
java/util/concurrent/ForkJoinWorkerThread.run;java/util/concurrent/ForkJoinPool.runWorker;java/util/concurrent/ForkJoinPool.scan;java/util/concurrent/ForkJoinPool$WorkQueue.topLevelExec;java/util/concurrent/ForkJoinTask.doExec;java/util/concurrent/ForkJoinTask$AdaptedRunnableAction.exec;java/lang/VirtualThread$$Lambda.0x000000a801039ae0.run;java/lang/VirtualThread.runContinuation;java/lang/VirtualThread.afterYield;java/lang/VirtualThread.externalSubmitRunContinuation;java/util/concurrent/ForkJoinPool.externalSubmit;java/util/concurrent/ForkJoinPool$WorkQueue.push;java/util/concurrent/ForkJoinPool.signalWork;java/util/concurrent/locks/LockSupport.unpark;jdk/internal/misc/Unsafe.unpark;Unsafe_Unpark;___pthread_cond_signal 1375
java/util/concurrent/ForkJoinWorkerThread.run;java/util/concurrent/ForkJoinPool.runWorker;java/util/concurrent/ForkJoinPool.scan;java/util/concurrent/ForkJoinPool$WorkQueue.topLevelExec;java/util/concurrent/ForkJoinTask.doExec;java/util/concurrent/ForkJoinTask$AdaptedRunnableAction.exec;java/lang/VirtualThread$$Lambda.0x000000a801039ae0.run;java/lang/VirtualThread.runContinuation;jdk/internal/vm/Continuation.run;jdk/internal/vm/Continuation.enterSpecial;int freeze<Config<(oop_kind)0, G1BarrierSet> >;FreezeBase::freeze_fast_copy;__GI_memcpy 3
java/util/concurrent/ForkJoinWorkerThread.run;java/util/concurrent/ForkJoinPool.runWorker;java/util/concurrent/ForkJoinPool.awaitWork 1
java/util/concurrent/ForkJoinWorkerThread.run;java/util/concurrent/ForkJoinPool.runWorker;java/util/concurrent/ForkJoinPool.scan 1
java/util/concurrent/ForkJoinWorkerThread.run;java/util/concurrent/ForkJoinPool.runWorker;java/util/concurrent/ForkJoinPool.scan;java/util/concurrent/ForkJoinPool$WorkQueue.topLevelExec;java/util/concurrent/ForkJoinTask.doExec;java/util/concurrent/ForkJoinTask$AdaptedRunnableAction.exec;java/lang/VirtualThread$$Lambda.0x000000a801039ae0.run;java/lang/VirtualThread.runContinuation;jdk/internal/vm/Continuation.run;jdk/internal/vm/Continuation.enterSpecial;jdk/internal/vm/Continuation.enter;jdk/internal/vm/Continuation.enter0;java/lang/VirtualThread$VThreadContinuation$1.run;java/lang/VirtualThread.run;java/lang/Thread.runWith;uk/ac/ncl/jensen/benchmark/VThreadTransitionBenchmark$$Lambda.0x000000a801029bb0.run;uk/ac/ncl/jensen/benchmark/VThreadTransitionBenchmark.lambda$transition_yield$0;java/lang/Thread.yield;java/lang/VirtualThread.tryYield;java/lang/VirtualThread.yieldContinuation;_notify_jvmti_vthread_mount;SharedRuntime::notify_jvmti_vthread_mount;JvmtiVTMSTransitionDisabler::VTMS_vthread_mount;JvmtiVTMSTransitionDisabler::VTMS_mount_end 14
java/util/concurrent/ForkJoinWorkerThread.run;java/util/concurrent/ForkJoinPool.runWorker;java/util/concurrent/ForkJoinPool.awaitWork;java/util/concurrent/locks/LockSupport.park;jdk/internal/misc/Unsafe.park;Unsafe_Park;AccessInternal::PostRuntimeDispatch<G1BarrierSet::AccessBarrier<548964ul, G1BarrierSet>, (AccessInternal::BarrierType)2, 548964ul>::oop_access_barrier 6
Cont thaw;Continuation::prepare_thaw 11
java/util/concurrent/ForkJoinWorkerThread.run;java/util/concurrent/ForkJoinPool.runWorker;java/util/concurrent/ForkJoinPool.awaitWork;java/util/concurrent/locks/LockSupport.park;jdk/internal/misc/Unsafe.park;Unsafe_Park;Parker::park;atomic entry points 4
java/util/concurrent/ForkJoinWorkerThread.run;java/util/concurrent/ForkJoinPool.runWorker;java/util/concurrent/ForkJoinPool.scan;java/util/concurrent/ForkJoinPool$WorkQueue.topLevelExec;java/util/concurrent/ForkJoinTask.doExec;java/util/concurrent/ForkJoinTask$AdaptedRunnableAction.exec;java/lang/VirtualThread$$Lambda.0x000000a801039ae0.run;java/lang/VirtualThread.runContinuation;java/lang/VirtualThread.unmount 1
java/util/concurrent/ForkJoinWorkerThread.run;java/util/concurrent/ForkJoinPool.runWorker;java/util/concurrent/ForkJoinPool.awaitWork;java/util/concurrent/locks/LockSupport.park;jdk/internal/misc/Unsafe.park;Unsafe_Park;Parker::park;__pthread_mutex_unlock@GLIBC_2.17 1
java/util/concurrent/ForkJoinWorkerThread.run;java/util/concurrent/ForkJoinPool.runWorker;java/util/concurrent/ForkJoinPool.scan 1
java/util/concurrent/ForkJoinWorkerThread.run;java/util/concurrent/ForkJoinPool.runWorker;java/util/concurrent/ForkJoinPool.scan;java/util/concurrent/ForkJoinPool$WorkQueue.topLevelExec;java/util/concurrent/ForkJoinTask.doExec;java/util/concurrent/ForkJoinTask$AdaptedRunnableAction.exec;java/lang/VirtualThread$$Lambda.0x000000a801039ae0.run;java/lang/VirtualThread.runContinuation 1
java/util/concurrent/ForkJoinWorkerThread.run;java/util/concurrent/ForkJoinPool.runWorker;java/util/concurrent/ForkJoinPool.scan 9
java/util/concurrent/ForkJoinWorkerThread.run;java/util/concurrent/ForkJoinPool.runWorker;java/util/concurrent/ForkJoinPool.scan;java/util/concurrent/ForkJoinPool$WorkQueue.topLevelExec;java/util/concurrent/ForkJoinTask.doExec;java/util/concurrent/ForkJoinTask$AdaptedRunnableAction.exec;java/lang/VirtualThread$$Lambda.0x000000a801039ae0.run;java/lang/VirtualThread.runContinuation;jdk/internal/vm/Continuation.run;jdk/internal/vm/Continuation.enterSpecial;jdk/internal/vm/Continuation.enter;jdk/internal/vm/Continuation.enter0;java/lang/VirtualThread$VThreadContinuation$1.run;java/lang/VirtualThread.run;java/lang/Thread.runWith;uk/ac/ncl/jensen/benchmark/VThreadTransitionBenchmark$$Lambda.0x000000a801029bb0.run;uk/ac/ncl/jensen/benchmark/VThreadTransitionBenchmark.lambda$transition_yield$0;java/lang/Thread.yield;java/lang/VirtualThread.tryYield;java/lang/VirtualThread.yieldContinuation;_notify_jvmti_vthread_unmount;SharedRuntime::notify_jvmti_vthread_unmount;JvmtiVTMSTransitionDisabler::VTMS_vthread_unmount;JvmtiVTMSTransitionDisabler::start_VTMS_transition;java_lang_Thread::set_is_in_VTMS_transition 1
java/util/concurrent/ForkJoinWorkerThread.run;java/util/concurrent/ForkJoinPool.runWorker;java/util/concurrent/ForkJoinPool.scan;java/util/concurrent/ForkJoinPool$WorkQueue.topLevelExec;java/util/concurrent/ForkJoinTask.doExec;java/util/concurrent/ForkJoinTask$AdaptedRunnableAction.exec;java/lang/VirtualThread$$Lambda.0x000000a801039ae0.run;java/lang/VirtualThread.runContinuation;jdk/internal/vm/Continuation.run;jdk/internal/vm/Continuation.enterSpecial;jdk/internal/vm/Continuation.enter;jdk/internal/vm/Continuation.enter0;java/lang/VirtualThread$VThreadContinuation$1.run;java/lang/VirtualThread.run;java/lang/Thread.runWith;uk/ac/ncl/jensen/benchmark/VThreadTransitionBenchmark$$Lambda.0x000000a801029bb0.run;uk/ac/ncl/jensen/benchmark/VThreadTransitionBenchmark.lambda$transition_yield$0;java/lang/Thread.yield;java/lang/VirtualThread.tryYield;java/lang/VirtualThread.yieldContinuation;_notify_jvmti_vthread_unmount;SharedRuntime::notify_jvmti_vthread_unmount 2
java/util/concurrent/ForkJoinWorkerThread.run;java/util/concurrent/ForkJoinPool.runWorker;java/util/concurrent/ForkJoinPool.scan 7
java/util/concurrent/ForkJoinWorkerThread.run;java/util/concurrent/ForkJoinPool.runWorker;java/util/concurrent/ForkJoinPool.scan;java/util/concurrent/ForkJoinPool$WorkQueue.topLevelExec;java/util/concurrent/ForkJoinTask.doExec;java/util/concurrent/ForkJoinTask$AdaptedRunnableAction.exec;java/lang/VirtualThread$$Lambda.0x000000a801039ae0.run;java/lang/VirtualThread.runContinuation;java/lang/VirtualThread.afterYield;java/lang/VirtualThread.externalSubmitRunContinuation;java/util/concurrent/ForkJoinPool.externalSubmit;java/util/concurrent/ForkJoinPool$WorkQueue.push;java/util/concurrent/ForkJoinPool.signalWork;java/util/concurrent/locks/LockSupport.unpark;jdk/internal/misc/Unsafe.unpark;Unsafe_Unpark;Parker::unpark;__GI___pthread_mutex_unlock_usercnt;__aarch64_swp4_rel 1
java/util/concurrent/ForkJoinWorkerThread.run;java/util/concurrent/ForkJoinPool.runWorker;java/util/concurrent/ForkJoinPool.scan 8
java/util/concurrent/ForkJoinWorkerThread.run;java/util/concurrent/ForkJoinPool.runWorker;java/util/concurrent/ForkJoinPool.awaitWork;java/util/concurrent/locks/LockSupport.park 11
java/util/concurrent/ForkJoinWorkerThread.run;java/util/concurrent/ForkJoinPool.runWorker;java/util/concurrent/ForkJoinPool.scan;java/util/concurrent/ForkJoinPool$WorkQueue.topLevelExec;java/util/concurrent/ForkJoinTask.doExec;java/util/concurrent/ForkJoinTask$AdaptedRunnableAction.exec;java/lang/VirtualThread$$Lambda.0x000000a801039ae0.run;java/lang/VirtualThread.runContinuation;jdk/internal/vm/Continuation.run 27
java/util/concurrent/ForkJoinWorkerThread.run;java/util/concurrent/ForkJoinPool.runWorker;java/util/concurrent/ForkJoinPool.scan;java/util/concurrent/ForkJoinPool$WorkQueue.topLevelExec;java/util/concurrent/ForkJoinTask.doExec;java/util/concurrent/ForkJoinTask.setDone;java/util/concurrent/ForkJoinTask.signalWaiters 1
java/util/concurrent/ForkJoinWorkerThread.run;java/util/concurrent/ForkJoinPool.runWorker;java/util/concurrent/ForkJoinPool.scan;java/util/concurrent/ForkJoinPool$WorkQueue.topLevelExec;java/util/concurrent/ForkJoinTask.doExec;java/util/concurrent/ForkJoinTask$AdaptedRunnableAction.exec;java/lang/VirtualThread$$Lambda.0x000000a801039ae0.run;java/lang/VirtualThread.runContinuation;jdk/internal/vm/Continuation.run;jdk/internal/vm/Continuation.enterSpecial;jdk/internal/vm/Continuation.enter;jdk/internal/vm/Continuation.enter0;java/lang/VirtualThread$VThreadContinuation$1.run;java/lang/VirtualThread.run;java/lang/Thread.runWith;uk/ac/ncl/jensen/benchmark/VThreadTransitionBenchmark$$Lambda.0x000000a801029bb0.run;uk/ac/ncl/jensen/benchmark/VThreadTransitionBenchmark.lambda$transition_yield$0;java/lang/Thread.yield;java/lang/VirtualThread.tryYield;java/lang/VirtualThread.yieldContinuation;_notify_jvmti_vthread_mount;SharedRuntime::notify_jvmti_vthread_mount;JvmtiVTMSTransitionDisabler::VTMS_vthread_mount;JvmtiVTMSTransitionDisabler::VTMS_mount_end;JavaThread::rebind_to_jvmti_thread_state_of;oopDesc::address_field 4
java/util/concurrent/ForkJoinWorkerThread.run;java/util/concurrent/ForkJoinPool.runWorker;java/util/concurrent/ForkJoinPool.scan;java/util/concurrent/ForkJoinPool$WorkQueue.topLevelExec;java/util/concurrent/ForkJoinTask.doExec;java/util/concurrent/ForkJoinTask$AdaptedRunnableAction.exec;java/lang/VirtualThread$$Lambda.0x000000a801039ae0.run;java/lang/VirtualThread.runContinuation;java/lang/VirtualThread.afterYield;java/lang/VirtualThread.externalSubmitRunContinuation;java/util/concurrent/ForkJoinPool.externalSubmit;java/util/concurrent/ForkJoinPool$WorkQueue.push;java/util/concurrent/ForkJoinPool.signalWork;java/util/concurrent/locks/LockSupport.unpark;jdk/internal/misc/Unsafe.unpark;Unsafe_Unpark 5
java/util/concurrent/ForkJoinWorkerThread.run;java/util/concurrent/ForkJoinPool.runWorker;java/util/concurrent/ForkJoinPool.scan;java/util/concurrent/ForkJoinPool$WorkQueue.topLevelExec;java/util/concurrent/ForkJoinTask.doExec;java/util/concurrent/ForkJoinTask$AdaptedRunnableAction.exec;java/lang/VirtualThread$$Lambda.0x000000a801039ae0.run;java/lang/VirtualThread.runContinuation;jdk/internal/vm/Continuation.run;jdk/internal/vm/Continuation.enterSpecial;jdk/internal/vm/Continuation.enter;jdk/internal/vm/Continuation.enter0;java/lang/VirtualThread$VThreadContinuation$1.run;java/lang/VirtualThread.run;java/lang/Thread.runWith;uk/ac/ncl/jensen/benchmark/VThreadTransitionBenchmark$$Lambda.0x000000a801029bb0.run;uk/ac/ncl/jensen/benchmark/VThreadTransitionBenchmark.lambda$transition_yield$0;java/lang/Thread.yield;java/lang/VirtualThread.tryYield;java/lang/VirtualThread.yieldContinuation;_notify_jvmti_vthread_mount;SharedRuntime::notify_jvmti_vthread_mount;JvmtiVTMSTransitionDisabler::VTMS_vthread_mount 1
java/util/concurrent/ForkJoinWorkerThread.run;java/util/concurrent/ForkJoinPool.runWorker;java/util/concurrent/ForkJoinPool.scan;java/util/concurrent/ForkJoinPool$WorkQueue.topLevelExec;java/util/concurrent/ForkJoinTask.doExec;java/util/concurrent/ForkJoinTask$AdaptedRunnableAction.exec;java/lang/VirtualThread$$Lambda.0x000000a801039ae0.run;java/lang/VirtualThread.runContinuation 7
java/util/concurrent/ForkJoinWorkerThread.run;java/util/concurrent/ForkJoinPool.runWorker;java/util/concurrent/ForkJoinPool.scan;java/util/concurrent/ForkJoinPool$WorkQueue.topLevelExec;java/util/concurrent/ForkJoinTask.doExec;java/util/concurrent/ForkJoinTask$AdaptedRunnableAction.exec;java/lang/VirtualThread$$Lambda.0x000000a801039ae0.run;java/lang/VirtualThread.runContinuation;jdk/internal/vm/Continuation.run;jdk/internal/vm/Continuation.enterSpecial;jdk/internal/vm/Continuation.enter;jdk/internal/vm/Continuation.enter0;java/lang/VirtualThread$VThreadContinuation$1.run;java/lang/VirtualThread.run;java/lang/Thread.runWith;uk/ac/ncl/jensen/benchmark/VThreadTransitionBenchmark$$Lambda.0x000000a801029bb0.run;uk/ac/ncl/jensen/benchmark/VThreadTransitionBenchmark.lambda$transition_yield$0;java/lang/Thread.yield;java/lang/VirtualThread.tryYield;java/lang/VirtualThread.yieldContinuation;_notify_jvmti_vthread_mount;SharedRuntime::notify_jvmti_vthread_mount;JvmtiVTMSTransitionDisabler::VTMS_vthread_mount;JvmtiVTMSTransitionDisabler::VTMS_mount_end;Mutex::lock;__pthread_mutex_trylock@GLIBC_2.17;__aarch64_cas4_acq 3
java/util/concurrent/ForkJoinWorkerThread.run;java/util/concurrent/ForkJoinPool.runWorker;java/util/concurrent/ForkJoinPool.scan;java/util/concurrent/ForkJoinPool$WorkQueue.topLevelExec;java/util/concurrent/ForkJoinTask.doExec;java/util/concurrent/ForkJoinTask$AdaptedRunnableAction.exec;java/lang/VirtualThread$$Lambda.0x000000a801039ae0.run;java/lang/VirtualThread.runContinuation;java/lang/VirtualThread.mount;_notify_jvmti_vthread_mount;SharedRuntime::notify_jvmti_vthread_mount;JvmtiVTMSTransitionDisabler::start_VTMS_transition;HandleMark::~HandleMark 1
java/util/concurrent/ForkJoinWorkerThread.run;java/util/concurrent/ForkJoinPool.runWorker;java/util/concurrent/ForkJoinPool.scan;java/util/concurrent/ForkJoinPool$WorkQueue.topLevelExec 1
java/util/concurrent/ForkJoinWorkerThread.run;java/util/concurrent/ForkJoinPool.runWorker 1
java/util/concurrent/ForkJoinWorkerThread.run;java/util/concurrent/ForkJoinPool.runWorker;java/util/concurrent/ForkJoinPool.scan;java/util/concurrent/ForkJoinPool$WorkQueue.topLevelExec;java/util/concurrent/ForkJoinTask.doExec;java/util/concurrent/ForkJoinTask$AdaptedRunnableAction.exec;java/lang/VirtualThread$$Lambda.0x000000a801039ae0.run;java/lang/VirtualThread.runContinuation;jdk/internal/vm/Continuation.run;java/lang/System$2.setScopedValueCache 4
java/util/concurrent/ForkJoinWorkerThread.run;java/util/concurrent/ForkJoinPool.runWorker;java/util/concurrent/ForkJoinPool.scan 7
java/util/concurrent/ForkJoinWorkerThread.run;java/util/concurrent/ForkJoinPool.runWorker;java/util/concurrent/ForkJoinPool.awaitWork;java/util/concurrent/locks/LockSupport.park;jdk/internal/misc/Unsafe.park;Unsafe_Park;Parker::park 11
java/util/concurrent/ForkJoinWorkerThread.run;java/util/concurrent/ForkJoinPool.runWorker;java/util/concurrent/ForkJoinPool.awaitWork;java/util/concurrent/locks/LockSupport.park;jdk/internal/misc/Unsafe.park;Unsafe_Park;Parker::park;___pthread_cond_wait;__aarch64_ldadd4_relax 1
java/util/concurrent/ForkJoinWorkerThread.run;java/util/concurrent/ForkJoinPool.runWorker;java/util/concurrent/ForkJoinPool.awaitWork;java/util/concurrent/locks/LockSupport.park;jdk/internal/misc/Unsafe.park;Unsafe_Park;ThreadStateTransition::transition_from_native 2
java/util/concurrent/ForkJoinWorkerThread.run;java/util/concurrent/ForkJoinPool.runWorker;java/util/concurrent/ForkJoinPool.scan;java/util/concurrent/ForkJoinPool$WorkQueue.topLevelExec;java/util/concurrent/ForkJoinTask.doExec;java/util/concurrent/ForkJoinTask$AdaptedRunnableAction.exec;java/lang/VirtualThread$$Lambda.0x000000a801039ae0.run;java/lang/VirtualThread.runContinuation;java/lang/VirtualThread.unmount;_notify_jvmti_vthread_unmount;SharedRuntime::notify_jvmti_vthread_unmount;JvmtiVTMSTransitionDisabler::finish_VTMS_transition 2
thread_start;start_thread;thread_native_entry;Thread::call_run;JavaThread::thread_main_inner;CompileBroker::compiler_thread_loop;CompileBroker::invoke_compiler_on_method;Compiler::compile_method;Compilation::Compilation;Compilation::compile_method;Compilation::compile_java_method;Compilation::build_hir;IR::IR;IRScope::IRScope;GraphBuilder::GraphBuilder;BlockListBuilder::BlockListBuilder;BlockListBuilder::set_leaders;ciMethod::bci_block_start;MethodLiveness::compute_liveness;MethodLiveness::init_basic_blocks 1
java/util/concurrent/ForkJoinWorkerThread.run;java/util/concurrent/ForkJoinPool.runWorker;java/util/concurrent/ForkJoinPool.scan;java/util/concurrent/ForkJoinPool$WorkQueue.topLevelExec;java/util/concurrent/ForkJoinTask.doExec;java/util/concurrent/ForkJoinTask$AdaptedRunnableAction.exec;java/lang/VirtualThread$$Lambda.0x000000a801039ae0.run;java/lang/VirtualThread.runContinuation;jdk/internal/vm/Continuation.run;jdk/internal/vm/Continuation.enterSpecial;jdk/internal/vm/Continuation.enter;jdk/internal/vm/Continuation.enter0;java/lang/VirtualThread$VThreadContinuation$1.run;java/lang/VirtualThread.run;java/lang/Thread.runWith;uk/ac/ncl/jensen/benchmark/VThreadTransitionBenchmark$$Lambda.0x000000a801029bb0.run;uk/ac/ncl/jensen/benchmark/VThreadTransitionBenchmark.lambda$transition_yield$0;java/lang/Thread.yield;java/lang/VirtualThread.tryYield;java/lang/VirtualThread.yieldContinuation;_notify_jvmti_vthread_mount;SharedRuntime::notify_jvmti_vthread_mount;JvmtiVTMSTransitionDisabler::VTMS_vthread_mount;JvmtiVTMSTransitionDisabler::VTMS_mount_end;JavaThread::rebind_to_jvmti_thread_state_of;AccessInternal::PostRuntimeDispatch<G1BarrierSet::AccessBarrier<548964ul, G1BarrierSet>, (AccessInternal::BarrierType)0, 548964ul>::oop_access_barrier 2
java/util/concurrent/ForkJoinWorkerThread.run;java/util/concurrent/ForkJoinPool.runWorker;java/util/concurrent/ForkJoinPool.scan;java/util/concurrent/ForkJoinPool$WorkQueue.topLevelExec;java/util/concurrent/ForkJoinTask.doExec;java/util/concurrent/ForkJoinTask$AdaptedRunnableAction.exec;java/lang/VirtualThread$$Lambda.0x000000a801039ae0.run;java/lang/VirtualThread.runContinuation;jdk/internal/vm/Continuation.run;jdk/internal/vm/Continuation.enterSpecial;int freeze<Config<(oop_kind)0, G1BarrierSet> > 4
cont return barrier;uk/ac/ncl/jensen/benchmark/VThreadTransitionBenchmark.lambda$transition_yield$0;java/lang/Thread.yield;java/lang/VirtualThread.tryYield;java/lang/VirtualThread.yieldContinuation;jdk/internal/vm/Continuation.yield;jdk/internal/vm/Continuation.yield0 1
java/util/concurrent/ForkJoinWorkerThread.run;java/util/concurrent/ForkJoinPool.runWorker;java/util/concurrent/ForkJoinPool.scan;java/util/concurrent/ForkJoinPool$WorkQueue.topLevelExec;java/util/concurrent/ForkJoinTask.doExec;java/util/concurrent/ForkJoinTask$AdaptedRunnableAction.exec;java/lang/VirtualThread$$Lambda.0x000000a801039ae0.run;java/lang/VirtualThread.runContinuation;jdk/internal/vm/Continuation.run;jdk/internal/vm/Continuation.enterSpecial;jdk/internal/vm/Continuation.enter;jdk/internal/vm/Continuation.enter0;java/lang/VirtualThread$VThreadContinuation$1.run;java/lang/VirtualThread.run;java/lang/Thread.runWith;uk/ac/ncl/jensen/benchmark/VThreadTransitionBenchmark$$Lambda.0x000000a801029bb0.run;uk/ac/ncl/jensen/benchmark/VThreadTransitionBenchmark.lambda$transition_yield$0;java/lang/Thread.yield;java/lang/VirtualThread.tryYield;java/lang/VirtualThread.yieldContinuation;_notify_jvmti_vthread_mount;SharedRuntime::notify_jvmti_vthread_mount;JvmtiVTMSTransitionDisabler::VTMS_vthread_mount;JvmtiVTMSTransitionDisabler::VTMS_mount_end;__GI___pthread_mutex_unlock_usercnt;__aarch64_swp4_rel 1
java/util/concurrent/ForkJoinWorkerThread.run;java/util/concurrent/ForkJoinPool.runWorker;java/util/concurrent/ForkJoinPool.awaitWork;jdk/internal/misc/Unsafe.unpark 1
cont return barrier;uk/ac/ncl/jensen/benchmark/VThreadTransitionBenchmark.lambda$transition_yield$0;java/lang/Thread.yield;java/lang/VirtualThread.tryYield;java/lang/VirtualThread.yieldContinuation 1
java/util/concurrent/ForkJoinWorkerThread.run;java/util/concurrent/ForkJoinPool.runWorker;java/util/concurrent/ForkJoinPool.scan 6
java/util/concurrent/ForkJoinWorkerThread.run;java/util/concurrent/ForkJoinPool.runWorker;java/util/concurrent/ForkJoinPool.scan;java/util/concurrent/ForkJoinPool$WorkQueue.topLevelExec;java/util/concurrent/ForkJoinTask.doExec;java/util/concurrent/ForkJoinTask$AdaptedRunnableAction.exec;java/lang/VirtualThread$$Lambda.0x000000a801039ae0.run;java/lang/VirtualThread.runContinuation;jdk/internal/vm/Continuation.run;jdk/internal/vm/Continuation.enterSpecial;jdk/internal/vm/Continuation.enter;jdk/internal/vm/Continuation.enter0;java/lang/VirtualThread$VThreadContinuation$1.run;java/lang/VirtualThread.run;java/lang/Thread.runWith;uk/ac/ncl/jensen/benchmark/VThreadTransitionBenchmark$$Lambda.0x000000a801029bb0.run;uk/ac/ncl/jensen/benchmark/VThreadTransitionBenchmark.lambda$transition_yield$0;java/lang/Thread.yield;java/lang/VirtualThread.tryYield;java/lang/VirtualThread.yieldContinuation;_notify_jvmti_vthread_mount;SharedRuntime::notify_jvmti_vthread_mount;JvmtiVTMSTransitionDisabler::VTMS_vthread_mount;JvmtiVTMSTransitionDisabler::finish_VTMS_transition 1
java/util/concurrent/ForkJoinWorkerThread.run;java/util/concurrent/ForkJoinPool.runWorker;java/util/concurrent/ForkJoinPool.scan;java/util/concurrent/ForkJoinPool$WorkQueue.topLevelExec;java/util/concurrent/ForkJoinTask.doExec;java/util/concurrent/ForkJoinTask$AdaptedRunnableAction.exec;java/lang/VirtualThread$$Lambda.0x000000a801039ae0.run;java/lang/VirtualThread.runContinuation;jdk/internal/vm/Continuation.run;jdk/internal/vm/Continuation.enterSpecial;jdk/internal/vm/Continuation.enter;jdk/internal/vm/Continuation.enter0;java/lang/VirtualThread$VThreadContinuation$1.run;java/lang/VirtualThread.run;java/lang/Thread.runWith;uk/ac/ncl/jensen/benchmark/VThreadTransitionBenchmark$$Lambda.0x000000a801029bb0.run;uk/ac/ncl/jensen/benchmark/VThreadTransitionBenchmark.lambda$transition_yield$0 1
java/util/concurrent/ForkJoinWorkerThread.run;java/util/concurrent/ForkJoinPool.runWorker;java/util/concurrent/ForkJoinPool.awaitWork 4
java/util/concurrent/ForkJoinWorkerThread.run;java/util/concurrent/ForkJoinPool.runWorker;java/util/concurrent/ForkJoinPool.scan;java/util/concurrent/ForkJoinPool$WorkQueue.topLevelExec;java/util/concurrent/ForkJoinTask.doExec;java/util/concurrent/ForkJoinTask$AdaptedRunnableAction.exec;java/lang/VirtualThread$$Lambda.0x000000a801039ae0.run;java/lang/VirtualThread.runContinuation;java/lang/VirtualThread.afterYield;java/lang/VirtualThread.externalSubmitRunContinuation;java/util/concurrent/ForkJoinPool.externalSubmit;java/util/concurrent/ForkJoinPool.submissionQueue;java/util/concurrent/ForkJoinPool$WorkQueue.getAndSetAccess 1
java/util/concurrent/ForkJoinWorkerThread.run;java/util/concurrent/ForkJoinPool.runWorker;java/util/concurrent/ForkJoinPool.scan;java/util/concurrent/ForkJoinPool$WorkQueue.topLevelExec;java/util/concurrent/ForkJoinTask.doExec;java/util/concurrent/ForkJoinTask$AdaptedRunnableAction.exec;java/lang/VirtualThread$$Lambda.0x000000a801039ae0.run;java/lang/VirtualThread.runContinuation;java/lang/VirtualThread.mount;_notify_jvmti_vthread_mount;SharedRuntime::notify_jvmti_vthread_mount;JNIHandles::make_local 5
cont return barrier;uk/ac/ncl/jensen/benchmark/VThreadTransitionBenchmark.lambda$transition_yield$0;java/lang/Thread.yield;java/lang/VirtualThread.tryYield;java/lang/VirtualThread.yieldContinuation;_notify_jvmti_vthread_unmount;SharedRuntime::notify_jvmti_vthread_unmount;JvmtiVTMSTransitionDisabler::VTMS_vthread_unmount;JvmtiVTMSTransitionDisabler::start_VTMS_transition;HandleMark::initialize 1
java/util/concurrent/ForkJoinWorkerThread.run;java/util/concurrent/ForkJoinPool.runWorker;java/util/concurrent/ForkJoinPool.scan;java/util/concurrent/ForkJoinPool$WorkQueue.topLevelExec;java/util/concurrent/ForkJoinTask.doExec;java/util/concurrent/ForkJoinTask$AdaptedRunnableAction.exec;java/lang/VirtualThread$$Lambda.0x000000a801039ae0.run;java/lang/VirtualThread.runContinuation;java/lang/VirtualThread.mount;_notify_jvmti_vthread_mount 4
java/util/concurrent/ForkJoinWorkerThread.run;java/util/concurrent/ForkJoinPool.runWorker;java/util/concurrent/ForkJoinPool.awaitWork;java/util/concurrent/locks/LockSupport.park;jdk/internal/misc/Unsafe.park;Unsafe_Park;java_lang_Thread::get_thread_status 2
java/util/concurrent/ForkJoinWorkerThread.run;java/util/concurrent/ForkJoinPool.runWorker;java/util/concurrent/ForkJoinPool.scan;java/util/concurrent/ForkJoinPool$WorkQueue.topLevelExec;java/util/concurrent/ForkJoinTask.doExec;java/util/concurrent/ForkJoinTask$AdaptedRunnableAction.exec;java/lang/VirtualThread$$Lambda.0x000000a801039ae0.run;java/lang/VirtualThread.runContinuation;jdk/internal/vm/Continuation.run;jdk/internal/vm/Continuation.enterSpecial;jdk/internal/vm/Continuation.enter;jdk/internal/vm/Continuation.enter0;java/lang/VirtualThread$VThreadContinuation$1.run;java/lang/VirtualThread.run;java/lang/Thread.runWith;uk/ac/ncl/jensen/benchmark/VThreadTransitionBenchmark$$Lambda.0x000000a801029bb0.run;uk/ac/ncl/jensen/benchmark/VThreadTransitionBenchmark.lambda$transition_yield$0;java/lang/Thread.yield;java/lang/VirtualThread.tryYield;java/lang/VirtualThread.yieldContinuation;_notify_jvmti_vthread_unmount;SharedRuntime::notify_jvmti_vthread_unmount;JavaThread::rebind_to_jvmti_thread_state_of;JvmtiThreadState::set_thread 2
cont return barrier;uk/ac/ncl/jensen/benchmark/VThreadTransitionBenchmark.lambda$transition_yield$0;java/lang/Thread.yield;java/lang/VirtualThread.tryYield;java/lang/VirtualThread.yieldContinuation;_notify_jvmti_vthread_mount;SharedRuntime::notify_jvmti_vthread_mount;JvmtiVTMSTransitionDisabler::VTMS_vthread_mount;JvmtiVTMSTransitionDisabler::VTMS_mount_end;JavaThread::rebind_to_jvmti_thread_state_of;JvmtiThreadState::set_thread 1
java/util/concurrent/ForkJoinWorkerThread.run;java/util/concurrent/ForkJoinPool.runWorker;java/util/concurrent/ForkJoinPool.scan;java/util/concurrent/ForkJoinPool$WorkQueue.topLevelExec;java/util/concurrent/ForkJoinTask.doExec;java/util/concurrent/ForkJoinTask$AdaptedRunnableAction.exec;java/lang/VirtualThread$$Lambda.0x000000a801039ae0.run;java/lang/VirtualThread.runContinuation;java/lang/VirtualThread.mount;java/lang/VirtualThread.setCarrierThread 2
[unknown];jdk/internal/misc/Unsafe.park 2
java/util/concurrent/ForkJoinWorkerThread.run;java/util/concurrent/ForkJoinPool.runWorker;java/util/concurrent/ForkJoinPool.scan;java/util/concurrent/ForkJoinPool$WorkQueue.topLevelExec;java/util/concurrent/ForkJoinTask.doExec;java/util/concurrent/ForkJoinTask$AdaptedRunnableAction.exec;java/lang/VirtualThread$$Lambda.0x000000a801039ae0.run;java/lang/VirtualThread.runContinuation;jdk/internal/vm/Continuation.run;jdk/internal/vm/Continuation.enterSpecial;jdk/internal/vm/Continuation.enter;jdk/internal/vm/Continuation.enter0;java/lang/VirtualThread$VThreadContinuation$1.run;java/lang/VirtualThread.run;java/lang/Thread.runWith;uk/ac/ncl/jensen/benchmark/VThreadTransitionBenchmark$$Lambda.0x000000a801029bb0.run;uk/ac/ncl/jensen/benchmark/VThreadTransitionBenchmark.lambda$transition_yield$0;java/lang/Thread.yield;java/lang/VirtualThread.tryYield;java/lang/VirtualThread.yieldContinuation;jdk/internal/vm/Continuation.yield;jdk/internal/vm/Continuation.yield0;jdk/internal/vm/Continuation.doYield;int freeze<Config<(oop_kind)0, G1BarrierSet> >;FreezeBase::freeze_fast_copy;ContinuationEntry::flush_stack_processing 1
java/util/concurrent/ForkJoinWorkerThread.run;java/util/concurrent/ForkJoinPool.runWorker;java/util/concurrent/ForkJoinPool.scan;java/util/concurrent/ForkJoinPool$WorkQueue.topLevelExec 5
java/util/concurrent/ForkJoinWorkerThread.run;java/util/concurrent/ForkJoinPool.runWorker;java/util/concurrent/ForkJoinPool.awaitWork;java/util/concurrent/ForkJoinPool.compareAndExchangeCtl 26
java/util/concurrent/ForkJoinWorkerThread.run;java/util/concurrent/ForkJoinPool.runWorker;java/util/concurrent/ForkJoinPool.scan;java/util/concurrent/ForkJoinPool$WorkQueue.topLevelExec;java/util/concurrent/ForkJoinTask.doExec;java/util/concurrent/ForkJoinTask$AdaptedRunnableAction.exec;java/lang/VirtualThread$$Lambda.0x000000a801039ae0.run;java/lang/VirtualThread.runContinuation;java/lang/VirtualThread.afterYield;java/lang/VirtualThread.externalSubmitRunContinuation;java/util/concurrent/ForkJoinPool.externalSubmit;java/util/concurrent/ForkJoinPool$WorkQueue.push;java/util/concurrent/ForkJoinPool.signalWork 2
java/util/concurrent/ForkJoinWorkerThread.run;java/util/concurrent/ForkJoinPool.runWorker;java/util/concurrent/ForkJoinPool.awaitWork;java/util/concurrent/locks/LockSupport.park;jdk/internal/misc/Unsafe.park;Unsafe_Park;HandleMark::pop_and_restore 1
java/util/concurrent/ForkJoinWorkerThread.run;java/util/concurrent/ForkJoinPool.runWorker;java/util/concurrent/ForkJoinPool.scan 6
java/util/concurrent/ForkJoinWorkerThread.run;java/util/concurrent/ForkJoinPool.runWorker;java/util/concurrent/ForkJoinPool.scan;java/util/concurrent/ForkJoinPool$WorkQueue.topLevelExec;java/util/concurrent/ForkJoinTask.doExec;java/util/concurrent/ForkJoinTask$AdaptedRunnableAction.exec;java/lang/VirtualThread$$Lambda.0x000000a801039ae0.run;java/lang/VirtualThread.runContinuation;java/lang/VirtualThread.afterYield;java/lang/VirtualThread.externalSubmitRunContinuation;java/util/concurrent/ForkJoinPool.externalSubmit;java/util/concurrent/ForkJoinPool$WorkQueue.push 17
java/util/concurrent/ForkJoinWorkerThread.run;java/util/concurrent/ForkJoinPool.runWorker;java/util/concurrent/ForkJoinPool.scan;java/util/concurrent/ForkJoinPool$WorkQueue.topLevelExec;java/util/concurrent/ForkJoinTask.doExec;java/util/concurrent/ForkJoinTask$AdaptedRunnableAction.exec;java/lang/VirtualThread$$Lambda.0x000000a801039ae0.run;java/lang/VirtualThread.runContinuation;java/lang/VirtualThread.afterYield;java/lang/VirtualThread.externalSubmitRunContinuation;java/util/concurrent/ForkJoinPool.externalSubmit;java/util/concurrent/ForkJoinPool$WorkQueue.push;java/util/concurrent/ForkJoinPool.signalWork;java/util/concurrent/locks/LockSupport.unpark;jdk/internal/misc/Unsafe.unpark 3
java/util/concurrent/ForkJoinWorkerThread.run;java/util/concurrent/ForkJoinPool.runWorker;java/util/concurrent/ForkJoinPool.scan;java/util/concurrent/ForkJoinPool$WorkQueue.topLevelExec;java/util/concurrent/ForkJoinTask.doExec;java/util/concurrent/ForkJoinTask$AdaptedRunnableAction.exec;java/lang/VirtualThread$$Lambda.0x000000a801039ae0.run;java/lang/VirtualThread.runContinuation;jdk/internal/vm/Continuation.run;jdk/internal/vm/Continuation.enterSpecial;jdk/internal/vm/Continuation.enter;jdk/internal/vm/Continuation.enter0;java/lang/VirtualThread$VThreadContinuation$1.run;java/lang/VirtualThread.run;java/lang/Thread.runWith;uk/ac/ncl/jensen/benchmark/VThreadTransitionBenchmark$$Lambda.0x000000a801029bb0.run;uk/ac/ncl/jensen/benchmark/VThreadTransitionBenchmark.lambda$transition_yield$0;java/lang/Thread.yield;java/lang/VirtualThread.tryYield;java/lang/VirtualThread.yieldContinuation;jdk/internal/vm/Continuation.yield;jdk/internal/vm/Continuation.yield0 1
java/util/concurrent/ForkJoinWorkerThread.run;java/util/concurrent/ForkJoinPool.runWorker;java/util/concurrent/ForkJoinPool.scan;java/util/concurrent/ForkJoinPool$WorkQueue.topLevelExec;java/util/concurrent/ForkJoinTask.doExec;java/util/concurrent/ForkJoinTask$AdaptedRunnableAction.exec;java/lang/VirtualThread$$Lambda.0x000000a801039ae0.run;java/lang/VirtualThread.runContinuation;jdk/internal/vm/Continuation.run;jdk/internal/vm/Continuation.enterSpecial;jdk/internal/vm/Continuation.enter;jdk/internal/vm/Continuation.enter0;java/lang/VirtualThread$VThreadContinuation$1.run;java/lang/VirtualThread.run;java/lang/Thread.runWith;uk/ac/ncl/jensen/benchmark/VThreadTransitionBenchmark$$Lambda.0x000000a801029bb0.run;uk/ac/ncl/jensen/benchmark/VThreadTransitionBenchmark.lambda$transition_yield$0;java/lang/Thread.yield;java/lang/VirtualThread.tryYield;java/lang/VirtualThread.yieldContinuation;_notify_jvmti_vthread_unmount 1
java/util/concurrent/ForkJoinWorkerThread.run;java/util/concurrent/ForkJoinPool.runWorker;java/util/concurrent/ForkJoinPool.awaitWork;java/util/concurrent/locks/LockSupport.park;jdk/internal/misc/Unsafe.park;Unsafe_Park;Parker::park;JavaThread::is_interrupted 2
java/util/concurrent/ForkJoinWorkerThread.run;java/util/concurrent/ForkJoinPool.runWorker;java/util/concurrent/ForkJoinPool.scan;java/util/concurrent/ForkJoinPool$WorkQueue.topLevelExec;java/util/concurrent/ForkJoinTask.doExec;java/util/concurrent/ForkJoinTask$AdaptedRunnableAction.exec;java/lang/VirtualThread$$Lambda.0x000000a801039ae0.run;java/lang/VirtualThread.runContinuation;jdk/internal/vm/Continuation.run;jdk/internal/vm/Continuation.enterSpecial;jdk/internal/vm/Continuation.enter;jdk/internal/vm/Continuation.enter0;java/lang/VirtualThread$VThreadContinuation$1.run;java/lang/VirtualThread.run;java/lang/Thread.runWith;uk/ac/ncl/jensen/benchmark/VThreadTransitionBenchmark$$Lambda.0x000000a801029bb0.run;uk/ac/ncl/jensen/benchmark/VThreadTransitionBenchmark.lambda$transition_yield$0;java/lang/Thread.yield;java/lang/VirtualThread.tryYield;java/lang/VirtualThread.yieldContinuation 2
java/util/concurrent/ForkJoinWorkerThread.run;java/util/concurrent/ForkJoinPool.runWorker;java/util/concurrent/ForkJoinPool.scan;java/util/concurrent/ForkJoinPool$WorkQueue.topLevelExec;java/util/concurrent/ForkJoinTask.doExec;java/util/concurrent/ForkJoinTask$AdaptedRunnableAction.exec;java/lang/VirtualThread$$Lambda.0x000000a801039ae0.run;java/lang/VirtualThread.runContinuation;java/lang/VirtualThread.afterYield;java/lang/VirtualThread.externalSubmitRunContinuation;java/util/concurrent/ForkJoinPool.externalSubmit;java/util/concurrent/ForkJoinPool$WorkQueue.push;java/util/concurrent/ForkJoinPool.signalWork;java/util/concurrent/locks/LockSupport.unpark;jdk/internal/misc/Unsafe.unpark;Unsafe_Unpark;FastThreadsListHandle::FastThreadsListHandle;atomic entry points 1
java/util/concurrent/ForkJoinWorkerThread.run;java/util/concurrent/ForkJoinPool.runWorker;java/util/concurrent/ForkJoinPool.awaitWork 5
java/util/concurrent/ForkJoinWorkerThread.run;java/util/concurrent/ForkJoinPool.runWorker;java/util/concurrent/ForkJoinPool.scan;java/util/concurrent/ForkJoinPool$WorkQueue.topLevelExec;java/util/concurrent/ForkJoinTask.doExec;java/util/concurrent/ForkJoinTask$AdaptedRunnableAction.exec;java/lang/VirtualThread$$Lambda.0x000000a801039ae0.run;java/lang/VirtualThread.runContinuation;java/lang/VirtualThread.afterYield;java/lang/VirtualThread.externalSubmitRunContinuation;java/util/concurrent/ForkJoinPool.externalSubmit;java/util/concurrent/ForkJoinPool$WorkQueue.push;java/util/concurrent/ForkJoinPool.signalWork 3
java/util/concurrent/ForkJoinWorkerThread.run;java/util/concurrent/ForkJoinPool.runWorker;java/util/concurrent/ForkJoinPool.awaitWork;java/util/concurrent/locks/LockSupport.park;jdk/internal/misc/Unsafe.park;Unsafe_Park;java_lang_Thread::set_thread_status 3
java/util/concurrent/ForkJoinWorkerThread.run;java/util/concurrent/ForkJoinPool.runWorker;java/util/concurrent/ForkJoinPool.scan;java/util/concurrent/ForkJoinPool$WorkQueue.topLevelExec;java/util/concurrent/ForkJoinTask.doExec;java/util/concurrent/ForkJoinTask$AdaptedRunnableAction.exec;java/lang/VirtualThread$$Lambda.0x000000a801039ae0.run;java/lang/VirtualThread.runContinuation;jdk/internal/vm/Continuation.run;jdk/internal/vm/Continuation.enterSpecial;jdk/internal/vm/Continuation.enter;jdk/internal/vm/Continuation.enter0;java/lang/VirtualThread$VThreadContinuation$1.run;java/lang/VirtualThread.run;java/lang/Thread.runWith;uk/ac/ncl/jensen/benchmark/VThreadTransitionBenchmark$$Lambda.0x000000a801029bb0.run;uk/ac/ncl/jensen/benchmark/VThreadTransitionBenchmark.lambda$transition_yield$0;java/lang/Thread.yield;java/lang/VirtualThread.tryYield;java/lang/VirtualThread.yieldContinuation;_notify_jvmti_vthread_unmount;SharedRuntime::notify_jvmti_vthread_unmount;JvmtiVTMSTransitionDisabler::VTMS_vthread_unmount;_dl_tlsdesc_return 2
java/util/concurrent/ForkJoinWorkerThread.run;java/util/concurrent/ForkJoinPool.runWorker;java/util/concurrent/ForkJoinPool.scan;java/util/concurrent/ForkJoinPool$WorkQueue.topLevelExec;java/util/concurrent/ForkJoinTask.doExec;java/util/concurrent/ForkJoinTask$AdaptedRunnableAction.exec;java/lang/VirtualThread$$Lambda.0x000000a801039ae0.run;java/lang/VirtualThread.runContinuation;java/lang/VirtualThread.afterYield;java/lang/VirtualThread.externalSubmitRunContinuation;java/util/concurrent/ForkJoinTask.adapt 3
java/util/concurrent/ForkJoinWorkerThread.run;java/util/concurrent/ForkJoinPool.runWorker;java/util/concurrent/ForkJoinPool.scan;java/util/concurrent/ForkJoinPool$WorkQueue.topLevelExec;java/util/concurrent/ForkJoinTask.doExec;java/util/concurrent/ForkJoinTask$AdaptedRunnableAction.exec;java/lang/VirtualThread$$Lambda.0x000000a801039ae0.run;java/lang/VirtualThread.runContinuation;jdk/internal/vm/Continuation.run;jdk/internal/vm/Continuation.enterSpecial;jdk/internal/vm/Continuation.enter;jdk/internal/vm/Continuation.enter0;java/lang/VirtualThread$VThreadContinuation$1.run;java/lang/VirtualThread.run;java/lang/Thread.runWith;uk/ac/ncl/jensen/benchmark/VThreadTransitionBenchmark$$Lambda.0x000000a801029bb0.run;uk/ac/ncl/jensen/benchmark/VThreadTransitionBenchmark.lambda$transition_yield$0;java/lang/Thread.yield;java/lang/VirtualThread.tryYield;java/lang/VirtualThread.yieldContinuation;jdk/internal/vm/Continuation.yield;jdk/internal/vm/Continuation.yield0;jdk/internal/vm/Continuation.doYield;int freeze<Config<(oop_kind)0, G1BarrierSet> >;FreezeBase::size_if_fast_freeze_available;G1CollectedHeap::requires_barriers 1
Cont thaw;Continuation::prepare_thaw;AccessInternal::PostRuntimeDispatch<G1BarrierSet::AccessBarrier<286822ul, G1BarrierSet>, (AccessInternal::BarrierType)3, 286822ul>::oop_access_barrier 1
java/util/concurrent/ForkJoinWorkerThread.run;java/util/concurrent/ForkJoinPool.runWorker;java/util/concurrent/ForkJoinPool.scan;java/util/concurrent/ForkJoinPool$WorkQueue.topLevelExec;java/util/concurrent/ForkJoinTask.doExec;java/util/concurrent/ForkJoinTask$AdaptedRunnableAction.exec;java/lang/VirtualThread$$Lambda.0x000000a801039ae0.run;java/lang/VirtualThread.runContinuation;java/lang/VirtualThread.afterYield 1
java/util/concurrent/ForkJoinWorkerThread.run;java/util/concurrent/ForkJoinPool.runWorker;java/util/concurrent/ForkJoinPool.scan 1
java/util/concurrent/ForkJoinWorkerThread.run;java/util/concurrent/ForkJoinPool.runWorker;java/util/concurrent/ForkJoinPool.scan;java/util/concurrent/ForkJoinPool$WorkQueue.topLevelExec;java/util/concurrent/ForkJoinTask.doExec;java/util/concurrent/ForkJoinTask$AdaptedRunnableAction.exec;java/lang/VirtualThread$$Lambda.0x000000a801039ae0.run;java/lang/VirtualThread.runContinuation;jdk/internal/vm/Continuation.run;jdk/internal/vm/Continuation.enterSpecial;int freeze<Config<(oop_kind)0, G1BarrierSet> >;FreezeBase::freeze_fast_copy;oopDesc::address_field 1
java/util/concurrent/ForkJoinWorkerThread.run;java/util/concurrent/ForkJoinPool.runWorker;java/util/concurrent/ForkJoinPool.scan;java/util/concurrent/ForkJoinPool$WorkQueue.topLevelExec;java/util/concurrent/ForkJoinTask.doExec;java/util/concurrent/ForkJoinTask$AdaptedRunnableAction.exec;java/lang/VirtualThread$$Lambda.0x000000a801039ae0.run;java/lang/VirtualThread.runContinuation;java/lang/VirtualThread.unmount;_notify_jvmti_vthread_unmount;SharedRuntime::notify_jvmti_vthread_unmount;JvmtiVTMSTransitionDisabler::finish_VTMS_transition;JNIHandles::resolve_external_guard 5
java/util/concurrent/ForkJoinWorkerThread.run;java/util/concurrent/ForkJoinPool.runWorker;java/util/concurrent/ForkJoinPool.scan;java/util/concurrent/ForkJoinPool$WorkQueue.topLevelExec;java/util/concurrent/ForkJoinTask.doExec;java/util/concurrent/ForkJoinTask$AdaptedRunnableAction.exec;java/lang/VirtualThread$$Lambda.0x000000a801039ae0.run;java/lang/VirtualThread.runContinuation;java/lang/VirtualThread.afterYield;java/lang/VirtualThread.externalSubmitRunContinuation;java/util/concurrent/ForkJoinPool.externalSubmit;java/util/concurrent/ForkJoinPool$WorkQueue.push;java/util/concurrent/ForkJoinPool.signalWork;java/util/concurrent/ForkJoinPool.compareAndExchangeCtl 6
java/util/concurrent/ForkJoinWorkerThread.run;java/util/concurrent/ForkJoinPool.runWorker;java/util/concurrent/ForkJoinPool.scan;java/util/concurrent/ForkJoinPool$WorkQueue.topLevelExec;java/util/concurrent/ForkJoinTask.doExec;java/util/concurrent/ForkJoinTask$AdaptedRunnableAction.exec;java/lang/VirtualThread$$Lambda.0x000000a801039ae0.run;java/lang/VirtualThread.runContinuation;java/lang/VirtualThread.afterYield;java/lang/VirtualThread.externalSubmitRunContinuation;java/util/concurrent/ForkJoinPool.externalSubmit;java/util/concurrent/ForkJoinPool$WorkQueue.push;java/util/concurrent/ForkJoinPool.signalWork;java/util/concurrent/locks/LockSupport.unpark;jdk/internal/misc/Unsafe.unpark;Unsafe_Unpark;FastThreadsListHandle::FastThreadsListHandle 17
java/util/concurrent/ForkJoinWorkerThread.run;java/util/concurrent/ForkJoinPool.runWorker;java/util/concurrent/ForkJoinPool.awaitWork;java/util/concurrent/locks/LockSupport.park;jdk/internal/misc/Unsafe.park;Unsafe_Park;Parker::park;___pthread_cond_wait;__pthread_mutex_cond_lock 1
java/util/concurrent/ForkJoinWorkerThread.run;java/util/concurrent/ForkJoinPool.runWorker;java/util/concurrent/ForkJoinPool.scan;java/util/concurrent/ForkJoinPool$WorkQueue.topLevelExec;java/util/concurrent/ForkJoinTask.doExec;java/util/concurrent/ForkJoinTask$AdaptedRunnableAction.exec;java/lang/VirtualThread$$Lambda.0x000000a801039ae0.run;java/lang/VirtualThread.runContinuation;java/lang/VirtualThread.afterYield;java/lang/VirtualThread.externalSubmitRunContinuation;java/util/concurrent/ForkJoinPool.externalSubmit;java/util/concurrent/ForkJoinPool.submissionQueue 3
java/util/concurrent/ForkJoinWorkerThread.run;java/util/concurrent/ForkJoinPool.runWorker;java/util/concurrent/ForkJoinPool.scan;java/util/concurrent/ForkJoinPool$WorkQueue.topLevelExec;java/util/concurrent/ForkJoinTask.doExec;java/util/concurrent/ForkJoinTask$AdaptedRunnableAction.exec;java/lang/VirtualThread$$Lambda.0x000000a801039ae0.run;java/lang/VirtualThread.runContinuation;java/lang/VirtualThread.mount;_notify_jvmti_vthread_mount;SharedRuntime::notify_jvmti_vthread_mount;JvmtiVTMSTransitionDisabler::start_VTMS_transition;atomic entry points 5
