java/util/concurrent/ForkJoinWorkerThread.run;java/util/concurrent/ForkJoinPool.runWorker;java/util/concurrent/ForkJoinPool.scan;java/util/concurrent/ForkJoinPool$WorkQueue.topLevelExec;java/util/concurrent/ForkJoinTask.doExec;java/util/concurrent/ForkJoinTask$RunnableExecuteAction.exec;java/lang/VirtualThread$$Lambda.0x00007a6f90039c78.run;java/lang/VirtualThread.runContinuation;jdk/internal/vm/Continuation.run;jdk/internal/vm/Continuation.enterSpecial;jdk/internal/vm/Continuation.enter;jdk/internal/vm/Continuation.enter0;java/lang/VirtualThread$VThreadContinuation$1.run;java/lang/VirtualThread.run;_notify_jvmti_vthread_end;SharedRuntime::notify_jvmti_vthread_end;JvmtiVTMSTransitionDisabler::VTMS_vthread_end;JvmtiExport::cleanup_thread;Mutex::lock;pthread_mutex_lock;/usr/lib/x86_64-linux-gnu/libc.so.6;entry_SYSCALL_64_after_hwframe_[k];do_syscall_64_[k];x64_sys_call_[k];__x64_sys_futex_[k];do_futex_[k];futex_wait_[k];__futex_wait_[k];futex_wait_setup_[k];futex_q_unlock_[k] 28
java/util/concurrent/ForkJoinWorkerThread.run;java/util/concurrent/ForkJoinPool.runWorker;java/util/concurrent/ForkJoinPool.scan 3
java/util/concurrent/ForkJoinWorkerThread.run;java/util/concurrent/ForkJoinPool.runWorker;java/util/concurrent/ForkJoinPool.scan;java/util/concurrent/ForkJoinPool$WorkQueue.topLevelExec;java/util/concurrent/ForkJoinTask.doExec;java/util/concurrent/ForkJoinTask$RunnableExecuteAction.exec;java/lang/VirtualThread$$Lambda.0x00007a6f90039c78.run;java/lang/VirtualThread.runContinuation;java/lang/VirtualThread.unmount;_notify_jvmti_vthread_unmount;SharedRuntime::notify_jvmti_vthread_unmount;JNIHandleBlock::allocate_handle 2
java/util/concurrent/ForkJoinWorkerThread.run;java/util/concurrent/ForkJoinPool.runWorker;java/util/concurrent/ForkJoinPool.scan;java/util/concurrent/ForkJoinPool$WorkQueue.topLevelExec;java/util/concurrent/ForkJoinTask.doExec;java/util/concurrent/ForkJoinTask$RunnableExecuteAction.exec;java/lang/VirtualThread$$Lambda.0x00007a6f90039c78.run;java/lang/VirtualThread.runContinuation;jdk/internal/vm/Continuation.run;jdk/internal/vm/Continuation.enterSpecial;jdk/internal/vm/Continuation.enter;jdk/internal/vm/Continuation.enter0;java/lang/VirtualThread$VThreadContinuation$1.run;java/lang/VirtualThread.run;_notify_jvmti_vthread_start;SharedRuntime::notify_jvmti_vthread_start;JvmtiVTMSTransitionDisabler::VTMS_vthread_start;__pthread_mutex_unlock;/usr/lib/x86_64-linux-gnu/libc.so.6;entry_SYSCALL_64_after_hwframe_[k];do_syscall_64_[k];x64_sys_call_[k];__x64_sys_futex_[k];do_futex_[k];futex_wake_[k];wake_up_q_[k];try_to_wake_up_[k] 1
java/util/concurrent/ForkJoinWorkerThread.run;java/util/concurrent/ForkJoinPool.runWorker;java/util/concurrent/ForkJoinPool.awaitWork;java/util/concurrent/locks/LockSupport.park;jdk/internal/misc/Unsafe.park;Unsafe_Park;Parker::park;__pthread_mutex_unlock;/usr/lib/x86_64-linux-gnu/libc.so.6;entry_SYSCALL_64_after_hwframe_[k];do_syscall_64_[k] 2
java/util/concurrent/ForkJoinWorkerThread.run;java/util/concurrent/ForkJoinPool.runWorker;java/util/concurrent/ForkJoinPool.scan;java/util/concurrent/ForkJoinPool$WorkQueue.topLevelExec;java/util/concurrent/ForkJoinTask.doExec;java/util/concurrent/ForkJoinTask$RunnableExecuteAction.exec;java/lang/VirtualThread$$Lambda.0x00007a6f90039c78.run;java/lang/VirtualThread.runContinuation;jdk/internal/vm/Continuation.run;jdk/internal/vm/Continuation.enterSpecial;jdk/internal/vm/Continuation.enter;jdk/internal/vm/Continuation.enter0;java/lang/VirtualThread$VThreadContinuation$1.run;java/lang/VirtualThread.run;_notify_jvmti_vthread_start;SharedRuntime::notify_jvmti_vthread_start;JvmtiVTMSTransitionDisabler::VTMS_vthread_start;__pthread_mutex_unlock;/usr/lib/x86_64-linux-gnu/libc.so.6;entry_SYSCALL_64_after_hwframe_[k];do_syscall_64_[k];x64_sys_call_[k];__x64_sys_futex_[k];do_futex_[k];futex_wake_[k];futex_hash_[k] 5
java/util/concurrent/ForkJoinWorkerThread.run;java/util/concurrent/ForkJoinPool.runWorker;java/util/concurrent/ForkJoinPool.scan;java/util/concurrent/ForkJoinPool$WorkQueue.topLevelExec;java/util/concurrent/ForkJoinTask.doExec;java/util/concurrent/ForkJoinTask$RunnableExecuteAction.exec;java/lang/VirtualThread$$Lambda.0x00007a6f90039c78.run;java/lang/VirtualThread.runContinuation;jdk/internal/vm/Continuation.run;jdk/internal/vm/Continuation.enterSpecial;jdk/internal/vm/Continuation.enter;jdk/internal/vm/Continuation.enter0;java/lang/VirtualThread$VThreadContinuation$1.run;java/lang/VirtualThread.run;_notify_jvmti_vthread_end;SharedRuntime::notify_jvmti_vthread_end;JvmtiVTMSTransitionDisabler::VTMS_vthread_end;JvmtiExport::cleanup_thread;JvmtiEventController::thread_ended;JvmtiThreadState::~JvmtiThreadState;_SafeFetchN_fault 1
java/util/concurrent/ForkJoinWorkerThread.run;java/util/concurrent/ForkJoinPool.runWorker;java/util/concurrent/ForkJoinPool.scan;java/util/concurrent/ForkJoinPool$WorkQueue.topLevelExec;java/util/concurrent/ForkJoinTask.doExec;java/util/concurrent/ForkJoinTask$RunnableExecuteAction.exec;java/lang/VirtualThread$$Lambda.0x00007a6f90039c78.run;java/lang/VirtualThread.runContinuation;jdk/internal/vm/Continuation.run;jdk/internal/vm/Continuation.enterSpecial;jdk/internal/vm/Continuation.enter;jdk/internal/vm/Continuation.enter0;java/lang/VirtualThread$VThreadContinuation$1.run;java/lang/VirtualThread.run;_notify_jvmti_vthread_start;SharedRuntime::notify_jvmti_vthread_start;JvmtiVTMSTransitionDisabler::VTMS_vthread_start;JvmtiVTMSTransitionDisabler::finish_VTMS_transition;__tls_get_addr 4
java/lang/Thread.run;java/lang/Thread.runWith;java/util/concurrent/ThreadPoolExecutor$Worker.run;java/util/concurrent/ThreadPoolExecutor.runWorker;java/util/concurrent/FutureTask.run;java/util/concurrent/Executors$RunnableAdapter.call;java/util/concurrent/FutureTask.run;org/openjdk/jmh/runner/BenchmarkHandler$BenchmarkTask.call;org/openjdk/jmh/runner/BenchmarkHandler$BenchmarkTask.call;java/lang/reflect/Method.invoke;jdk/internal/reflect/DirectMethodHandleAccessor.invoke;jdk/internal/reflect/DirectMethodHandleAccessor.invokeImpl;java/lang/invoke/LambdaForm$MH.0x00007a6f9002e800.invokeExact_MT;java/lang/invoke/LambdaForm$MH.0x00007a6f9002e400.invoke;java/lang/invoke/DirectMethodHandle$Holder.invokeSpecial;uk/ac/ncl/jensen/benchmark/jmh_generated/VThreadChurnBenchmark_churn_jmhTest.churn_AverageTime;uk/ac/ncl/jensen/benchmark/jmh_generated/VThreadChurnBenchmark_churn_jmhTest.churn_avgt_jmhStub;uk/ac/ncl/jensen/benchmark/VThreadChurnBenchmark.churn;java/lang/Thread.join;java/lang/Thread.join;java/lang/VirtualThread.joinNanos;java/util/concurrent/CountDownLatch.await;java/util/concurrent/locks/AbstractQueuedSynchronizer.acquireSharedInterruptibly;java/util/concurrent/locks/AbstractQueuedSynchronizer.acquire 1
org/openjdk/jmh/runner/ForkedMain.main;org/openjdk/jmh/runner/ForkedRunner.run;org/openjdk/jmh/runner/BaseRunner.runBenchmarksForked;org/openjdk/jmh/runner/BaseRunner.doSingle;org/openjdk/jmh/runner/BaseRunner.runBenchmark;org/openjdk/jmh/runner/BaseRunner.runBenchmark;org/openjdk/jmh/runner/ForkedRunner$1.accept;org/openjdk/jmh/runner/link/BinaryLinkClient.pushResults;org/openjdk/jmh/runner/link/BinaryLinkClient.pushFrame;java/io/ObjectOutputStream.writeObject;java/io/ObjectOutputStream.writeObject0;java/io/ObjectOutputStream.writeOrdinaryObject;java/io/ObjectOutputStream.writeSerialData;java/io/ObjectStreamClass.getClassDataLayout;java/io/ObjectStreamClass.getClassDataLayout0 1
java/util/concurrent/ForkJoinWorkerThread.run;java/util/concurrent/ForkJoinPool.runWorker;java/util/concurrent/ForkJoinPool.scan;java/util/concurrent/ForkJoinPool$WorkQueue.topLevelExec;java/util/concurrent/ForkJoinTask.doExec;java/util/concurrent/ForkJoinTask$RunnableExecuteAction.exec;java/lang/VirtualThread$$Lambda.0x00007a6f90039c78.run;java/lang/VirtualThread.runContinuation;java/lang/VirtualThread.afterDone;java/lang/VirtualThread.afterDone;java/util/concurrent/CountDownLatch.countDown;java/util/concurrent/locks/AbstractQueuedSynchronizer.releaseShared;java/util/concurrent/locks/AbstractQueuedSynchronizer.signalNext;java/util/concurrent/locks/LockSupport.unpark;jdk/internal/misc/Unsafe.unpark;Unsafe_Unpark;pthread_cond_signal;entry_SYSCALL_64_after_hwframe_[k];do_syscall_64_[k];x64_sys_call_[k];__x64_sys_futex_[k];do_futex_[k];futex_wake_[k];futex_hash_[k];__futex_hash_[k] 1
java/util/concurrent/ForkJoinWorkerThread.run;java/util/concurrent/ForkJoinPool.runWorker;java/util/concurrent/ForkJoinPool.awaitWork;java/util/concurrent/locks/LockSupport.park;jdk/internal/misc/Unsafe.park;Unsafe_Park;JavaThreadParkedState::JavaThreadParkedState 1
java/util/concurrent/ForkJoinWorkerThread.run;java/util/concurrent/ForkJoinPool.runWorker;java/util/concurrent/ForkJoinPool.scan;java/util/concurrent/ForkJoinPool$WorkQueue.topLevelExec;java/util/concurrent/ForkJoinTask.doExec;java/util/concurrent/ForkJoinTask$RunnableExecuteAction.exec;java/lang/VirtualThread$$Lambda.0x00007a6f90039c78.run;java/lang/VirtualThread.runContinuation;jdk/internal/vm/Continuation.run;jdk/internal/vm/Continuation.enterSpecial;jdk/internal/vm/Continuation.enter;jdk/internal/vm/Continuation.enter0;java/lang/VirtualThread$VThreadContinuation$1.run;java/lang/VirtualThread.run;_notify_jvmti_vthread_start;SharedRuntime::notify_jvmti_vthread_start;JvmtiVTMSTransitionDisabler::VTMS_vthread_start;JvmtiEventController::thread_started;JvmtiThreadState::JvmtiThreadState;OopStorage::allocate;Mutex::lock_without_safepoint_check;pthread_mutex_lock 42
java/util/concurrent/ForkJoinWorkerThread.run;java/util/concurrent/ForkJoinPool.runWorker;java/util/concurrent/ForkJoinPool.awaitWork;java/util/concurrent/locks/LockSupport.park;jdk/internal/misc/Unsafe.park;Unsafe_Park;Parker::park;ThreadBlockInVMPreprocess<void (JavaThread*)>::~ThreadBlockInVMPreprocess 2
java/util/concurrent/ForkJoinWorkerThread.run;java/util/concurrent/ForkJoinPool.runWorker;java/util/concurrent/ForkJoinPool.scan;java/util/concurrent/ForkJoinPool$WorkQueue.topLevelExec;java/util/concurrent/ForkJoinTask.doExec;java/util/concurrent/ForkJoinTask$RunnableExecuteAction.exec;java/lang/VirtualThread$$Lambda.0x00007a6f90039c78.run;java/lang/VirtualThread.runContinuation;java/lang/VirtualThread.mount;_notify_jvmti_vthread_mount;SharedRuntime::notify_jvmti_vthread_mount;JNIHandles::make_local;__tls_get_addr@plt 2
java/util/concurrent/ForkJoinWorkerThread.run;java/util/concurrent/ForkJoinPool.runWorker;java/util/concurrent/ForkJoinPool.scan;java/util/concurrent/ForkJoinPool$WorkQueue.topLevelExec;java/util/concurrent/ForkJoinTask.doExec;java/util/concurrent/ForkJoinTask$RunnableExecuteAction.exec;java/lang/VirtualThread$$Lambda.0x00007a6f90039c78.run;java/lang/VirtualThread.runContinuation;jdk/internal/vm/Continuation.run;jdk/internal/vm/Continuation.enterSpecial;jdk/internal/vm/Continuation.enter;jdk/internal/vm/Continuation.enter0;java/lang/VirtualThread$VThreadContinuation$1.run;java/lang/VirtualThread.run;_notify_jvmti_vthread_start;SharedRuntime::notify_jvmti_vthread_start;JvmtiVTMSTransitionDisabler::VTMS_vthread_start;__pthread_mutex_unlock;/usr/lib/x86_64-linux-gnu/libc.so.6 1
java/util/concurrent/ForkJoinWorkerThread.run;java/util/concurrent/ForkJoinPool.runWorker;java/util/concurrent/ForkJoinPool.scan;java/util/concurrent/ForkJoinPool$WorkQueue.topLevelExec;java/util/concurrent/ForkJoinTask.doExec;java/util/concurrent/ForkJoinTask$RunnableExecuteAction.exec;java/lang/VirtualThread$$Lambda.0x00007a6f90039c78.run;java/lang/VirtualThread.runContinuation;jdk/internal/vm/Continuation.run;jdk/internal/vm/Continuation.enterSpecial;jdk/internal/vm/Continuation.enter;jdk/internal/vm/Continuation.enter0;java/lang/VirtualThread$VThreadContinuation$1.run;java/lang/VirtualThread.run;_notify_jvmti_vthread_start;SharedRuntime::notify_jvmti_vthread_start;JvmtiVTMSTransitionDisabler::VTMS_vthread_start;JvmtiVTMSTransitionDisabler::VTMS_mount_end;__pthread_mutex_unlock 2
java/util/concurrent/ForkJoinWorkerThread.run;java/util/concurrent/ForkJoinPool.runWorker;java/util/concurrent/ForkJoinPool.scan;java/util/concurrent/ForkJoinPool$WorkQueue.topLevelExec;java/util/concurrent/ForkJoinTask.doExec;java/util/concurrent/ForkJoinTask$RunnableExecuteAction.exec;java/lang/VirtualThread$$Lambda.0x00007a6f90039c78.run;java/lang/VirtualThread.runContinuation 11
java/util/concurrent/ForkJoinWorkerThread.run;java/util/concurrent/ForkJoinPool.runWorker;java/util/concurrent/ForkJoinPool.scan 5
java/util/concurrent/ForkJoinWorkerThread.run;java/util/concurrent/ForkJoinPool.runWorker;java/util/concurrent/ForkJoinPool.scan;java/util/concurrent/ForkJoinPool$WorkQueue.topLevelExec;java/util/concurrent/ForkJoinTask.doExec;java/util/concurrent/ForkJoinTask$RunnableExecuteAction.exec;java/lang/VirtualThread$$Lambda.0x00007a6f90039c78.run;java/lang/VirtualThread.runContinuation;jdk/internal/vm/Continuation.run;jdk/internal/vm/Continuation.enterSpecial;jdk/internal/vm/Continuation.enter;jdk/internal/vm/Continuation.enter0;java/lang/VirtualThread$VThreadContinuation$1.run;java/lang/VirtualThread.run;_notify_jvmti_vthread_end;SharedRuntime::notify_jvmti_vthread_end;JvmtiVTMSTransitionDisabler::VTMS_vthread_end;JvmtiExport::cleanup_thread;JvmtiEventController::thread_ended;JvmtiThreadState::~JvmtiThreadState;JvmtiEnvThreadEventEnable::~JvmtiEnvThreadEventEnable 1
java/util/concurrent/ForkJoinWorkerThread.run;java/util/concurrent/ForkJoinPool.runWorker;java/util/concurrent/ForkJoinPool.scan;java/util/concurrent/ForkJoinPool$WorkQueue.topLevelExec;java/util/concurrent/ForkJoinTask.doExec;java/util/concurrent/ForkJoinTask$RunnableExecuteAction.exec;java/lang/VirtualThread$$Lambda.0x00007a6f90039c78.run;java/lang/VirtualThread.runContinuation;jdk/internal/vm/Continuation.run;jdk/internal/vm/Continuation.enterSpecial;jdk/internal/vm/Continuation.enter;jdk/internal/vm/Continuation.enter0;java/lang/VirtualThread$VThreadContinuation$1.run;java/lang/VirtualThread.run;_notify_jvmti_vthread_end;SharedRuntime::notify_jvmti_vthread_end;JvmtiVTMSTransitionDisabler::VTMS_vthread_end;AccessInternal::PostRuntimeDispatch<G1BarrierSet::AccessBarrier<548964ul, G1BarrierSet>, (AccessInternal::BarrierType)2, 548964ul>::oop_access_barrier 24
java/util/concurrent/ForkJoinWorkerThread.run;java/util/concurrent/ForkJoinPool.runWorker;java/util/concurrent/ForkJoinPool.awaitWork 1
java/util/concurrent/ForkJoinWorkerThread.run;java/util/concurrent/ForkJoinPool.runWorker;java/util/concurrent/ForkJoinPool.scan;java/util/concurrent/ForkJoinPool$WorkQueue.topLevelExec;java/util/concurrent/ForkJoinTask.doExec;java/util/concurrent/ForkJoinTask$RunnableExecuteAction.exec;java/lang/VirtualThread$$Lambda.0x00007a6f90039c78.run;java/lang/VirtualThread.runContinuation;jdk/internal/vm/Continuation.run;jdk/internal/vm/Continuation.enterSpecial;jdk/internal/vm/Continuation.enter;jdk/internal/vm/Continuation.enter0;java/lang/VirtualThread$VThreadContinuation$1.run;java/lang/VirtualThread.run;_notify_jvmti_vthread_end;SharedRuntime::notify_jvmti_vthread_end;JvmtiVTMSTransitionDisabler::VTMS_vthread_end;JvmtiExport::cleanup_thread;Mutex::lock;pthread_mutex_lock;/usr/lib/x86_64-linux-gnu/libc.so.6;entry_SYSCALL_64_after_hwframe_[k];do_syscall_64_[k];x64_sys_call_[k];__x64_sys_futex_[k];do_futex_[k];futex_wait_[k];__futex_wait_[k];futex_wait_setup_[k];futex_ref_get_[k] 1
java/util/concurrent/ForkJoinWorkerThread.run;java/util/concurrent/ForkJoinPool.runWorker;java/util/concurrent/ForkJoinPool.scan;java/util/concurrent/ForkJoinPool$WorkQueue.topLevelExec;java/util/concurrent/ForkJoinTask.doExec;java/util/concurrent/ForkJoinTask$RunnableExecuteAction.exec;java/lang/VirtualThread$$Lambda.0x00007a6f90039c78.run;java/lang/VirtualThread.runContinuation;jdk/internal/vm/Continuation.run;jdk/internal/vm/Continuation.enterSpecial;jdk/internal/vm/Continuation.enter;jdk/internal/vm/Continuation.enter0;java/lang/VirtualThread$VThreadContinuation$1.run;java/lang/VirtualThread.run;_notify_jvmti_vthread_start;SharedRuntime::notify_jvmti_vthread_start;JvmtiVTMSTransitionDisabler::VTMS_vthread_start;__pthread_mutex_unlock;/usr/lib/x86_64-linux-gnu/libc.so.6;entry_SYSCALL_64_after_hwframe_[k];do_syscall_64_[k];x64_sys_call_[k];__x64_sys_futex_[k];do_futex_[k];futex_wake_[k];get_futex_key_[k] 2
java/util/concurrent/ForkJoinWorkerThread.run;java/util/concurrent/ForkJoinPool.runWorker;java/util/concurrent/ForkJoinPool.scan;java/util/concurrent/ForkJoinPool$WorkQueue.topLevelExec;java/util/concurrent/ForkJoinTask.doExec;java/util/concurrent/ForkJoinTask$RunnableExecuteAction.exec;java/lang/VirtualThread$$Lambda.0x00007a6f90039c78.run;java/lang/VirtualThread.runContinuation;jdk/internal/vm/Continuation.run;jdk/internal/vm/Continuation.enterSpecial;jdk/internal/vm/Continuation.enter;jdk/internal/vm/Continuation.enter0;java/lang/VirtualThread$VThreadContinuation$1.run;java/lang/VirtualThread.run;_notify_jvmti_vthread_end;SharedRuntime::notify_jvmti_vthread_end;JvmtiVTMSTransitionDisabler::VTMS_vthread_end;__pthread_mutex_unlock;/usr/lib/x86_64-linux-gnu/libc.so.6;entry_SYSCALL_64_after_hwframe_[k];do_syscall_64_[k];x64_sys_call_[k];__x64_sys_futex_[k];futex_wake_[k] 1
java/util/concurrent/ForkJoinWorkerThread.run;java/util/concurrent/ForkJoinPool.runWorker;java/util/concurrent/ForkJoinPool.scan;java/util/concurrent/ForkJoinPool$WorkQueue.topLevelExec;java/util/concurrent/ForkJoinTask.doExec;java/util/concurrent/ForkJoinTask$RunnableExecuteAction.exec;java/lang/VirtualThread$$Lambda.0x00007a6f90039c78.run;java/lang/VirtualThread.runContinuation;jdk/internal/vm/Continuation.run;jdk/internal/vm/Continuation.enterSpecial;jdk/internal/vm/Continuation.enter;jdk/internal/vm/Continuation.enter0;java/lang/VirtualThread$VThreadContinuation$1.run;java/lang/VirtualThread.run;_notify_jvmti_vthread_start;SharedRuntime::notify_jvmti_vthread_start;JvmtiVTMSTransitionDisabler::VTMS_vthread_start;JvmtiVTMSTransitionDisabler::VTMS_mount_end 4
java/util/concurrent/ForkJoinWorkerThread.run;java/util/concurrent/ForkJoinPool.runWorker;java/util/concurrent/ForkJoinPool.scan;java/util/concurrent/ForkJoinPool$WorkQueue.topLevelExec;java/util/concurrent/ForkJoinTask.doExec;java/util/concurrent/ForkJoinTask$RunnableExecuteAction.exec;java/lang/VirtualThread$$Lambda.0x00007a6f90039c78.run;java/lang/VirtualThread.runContinuation;jdk/internal/vm/Continuation.run;jdk/internal/vm/Continuation.enterSpecial;jdk/internal/vm/Continuation.enter;jdk/internal/vm/Continuation.enter0;java/lang/VirtualThread$VThreadContinuation$1.run;java/lang/VirtualThread.run;_notify_jvmti_vthread_start;SharedRuntime::notify_jvmti_vthread_start;JvmtiVTMSTransitionDisabler::VTMS_vthread_start;JvmtiVTMSTransitionDisabler::VTMS_mount_end;Mutex::lock;pthread_mutex_lock;/usr/lib/x86_64-linux-gnu/libc.so.6;entry_SYSCALL_64_after_hwframe_[k];do_syscall_64_[k];x64_sys_call_[k];__x64_sys_futex_[k];do_futex_[k];futex_wait_[k];__futex_wait_[k];futex_hash_[k] 1
java/util/concurrent/ForkJoinWorkerThread.run;java/util/concurrent/ForkJoinPool.runWorker;java/util/concurrent/ForkJoinPool.scan;java/util/concurrent/ForkJoinPool$WorkQueue.topLevelExec;java/util/concurrent/ForkJoinTask.doExec;java/util/concurrent/ForkJoinTask$RunnableExecuteAction.exec;java/lang/VirtualThread$$Lambda.0x00007a6f90039c78.run;java/lang/VirtualThread.runContinuation;jdk/internal/vm/Continuation.run;jdk/internal/vm/Continuation.enterSpecial;jdk/internal/vm/Continuation.enter;jdk/internal/vm/Continuation.enter0;java/lang/VirtualThread$VThreadContinuation$1.run;java/lang/VirtualThread.run;_notify_jvmti_vthread_end;SharedRuntime::notify_jvmti_vthread_end;JvmtiVTMSTransitionDisabler::VTMS_vthread_end;__pthread_mutex_unlock;/usr/lib/x86_64-linux-gnu/libc.so.6;entry_SYSCALL_64_after_hwframe_[k];do_syscall_64_[k];x64_sys_call_[k];__x64_sys_futex_[k];do_futex_[k];futex_wake_[k];__futex_hash_[k] 1
java/lang/Thread.run;java/lang/Thread.runWith;java/util/concurrent/ThreadPoolExecutor$Worker.run;java/util/concurrent/ThreadPoolExecutor.runWorker;java/util/concurrent/FutureTask.run;java/util/concurrent/Executors$RunnableAdapter.call;java/util/concurrent/FutureTask.run;org/openjdk/jmh/runner/BenchmarkHandler$BenchmarkTask.call;org/openjdk/jmh/runner/BenchmarkHandler$BenchmarkTask.call;java/lang/reflect/Method.invoke;jdk/internal/reflect/DirectMethodHandleAccessor.invoke;jdk/internal/reflect/DirectMethodHandleAccessor.invokeImpl;java/lang/invoke/LambdaForm$MH.0x00007a6f9002e800.invokeExact_MT;java/lang/invoke/LambdaForm$MH.0x00007a6f9002e400.invoke;java/lang/invoke/DirectMethodHandle$Holder.invokeSpecial;uk/ac/ncl/jensen/benchmark/jmh_generated/VThreadChurnBenchmark_churn_jmhTest.churn_AverageTime;uk/ac/ncl/jensen/benchmark/jmh_generated/VThreadChurnBenchmark_churn_jmhTest.churn_avgt_jmhStub;uk/ac/ncl/jensen/benchmark/VThreadChurnBenchmark.churn;java/lang/Thread.join;java/lang/Thread.join;java/lang/VirtualThread.joinNanos;java/util/concurrent/CountDownLatch.await;java/util/concurrent/locks/AbstractQueuedSynchronizer.acquireSharedInterruptibly;java/util/concurrent/locks/AbstractQueuedSynchronizer.acquire;java/util/concurrent/locks/LockSupport.park;jdk/internal/misc/Unsafe.park;Unsafe_Park;Parker::park;JavaFrameAnchor::make_walkable 1
java/util/concurrent/ForkJoinWorkerThread.run;java/util/concurrent/ForkJoinPool.runWorker;java/util/concurrent/ForkJoinPool.scan;java/util/concurrent/ForkJoinPool$WorkQueue.topLevelExec;java/util/concurrent/ForkJoinTask.doExec;java/util/concurrent/ForkJoinTask$RunnableExecuteAction.exec;java/lang/VirtualThread$$Lambda.0x00007a6f90039c78.run;java/lang/VirtualThread.runContinuation;jdk/internal/vm/Continuation.run;jdk/internal/vm/Continuation.enterSpecial;jdk/internal/vm/Continuation.enter;jdk/internal/vm/Continuation.enter0;java/lang/VirtualThread$VThreadContinuation$1.run;java/lang/VirtualThread.run;_notify_jvmti_vthread_start;SharedRuntime::notify_jvmti_vthread_start;JvmtiVTMSTransitionDisabler::VTMS_vthread_start;JvmtiVTMSTransitionDisabler::VTMS_mount_end;Mutex::lock;pthread_mutex_lock;/usr/lib/x86_64-linux-gnu/libc.so.6;entry_SYSCALL_64_after_hwframe_[k];do_syscall_64_[k];x64_sys_call_[k];__x64_sys_futex_[k];do_futex_[k];futex_wait_[k];__futex_wait_[k];futex_wait_setup_[k];futex_q_lock_[k];_raw_spin_lock_[k];native_queued_spin_lock_slowpath_[k] 13350
java/util/concurrent/ForkJoinWorkerThread.run;java/util/concurrent/ForkJoinPool.runWorker;java/util/concurrent/ForkJoinPool.scan;java/util/concurrent/ForkJoinPool$WorkQueue.topLevelExec;java/util/concurrent/ForkJoinTask.doExec;java/util/concurrent/ForkJoinTask$RunnableExecuteAction.exec;java/lang/VirtualThread$$Lambda.0x00007a6f90039c78.run;java/lang/VirtualThread.runContinuation;jdk/internal/vm/Continuation.run;jdk/internal/vm/Continuation.enterSpecial;jdk/internal/vm/Continuation.enter;jdk/internal/vm/Continuation.enter0;java/lang/VirtualThread$VThreadContinuation$1.run;java/lang/VirtualThread.run;jdk/internal/vm/StackableScope.popAll;jdk/internal/vm/StackableScope.head;java/lang/System$2.headStackableScope;java/lang/Thread.headStackableScopes 2
java/util/concurrent/ForkJoinWorkerThread.run;java/util/concurrent/ForkJoinPool.runWorker;java/util/concurrent/ForkJoinPool.scan;java/util/concurrent/ForkJoinPool$WorkQueue.topLevelExec;java/util/concurrent/ForkJoinTask.doExec;java/util/concurrent/ForkJoinTask$RunnableExecuteAction.exec;java/lang/VirtualThread$$Lambda.0x00007a6f90039c78.run;java/lang/VirtualThread.runContinuation;jdk/internal/vm/Continuation.run;jdk/internal/vm/Continuation.enterSpecial;jdk/internal/vm/Continuation.enter;jdk/internal/vm/Continuation.enter0;java/lang/VirtualThread$VThreadContinuation$1.run;java/lang/VirtualThread.run;_notify_jvmti_vthread_end;SharedRuntime::notify_jvmti_vthread_end;JvmtiVTMSTransitionDisabler::VTMS_vthread_end;JvmtiExport::cleanup_thread;JvmtiEventController::thread_ended;JvmtiThreadState::~JvmtiThreadState;_SafeFetchN_fault 53
java/lang/Thread.run;java/lang/Thread.runWith;java/util/concurrent/ThreadPoolExecutor$Worker.run;java/util/concurrent/ThreadPoolExecutor.runWorker;java/util/concurrent/FutureTask.run;java/util/concurrent/Executors$RunnableAdapter.call;java/util/concurrent/FutureTask.run;org/openjdk/jmh/runner/BenchmarkHandler$BenchmarkTask.call;org/openjdk/jmh/runner/BenchmarkHandler$BenchmarkTask.call;java/lang/reflect/Method.invoke;jdk/internal/reflect/DirectMethodHandleAccessor.invoke;jdk/internal/reflect/DirectMethodHandleAccessor.invokeImpl;java/lang/invoke/LambdaForm$MH.0x00007a6f9002e800.invokeExact_MT;java/lang/invoke/LambdaForm$MH.0x00007a6f9002e400.invoke;java/lang/invoke/DirectMethodHandle$Holder.invokeSpecial;uk/ac/ncl/jensen/benchmark/jmh_generated/VThreadChurnBenchmark_churn_jmhTest.churn_AverageTime;uk/ac/ncl/jensen/benchmark/jmh_generated/VThreadChurnBenchmark_churn_jmhTest.churn_avgt_jmhStub;uk/ac/ncl/jensen/benchmark/VThreadChurnBenchmark.churn;java/lang/Thread.join;java/lang/Thread.join;java/lang/VirtualThread.joinNanos;java/util/concurrent/CountDownLatch.await;java/util/concurrent/locks/AbstractQueuedSynchronizer.acquireSharedInterruptibly;java/util/concurrent/locks/AbstractQueuedSynchronizer.acquire;java/util/concurrent/locks/LockSupport.park;jdk/internal/misc/Unsafe.park;Unsafe_Park;Parker::park;__pthread_mutex_unlock;/usr/lib/x86_64-linux-gnu/libc.so.6;entry_SYSCALL_64_after_hwframe_[k];do_syscall_64_[k];x64_sys_call_[k];__x64_sys_futex_[k];do_futex_[k];futex_hash_put_[k] 1
java/util/concurrent/ForkJoinWorkerThread.run;java/util/concurrent/ForkJoinPool.runWorker;java/util/concurrent/ForkJoinPool.scan;java/util/concurrent/ForkJoinPool$WorkQueue.topLevelExec;java/util/concurrent/ForkJoinTask.doExec;java/util/concurrent/ForkJoinTask$RunnableExecuteAction.exec;java/lang/VirtualThread$$Lambda.0x00007a6f90039c78.run;java/lang/VirtualThread.runContinuation;jdk/internal/vm/Continuation.run;jdk/internal/vm/Continuation.enterSpecial;jdk/internal/vm/Continuation.enter;jdk/internal/vm/Continuation.enter0;java/lang/VirtualThread$VThreadContinuation$1.run;java/lang/VirtualThread.run;_notify_jvmti_vthread_end;SharedRuntime::notify_jvmti_vthread_end;JvmtiVTMSTransitionDisabler::VTMS_vthread_end;__pthread_mutex_unlock;/usr/lib/x86_64-linux-gnu/libc.so.6 12
java/util/concurrent/ForkJoinWorkerThread.run;java/util/concurrent/ForkJoinPool.runWorker;java/util/concurrent/ForkJoinPool.scan;java/util/concurrent/ForkJoinPool$WorkQueue.topLevelExec;java/util/concurrent/ForkJoinTask.doExec;java/util/concurrent/ForkJoinTask$RunnableExecuteAction.exec;java/lang/VirtualThread$$Lambda.0x00007a6f90039c78.run;java/lang/VirtualThread.runContinuation;jdk/internal/vm/Continuation.run;jdk/internal/vm/Continuation.enterSpecial;jdk/internal/vm/Continuation.enter;jdk/internal/vm/Continuation.enter0;java/lang/VirtualThread$VThreadContinuation$1.run;java/lang/VirtualThread.run;_notify_jvmti_vthread_start;SharedRuntime::notify_jvmti_vthread_start;JvmtiVTMSTransitionDisabler::VTMS_vthread_start;JvmtiVTMSTransitionDisabler::VTMS_mount_end;__pthread_mutex_unlock;/usr/lib/x86_64-linux-gnu/libc.so.6;entry_SYSCALL_64_after_hwframe_[k];do_syscall_64_[k];x64_sys_call_[k];__x64_sys_futex_[k];do_futex_[k];futex_wake_[k];wake_up_q_[k] 2
java/util/concurrent/ForkJoinWorkerThread.run;java/util/concurrent/ForkJoinPool.runWorker;java/util/concurrent/ForkJoinPool.scan 1
java/util/concurrent/ForkJoinWorkerThread.run;java/util/concurrent/ForkJoinPool.runWorker;java/util/concurrent/ForkJoinPool.scan;java/util/concurrent/ForkJoinPool$WorkQueue.topLevelExec;java/util/concurrent/ForkJoinTask.doExec;java/util/concurrent/ForkJoinTask$RunnableExecuteAction.exec;java/lang/VirtualThread$$Lambda.0x00007a6f90039c78.run;java/lang/VirtualThread.runContinuation;jdk/internal/vm/Continuation.run;jdk/internal/vm/Continuation.enterSpecial;jdk/internal/vm/Continuation.enter;jdk/internal/vm/Continuation.enter0;java/lang/VirtualThread$VThreadContinuation$1.run;java/lang/VirtualThread.run;_notify_jvmti_vthread_end;SharedRuntime::notify_jvmti_vthread_end;JvmtiVTMSTransitionDisabler::VTMS_vthread_end;JvmtiExport::cleanup_thread;Mutex::lock;pthread_mutex_lock;/usr/lib/x86_64-linux-gnu/libc.so.6;entry_SYSCALL_64_after_hwframe_[k];do_syscall_64_[k];x64_sys_call_[k];__x64_sys_futex_[k];do_futex_[k];futex_wait_[k];__futex_wait_[k];futex_wait_setup_[k];__futex_hash_[k] 1
java/util/concurrent/ForkJoinWorkerThread.run;java/util/concurrent/ForkJoinPool.runWorker;java/util/concurrent/ForkJoinPool.scan;java/util/concurrent/ForkJoinPool$WorkQueue.topLevelExec;java/util/concurrent/ForkJoinTask.doExec;java/util/concurrent/ForkJoinTask$RunnableExecuteAction.exec;java/lang/VirtualThread$$Lambda.0x00007a6f90039c78.run;java/lang/VirtualThread.runContinuation;java/lang/VirtualThread.mount;_notify_jvmti_vthread_mount;SharedRuntime::notify_jvmti_vthread_mount 2
java/util/concurrent/ForkJoinWorkerThread.run;java/util/concurrent/ForkJoinPool.runWorker;java/util/concurrent/ForkJoinPool.scan;java/util/concurrent/ForkJoinPool$WorkQueue.topLevelExec;java/util/concurrent/ForkJoinTask.doExec;java/util/concurrent/ForkJoinTask$RunnableExecuteAction.exec;java/lang/VirtualThread$$Lambda.0x00007a6f90039c78.run;java/lang/VirtualThread.runContinuation;jdk/internal/vm/Continuation.run;jdk/internal/vm/Continuation.enterSpecial;jdk/internal/vm/Continuation.enter;jdk/internal/vm/Continuation.enter0;java/lang/VirtualThread$VThreadContinuation$1.run;java/lang/VirtualThread.run;_notify_jvmti_vthread_start;SharedRuntime::notify_jvmti_vthread_start;JvmtiVTMSTransitionDisabler::VTMS_vthread_start;__pthread_mutex_unlock;/usr/lib/x86_64-linux-gnu/libc.so.6;entry_SYSCALL_64_after_hwframe_[k];do_syscall_64_[k];x64_sys_call_[k];__x64_sys_futex_[k];do_futex_[k];futex_wake_mark_[k] 1
java/util/concurrent/ForkJoinWorkerThread.run;java/util/concurrent/ForkJoinPool.runWorker;java/util/concurrent/ForkJoinPool.scan;java/util/concurrent/ForkJoinPool$WorkQueue.topLevelExec;java/util/concurrent/ForkJoinTask.doExec;java/util/concurrent/ForkJoinTask$RunnableExecuteAction.exec;java/lang/VirtualThread$$Lambda.0x00007a6f90039c78.run;java/lang/VirtualThread.runContinuation;jdk/internal/vm/Continuation.run;jdk/internal/vm/Continuation.enterSpecial;jdk/internal/vm/Continuation.enter;jdk/internal/vm/Continuation.enter0;java/lang/VirtualThread$VThreadContinuation$1.run;java/lang/VirtualThread.run;_notify_jvmti_vthread_start;SharedRuntime::notify_jvmti_vthread_start;JvmtiVTMSTransitionDisabler::VTMS_vthread_start;JvmtiEventController::thread_started;Mutex::lock;pthread_mutex_lock;/usr/lib/x86_64-linux-gnu/libc.so.6;entry_SYSCALL_64_after_hwframe_[k];do_syscall_64_[k];x64_sys_call_[k];__x64_sys_futex_[k];do_futex_[k];futex_wait_[k];__futex_wait_[k];futex_wait_setup_[k];__futex_queue_[k];plist_add_[k] 13
java/util/concurrent/ForkJoinWorkerThread.run;java/util/concurrent/ForkJoinPool.runWorker;java/util/concurrent/ForkJoinPool.scan;java/util/concurrent/ForkJoinPool$WorkQueue.topLevelExec;java/util/concurrent/ForkJoinTask.doExec;java/util/concurrent/ForkJoinTask$RunnableExecuteAction.exec;java/lang/VirtualThread$$Lambda.0x00007a6f90039c78.run;java/lang/VirtualThread.runContinuation;java/lang/VirtualThread.afterDone;java/lang/VirtualThread.afterDone;jdk/internal/vm/ThreadContainers$RootContainer$TrackingRootContainer.onExit;java/util/concurrent/ConcurrentHashMap$KeySetView.remove;java/util/concurrent/ConcurrentHashMap.remove;java/util/concurrent/ConcurrentHashMap.replaceNode 1
java/util/concurrent/ForkJoinWorkerThread.run;java/util/concurrent/ForkJoinPool.runWorker;java/util/concurrent/ForkJoinPool.scan;java/util/concurrent/ForkJoinPool$WorkQueue.topLevelExec;java/util/concurrent/ForkJoinTask.doExec;java/util/concurrent/ForkJoinTask$RunnableExecuteAction.exec;java/lang/VirtualThread$$Lambda.0x00007a6f90039c78.run;java/lang/VirtualThread.runContinuation;jdk/internal/vm/Continuation.run;jdk/internal/vm/Continuation.enterSpecial;jdk/internal/vm/Continuation.enter;jdk/internal/vm/Continuation.enter0;java/lang/VirtualThread$VThreadContinuation$1.run;java/lang/VirtualThread.run;_notify_jvmti_vthread_start;SharedRuntime::notify_jvmti_vthread_start;JvmtiVTMSTransitionDisabler::VTMS_vthread_start;JvmtiVTMSTransitionDisabler::VTMS_mount_end;Mutex::lock;pthread_mutex_lock;/usr/lib/x86_64-linux-gnu/libc.so.6;entry_SYSCALL_64_after_hwframe_[k];do_syscall_64_[k];x64_sys_call_[k];__x64_sys_futex_[k];do_futex_[k];futex_wait_[k];__futex_wait_[k];futex_wait_setup_[k];futex_hash_[k] 4
java/util/concurrent/ForkJoinWorkerThread.run;java/util/concurrent/ForkJoinPool.runWorker;java/util/concurrent/ForkJoinPool.awaitWork;java/util/concurrent/locks/LockSupport.park;jdk/internal/misc/Unsafe.park;Unsafe_Park;Parker::park;pthread_cond_wait;/usr/lib/x86_64-linux-gnu/libc.so.6;/usr/lib/x86_64-linux-gnu/libc.so.6 1
java/util/concurrent/ForkJoinWorkerThread.run;java/util/concurrent/ForkJoinPool.runWorker;java/util/concurrent/ForkJoinPool.scan;java/util/concurrent/ForkJoinPool$WorkQueue.topLevelExec;java/util/concurrent/ForkJoinTask.doExec;java/util/concurrent/ForkJoinTask$RunnableExecuteAction.exec;java/lang/VirtualThread$$Lambda.0x00007a6f90039c78.run;java/lang/VirtualThread.runContinuation;jdk/internal/vm/Continuation.run;jdk/internal/vm/Continuation.enterSpecial;jdk/internal/vm/Continuation.enter;jdk/internal/vm/Continuation.enter0;java/lang/VirtualThread$VThreadContinuation$1.run;java/lang/VirtualThread.run;_notify_jvmti_vthread_start;SharedRuntime::notify_jvmti_vthread_start;JvmtiVTMSTransitionDisabler::VTMS_vthread_start;JvmtiVTMSTransitionDisabler::VTMS_mount_end;JavaThread::rebind_to_jvmti_thread_state_of;AccessInternal::PostRuntimeDispatch<G1BarrierSet::AccessBarrier<548964ul, G1BarrierSet>, (AccessInternal::BarrierType)0, 548964ul>::oop_access_barrier 1
java/util/concurrent/ForkJoinWorkerThread.run;java/util/concurrent/ForkJoinPool.runWorker;java/util/concurrent/ForkJoinPool.scan;java/util/concurrent/ForkJoinPool$WorkQueue.topLevelExec;java/util/concurrent/ForkJoinTask.doExec;java/util/concurrent/ForkJoinTask$RunnableExecuteAction.exec;java/lang/VirtualThread$$Lambda.0x00007a6f90039c78.run;java/lang/VirtualThread.runContinuation;jdk/internal/vm/Continuation.run;jdk/internal/vm/Continuation.enterSpecial;jdk/internal/vm/Continuation.enter;jdk/internal/vm/Continuation.enter0;java/lang/VirtualThread$VThreadContinuation$1.run;java/lang/VirtualThread.run;_notify_jvmti_vthread_end;SharedRuntime::notify_jvmti_vthread_end;JvmtiVTMSTransitionDisabler::VTMS_vthread_end;JvmtiExport::cleanup_thread;JvmtiEventController::thread_ended;JvmtiThreadState::~JvmtiThreadState;java_lang_Thread::set_jvmti_thread_state 3
java/util/concurrent/ForkJoinWorkerThread.run;java/util/concurrent/ForkJoinPool.runWorker;java/util/concurrent/ForkJoinPool.scan;java/util/concurrent/ForkJoinPool$WorkQueue.topLevelExec;java/util/concurrent/ForkJoinTask.doExec;java/util/concurrent/ForkJoinTask$RunnableExecuteAction.exec;java/lang/VirtualThread$$Lambda.0x00007a6f90039c78.run;java/lang/VirtualThread.runContinuation;jdk/internal/vm/Continuation.run;jdk/internal/vm/Continuation.enterSpecial;jdk/internal/vm/Continuation.enter;jdk/internal/vm/Continuation.enter0;java/lang/VirtualThread$VThreadContinuation$1.run;java/lang/VirtualThread.run;_notify_jvmti_vthread_start;SharedRuntime::notify_jvmti_vthread_start;JvmtiVTMSTransitionDisabler::VTMS_vthread_start;JvmtiVTMSTransitionDisabler::VTMS_mount_end;Mutex::lock;pthread_mutex_lock;/usr/lib/x86_64-linux-gnu/libc.so.6;entry_SYSCALL_64_after_hwframe_[k];do_syscall_64_[k];x64_sys_call_[k];__x64_sys_futex_[k];do_futex_[k];futex_wait_[k];__futex_wait_[k];futex_wait_setup_[k];futex_q_lock_[k] 1
java/util/concurrent/ForkJoinWorkerThread.run;java/util/concurrent/ForkJoinPool.runWorker;java/util/concurrent/ForkJoinPool.scan;java/util/concurrent/ForkJoinPool$WorkQueue.topLevelExec;java/util/concurrent/ForkJoinTask.doExec;java/util/concurrent/ForkJoinTask$RunnableExecuteAction.exec;java/lang/VirtualThread$$Lambda.0x00007a6f90039c78.run;java/lang/VirtualThread.runContinuation;java/lang/VirtualThread.compareAndSetState 1
[break_interpreted];jdk/internal/misc/Unsafe.loadFence 2
java/util/concurrent/ForkJoinWorkerThread.run;java/util/concurrent/ForkJoinPool.runWorker;java/util/concurrent/ForkJoinPool.scan;java/util/concurrent/ForkJoinPool$WorkQueue.topLevelExec;java/util/concurrent/ForkJoinTask.doExec;java/util/concurrent/ForkJoinTask$RunnableExecuteAction.exec;java/lang/VirtualThread$$Lambda.0x00007a6f90039c78.run;java/lang/VirtualThread.runContinuation;jdk/internal/vm/Continuation.run;jdk/internal/vm/Continuation.enterSpecial;jdk/internal/vm/Continuation.enter;jdk/internal/vm/Continuation.enter0;java/lang/VirtualThread$VThreadContinuation$1.run;java/lang/VirtualThread.run;_notify_jvmti_vthread_start;SharedRuntime::notify_jvmti_vthread_start;JvmtiVTMSTransitionDisabler::VTMS_vthread_start;JvmtiVTMSTransitionDisabler::VTMS_mount_end;Mutex::lock;pthread_mutex_lock;/usr/lib/x86_64-linux-gnu/libc.so.6;entry_SYSCALL_64_after_hwframe_[k];do_syscall_64_[k];x64_sys_call_[k];__x64_sys_futex_[k];do_futex_[k];futex_wait_[k];__futex_wait_[k];futex_wait_setup_[k];futex_q_lock_[k];_raw_spin_lock_[k];native_queued_spin_lock_slowpath_[k] 100
java/util/concurrent/ForkJoinWorkerThread.run;java/util/concurrent/ForkJoinPool.runWorker;java/util/concurrent/ForkJoinPool.scan;java/util/concurrent/ForkJoinPool$WorkQueue.topLevelExec;java/util/concurrent/ForkJoinTask.doExec;java/util/concurrent/ForkJoinTask$RunnableExecuteAction.exec;java/lang/VirtualThread$$Lambda.0x00007a6f90039c78.run;java/lang/VirtualThread.runContinuation;java/lang/VirtualThread.compareAndSetState 4
java/lang/Thread.run;java/lang/Thread.runWith;java/util/concurrent/ThreadPoolExecutor$Worker.run;java/util/concurrent/ThreadPoolExecutor.runWorker;java/util/concurrent/FutureTask.run;java/util/concurrent/Executors$RunnableAdapter.call;java/util/concurrent/FutureTask.run;org/openjdk/jmh/runner/BenchmarkHandler$BenchmarkTask.call;org/openjdk/jmh/runner/BenchmarkHandler$BenchmarkTask.call;java/lang/reflect/Method.invoke;jdk/internal/reflect/DirectMethodHandleAccessor.invoke;jdk/internal/reflect/DirectMethodHandleAccessor.invokeImpl;java/lang/invoke/LambdaForm$MH.0x00007a6f9002e800.invokeExact_MT;java/lang/invoke/LambdaForm$MH.0x00007a6f9002e400.invoke;java/lang/invoke/DirectMethodHandle$Holder.invokeSpecial;uk/ac/ncl/jensen/benchmark/jmh_generated/VThreadChurnBenchmark_churn_jmhTest.churn_AverageTime;uk/ac/ncl/jensen/benchmark/jmh_generated/VThreadChurnBenchmark_churn_jmhTest.churn_avgt_jmhStub;uk/ac/ncl/jensen/benchmark/VThreadChurnBenchmark.churn;java/lang/Thread.join;java/lang/Thread.join;java/lang/Thread.isAlive;java/lang/VirtualThread.alive 6
java/util/concurrent/ForkJoinWorkerThread.run;java/util/concurrent/ForkJoinPool.runWorker;java/util/concurrent/ForkJoinPool.scan;InterpreterRuntime::frequency_counter_overflow;InterpreterRuntime::frequency_counter_overflow_inner;CompilationPolicy::event;CompilationPolicy::method_back_branch_event;Method::invocation_count 1
java/util/concurrent/ForkJoinWorkerThread.run;java/util/concurrent/ForkJoinPool.runWorker;java/util/concurrent/ForkJoinPool.scan;java/util/concurrent/ForkJoinPool$WorkQueue.topLevelExec;java/util/concurrent/ForkJoinTask.doExec;java/util/concurrent/ForkJoinTask$RunnableExecuteAction.exec;java/lang/VirtualThread$$Lambda.0x00007a6f90039c78.run;java/lang/VirtualThread.runContinuation;jdk/internal/vm/Continuation.run;jdk/internal/vm/Continuation.enterSpecial;jdk/internal/vm/Continuation.enter;jdk/internal/vm/Continuation.enter0;java/lang/VirtualThread$VThreadContinuation$1.run;java/lang/VirtualThread.run;_notify_jvmti_vthread_end;SharedRuntime::notify_jvmti_vthread_end;JvmtiVTMSTransitionDisabler::VTMS_vthread_end;JvmtiExport::cleanup_thread;Mutex::lock;pthread_mutex_lock;/usr/lib/x86_64-linux-gnu/libc.so.6;entry_SYSCALL_64_after_hwframe_[k];do_syscall_64_[k];x64_sys_call_[k];__x64_sys_futex_[k];do_futex_[k];futex_wait_[k];__futex_wait_[k];futex_wait_setup_[k];futex_hash_[k] 1
java/util/concurrent/ForkJoinWorkerThread.run;java/util/concurrent/ForkJoinPool.runWorker;java/util/concurrent/ForkJoinPool.scan;java/util/concurrent/ForkJoinPool$WorkQueue.topLevelExec;java/util/concurrent/ForkJoinTask.doExec;java/util/concurrent/ForkJoinTask$RunnableExecuteAction.exec;java/lang/VirtualThread$$Lambda.0x00007a6f90039c78.run;java/lang/VirtualThread.runContinuation;jdk/internal/vm/Continuation.run;jdk/internal/vm/Continuation.enterSpecial;jdk/internal/vm/Continuation.enter;jdk/internal/vm/Continuation.enter0;java/lang/VirtualThread$VThreadContinuation$1.run;java/lang/VirtualThread.run;_notify_jvmti_vthread_start;SharedRuntime::notify_jvmti_vthread_start;JvmtiVTMSTransitionDisabler::VTMS_vthread_start;JvmtiVTMSTransitionDisabler::VTMS_mount_end;__pthread_mutex_unlock;/usr/lib/x86_64-linux-gnu/libc.so.6;entry_SYSCALL_64_after_hwframe_[k];do_syscall_64_[k] 14
java/util/concurrent/ForkJoinWorkerThread.run;java/util/concurrent/ForkJoinPool.runWorker;java/util/concurrent/ForkJoinPool.scan;jdk/internal/misc/Unsafe.loadFence 297
java/util/concurrent/ForkJoinWorkerThread.run;java/util/concurrent/ForkJoinPool.runWorker;java/util/concurrent/ForkJoinPool.scan;java/util/concurrent/ForkJoinPool$WorkQueue.topLevelExec;java/util/concurrent/ForkJoinTask.doExec;java/util/concurrent/ForkJoinTask$RunnableExecuteAction.exec;java/lang/VirtualThread$$Lambda.0x00007a6f90039c78.run;java/lang/VirtualThread.runContinuation;jdk/internal/vm/Continuation.run;jdk/internal/vm/Continuation.enterSpecial;jdk/internal/vm/Continuation.enter;jdk/internal/vm/Continuation.enter0;java/lang/VirtualThread$VThreadContinuation$1.run;java/lang/VirtualThread.run;_notify_jvmti_vthread_start;SharedRuntime::notify_jvmti_vthread_start;JvmtiVTMSTransitionDisabler::VTMS_vthread_start;JvmtiVTMSTransitionDisabler::VTMS_mount_end;Mutex::lock;pthread_mutex_lock;/usr/lib/x86_64-linux-gnu/libc.so.6;entry_SYSCALL_64_after_hwframe_[k];do_syscall_64_[k];x64_sys_call_[k];__x64_sys_futex_[k];do_futex_[k];futex_wait_[k];__futex_wait_[k];futex_wait_setup_[k] 64
java/lang/Thread.run;java/lang/Thread.runWith;java/util/concurrent/ThreadPoolExecutor$Worker.run;java/util/concurrent/ThreadPoolExecutor.runWorker;java/util/concurrent/FutureTask.run;java/util/concurrent/Executors$RunnableAdapter.call;java/util/concurrent/FutureTask.run;org/openjdk/jmh/runner/BenchmarkHandler$BenchmarkTask.call;org/openjdk/jmh/runner/BenchmarkHandler$BenchmarkTask.call;java/lang/reflect/Method.invoke;jdk/internal/reflect/Reflection.getCallerClass;JVM_GetCallerClass;vframeStream::vframeStream 1
java/util/concurrent/ForkJoinWorkerThread.run;java/util/concurrent/ForkJoinPool.runWorker;java/util/concurrent/ForkJoinPool.scan;java/util/concurrent/ForkJoinPool$WorkQueue.topLevelExec;java/util/concurrent/ForkJoinTask.doExec;java/util/concurrent/ForkJoinTask$RunnableExecuteAction.exec;java/lang/VirtualThread$$Lambda.0x00007a6f90039c78.run;java/lang/VirtualThread.runContinuation;jdk/internal/vm/Continuation.run;jdk/internal/vm/Continuation.enterSpecial;jdk/internal/vm/Continuation.enter;jdk/internal/vm/Continuation.enter0;java/lang/VirtualThread$VThreadContinuation$1.run;java/lang/VirtualThread.run;_notify_jvmti_vthread_end;SharedRuntime::notify_jvmti_vthread_end;JvmtiVTMSTransitionDisabler::VTMS_vthread_end;JvmtiVTMSTransitionDisabler::start_VTMS_transition;java_lang_Thread::set_is_in_VTMS_transition 4
java/util/concurrent/ForkJoinWorkerThread.run;java/util/concurrent/ForkJoinPool.runWorker;java/util/concurrent/ForkJoinPool.scan;java/util/concurrent/ForkJoinPool$WorkQueue.topLevelExec;java/util/concurrent/ForkJoinTask.doExec;java/util/concurrent/ForkJoinTask$RunnableExecuteAction.exec;java/lang/VirtualThread$$Lambda.0x00007a6f90039c78.run;java/lang/VirtualThread.runContinuation;jdk/internal/vm/Continuation.run;jdk/internal/vm/Continuation.enterSpecial;jdk/internal/vm/Continuation.enter;jdk/internal/vm/Continuation.enter0;java/lang/VirtualThread$VThreadContinuation$1.run;java/lang/VirtualThread.run;_notify_jvmti_vthread_start;SharedRuntime::notify_jvmti_vthread_start;JvmtiVTMSTransitionDisabler::VTMS_vthread_start;JvmtiVTMSTransitionDisabler::VTMS_mount_end;__pthread_mutex_unlock;/usr/lib/x86_64-linux-gnu/libc.so.6;entry_SYSCALL_64_after_hwframe_[k];do_syscall_64_[k];__x64_sys_futex_[k] 1
java/util/concurrent/ForkJoinWorkerThread.run;java/util/concurrent/ForkJoinPool.runWorker;java/util/concurrent/ForkJoinPool.scan;java/util/concurrent/ForkJoinPool$WorkQueue.topLevelExec;java/util/concurrent/ForkJoinTask.doExec;java/util/concurrent/ForkJoinTask$RunnableExecuteAction.exec;java/lang/VirtualThread$$Lambda.0x00007a6f90039c78.run;java/lang/VirtualThread.runContinuation;jdk/internal/vm/Continuation.run;jdk/internal/vm/Continuation.enterSpecial;jdk/internal/vm/Continuation.enter;jdk/internal/vm/Continuation.enter0;java/lang/VirtualThread$VThreadContinuation$1.run;java/lang/VirtualThread.run;_notify_jvmti_vthread_end;SharedRuntime::notify_jvmti_vthread_end;JvmtiVTMSTransitionDisabler::VTMS_vthread_end;JvmtiExport::cleanup_thread;JvmtiEventController::thread_ended;JvmtiThreadState::~JvmtiThreadState 30
java/util/concurrent/ForkJoinWorkerThread.run;java/util/concurrent/ForkJoinPool.runWorker;java/util/concurrent/ForkJoinPool.scan;java/util/concurrent/ForkJoinPool$WorkQueue.topLevelExec;java/util/concurrent/ForkJoinTask.doExec;java/util/concurrent/ForkJoinTask$RunnableExecuteAction.exec;java/lang/VirtualThread$$Lambda.0x00007a6f90039c78.run;java/lang/VirtualThread.runContinuation;jdk/internal/vm/Continuation.run;jdk/internal/vm/Continuation.enterSpecial;jdk/internal/vm/Continuation.enter;jdk/internal/vm/Continuation.enter0;java/lang/VirtualThread$VThreadContinuation$1.run;java/lang/VirtualThread.run;_notify_jvmti_vthread_start;SharedRuntime::notify_jvmti_vthread_start;JvmtiVTMSTransitionDisabler::VTMS_vthread_start;JvmtiEventController::thread_started;Mutex::lock;pthread_mutex_lock;/usr/lib/x86_64-linux-gnu/libc.so.6;entry_SYSCALL_64_after_hwframe_[k];do_syscall_64_[k];x64_sys_call_[k];__x64_sys_futex_[k];do_futex_[k];futex_wait_[k];__futex_wait_[k];futex_wait_setup_[k];futex_hash_[k] 76
java/lang/Thread.run;java/lang/Thread.runWith;java/util/concurrent/ThreadPoolExecutor$Worker.run;java/util/concurrent/ThreadPoolExecutor.runWorker;java/util/concurrent/FutureTask.run;java/util/concurrent/Executors$RunnableAdapter.call;java/util/concurrent/FutureTask.run;org/openjdk/jmh/runner/BenchmarkHandler$BenchmarkTask.call;org/openjdk/jmh/runner/BenchmarkHandler$BenchmarkTask.call;java/lang/reflect/Method.invoke;jdk/internal/reflect/DirectMethodHandleAccessor.invoke;jdk/internal/reflect/DirectMethodHandleAccessor.invokeImpl;java/lang/invoke/LambdaForm$MH.0x00007a6f9002e800.invokeExact_MT;java/lang/invoke/LambdaForm$MH.0x00007a6f9002e400.invoke;java/lang/invoke/DirectMethodHandle$Holder.invokeSpecial;uk/ac/ncl/jensen/benchmark/jmh_generated/VThreadChurnBenchmark_churn_jmhTest.churn_AverageTime;uk/ac/ncl/jensen/benchmark/jmh_generated/VThreadChurnBenchmark_churn_jmhTest.churn_avgt_jmhStub;uk/ac/ncl/jensen/benchmark/VThreadChurnBenchmark.churn;java/lang/ThreadBuilders$VirtualThreadBuilder.start;java/lang/ThreadBuilders$VirtualThreadBuilder.unstarted;java/lang/ThreadBuilders.newVirtualThread;java/lang/VirtualThread.<init>;java/lang/VirtualThread$VThreadContinuation.<init>;java/lang/VirtualThread$VThreadContinuation.wrap 1
java/util/concurrent/ForkJoinWorkerThread.run;java/util/concurrent/ForkJoinPool.runWorker;java/util/concurrent/ForkJoinPool.scan;java/util/concurrent/ForkJoinPool$WorkQueue.topLevelExec;java/util/concurrent/ForkJoinTask.doExec;java/util/concurrent/ForkJoinTask$RunnableExecuteAction.exec;java/lang/VirtualThread$$Lambda.0x00007a6f90039c78.run;java/lang/VirtualThread.runContinuation;jdk/internal/vm/Continuation.run;jdk/internal/vm/Continuation.enterSpecial;jdk/internal/vm/Continuation.enter;jdk/internal/vm/Continuation.enter0;java/lang/VirtualThread$VThreadContinuation$1.run;java/lang/VirtualThread.run;_notify_jvmti_vthread_start;SharedRuntime::notify_jvmti_vthread_start;JvmtiVTMSTransitionDisabler::VTMS_vthread_start;JvmtiVTMSTransitionDisabler::VTMS_mount_end;__pthread_mutex_unlock;/usr/lib/x86_64-linux-gnu/libc.so.6;entry_SYSCALL_64_after_hwframe_[k];do_syscall_64_[k];x64_sys_call_[k];do_futex_[k] 1
java/util/concurrent/ForkJoinWorkerThread.run;java/util/concurrent/ForkJoinPool.runWorker;java/util/concurrent/ForkJoinPool.scan;java/util/concurrent/ForkJoinPool$WorkQueue.topLevelExec;java/util/concurrent/ForkJoinTask.doExec;java/util/concurrent/ForkJoinTask$RunnableExecuteAction.exec;java/lang/VirtualThread$$Lambda.0x00007a6f90039c78.run;java/lang/VirtualThread.runContinuation;jdk/internal/vm/Continuation.run;jdk/internal/vm/Continuation.enterSpecial;jdk/internal/vm/Continuation.enter;jdk/internal/vm/Continuation.enter0;java/lang/VirtualThread$VThreadContinuation$1.run;java/lang/VirtualThread.run;_notify_jvmti_vthread_start;SharedRuntime::notify_jvmti_vthread_start;JvmtiVTMSTransitionDisabler::VTMS_vthread_start;JvmtiVTMSTransitionDisabler::VTMS_mount_end;Mutex::lock;pthread_mutex_lock;/usr/lib/x86_64-linux-gnu/libc.so.6;entry_SYSCALL_64_after_hwframe_[k];do_syscall_64_[k];x64_sys_call_[k];__x64_sys_futex_[k];do_futex_[k];futex_wait_[k];__futex_wait_[k];futex_wait_setup_[k];futex_q_lock_[k];_raw_spin_lock_[k];native_queued_spin_lock_slowpath_[k] 1290
java/util/concurrent/ForkJoinWorkerThread.run;java/util/concurrent/ForkJoinPool.runWorker;java/util/concurrent/ForkJoinPool.scan;java/util/concurrent/ForkJoinPool$WorkQueue.topLevelExec;java/util/concurrent/ForkJoinTask.doExec;java/util/concurrent/ForkJoinTask$RunnableExecuteAction.exec;java/lang/VirtualThread$$Lambda.0x00007a6f90039c78.run;java/lang/VirtualThread.runContinuation;jdk/internal/vm/Continuation.run;jdk/internal/vm/Continuation.enterSpecial;jdk/internal/vm/Continuation.enter;jdk/internal/vm/Continuation.enter0;java/lang/VirtualThread$VThreadContinuation$1.run;java/lang/VirtualThread.run;_notify_jvmti_vthread_start;SharedRuntime::notify_jvmti_vthread_start;JvmtiVTMSTransitionDisabler::VTMS_vthread_start;JvmtiVTMSTransitionDisabler::VTMS_mount_end;__pthread_mutex_unlock;/usr/lib/x86_64-linux-gnu/libc.so.6;entry_SYSCALL_64_after_hwframe_[k];do_syscall_64_[k];x64_sys_call_[k];__x64_sys_futex_[k];do_futex_[k];futex_wake_[k];wake_q_add_safe_[k] 2
java/util/concurrent/ForkJoinWorkerThread.run;java/util/concurrent/ForkJoinPool.runWorker;java/util/concurrent/ForkJoinPool.scan;java/util/concurrent/ForkJoinPool$WorkQueue.topLevelExec;java/util/concurrent/ForkJoinTask.doExec;java/util/concurrent/ForkJoinTask$RunnableExecuteAction.exec;java/lang/VirtualThread$$Lambda.0x00007a6f90039c78.run;java/lang/VirtualThread.runContinuation;jdk/internal/vm/Continuation.run;jdk/internal/vm/Continuation.enterSpecial;jdk/internal/vm/Continuation.enter;jdk/internal/vm/Continuation.enter0;java/lang/VirtualThread$VThreadContinuation$1.run;java/lang/VirtualThread.run;_notify_jvmti_vthread_start;SharedRuntime::notify_jvmti_vthread_start;JvmtiVTMSTransitionDisabler::VTMS_vthread_start;JvmtiEventController::thread_started;Mutex::lock;pthread_mutex_lock 1
java/util/concurrent/ForkJoinWorkerThread.run;java/util/concurrent/ForkJoinPool.runWorker;java/util/concurrent/ForkJoinPool.scan;java/util/concurrent/ForkJoinPool$WorkQueue.topLevelExec;java/util/concurrent/ForkJoinTask.doExec;java/util/concurrent/ForkJoinTask$RunnableExecuteAction.exec;java/lang/VirtualThread$$Lambda.0x00007a6f90039c78.run;java/lang/VirtualThread.runContinuation;jdk/internal/vm/Continuation.run;jdk/internal/vm/Continuation.enterSpecial;jdk/internal/vm/Continuation.enter;jdk/internal/vm/Continuation.enter0;java/lang/VirtualThread$VThreadContinuation$1.run;java/lang/VirtualThread.run;_notify_jvmti_vthread_end;SharedRuntime::notify_jvmti_vthread_end;JvmtiVTMSTransitionDisabler::VTMS_vthread_end;JvmtiExport::cleanup_thread;Mutex::lock;pthread_mutex_lock;/usr/lib/x86_64-linux-gnu/libc.so.6;entry_SYSCALL_64_after_hwframe_[k];do_syscall_64_[k];x64_sys_call_[k];__x64_sys_futex_[k];do_futex_[k];futex_wait_[k];__futex_wait_[k];futex_wait_setup_[k];futex_hash_[k];futex_ref_get_[k] 5
java/util/concurrent/ForkJoinWorkerThread.run;java/util/concurrent/ForkJoinPool.runWorker;java/util/concurrent/ForkJoinPool.scan;java/util/concurrent/ForkJoinPool$WorkQueue.topLevelExec;java/util/concurrent/ForkJoinTask.doExec;java/util/concurrent/ForkJoinTask$RunnableExecuteAction.exec;java/lang/VirtualThread$$Lambda.0x00007a6f90039c78.run;java/lang/VirtualThread.runContinuation;jdk/internal/vm/Continuation.run;jdk/internal/vm/Continuation.enterSpecial;jdk/internal/vm/Continuation.enter;jdk/internal/vm/Continuation.enter0;java/lang/VirtualThread$VThreadContinuation$1.run;java/lang/VirtualThread.run;_notify_jvmti_vthread_start;SharedRuntime::notify_jvmti_vthread_start;JvmtiVTMSTransitionDisabler::VTMS_vthread_start;JvmtiEventController::thread_started;JvmtiThreadState::JvmtiThreadState;__tls_get_addr@plt 3
java/util/concurrent/ForkJoinWorkerThread.run;java/util/concurrent/ForkJoinPool.runWorker;java/util/concurrent/ForkJoinPool.scan;java/util/concurrent/ForkJoinPool$WorkQueue.topLevelExec;java/util/concurrent/ForkJoinTask.doExec;java/util/concurrent/ForkJoinTask$RunnableExecuteAction.exec;java/lang/VirtualThread$$Lambda.0x00007a6f90039c78.run;java/lang/VirtualThread.runContinuation;jdk/internal/vm/Continuation.run;jdk/internal/vm/Continuation.enterSpecial;jdk/internal/vm/Continuation.enter;jdk/internal/vm/Continuation.enter0;java/lang/VirtualThread$VThreadContinuation$1.run;java/lang/VirtualThread.run;_notify_jvmti_vthread_end;SharedRuntime::notify_jvmti_vthread_end;JvmtiVTMSTransitionDisabler::VTMS_vthread_end;JvmtiVTMSTransitionDisabler::start_VTMS_transition;__tls_get_addr 1
java/util/concurrent/ForkJoinWorkerThread.run;java/util/concurrent/ForkJoinPool.runWorker;java/util/concurrent/ForkJoinPool.awaitWork 5
java/util/concurrent/ForkJoinWorkerThread.run;java/util/concurrent/ForkJoinPool.runWorker;java/util/concurrent/ForkJoinPool.scan;java/util/concurrent/ForkJoinPool$WorkQueue.topLevelExec;java/util/concurrent/ForkJoinTask.doExec;java/util/concurrent/ForkJoinTask$RunnableExecuteAction.exec;java/lang/VirtualThread$$Lambda.0x00007a6f90039c78.run;java/lang/VirtualThread.runContinuation;jdk/internal/vm/Continuation.run;jdk/internal/vm/Continuation.enterSpecial;jdk/internal/vm/Continuation.enter;jdk/internal/vm/Continuation.enter0;java/lang/VirtualThread$VThreadContinuation$1.run;java/lang/VirtualThread.run;_notify_jvmti_vthread_end;SharedRuntime::notify_jvmti_vthread_end;JvmtiVTMSTransitionDisabler::VTMS_vthread_end;JavaThread::threadObj 1
java/util/concurrent/ForkJoinWorkerThread.run;java/util/concurrent/ForkJoinPool.runWorker;java/util/concurrent/ForkJoinPool.scan 4
java/lang/Thread.run;java/lang/Thread.runWith;java/util/concurrent/ThreadPoolExecutor$Worker.run;java/util/concurrent/ThreadPoolExecutor.runWorker;java/util/concurrent/FutureTask.run;java/util/concurrent/Executors$RunnableAdapter.call;java/util/concurrent/FutureTask.run;org/openjdk/jmh/runner/BenchmarkHandler$BenchmarkTask.call;org/openjdk/jmh/runner/BenchmarkHandler$BenchmarkTask.call;java/lang/reflect/Method.invoke;jdk/internal/reflect/DirectMethodHandleAccessor.invoke;jdk/internal/reflect/DirectMethodHandleAccessor.invokeImpl;java/lang/invoke/LambdaForm$MH.0x00007a6f9002e800.invokeExact_MT;java/lang/invoke/LambdaForm$MH.0x00007a6f9002e400.invoke;java/lang/invoke/DirectMethodHandle$Holder.invokeSpecial;uk/ac/ncl/jensen/benchmark/jmh_generated/VThreadChurnBenchmark_churn_jmhTest.churn_AverageTime;uk/ac/ncl/jensen/benchmark/jmh_generated/VThreadChurnBenchmark_churn_jmhTest.churn_avgt_jmhStub;uk/ac/ncl/jensen/benchmark/VThreadChurnBenchmark.churn;java/lang/Thread.join;java/lang/Thread.join;java/lang/VirtualThread.joinNanos;java/util/concurrent/CountDownLatch.await;java/util/concurrent/locks/AbstractQueuedSynchronizer.acquireSharedInterruptibly;java/util/concurrent/locks/AbstractQueuedSynchronizer.acquire 1
java/util/concurrent/ForkJoinWorkerThread.run;java/util/concurrent/ForkJoinPool.runWorker;java/util/concurrent/ForkJoinPool.scan;java/util/concurrent/ForkJoinPool$WorkQueue.topLevelExec;java/util/concurrent/ForkJoinTask.doExec;java/util/concurrent/ForkJoinTask$RunnableExecuteAction.exec;java/lang/VirtualThread$$Lambda.0x00007a6f90039c78.run;java/lang/VirtualThread.runContinuation;jdk/internal/vm/Continuation.run;jdk/internal/vm/Continuation.enterSpecial;jdk/internal/vm/Continuation.enter;jdk/internal/vm/Continuation.enter0;java/lang/VirtualThread$VThreadContinuation$1.run;java/lang/VirtualThread.run;_notify_jvmti_vthread_start;SharedRuntime::notify_jvmti_vthread_start;JvmtiVTMSTransitionDisabler::VTMS_vthread_start;JvmtiVTMSTransitionDisabler::VTMS_mount_end;Mutex::lock 1
java/lang/Thread.run;java/lang/Thread.runWith;java/util/concurrent/ThreadPoolExecutor$Worker.run;java/util/concurrent/ThreadPoolExecutor.runWorker;java/util/concurrent/FutureTask.run;java/util/concurrent/Executors$RunnableAdapter.call;java/util/concurrent/FutureTask.run;org/openjdk/jmh/runner/BenchmarkHandler$BenchmarkTask.call;org/openjdk/jmh/runner/BenchmarkHandler$BenchmarkTask.call;java/lang/reflect/Method.invoke;jdk/internal/reflect/DirectMethodHandleAccessor.invoke;jdk/internal/reflect/DirectMethodHandleAccessor.invokeImpl;java/lang/invoke/LambdaForm$MH.0x00007a6f9002e800.invokeExact_MT;java/lang/invoke/LambdaForm$MH.0x00007a6f9002e400.invoke;java/lang/invoke/DirectMethodHandle$Holder.invokeSpecial;uk/ac/ncl/jensen/benchmark/jmh_generated/VThreadChurnBenchmark_churn_jmhTest.churn_AverageTime;uk/ac/ncl/jensen/benchmark/jmh_generated/VThreadChurnBenchmark_churn_jmhTest.churn_avgt_jmhStub;uk/ac/ncl/jensen/benchmark/VThreadChurnBenchmark.churn;java/lang/Thread.join;java/lang/Thread.join;java/lang/VirtualThread.joinNanos;java/util/concurrent/CountDownLatch.await;java/util/concurrent/locks/AbstractQueuedSynchronizer.acquireSharedInterruptibly;java/util/concurrent/locks/AbstractQueuedSynchronizer.acquire;java/util/concurrent/locks/LockSupport.park;jdk/internal/misc/Unsafe.park;Unsafe_Park;Parker::park;ThreadBlockInVMPreprocess<void (JavaThread*)>::~ThreadBlockInVMPreprocess 2
java/util/concurrent/ForkJoinWorkerThread.run;java/util/concurrent/ForkJoinPool.runWorker;java/util/concurrent/ForkJoinPool.scan;java/util/concurrent/ForkJoinPool$WorkQueue.topLevelExec;java/util/concurrent/ForkJoinTask.doExec;java/util/concurrent/ForkJoinTask$RunnableExecuteAction.exec;java/lang/VirtualThread$$Lambda.0x00007a6f90039c78.run;java/lang/VirtualThread.runContinuation;java/lang/VirtualThread.afterDone;java/lang/VirtualThread.afterDone;java/util/concurrent/CountDownLatch.countDown;java/util/concurrent/locks/AbstractQueuedSynchronizer.releaseShared;java/util/concurrent/locks/AbstractQueuedSynchronizer.signalNext;java/util/concurrent/locks/LockSupport.unpark;jdk/internal/misc/Unsafe.unpark;Unsafe_Unpark;FastThreadsListHandle::FastThreadsListHandle 1
java/util/concurrent/ForkJoinWorkerThread.run;java/util/concurrent/ForkJoinPool.runWorker;java/util/concurrent/ForkJoinPool.scan;java/util/concurrent/ForkJoinPool$WorkQueue.topLevelExec;java/util/concurrent/ForkJoinTask.doExec;java/util/concurrent/ForkJoinTask$RunnableExecuteAction.exec;java/lang/VirtualThread$$Lambda.0x00007a6f90039c78.run;java/lang/VirtualThread.runContinuation;jdk/internal/vm/Continuation.run;jdk/internal/vm/Continuation.enterSpecial;jdk/internal/vm/Continuation.enter;jdk/internal/vm/Continuation.enter0;java/lang/VirtualThread$VThreadContinuation$1.run;java/lang/VirtualThread.run;_notify_jvmti_vthread_start;SharedRuntime::notify_jvmti_vthread_start;JvmtiVTMSTransitionDisabler::VTMS_vthread_start;JvmtiEventController::thread_started;Mutex::lock;pthread_mutex_lock;/usr/lib/x86_64-linux-gnu/libc.so.6;entry_SYSCALL_64_after_hwframe_[k];do_syscall_64_[k];x64_sys_call_[k];__x64_sys_futex_[k];do_futex_[k];futex_wait_[k];__futex_wait_[k];futex_wait_setup_[k];futex_q_lock_[k];_raw_spin_lock_[k];native_queued_spin_lock_slowpath_[k] 207
java/util/concurrent/ForkJoinWorkerThread.run;java/util/concurrent/ForkJoinPool.runWorker;java/util/concurrent/ForkJoinPool.scan;java/util/concurrent/ForkJoinPool$WorkQueue.topLevelExec;java/util/concurrent/ForkJoinTask.doExec;java/util/concurrent/ForkJoinTask$RunnableExecuteAction.exec;java/lang/VirtualThread$$Lambda.0x00007a6f90039c78.run;java/lang/VirtualThread.runContinuation;jdk/internal/vm/Continuation.run;jdk/internal/vm/Continuation.enterSpecial;jdk/internal/vm/Continuation.enter;jdk/internal/vm/Continuation.enter0;java/lang/VirtualThread$VThreadContinuation$1.run;java/lang/VirtualThread.run;_notify_jvmti_vthread_start;SharedRuntime::notify_jvmti_vthread_start;JvmtiVTMSTransitionDisabler::VTMS_vthread_start;JvmtiVTMSTransitionDisabler::VTMS_mount_end;__pthread_mutex_unlock;/usr/lib/x86_64-linux-gnu/libc.so.6;entry_SYSCALL_64_after_hwframe_[k];do_syscall_64_[k];x64_sys_call_[k];__x64_sys_futex_[k];do_futex_[k];futex_wake_[k] 4
java/util/concurrent/ForkJoinWorkerThread.run;java/util/concurrent/ForkJoinPool.runWorker;java/util/concurrent/ForkJoinPool.scan;java/util/concurrent/ForkJoinPool$WorkQueue.topLevelExec;java/util/concurrent/ForkJoinTask.doExec;java/util/concurrent/ForkJoinTask$RunnableExecuteAction.exec;java/lang/VirtualThread$$Lambda.0x00007a6f90039c78.run;java/lang/VirtualThread.runContinuation;jdk/internal/vm/Continuation.run;jdk/internal/vm/Continuation.enterSpecial;jdk/internal/vm/Continuation.enter;jdk/internal/vm/Continuation.enter0;java/lang/VirtualThread$VThreadContinuation$1.run;java/lang/VirtualThread.run;_notify_jvmti_vthread_end;SharedRuntime::notify_jvmti_vthread_end;JvmtiVTMSTransitionDisabler::VTMS_vthread_end;JvmtiExport::cleanup_thread;__libc_free;/usr/lib/x86_64-linux-gnu/libc.so.6 5
java/util/concurrent/ForkJoinWorkerThread.run;java/util/concurrent/ForkJoinPool.runWorker;java/util/concurrent/ForkJoinPool.scan;java/util/concurrent/ForkJoinPool$WorkQueue.topLevelExec;java/util/concurrent/ForkJoinTask.doExec;java/util/concurrent/ForkJoinTask$RunnableExecuteAction.exec;java/lang/VirtualThread$$Lambda.0x00007a6f90039c78.run;java/lang/VirtualThread.runContinuation;jdk/internal/vm/Continuation.run;jdk/internal/vm/Continuation.enterSpecial;jdk/internal/vm/Continuation.enter;jdk/internal/vm/Continuation.enter0;java/lang/VirtualThread$VThreadContinuation$1.run;java/lang/VirtualThread.run;_notify_jvmti_vthread_start;SharedRuntime::notify_jvmti_vthread_start;JvmtiVTMSTransitionDisabler::VTMS_vthread_start;JvmtiVTMSTransitionDisabler::VTMS_mount_end;__pthread_mutex_unlock;/usr/lib/x86_64-linux-gnu/libc.so.6;entry_SYSCALL_64_after_hwframe_[k];do_syscall_64_[k];x64_sys_call_[k];__x64_sys_futex_[k];do_futex_[k];futex_wake_[k];wake_up_q_[k];try_to_wake_up_[k];_raw_spin_unlock_irqrestore_[k] 2
java/util/concurrent/ForkJoinWorkerThread.run;java/util/concurrent/ForkJoinPool.runWorker;java/util/concurrent/ForkJoinPool.scan;java/util/concurrent/ForkJoinPool$WorkQueue.topLevelExec;java/util/concurrent/ForkJoinTask.doExec;java/util/concurrent/ForkJoinTask$RunnableExecuteAction.exec;java/lang/VirtualThread$$Lambda.0x00007a6f90039c78.run;java/lang/VirtualThread.runContinuation;jdk/internal/vm/Continuation.run;jdk/internal/vm/Continuation.enterSpecial;jdk/internal/vm/Continuation.enter;jdk/internal/vm/Continuation.enter0;java/lang/VirtualThread$VThreadContinuation$1.run;java/lang/VirtualThread.run;_notify_jvmti_vthread_start;SharedRuntime::notify_jvmti_vthread_start;JvmtiVTMSTransitionDisabler::VTMS_vthread_start;JvmtiEventController::thread_started;Mutex::lock;pthread_mutex_lock;/usr/lib/x86_64-linux-gnu/libc.so.6;entry_SYSCALL_64_after_hwframe_[k];do_syscall_64_[k];x64_sys_call_[k];__x64_sys_futex_[k];do_futex_[k];futex_wait_[k];__futex_wait_[k];futex_wait_setup_[k];futex_hash_[k] 9
java/util/concurrent/ForkJoinWorkerThread.run;java/util/concurrent/ForkJoinPool.runWorker;java/util/concurrent/ForkJoinPool.scan;java/util/concurrent/ForkJoinPool$WorkQueue.topLevelExec;java/util/concurrent/ForkJoinTask.doExec;java/util/concurrent/ForkJoinTask$RunnableExecuteAction.exec;java/lang/VirtualThread$$Lambda.0x00007a6f90039c78.run;java/lang/VirtualThread.runContinuation;jdk/internal/vm/Continuation.run;jdk/internal/vm/Continuation.enterSpecial;jdk/internal/vm/Continuation.enter;jdk/internal/vm/Continuation.enter0;java/lang/VirtualThread$VThreadContinuation$1.run;java/lang/VirtualThread.run;_notify_jvmti_vthread_end;SharedRuntime::notify_jvmti_vthread_end;JvmtiVTMSTransitionDisabler::VTMS_vthread_end;JvmtiExport::cleanup_thread;Mutex::lock;pthread_mutex_lock;/usr/lib/x86_64-linux-gnu/libc.so.6 1
java/util/concurrent/ForkJoinWorkerThread.run;java/util/concurrent/ForkJoinPool.runWorker;java/util/concurrent/ForkJoinPool.scan;java/util/concurrent/ForkJoinPool$WorkQueue.topLevelExec;java/util/concurrent/ForkJoinTask.doExec;java/util/concurrent/ForkJoinTask$RunnableExecuteAction.exec;java/lang/VirtualThread$$Lambda.0x00007a6f90039c78.run;java/lang/VirtualThread.runContinuation;jdk/internal/vm/Continuation.run;jdk/internal/vm/Continuation.enterSpecial;jdk/internal/vm/Continuation.enter;jdk/internal/vm/Continuation.enter0;java/lang/VirtualThread$VThreadContinuation$1.run;java/lang/VirtualThread.run;_notify_jvmti_vthread_end;SharedRuntime::notify_jvmti_vthread_end;JvmtiVTMSTransitionDisabler::VTMS_vthread_end;JvmtiExport::cleanup_thread;JvmtiEventController::thread_ended;JvmtiThreadState::~JvmtiThreadState;__libc_free;/usr/lib/x86_64-linux-gnu/libc.so.6 1
java/util/concurrent/ForkJoinWorkerThread.run;java/util/concurrent/ForkJoinPool.runWorker;java/util/concurrent/ForkJoinPool.scan;java/util/concurrent/ForkJoinPool$WorkQueue.topLevelExec;java/util/concurrent/ForkJoinTask.doExec;java/util/concurrent/ForkJoinTask$RunnableExecuteAction.exec;java/lang/VirtualThread$$Lambda.0x00007a6f90039c78.run;java/lang/VirtualThread.runContinuation;jdk/internal/vm/Continuation.run;jdk/internal/vm/Continuation.enterSpecial;jdk/internal/vm/Continuation.enter;jdk/internal/vm/Continuation.enter0;java/lang/VirtualThread$VThreadContinuation$1.run;java/lang/VirtualThread.run;_notify_jvmti_vthread_start;SharedRuntime::notify_jvmti_vthread_start;JvmtiVTMSTransitionDisabler::VTMS_vthread_start;JvmtiEventController::thread_started;Mutex::lock;pthread_mutex_lock;/usr/lib/x86_64-linux-gnu/libc.so.6;entry_SYSCALL_64_after_hwframe_[k];do_syscall_64_[k];x64_sys_call_[k] 1
java/util/concurrent/ForkJoinWorkerThread.run;java/util/concurrent/ForkJoinPool.runWorker;java/util/concurrent/ForkJoinPool.scan;java/util/concurrent/ForkJoinPool$WorkQueue.topLevelExec;java/util/concurrent/ForkJoinTask.doExec;java/util/concurrent/ForkJoinTask$RunnableExecuteAction.exec;java/lang/VirtualThread$$Lambda.0x00007a6f90039c78.run;java/lang/VirtualThread.runContinuation;jdk/internal/vm/Continuation.run;jdk/internal/vm/Continuation.enterSpecial;jdk/internal/vm/Continuation.enter;jdk/internal/vm/Continuation.enter0;java/lang/VirtualThread$VThreadContinuation$1.run;java/lang/VirtualThread.run;_notify_jvmti_vthread_end;SharedRuntime::notify_jvmti_vthread_end;JvmtiVTMSTransitionDisabler::VTMS_vthread_end;__pthread_mutex_unlock;/usr/lib/x86_64-linux-gnu/libc.so.6;entry_SYSCALL_64_after_hwframe_[k];do_syscall_64_[k];x64_sys_call_[k];__x64_sys_futex_[k];do_futex_[k];futex_wake_[k];wake_up_q_[k];_raw_spin_lock_irqsave_[k] 1
java/util/concurrent/ForkJoinWorkerThread.run;java/util/concurrent/ForkJoinPool.runWorker;java/util/concurrent/ForkJoinPool.scan;java/util/concurrent/ForkJoinPool$WorkQueue.topLevelExec;java/util/concurrent/ForkJoinTask.doExec;java/util/concurrent/ForkJoinTask$RunnableExecuteAction.exec;java/lang/VirtualThread$$Lambda.0x00007a6f90039c78.run;java/lang/VirtualThread.runContinuation;jdk/internal/vm/Continuation.run;jdk/internal/vm/Continuation.enterSpecial;jdk/internal/vm/Continuation.enter;jdk/internal/vm/Continuation.enter0;java/lang/VirtualThread$VThreadContinuation$1.run;java/lang/VirtualThread.run;_notify_jvmti_vthread_end;SharedRuntime::notify_jvmti_vthread_end;JvmtiVTMSTransitionDisabler::VTMS_vthread_end;JvmtiExport::cleanup_thread;Mutex::lock;pthread_mutex_lock;/usr/lib/x86_64-linux-gnu/libc.so.6;entry_SYSCALL_64_after_hwframe_[k];do_syscall_64_[k];x64_sys_call_[k];__x64_sys_futex_[k];do_futex_[k];futex_wait_[k];__futex_wait_[k];futex_wait_setup_[k];__futex_queue_[k];plist_add_[k] 18
java/util/concurrent/ForkJoinWorkerThread.run;java/util/concurrent/ForkJoinPool.runWorker;java/util/concurrent/ForkJoinPool.awaitWork;java/util/concurrent/locks/LockSupport.park;jdk/internal/misc/Unsafe.park;Unsafe_Park;Parker::park 6
java/util/concurrent/ForkJoinWorkerThread.run;java/util/concurrent/ForkJoinPool.runWorker;java/util/concurrent/ForkJoinPool.scan;java/util/concurrent/ForkJoinPool$WorkQueue.topLevelExec;java/util/concurrent/ForkJoinTask.doExec;java/util/concurrent/ForkJoinTask$RunnableExecuteAction.exec;java/lang/VirtualThread$$Lambda.0x00007a6f90039c78.run;java/lang/VirtualThread.runContinuation;jdk/internal/vm/Continuation.run;jdk/internal/vm/Continuation.enterSpecial;jdk/internal/vm/Continuation.enter;jdk/internal/vm/Continuation.enter0;java/lang/VirtualThread$VThreadContinuation$1.run;java/lang/VirtualThread.run;_notify_jvmti_vthread_start;SharedRuntime::notify_jvmti_vthread_start;JvmtiVTMSTransitionDisabler::VTMS_vthread_start;JvmtiVTMSTransitionDisabler::VTMS_mount_end;Mutex::lock;pthread_mutex_lock;/usr/lib/x86_64-linux-gnu/libc.so.6;entry_SYSCALL_64_after_hwframe_[k];do_syscall_64_[k];x64_sys_call_[k];__x64_sys_futex_[k];do_futex_[k];futex_wait_[k];__futex_wait_[k];futex_wait_setup_[k];futex_hash_[k];__futex_hash_[k] 2
java/lang/Thread.run;java/lang/Thread.runWith;java/util/concurrent/ThreadPoolExecutor$Worker.run;java/util/concurrent/ThreadPoolExecutor.runWorker;java/util/concurrent/FutureTask.run;java/util/concurrent/Executors$RunnableAdapter.call;java/util/concurrent/FutureTask.run;org/openjdk/jmh/runner/BenchmarkHandler$BenchmarkTask.call;org/openjdk/jmh/runner/BenchmarkHandler$BenchmarkTask.call;java/lang/reflect/Method.invoke;jdk/internal/reflect/DirectMethodHandleAccessor.invoke;jdk/internal/reflect/DirectMethodHandleAccessor.invokeImpl;java/lang/invoke/LambdaForm$MH.0x00007a6f9002e800.invokeExact_MT;java/lang/invoke/LambdaForm$MH.0x00007a6f9002e400.invoke;java/lang/invoke/DirectMethodHandle$Holder.invokeSpecial;uk/ac/ncl/jensen/benchmark/jmh_generated/VThreadChurnBenchmark_churn_jmhTest.churn_AverageTime;uk/ac/ncl/jensen/benchmark/jmh_generated/VThreadChurnBenchmark_churn_jmhTest.churn_avgt_jmhStub;uk/ac/ncl/jensen/benchmark/VThreadChurnBenchmark.churn;java/lang/ThreadBuilders$VirtualThreadBuilder.start;java/lang/ThreadBuilders$VirtualThreadBuilder.unstarted;java/lang/ThreadBuilders.newVirtualThread 1
java/util/concurrent/ForkJoinWorkerThread.run;java/util/concurrent/ForkJoinPool.runWorker;java/util/concurrent/ForkJoinPool.scan 6
java/util/concurrent/ForkJoinWorkerThread.run;java/util/concurrent/ForkJoinPool.runWorker;java/util/concurrent/ForkJoinPool.scan;java/util/concurrent/ForkJoinPool$WorkQueue.topLevelExec;java/util/concurrent/ForkJoinTask.doExec;java/util/concurrent/ForkJoinTask$RunnableExecuteAction.exec;java/lang/VirtualThread$$Lambda.0x00007a6f90039c78.run;java/lang/VirtualThread.runContinuation;jdk/internal/vm/Continuation.run;jdk/internal/vm/Continuation.enterSpecial;jdk/internal/vm/Continuation.enter;jdk/internal/vm/Continuation.enter0;java/lang/VirtualThread$VThreadContinuation$1.run;java/lang/VirtualThread.run;_notify_jvmti_vthread_start;SharedRuntime::notify_jvmti_vthread_start;JvmtiVTMSTransitionDisabler::VTMS_vthread_start;JvmtiVTMSTransitionDisabler::VTMS_mount_end;__pthread_mutex_unlock;/usr/lib/x86_64-linux-gnu/libc.so.6;entry_SYSCALL_64_after_hwframe_[k];do_syscall_64_[k];x64_sys_call_[k];__x64_sys_futex_[k];do_futex_[k];futex_wake_[k];futex_hash_[k];futex_ref_get_[k] 7
java/util/concurrent/ForkJoinWorkerThread.run;java/util/concurrent/ForkJoinPool.runWorker;java/util/concurrent/ForkJoinPool.scan;java/util/concurrent/ForkJoinPool$WorkQueue.topLevelExec;java/util/concurrent/ForkJoinTask.doExec;java/util/concurrent/ForkJoinTask$RunnableExecuteAction.exec;java/lang/VirtualThread$$Lambda.0x00007a6f90039c78.run;java/lang/VirtualThread.runContinuation;jdk/internal/vm/Continuation.run;jdk/internal/vm/Continuation.enterSpecial;jdk/internal/vm/Continuation.enter;jdk/internal/vm/Continuation.enter0;java/lang/VirtualThread$VThreadContinuation$1.run;java/lang/VirtualThread.run;java/lang/Thread.runWith;uk/ac/ncl/jensen/benchmark/VThreadChurnBenchmark$$Lambda.0x00007a6f90029bb0.run;uk/ac/ncl/jensen/benchmark/VThreadChurnBenchmark.lambda$churn$0;org/openjdk/jmh/infra/Blackhole.consumeCPU 1
java/util/concurrent/ForkJoinWorkerThread.run;java/util/concurrent/ForkJoinPool.runWorker;java/util/concurrent/ForkJoinPool.scan;java/util/concurrent/ForkJoinPool$WorkQueue.topLevelExec;java/util/concurrent/ForkJoinTask.doExec;java/util/concurrent/ForkJoinTask$RunnableExecuteAction.exec;java/lang/VirtualThread$$Lambda.0x00007a6f90039c78.run;java/lang/VirtualThread.runContinuation;jdk/internal/vm/Continuation.run;jdk/internal/vm/Continuation.enterSpecial;jdk/internal/vm/Continuation.enter;jdk/internal/vm/Continuation.enter0;java/lang/VirtualThread$VThreadContinuation$1.run;java/lang/VirtualThread.run;_notify_jvmti_vthread_start;SharedRuntime::notify_jvmti_vthread_start;JvmtiVTMSTransitionDisabler::VTMS_vthread_start;__pthread_mutex_unlock;/usr/lib/x86_64-linux-gnu/libc.so.6;entry_SYSCALL_64_after_hwframe_[k];do_syscall_64_[k];x64_sys_call_[k];__x64_sys_futex_[k];do_futex_[k];futex_wake_[k];futex_wake_mark_[k] 1
java/util/concurrent/ForkJoinWorkerThread.run;java/util/concurrent/ForkJoinPool.runWorker;java/util/concurrent/ForkJoinPool.awaitWork 21
java/util/concurrent/ForkJoinWorkerThread.run;java/util/concurrent/ForkJoinPool.runWorker;java/util/concurrent/ForkJoinPool.scan;java/util/concurrent/ForkJoinPool$WorkQueue.topLevelExec;java/util/concurrent/ForkJoinTask.doExec;java/util/concurrent/ForkJoinTask$RunnableExecuteAction.exec;java/lang/VirtualThread$$Lambda.0x00007a6f90039c78.run;java/lang/VirtualThread.runContinuation;jdk/internal/vm/Continuation.run;jdk/internal/vm/Continuation.enterSpecial;jdk/internal/vm/Continuation.enter;jdk/internal/vm/Continuation.enter0;java/lang/VirtualThread$VThreadContinuation$1.run;java/lang/VirtualThread.run;_notify_jvmti_vthread_start;SharedRuntime::notify_jvmti_vthread_start;JvmtiVTMSTransitionDisabler::VTMS_vthread_start;JvmtiVTMSTransitionDisabler::VTMS_mount_end;Mutex::lock;pthread_mutex_lock;/usr/lib/x86_64-linux-gnu/libc.so.6;entry_SYSCALL_64_after_hwframe_[k];do_syscall_64_[k];x64_sys_call_[k];__x64_sys_futex_[k];do_futex_[k];futex_wait_[k];__futex_wait_[k];futex_wait_setup_[k];futex_q_unlock_[k] 2
java/util/concurrent/ForkJoinWorkerThread.run;java/util/concurrent/ForkJoinPool.runWorker;java/util/concurrent/ForkJoinPool.scan;java/util/concurrent/ForkJoinPool$WorkQueue.topLevelExec;java/util/concurrent/ForkJoinTask.doExec;java/util/concurrent/ForkJoinTask$RunnableExecuteAction.exec;java/lang/VirtualThread$$Lambda.0x00007a6f90039c78.run;java/lang/VirtualThread.runContinuation;jdk/internal/vm/Continuation.run;jdk/internal/vm/Continuation.enterSpecial;jdk/internal/vm/Continuation.enter;jdk/internal/vm/Continuation.enter0;java/lang/VirtualThread$VThreadContinuation$1.run;java/lang/VirtualThread.run;_notify_jvmti_vthread_end;SharedRuntime::notify_jvmti_vthread_end;JvmtiVTMSTransitionDisabler::VTMS_vthread_end;JvmtiExport::cleanup_thread;Mutex::lock;JavaFrameAnchor::make_walkable 1
java/util/concurrent/ForkJoinWorkerThread.run;java/util/concurrent/ForkJoinPool.runWorker;java/util/concurrent/ForkJoinPool.scan;java/util/concurrent/ForkJoinPool$WorkQueue.topLevelExec;java/util/concurrent/ForkJoinTask.doExec;java/util/concurrent/ForkJoinTask$RunnableExecuteAction.exec;java/lang/VirtualThread$$Lambda.0x00007a6f90039c78.run;java/lang/VirtualThread.runContinuation;jdk/internal/vm/Continuation.run;jdk/internal/vm/Continuation.enterSpecial;jdk/internal/vm/Continuation.enter;jdk/internal/vm/Continuation.enter0;java/lang/VirtualThread$VThreadContinuation$1.run;java/lang/VirtualThread.run;_notify_jvmti_vthread_start;SharedRuntime::notify_jvmti_vthread_start;JvmtiVTMSTransitionDisabler::VTMS_vthread_start;JvmtiVTMSTransitionDisabler::finish_VTMS_transition;java_lang_Thread::set_is_in_VTMS_transition 13
java/util/concurrent/ForkJoinWorkerThread.run;java/util/concurrent/ForkJoinPool.runWorker;java/util/concurrent/ForkJoinPool.scan;java/util/concurrent/ForkJoinPool$WorkQueue.topLevelExec;java/util/concurrent/ForkJoinTask.doExec;java/util/concurrent/ForkJoinTask$RunnableExecuteAction.exec;java/lang/VirtualThread$$Lambda.0x00007a6f90039c78.run;java/lang/VirtualThread.runContinuation;jdk/internal/vm/Continuation.run;java/lang/System$2.setScopedValueCache 38
java/lang/Thread.run;java/lang/Thread.runWith;java/util/concurrent/ThreadPoolExecutor$Worker.run;java/util/concurrent/ThreadPoolExecutor.runWorker;java/util/concurrent/FutureTask.run;java/util/concurrent/Executors$RunnableAdapter.call;java/util/concurrent/FutureTask.run;org/openjdk/jmh/runner/BenchmarkHandler$BenchmarkTask.call;org/openjdk/jmh/runner/BenchmarkHandler$BenchmarkTask.call;java/lang/reflect/Method.invoke;jdk/internal/reflect/DirectMethodHandleAccessor.invoke;jdk/internal/reflect/DirectMethodHandleAccessor.invokeImpl;java/lang/invoke/LambdaForm$MH.0x00007a6f9002e800.invokeExact_MT;java/lang/invoke/LambdaForm$MH.0x00007a6f9002e400.invoke;java/lang/invoke/DirectMethodHandle$Holder.invokeSpecial;uk/ac/ncl/jensen/benchmark/jmh_generated/VThreadChurnBenchmark_churn_jmhTest.churn_AverageTime;uk/ac/ncl/jensen/benchmark/jmh_generated/VThreadChurnBenchmark_churn_jmhTest.churn_avgt_jmhStub;uk/ac/ncl/jensen/benchmark/VThreadChurnBenchmark.churn;java/lang/ThreadBuilders$VirtualThreadBuilder.start;java/lang/VirtualThread.start;java/lang/VirtualThread.start;java/lang/VirtualThread.submitRunContinuation;java/util/concurrent/ForkJoinPool.execute;java/util/concurrent/ForkJoinPool.poolSubmit;java/util/concurrent/ForkJoinPool$WorkQueue.push;java/util/concurrent/ForkJoinPool$WorkQueue.getAndSetAccess 4
java/util/concurrent/ForkJoinWorkerThread.run;java/util/concurrent/ForkJoinPool.runWorker;java/util/concurrent/ForkJoinPool.scan 2
java/util/concurrent/ForkJoinWorkerThread.run;java/util/concurrent/ForkJoinPool.runWorker;java/util/concurrent/ForkJoinPool.scan;java/util/concurrent/ForkJoinPool$WorkQueue.topLevelExec;java/util/concurrent/ForkJoinTask.doExec;java/util/concurrent/ForkJoinTask$RunnableExecuteAction.exec;java/lang/VirtualThread$$Lambda.0x00007a6f90039c78.run;java/lang/VirtualThread.runContinuation;java/lang/VirtualThread.state 1
java/util/concurrent/ForkJoinWorkerThread.run;java/util/concurrent/ForkJoinPool.runWorker;java/util/concurrent/ForkJoinPool.scan;java/util/concurrent/ForkJoinPool$WorkQueue.topLevelExec;java/util/concurrent/ForkJoinTask.doExec;java/util/concurrent/ForkJoinTask$RunnableExecuteAction.exec;java/lang/VirtualThread$$Lambda.0x00007a6f90039c78.run;java/lang/VirtualThread.runContinuation;jdk/internal/vm/Continuation.run;jdk/internal/vm/Continuation.enterSpecial;jdk/internal/vm/Continuation.enter;jdk/internal/vm/Continuation.enter0;java/lang/VirtualThread$VThreadContinuation$1.run;java/lang/VirtualThread.run;_notify_jvmti_vthread_start;SharedRuntime::notify_jvmti_vthread_start;JvmtiVTMSTransitionDisabler::VTMS_vthread_start 3
java/util/concurrent/ForkJoinWorkerThread.run;java/util/concurrent/ForkJoinPool.runWorker;java/util/concurrent/ForkJoinPool.scan;java/util/concurrent/ForkJoinPool$WorkQueue.topLevelExec;java/util/concurrent/ForkJoinTask.doExec;java/util/concurrent/ForkJoinTask$RunnableExecuteAction.exec;java/lang/VirtualThread$$Lambda.0x00007a6f90039c78.run;java/lang/VirtualThread.runContinuation;jdk/internal/vm/Continuation.run;jdk/internal/vm/Continuation.enterSpecial;jdk/internal/vm/Continuation.enter;jdk/internal/vm/Continuation.enter0;java/lang/VirtualThread$VThreadContinuation$1.run;java/lang/VirtualThread.run;_notify_jvmti_vthread_start;SharedRuntime::notify_jvmti_vthread_start;JvmtiVTMSTransitionDisabler::VTMS_vthread_start;__pthread_mutex_unlock;/usr/lib/x86_64-linux-gnu/libc.so.6;entry_SYSCALL_64_after_hwframe_[k];do_syscall_64_[k];x64_sys_call_[k] 1
java/util/concurrent/ForkJoinWorkerThread.run;java/util/concurrent/ForkJoinPool.runWorker;java/util/concurrent/ForkJoinPool.scan;java/util/concurrent/ForkJoinPool$WorkQueue.topLevelExec;java/util/concurrent/ForkJoinTask.doExec;java/util/concurrent/ForkJoinTask$RunnableExecuteAction.exec;java/lang/VirtualThread$$Lambda.0x00007a6f90039c78.run;java/lang/VirtualThread.runContinuation;jdk/internal/vm/Continuation.run;jdk/internal/vm/Continuation.enterSpecial;jdk/internal/vm/Continuation.enter;jdk/internal/vm/Continuation.enter0;java/lang/VirtualThread$VThreadContinuation$1.run;java/lang/VirtualThread.run;_notify_jvmti_vthread_end;SharedRuntime::notify_jvmti_vthread_end;JvmtiVTMSTransitionDisabler::VTMS_vthread_end;__pthread_mutex_unlock;/usr/lib/x86_64-linux-gnu/libc.so.6;entry_SYSCALL_64_after_hwframe_[k];do_syscall_64_[k];x64_sys_call_[k] 2
java/util/concurrent/ForkJoinWorkerThread.run;java/util/concurrent/ForkJoinPool.runWorker;java/util/concurrent/ForkJoinPool.scan;java/util/concurrent/ForkJoinPool$WorkQueue.topLevelExec;java/util/concurrent/ForkJoinTask.doExec;java/util/concurrent/ForkJoinTask$RunnableExecuteAction.exec;java/lang/VirtualThread$$Lambda.0x00007a6f90039c78.run;java/lang/VirtualThread.runContinuation;jdk/internal/vm/Continuation.run;jdk/internal/vm/Continuation.enterSpecial;jdk/internal/vm/Continuation.enter;jdk/internal/vm/Continuation.enter0;java/lang/VirtualThread$VThreadContinuation$1.run;java/lang/VirtualThread.run;_notify_jvmti_vthread_start;SharedRuntime::notify_jvmti_vthread_start;JvmtiVTMSTransitionDisabler::VTMS_vthread_start;JvmtiVTMSTransitionDisabler::VTMS_mount_end;Mutex::lock;JavaThread::is_active_Java_thread 1
java/util/concurrent/ForkJoinWorkerThread.run;java/util/concurrent/ForkJoinPool.runWorker;java/util/concurrent/ForkJoinPool.scan 2
java/util/concurrent/ForkJoinWorkerThread.run;java/util/concurrent/ForkJoinPool.runWorker;java/util/concurrent/ForkJoinPool.awaitWork;java/util/concurrent/locks/LockSupport.park;jdk/internal/misc/Unsafe.park;Unsafe_Park;Parker::park;pthread_cond_wait;/usr/lib/x86_64-linux-gnu/libc.so.6;entry_SYSCALL_64_after_hwframe_[k];do_syscall_64_[k];x64_sys_call_[k];__x64_sys_futex_[k];do_futex_[k];futex_wait_[k];__futex_wait_[k];futex_wait_setup_[k];futex_hash_[k] 4
java/util/concurrent/ForkJoinWorkerThread.run;java/util/concurrent/ForkJoinPool.runWorker;java/util/concurrent/ForkJoinPool.scan;java/util/concurrent/ForkJoinPool$WorkQueue.topLevelExec;java/util/concurrent/ForkJoinTask.doExec;java/util/concurrent/ForkJoinTask$RunnableExecuteAction.exec;java/lang/VirtualThread$$Lambda.0x00007a6f90039c78.run;java/lang/VirtualThread.runContinuation;jdk/internal/vm/Continuation.run;jdk/internal/vm/Continuation.enterSpecial;jdk/internal/vm/Continuation.enter;jdk/internal/vm/Continuation.enter0;java/lang/VirtualThread$VThreadContinuation$1.run;java/lang/VirtualThread.run;_notify_jvmti_vthread_end;SharedRuntime::notify_jvmti_vthread_end;JvmtiVTMSTransitionDisabler::VTMS_vthread_end;JvmtiExport::cleanup_thread;Mutex::lock;pthread_mutex_lock;/usr/lib/x86_64-linux-gnu/libc.so.6;entry_SYSCALL_64_after_hwframe_[k];do_syscall_64_[k];x64_sys_call_[k];__x64_sys_futex_[k];do_futex_[k];futex_wait_[k];__futex_wait_[k];futex_wait_setup_[k];__futex_queue_[k] 2
java/util/concurrent/ForkJoinWorkerThread.run;java/util/concurrent/ForkJoinPool.runWorker;java/util/concurrent/ForkJoinPool.scan;java/util/concurrent/ForkJoinPool$WorkQueue.topLevelExec;java/util/concurrent/ForkJoinTask.doExec;java/util/concurrent/ForkJoinTask$RunnableExecuteAction.exec;java/lang/VirtualThread$$Lambda.0x00007a6f90039c78.run;java/lang/VirtualThread.runContinuation;java/lang/VirtualThread.state 3
java/lang/Thread.run;java/lang/Thread.runWith;java/util/concurrent/ThreadPoolExecutor$Worker.run;java/util/concurrent/ThreadPoolExecutor.runWorker;java/util/concurrent/FutureTask.run;java/util/concurrent/Executors$RunnableAdapter.call;java/util/concurrent/FutureTask.run;org/openjdk/jmh/runner/BenchmarkHandler$BenchmarkTask.call;org/openjdk/jmh/runner/BenchmarkHandler$BenchmarkTask.call;java/lang/reflect/Method.invoke;jdk/internal/reflect/DirectMethodHandleAccessor.invoke;jdk/internal/reflect/DirectMethodHandleAccessor.invokeImpl;java/lang/invoke/LambdaForm$MH.0x00007a6f9002e800.invokeExact_MT;java/lang/invoke/LambdaForm$MH.0x00007a6f9002e400.invoke;java/lang/invoke/DirectMethodHandle$Holder.invokeSpecial;uk/ac/ncl/jensen/benchmark/jmh_generated/VThreadChurnBenchmark_churn_jmhTest.churn_AverageTime;uk/ac/ncl/jensen/benchmark/jmh_generated/VThreadChurnBenchmark_churn_jmhTest.churn_avgt_jmhStub;uk/ac/ncl/jensen/benchmark/VThreadChurnBenchmark.churn;java/lang/ThreadBuilders$VirtualThreadBuilder.start;java/lang/VirtualThread.start;java/lang/VirtualThread.start;jdk/internal/vm/ThreadContainers$RootContainer$TrackingRootContainer.onStart;java/util/concurrent/ConcurrentHashMap$KeySetView.add;java/util/concurrent/ConcurrentHashMap.putVal 1
java/util/concurrent/ForkJoinWorkerThread.run;java/util/concurrent/ForkJoinPool.runWorker;java/util/concurrent/ForkJoinPool.scan;java/util/concurrent/ForkJoinPool$WorkQueue.topLevelExec;java/util/concurrent/ForkJoinTask.doExec;java/util/concurrent/ForkJoinTask$RunnableExecuteAction.exec;java/lang/VirtualThread$$Lambda.0x00007a6f90039c78.run;java/lang/VirtualThread.runContinuation;java/lang/VirtualThread.afterDone;java/lang/VirtualThread.afterDone;java/util/concurrent/CountDownLatch.countDown;java/util/concurrent/locks/AbstractQueuedSynchronizer.releaseShared;java/util/concurrent/locks/AbstractQueuedSynchronizer.signalNext;java/util/concurrent/locks/LockSupport.unpark;jdk/internal/misc/Unsafe.unpark;Unsafe_Unpark;pthread_cond_signal;entry_SYSCALL_64_after_hwframe_[k];do_syscall_64_[k];x64_sys_call_[k];__x64_sys_futex_[k];do_futex_[k];futex_wake_[k];wake_up_q_[k];try_to_wake_up_[k];_raw_spin_unlock_irqrestore_[k] 3
java/lang/Thread.run;java/lang/Thread.runWith;java/util/concurrent/ThreadPoolExecutor$Worker.run;java/util/concurrent/ThreadPoolExecutor.runWorker;java/util/concurrent/FutureTask.run;java/util/concurrent/Executors$RunnableAdapter.call;java/util/concurrent/FutureTask.run;org/openjdk/jmh/runner/BenchmarkHandler$BenchmarkTask.call;org/openjdk/jmh/runner/BenchmarkHandler$BenchmarkTask.call;java/lang/reflect/Method.invoke;jdk/internal/reflect/DirectMethodHandleAccessor.invoke;jdk/internal/reflect/DirectMethodHandleAccessor.invokeImpl;java/lang/invoke/LambdaForm$MH.0x00007a6f9002e800.invokeExact_MT;java/lang/invoke/LambdaForm$MH.0x00007a6f9002e400.invoke;java/lang/invoke/DirectMethodHandle$Holder.invokeSpecial;uk/ac/ncl/jensen/benchmark/jmh_generated/VThreadChurnBenchmark_churn_jmhTest.churn_AverageTime;uk/ac/ncl/jensen/benchmark/jmh_generated/VThreadChurnBenchmark_churn_jmhTest.churn_avgt_jmhStub;uk/ac/ncl/jensen/benchmark/VThreadChurnBenchmark.churn;java/lang/Thread.join;java/lang/Thread.join;java/lang/VirtualThread.joinNanos;java/util/concurrent/CountDownLatch.await;java/util/concurrent/locks/AbstractQueuedSynchronizer.acquireSharedInterruptibly;java/util/concurrent/locks/AbstractQueuedSynchronizer.acquire;java/util/concurrent/locks/AbstractQueuedSynchronizer.tryInitializeHead 1
java/util/concurrent/ForkJoinWorkerThread.run;java/util/concurrent/ForkJoinPool.runWorker;java/util/concurrent/ForkJoinPool.scan;java/util/concurrent/ForkJoinPool$WorkQueue.topLevelExec;java/util/concurrent/ForkJoinTask.doExec;java/util/concurrent/ForkJoinTask$RunnableExecuteAction.exec;java/lang/VirtualThread$$Lambda.0x00007a6f90039c78.run;java/lang/VirtualThread.runContinuation;java/lang/VirtualThread.mount;java/lang/VirtualThread.setCarrierThread 1
java/util/concurrent/ForkJoinWorkerThread.run;java/util/concurrent/ForkJoinPool.runWorker;java/util/concurrent/ForkJoinPool.scan;java/util/concurrent/ForkJoinPool.signalWork;java/util/concurrent/locks/LockSupport.unpark;jdk/internal/misc/Unsafe.unpark;Unsafe_Unpark;pthread_cond_signal;entry_SYSCALL_64_after_hwframe_[k];do_syscall_64_[k];x64_sys_call_[k];__x64_sys_futex_[k];do_futex_[k];futex_wake_[k];wake_up_q_[k];try_to_wake_up_[k];_raw_spin_unlock_irqrestore_[k] 26
java/util/concurrent/ForkJoinWorkerThread.run;java/util/concurrent/ForkJoinPool.runWorker;java/util/concurrent/ForkJoinPool.scan;java/util/concurrent/ForkJoinPool$WorkQueue.topLevelExec;java/util/concurrent/ForkJoinPool$WorkQueue.tryPoll;java/util/concurrent/ForkJoinPool$WorkQueue.casSlotToNull 1
java/lang/Thread.run;java/lang/Thread.runWith;java/util/concurrent/ThreadPoolExecutor$Worker.run;java/util/concurrent/ThreadPoolExecutor.runWorker;java/util/concurrent/FutureTask.run;java/util/concurrent/Executors$RunnableAdapter.call;java/util/concurrent/FutureTask.run;org/openjdk/jmh/runner/BenchmarkHandler$BenchmarkTask.call;org/openjdk/jmh/runner/BenchmarkHandler$BenchmarkTask.call;java/lang/reflect/Method.invoke;jdk/internal/reflect/DirectMethodHandleAccessor.invoke;jdk/internal/reflect/DirectMethodHandleAccessor.invokeImpl;java/lang/invoke/LambdaForm$MH.0x00007a6f9002e800.invokeExact_MT;java/lang/invoke/LambdaForm$MH.0x00007a6f9002e400.invoke;java/lang/invoke/DirectMethodHandle$Holder.invokeSpecial;uk/ac/ncl/jensen/benchmark/jmh_generated/VThreadChurnBenchmark_churn_jmhTest.churn_AverageTime;uk/ac/ncl/jensen/benchmark/jmh_generated/VThreadChurnBenchmark_churn_jmhTest.churn_avgt_jmhStub;uk/ac/ncl/jensen/benchmark/VThreadChurnBenchmark.churn;java/lang/Thread.join;java/lang/Thread.join;java/lang/VirtualThread.joinNanos;java/util/concurrent/CountDownLatch.await;java/util/concurrent/locks/AbstractQueuedSynchronizer.acquireSharedInterruptibly;java/util/concurrent/locks/AbstractQueuedSynchronizer.acquire;java/util/concurrent/CountDownLatch$Sync.tryAcquireShared;java/util/concurrent/locks/AbstractQueuedSynchronizer.getState 1
java/util/concurrent/ForkJoinWorkerThread.run;java/util/concurrent/ForkJoinPool.runWorker;java/util/concurrent/ForkJoinPool.scan 1
java/util/concurrent/ForkJoinWorkerThread.run;java/util/concurrent/ForkJoinPool.runWorker;java/util/concurrent/ForkJoinPool.scan;java/util/concurrent/ForkJoinPool$WorkQueue.topLevelExec;java/util/concurrent/ForkJoinTask.doExec;java/util/concurrent/ForkJoinTask$RunnableExecuteAction.exec;java/lang/VirtualThread$$Lambda.0x00007a6f90039c78.run;java/lang/VirtualThread.runContinuation;jdk/internal/vm/Continuation.run;jdk/internal/vm/Continuation.enterSpecial;jdk/internal/vm/Continuation.enter;jdk/internal/vm/Continuation.enter0;java/lang/VirtualThread$VThreadContinuation$1.run;java/lang/VirtualThread.run;_notify_jvmti_vthread_end;SharedRuntime::notify_jvmti_vthread_end;JvmtiVTMSTransitionDisabler::VTMS_vthread_end;JvmtiExport::cleanup_thread;Mutex::lock;pthread_mutex_lock;/usr/lib/x86_64-linux-gnu/libc.so.6;entry_SYSCALL_64_after_hwframe_[k];do_syscall_64_[k];x64_sys_call_[k];__x64_sys_futex_[k];do_futex_[k];futex_wait_[k];__futex_wait_[k];futex_wait_setup_[k];get_futex_key_[k] 2
java/lang/Thread.run;java/lang/Thread.runWith;java/util/concurrent/ThreadPoolExecutor$Worker.run;java/util/concurrent/ThreadPoolExecutor.runWorker;java/util/concurrent/FutureTask.run;java/util/concurrent/Executors$RunnableAdapter.call;java/util/concurrent/FutureTask.run;org/openjdk/jmh/runner/BenchmarkHandler$BenchmarkTask.call;org/openjdk/jmh/runner/BenchmarkHandler$BenchmarkTask.call;java/lang/reflect/Method.invoke;jdk/internal/reflect/DirectMethodHandleAccessor.invoke;jdk/internal/reflect/DirectMethodHandleAccessor.invokeImpl;java/lang/invoke/LambdaForm$MH.0x00007a6f9002e800.invokeExact_MT;java/lang/invoke/LambdaForm$MH.0x00007a6f9002e400.invoke;java/lang/invoke/DirectMethodHandle$Holder.invokeSpecial;uk/ac/ncl/jensen/benchmark/jmh_generated/VThreadChurnBenchmark_churn_jmhTest.churn_AverageTime;uk/ac/ncl/jensen/benchmark/jmh_generated/VThreadChurnBenchmark_churn_jmhTest.churn_avgt_jmhStub;uk/ac/ncl/jensen/benchmark/VThreadChurnBenchmark.churn;java/lang/ThreadBuilders$VirtualThreadBuilder.start;java/lang/ThreadBuilders$VirtualThreadBuilder.unstarted;java/lang/ThreadBuilders.newVirtualThread;java/lang/VirtualThread.<init>;java/lang/BaseVirtualThread.<init>;java/lang/Thread.<init>;asm_exc_page_fault_[k];exc_page_fault_[k];do_user_addr_fault_[k];handle_mm_fault_[k];__handle_mm_fault_[k];handle_pte_fault_[k];do_anonymous_page_[k];folio_add_new_anon_rmap_[k];__folio_mod_stat_[k];__lruvec_stat_mod_folio_[k] 1
java/util/concurrent/ForkJoinWorkerThread.run;java/util/concurrent/ForkJoinPool.runWorker;java/util/concurrent/ForkJoinPool.scan;java/util/concurrent/ForkJoinPool$WorkQueue.topLevelExec;java/util/concurrent/ForkJoinTask.doExec;java/util/concurrent/ForkJoinTask$RunnableExecuteAction.exec;java/lang/VirtualThread$$Lambda.0x00007a6f90039c78.run;java/lang/VirtualThread.runContinuation;java/lang/VirtualThread.mount;_notify_jvmti_vthread_mount;SharedRuntime::notify_jvmti_vthread_mount;JvmtiVTMSTransitionDisabler::start_VTMS_transition;HandleMark::~HandleMark 1
java/util/concurrent/ForkJoinWorkerThread.run;java/util/concurrent/ForkJoinPool.runWorker;java/util/concurrent/ForkJoinPool.scan;java/util/concurrent/ForkJoinPool$WorkQueue.topLevelExec;java/util/concurrent/ForkJoinTask.doExec;java/util/concurrent/ForkJoinTask$RunnableExecuteAction.exec;java/lang/VirtualThread$$Lambda.0x00007a6f90039c78.run;java/lang/VirtualThread.runContinuation;jdk/internal/vm/Continuation.run;jdk/internal/vm/Continuation.enterSpecial;jdk/internal/vm/Continuation.enter;jdk/internal/vm/Continuation.enter0;java/lang/VirtualThread$VThreadContinuation$1.run;java/lang/VirtualThread.run;_notify_jvmti_vthread_start;SharedRuntime::notify_jvmti_vthread_start;JvmtiVTMSTransitionDisabler::VTMS_vthread_start;__pthread_mutex_unlock;/usr/lib/x86_64-linux-gnu/libc.so.6;entry_SYSCALL_64_after_hwframe_[k];do_syscall_64_[k];x64_sys_call_[k];__x64_sys_futex_[k];do_futex_[k];futex_wake_[k];futex_wake_mark_[k];__futex_unqueue_[k] 1
java/util/concurrent/ForkJoinWorkerThread.run;java/util/concurrent/ForkJoinPool.runWorker;java/util/concurrent/ForkJoinPool.scan;java/util/concurrent/ForkJoinPool$WorkQueue.topLevelExec;java/util/concurrent/ForkJoinTask.doExec;java/util/concurrent/ForkJoinTask$RunnableExecuteAction.exec;java/lang/VirtualThread$$Lambda.0x00007a6f90039c78.run;java/lang/VirtualThread.runContinuation;jdk/internal/vm/Continuation.run;jdk/internal/vm/Continuation.enterSpecial;jdk/internal/vm/Continuation.enter;jdk/internal/vm/Continuation.enter0;java/lang/VirtualThread$VThreadContinuation$1.run;java/lang/VirtualThread.run;_notify_jvmti_vthread_start;SharedRuntime::notify_jvmti_vthread_start;JvmtiVTMSTransitionDisabler::VTMS_vthread_start;JvmtiVTMSTransitionDisabler::finish_VTMS_transition 5
java/util/concurrent/ForkJoinWorkerThread.run;java/util/concurrent/ForkJoinPool.runWorker;java/util/concurrent/ForkJoinPool.scan;java/util/concurrent/ForkJoinPool.signalWork 1
java/util/concurrent/ForkJoinWorkerThread.run;java/util/concurrent/ForkJoinPool.runWorker;java/util/concurrent/ForkJoinPool.scan;java/util/concurrent/ForkJoinPool$WorkQueue.topLevelExec;java/util/concurrent/ForkJoinTask.doExec;java/util/concurrent/ForkJoinTask$RunnableExecuteAction.exec;java/lang/VirtualThread$$Lambda.0x00007a6f90039c78.run;java/lang/VirtualThread.runContinuation;jdk/internal/vm/Continuation.run;jdk/internal/vm/Continuation.enterSpecial;jdk/internal/vm/Continuation.enter;jdk/internal/vm/Continuation.enter0;java/lang/VirtualThread$VThreadContinuation$1.run;java/lang/VirtualThread.run;_notify_jvmti_vthread_end;SharedRuntime::notify_jvmti_vthread_end;JvmtiVTMSTransitionDisabler::VTMS_vthread_end;JvmtiExport::cleanup_thread;JvmtiEventController::thread_ended;JvmtiThreadState::~JvmtiThreadState;__tls_get_addr@plt 1
java/util/concurrent/ForkJoinWorkerThread.run;java/util/concurrent/ForkJoinPool.runWorker;java/util/concurrent/ForkJoinPool.scan;java/util/concurrent/ForkJoinPool$WorkQueue.topLevelExec;java/util/concurrent/ForkJoinTask.doExec;java/util/concurrent/ForkJoinTask$RunnableExecuteAction.exec;java/lang/VirtualThread$$Lambda.0x00007a6f90039c78.run;java/lang/VirtualThread.runContinuation;jdk/internal/vm/Continuation.run;jdk/internal/vm/Continuation.enterSpecial;jdk/internal/vm/Continuation.enter;jdk/internal/vm/Continuation.enter0;java/lang/VirtualThread$VThreadContinuation$1.run;java/lang/VirtualThread.run;_notify_jvmti_vthread_start;SharedRuntime::notify_jvmti_vthread_start;JvmtiVTMSTransitionDisabler::VTMS_vthread_start;JvmtiVTMSTransitionDisabler::VTMS_mount_end;Mutex::lock;pthread_mutex_lock;/usr/lib/x86_64-linux-gnu/libc.so.6;entry_SYSCALL_64_after_hwframe_[k];do_syscall_64_[k];x64_sys_call_[k];__x64_sys_futex_[k];do_futex_[k];futex_wait_[k];__futex_wait_[k];futex_wait_setup_[k] 2
java/util/concurrent/ForkJoinWorkerThread.run;java/util/concurrent/ForkJoinPool.runWorker;java/util/concurrent/ForkJoinPool.scan;java/util/concurrent/ForkJoinPool$WorkQueue.topLevelExec;java/util/concurrent/ForkJoinTask.doExec;java/util/concurrent/ForkJoinTask$RunnableExecuteAction.exec;java/lang/VirtualThread$$Lambda.0x00007a6f90039c78.run;java/lang/VirtualThread.runContinuation;jdk/internal/vm/Continuation.run;jdk/internal/vm/Continuation.enterSpecial;jdk/internal/vm/Continuation.enter;jdk/internal/vm/Continuation.enter0;java/lang/VirtualThread$VThreadContinuation$1.run;java/lang/VirtualThread.run;_notify_jvmti_vthread_start;SharedRuntime::notify_jvmti_vthread_start;JvmtiVTMSTransitionDisabler::VTMS_vthread_start;JvmtiEventController::thread_started;AccessInternal::PostRuntimeDispatch<G1BarrierSet::AccessBarrier<548964ul, G1BarrierSet>, (AccessInternal::BarrierType)2, 548964ul>::oop_access_barrier 8
java/util/concurrent/ForkJoinWorkerThread.run;java/util/concurrent/ForkJoinPool.runWorker;java/util/concurrent/ForkJoinPool.scan;java/util/concurrent/ForkJoinPool.signalWork;java/util/concurrent/locks/LockSupport.unpark;jdk/internal/misc/Unsafe.unpark;Unsafe_Unpark;pthread_cond_signal;entry_SYSCALL_64_after_hwframe_[k];do_syscall_64_[k];x64_sys_call_[k];__x64_sys_futex_[k];do_futex_[k];futex_wake_[k] 4
java/util/concurrent/ForkJoinWorkerThread.run;java/util/concurrent/ForkJoinPool.runWorker;java/util/concurrent/ForkJoinPool.scan 11
java/util/concurrent/ForkJoinWorkerThread.run;java/util/concurrent/ForkJoinPool.runWorker;java/util/concurrent/ForkJoinPool.awaitWork;java/util/concurrent/locks/LockSupport.park;jdk/internal/misc/Unsafe.park;Unsafe_Park;java_lang_Thread::set_thread_status;AccessInternal::PostRuntimeDispatch<G1BarrierSet::AccessBarrier<286822ul, G1BarrierSet>, (AccessInternal::BarrierType)3, 286822ul>::oop_access_barrier 6
java/util/concurrent/ForkJoinWorkerThread.run;java/util/concurrent/ForkJoinPool.runWorker;java/util/concurrent/ForkJoinPool.scan;java/util/concurrent/ForkJoinPool$WorkQueue.topLevelExec;java/util/concurrent/ForkJoinTask.doExec;java/util/concurrent/ForkJoinTask$RunnableExecuteAction.exec;java/lang/VirtualThread$$Lambda.0x00007a6f90039c78.run;java/lang/VirtualThread.runContinuation;java/lang/VirtualThread.afterDone;java/lang/VirtualThread.afterDone;java/util/concurrent/CountDownLatch.countDown;java/util/concurrent/locks/AbstractQueuedSynchronizer.releaseShared;java/util/concurrent/locks/AbstractQueuedSynchronizer.signalNext;java/util/concurrent/locks/LockSupport.unpark;jdk/internal/misc/Unsafe.unpark;Unsafe_Unpark;pthread_cond_signal;entry_SYSCALL_64_after_hwframe_[k];do_syscall_64_[k];x64_sys_call_[k];__x64_sys_futex_[k];do_futex_[k];futex_wake_[k] 3
java/util/concurrent/ForkJoinWorkerThread.run;java/util/concurrent/ForkJoinPool.runWorker;java/util/concurrent/ForkJoinPool.scan;InterpreterRuntime::frequency_counter_overflow;InterpreterRuntime::frequency_counter_overflow_inner;CompilationPolicy::event;CompilationPolicy::method_back_branch_event;CompilationPolicy::call_event;CompLevel CompilationPolicy::common<LoopPredicate> 1
_notify_jvmti_vthread_start 4
java/util/concurrent/ForkJoinWorkerThread.run;java/util/concurrent/ForkJoinPool.runWorker;java/util/concurrent/ForkJoinPool.scan;java/util/concurrent/ForkJoinPool$WorkQueue.topLevelExec;java/util/concurrent/ForkJoinTask.doExec;java/util/concurrent/ForkJoinTask$RunnableExecuteAction.exec;java/lang/VirtualThread$$Lambda.0x00007a6f90039c78.run;java/lang/VirtualThread.runContinuation;jdk/internal/vm/Continuation.run;jdk/internal/vm/Continuation.enterSpecial;jdk/internal/vm/Continuation.enter;jdk/internal/vm/Continuation.enter0;java/lang/VirtualThread$VThreadContinuation$1.run;java/lang/VirtualThread.run;_notify_jvmti_vthread_end;SharedRuntime::notify_jvmti_vthread_end;JvmtiVTMSTransitionDisabler::VTMS_vthread_end;JvmtiVTMSTransitionDisabler::start_VTMS_transition 1
java/util/concurrent/ForkJoinWorkerThread.run;java/util/concurrent/ForkJoinPool.runWorker;java/util/concurrent/ForkJoinPool.scan;java/util/concurrent/ForkJoinPool$WorkQueue.topLevelExec;java/util/concurrent/ForkJoinTask.doExec;java/util/concurrent/ForkJoinTask$RunnableExecuteAction.exec;java/lang/VirtualThread$$Lambda.0x00007a6f90039c78.run;java/lang/VirtualThread.runContinuation;jdk/internal/vm/Continuation.run;jdk/internal/vm/Continuation.enterSpecial;jdk/internal/vm/Continuation.enter;jdk/internal/vm/Continuation.enter0;java/lang/VirtualThread$VThreadContinuation$1.run;java/lang/VirtualThread.run;_notify_jvmti_vthread_end;SharedRuntime::notify_jvmti_vthread_end;JvmtiVTMSTransitionDisabler::VTMS_vthread_end;JvmtiExport::cleanup_thread;Mutex::lock;pthread_mutex_lock;/usr/lib/x86_64-linux-gnu/libc.so.6;entry_SYSCALL_64_after_hwframe_[k];do_syscall_64_[k];x64_sys_call_[k];__x64_sys_futex_[k];do_futex_[k];futex_wait_[k];__futex_wait_[k];futex_wait_setup_[k];futex_q_lock_[k];_raw_spin_lock_[k];native_queued_spin_lock_slowpath_[k] 289
java/util/concurrent/ForkJoinWorkerThread.run;java/util/concurrent/ForkJoinPool.runWorker;java/util/concurrent/ForkJoinPool.scan;java/util/concurrent/ForkJoinPool$WorkQueue.topLevelExec;java/util/concurrent/ForkJoinTask.doExec;java/util/concurrent/ForkJoinTask$RunnableExecuteAction.exec;java/lang/VirtualThread$$Lambda.0x00007a6f90039c78.run;java/lang/VirtualThread.runContinuation;jdk/internal/vm/Continuation.run;jdk/internal/vm/Continuation.enterSpecial;jdk/internal/vm/Continuation.enter;jdk/internal/vm/Continuation.enter0;java/lang/VirtualThread$VThreadContinuation$1.run;java/lang/VirtualThread.run;_notify_jvmti_vthread_start;SharedRuntime::notify_jvmti_vthread_start;JvmtiVTMSTransitionDisabler::VTMS_vthread_start;JvmtiVTMSTransitionDisabler::VTMS_mount_end;__pthread_mutex_unlock;/usr/lib/x86_64-linux-gnu/libc.so.6;entry_SYSCALL_64_after_hwframe_[k];do_syscall_64_[k];x64_sys_call_[k];__x64_sys_futex_[k];do_futex_[k];_raw_spin_lock_[k] 1
java/lang/Thread.run;java/lang/Thread.runWith;java/util/concurrent/ThreadPoolExecutor$Worker.run;java/util/concurrent/ThreadPoolExecutor.runWorker;java/util/concurrent/FutureTask.run;java/util/concurrent/Executors$RunnableAdapter.call;java/util/concurrent/FutureTask.run;org/openjdk/jmh/runner/BenchmarkHandler$BenchmarkTask.call;org/openjdk/jmh/runner/BenchmarkHandler$BenchmarkTask.call;java/lang/reflect/Method.invoke;jdk/internal/reflect/DirectMethodHandleAccessor.invoke;jdk/internal/reflect/DirectMethodHandleAccessor.invokeImpl;java/lang/invoke/LambdaForm$MH.0x00007a6f9002e800.invokeExact_MT;java/lang/invoke/LambdaForm$MH.0x00007a6f9002e400.invoke;java/lang/invoke/DirectMethodHandle$Holder.invokeSpecial;uk/ac/ncl/jensen/benchmark/jmh_generated/VThreadChurnBenchmark_churn_jmhTest.churn_AverageTime;uk/ac/ncl/jensen/benchmark/jmh_generated/VThreadChurnBenchmark_churn_jmhTest.churn_avgt_jmhStub;uk/ac/ncl/jensen/benchmark/VThreadChurnBenchmark.churn;java/lang/ThreadBuilders$VirtualThreadBuilder.start;java/lang/ThreadBuilders$VirtualThreadBuilder.unstarted;java/lang/ThreadBuilders.newVirtualThread;java/lang/VirtualThread.<init>;java/lang/BaseVirtualThread.<init>;java/lang/Thread.<init>;asm_exc_page_fault_[k];exc_page_fault_[k];do_user_addr_fault_[k];handle_mm_fault_[k];__handle_mm_fault_[k];handle_pte_fault_[k];do_anonymous_page_[k];alloc_anon_folio_[k];vma_alloc_folio_noprof_[k];alloc_pages_mpol_[k];__alloc_frozen_pages_noprof_[k];get_page_from_freelist_[k];rmqueue.isra.0_[k] 1
java/util/concurrent/ForkJoinWorkerThread.run;java/util/concurrent/ForkJoinPool.runWorker;java/util/concurrent/ForkJoinPool.scan;java/util/concurrent/ForkJoinPool$WorkQueue.topLevelExec;java/util/concurrent/ForkJoinTask.doExec;java/util/concurrent/ForkJoinTask$RunnableExecuteAction.exec;java/lang/VirtualThread$$Lambda.0x00007a6f90039c78.run;java/lang/VirtualThread.runContinuation;java/lang/VirtualThread.unmount;_notify_jvmti_vthread_unmount;SharedRuntime::notify_jvmti_vthread_unmount 3
java/util/concurrent/ForkJoinWorkerThread.run;java/util/concurrent/ForkJoinPool.runWorker;java/util/concurrent/ForkJoinPool.awaitWork;java/util/concurrent/locks/LockSupport.park;jdk/internal/misc/Unsafe.park;Unsafe_Park;Parker::park;pthread_cond_wait;/usr/lib/x86_64-linux-gnu/libc.so.6;entry_SYSCALL_64_after_hwframe_[k];do_syscall_64_[k];x64_sys_call_[k];__x64_sys_futex_[k];do_futex_[k];futex_wait_[k];__futex_wait_[k];futex_wait_setup_[k];futex_hash_[k];__futex_hash_[k] 1
java/util/concurrent/ForkJoinWorkerThread.run;java/util/concurrent/ForkJoinPool.runWorker;java/util/concurrent/ForkJoinPool.scan;java/util/concurrent/ForkJoinPool$WorkQueue.topLevelExec;java/util/concurrent/ForkJoinTask.doExec;java/util/concurrent/ForkJoinTask$RunnableExecuteAction.exec;java/lang/VirtualThread$$Lambda.0x00007a6f90039c78.run;java/lang/VirtualThread.runContinuation;jdk/internal/vm/Continuation.run;jdk/internal/vm/Continuation.enterSpecial;jdk/internal/vm/Continuation.enter;jdk/internal/vm/Continuation.enter0;java/lang/VirtualThread$VThreadContinuation$1.run;java/lang/VirtualThread.run;_notify_jvmti_vthread_end;SharedRuntime::notify_jvmti_vthread_end;JvmtiVTMSTransitionDisabler::VTMS_vthread_end;__pthread_mutex_unlock;/usr/lib/x86_64-linux-gnu/libc.so.6;entry_SYSCALL_64_after_hwframe_[k];do_syscall_64_[k];x64_sys_call_[k];__x64_sys_futex_[k];do_futex_[k];futex_wake_[k];futex_hash_[k];__futex_hash_[k] 2
java/util/concurrent/ForkJoinWorkerThread.run;java/util/concurrent/ForkJoinPool.runWorker;java/util/concurrent/ForkJoinPool.scan 9
java/util/concurrent/ForkJoinWorkerThread.run;java/util/concurrent/ForkJoinPool.runWorker;java/util/concurrent/ForkJoinPool.scan;java/util/concurrent/ForkJoinPool.signalWork;java/util/concurrent/locks/LockSupport.unpark;jdk/internal/misc/Unsafe.unpark;Unsafe_Unpark;pthread_cond_signal;entry_SYSCALL_64_after_hwframe_[k];do_syscall_64_[k];x64_sys_call_[k];__x64_sys_futex_[k];do_futex_[k];futex_wake_[k];futex_wake_mark_[k];__futex_unqueue_[k] 1
java/util/concurrent/ForkJoinWorkerThread.run;java/util/concurrent/ForkJoinPool.runWorker;java/util/concurrent/ForkJoinPool.scan;java/util/concurrent/ForkJoinPool$WorkQueue.topLevelExec;java/util/concurrent/ForkJoinTask.doExec;java/util/concurrent/ForkJoinTask$RunnableExecuteAction.exec;java/lang/VirtualThread$$Lambda.0x00007a6f90039c78.run;java/lang/VirtualThread.runContinuation;jdk/internal/vm/Continuation.run;jdk/internal/vm/Continuation.enterSpecial;jdk/internal/vm/Continuation.enter;jdk/internal/vm/Continuation.enter0;java/lang/VirtualThread$VThreadContinuation$1.run;java/lang/VirtualThread.run;_notify_jvmti_vthread_end;SharedRuntime::notify_jvmti_vthread_end;JvmtiVTMSTransitionDisabler::VTMS_vthread_end;JvmtiExport::cleanup_thread;JvmtiEventController::thread_ended;JvmtiThreadState::~JvmtiThreadState;__libc_free 4
java/util/concurrent/ForkJoinWorkerThread.run;java/util/concurrent/ForkJoinPool.runWorker;java/util/concurrent/ForkJoinPool.scan;java/util/concurrent/ForkJoinPool$WorkQueue.topLevelExec;java/util/concurrent/ForkJoinTask.doExec;java/util/concurrent/ForkJoinTask$RunnableExecuteAction.exec;java/lang/VirtualThread$$Lambda.0x00007a6f90039c78.run;java/lang/VirtualThread.runContinuation;jdk/internal/vm/Continuation.run;jdk/internal/vm/Continuation.enterSpecial;jdk/internal/vm/Continuation.enter;jdk/internal/vm/Continuation.enter0;java/lang/VirtualThread$VThreadContinuation$1.run;java/lang/VirtualThread.run;_notify_jvmti_vthread_start;SharedRuntime::notify_jvmti_vthread_start;JvmtiVTMSTransitionDisabler::VTMS_vthread_start;JvmtiVTMSTransitionDisabler::VTMS_mount_end;Mutex::lock;pthread_mutex_lock;/usr/lib/x86_64-linux-gnu/libc.so.6;entry_SYSCALL_64_after_hwframe_[k];do_syscall_64_[k];x64_sys_call_[k];__x64_sys_futex_[k];do_futex_[k];futex_wait_[k];__futex_wait_[k];futex_wait_setup_[k];futex_hash_[k];__futex_hash_[k] 13
java/util/concurrent/ForkJoinWorkerThread.run;java/util/concurrent/ForkJoinPool.runWorker;java/util/concurrent/ForkJoinPool.scan;java/util/concurrent/ForkJoinPool$WorkQueue.topLevelExec;java/util/concurrent/ForkJoinTask.doExec;java/util/concurrent/ForkJoinTask$RunnableExecuteAction.exec;java/lang/VirtualThread$$Lambda.0x00007a6f90039c78.run;java/lang/VirtualThread.runContinuation;jdk/internal/vm/Continuation.run;jdk/internal/vm/Continuation.enterSpecial;jdk/internal/vm/Continuation.enter;jdk/internal/vm/Continuation.enter0;java/lang/VirtualThread$VThreadContinuation$1.run;java/lang/VirtualThread.run;_notify_jvmti_vthread_end;SharedRuntime::notify_jvmti_vthread_end;JNIHandles::make_local 2
java/util/concurrent/ForkJoinWorkerThread.run;java/util/concurrent/ForkJoinPool.runWorker;java/util/concurrent/ForkJoinPool.scan;java/util/concurrent/ForkJoinPool$WorkQueue.topLevelExec;java/util/concurrent/ForkJoinTask.doExec;java/util/concurrent/ForkJoinTask$RunnableExecuteAction.exec;java/lang/VirtualThread$$Lambda.0x00007a6f90039c78.run;java/lang/VirtualThread.runContinuation;java/lang/VirtualThread.afterDone;java/lang/VirtualThread.afterDone;jdk/internal/vm/ThreadContainers$RootContainer$TrackingRootContainer.onExit;java/util/concurrent/ConcurrentHashMap$KeySetView.remove;java/util/concurrent/ConcurrentHashMap.remove;java/util/concurrent/ConcurrentHashMap.replaceNode;java/util/concurrent/ConcurrentHashMap.tabAt 16
java/util/concurrent/ForkJoinWorkerThread.run;java/util/concurrent/ForkJoinPool.runWorker;java/util/concurrent/ForkJoinPool.scan;java/util/concurrent/ForkJoinPool$WorkQueue.topLevelExec;java/util/concurrent/ForkJoinTask.doExec;java/util/concurrent/ForkJoinTask$RunnableExecuteAction.exec;java/lang/VirtualThread$$Lambda.0x00007a6f90039c78.run;java/lang/VirtualThread.runContinuation;jdk/internal/vm/Continuation.run;jdk/internal/vm/Continuation.enterSpecial;jdk/internal/vm/Continuation.enter;jdk/internal/vm/Continuation.enter0;java/lang/VirtualThread$VThreadContinuation$1.run;java/lang/VirtualThread.run;_notify_jvmti_vthread_start;SharedRuntime::notify_jvmti_vthread_start;JvmtiVTMSTransitionDisabler::VTMS_vthread_start;JvmtiEventController::thread_started;Mutex::lock;pthread_mutex_lock;/usr/lib/x86_64-linux-gnu/libc.so.6;entry_SYSCALL_64_after_hwframe_[k];do_syscall_64_[k];x64_sys_call_[k];__x64_sys_futex_[k];do_futex_[k];futex_wait_[k];__futex_wait_[k];futex_wait_setup_[k];_raw_spin_lock_[k] 1
java/util/concurrent/ForkJoinWorkerThread.run;java/util/concurrent/ForkJoinPool.runWorker;java/util/concurrent/ForkJoinPool.scan;java/util/concurrent/ForkJoinPool$WorkQueue.topLevelExec;java/util/concurrent/ForkJoinTask.doExec;java/util/concurrent/ForkJoinTask$RunnableExecuteAction.exec;java/lang/VirtualThread$$Lambda.0x00007a6f90039c78.run;java/lang/VirtualThread.runContinuation;jdk/internal/vm/Continuation.run;jdk/internal/vm/Continuation.enterSpecial;jdk/internal/vm/Continuation.enter;jdk/internal/vm/Continuation.enter0;java/lang/VirtualThread$VThreadContinuation$1.run;java/lang/VirtualThread.run;_notify_jvmti_vthread_end;SharedRuntime::notify_jvmti_vthread_end;JvmtiVTMSTransitionDisabler::VTMS_vthread_end;__pthread_mutex_unlock;/usr/lib/x86_64-linux-gnu/libc.so.6;entry_SYSCALL_64_after_hwframe_[k];do_syscall_64_[k];x64_sys_call_[k];__x64_sys_futex_[k];do_futex_[k];futex_wake_[k];wake_up_q_[k];try_to_wake_up_[k];_raw_spin_unlock_irqrestore_[k] 121
java/util/concurrent/ForkJoinWorkerThread.run;java/util/concurrent/ForkJoinPool.runWorker;java/util/concurrent/ForkJoinPool.scan;java/util/concurrent/ForkJoinPool$WorkQueue.topLevelExec;java/util/concurrent/ForkJoinTask.doExec;java/util/concurrent/ForkJoinTask$RunnableExecuteAction.exec;java/lang/VirtualThread$$Lambda.0x00007a6f90039c78.run;java/lang/VirtualThread.runContinuation;jdk/internal/vm/Continuation.run;jdk/internal/vm/Continuation.enterSpecial;jdk/internal/vm/Continuation.enter;jdk/internal/vm/Continuation.enter0;java/lang/VirtualThread$VThreadContinuation$1.run;java/lang/VirtualThread.run;_notify_jvmti_vthread_start;SharedRuntime::notify_jvmti_vthread_start;JvmtiVTMSTransitionDisabler::VTMS_vthread_start;JvmtiVTMSTransitionDisabler::VTMS_mount_end;__pthread_mutex_unlock;/usr/lib/x86_64-linux-gnu/libc.so.6;entry_SYSCALL_64_after_hwframe_[k];do_syscall_64_[k];x64_sys_call_[k];__x64_sys_futex_[k];do_futex_[k];futex_hash_put_[k] 21
java/util/concurrent/ForkJoinWorkerThread.run;java/util/concurrent/ForkJoinPool.runWorker;java/util/concurrent/ForkJoinPool.scan;java/util/concurrent/ForkJoinPool$WorkQueue.topLevelExec;java/util/concurrent/ForkJoinTask.doExec;java/util/concurrent/ForkJoinTask$RunnableExecuteAction.exec;java/lang/VirtualThread$$Lambda.0x00007a6f90039c78.run;java/lang/VirtualThread.runContinuation;jdk/internal/vm/Continuation.run;jdk/internal/vm/Continuation.enterSpecial;jdk/internal/vm/Continuation.enter;jdk/internal/vm/Continuation.enter0;java/lang/VirtualThread$VThreadContinuation$1.run;java/lang/VirtualThread.run;_notify_jvmti_vthread_start;SharedRuntime::notify_jvmti_vthread_start;JvmtiVTMSTransitionDisabler::VTMS_vthread_start;JvmtiEventController::thread_started;Mutex::lock;pthread_mutex_lock;/usr/lib/x86_64-linux-gnu/libc.so.6;entry_SYSCALL_64_after_hwframe_[k];do_syscall_64_[k];x64_sys_call_[k];__x64_sys_futex_[k];do_futex_[k];futex_wait_[k];__futex_wait_[k];futex_wait_setup_[k];futex_q_lock_[k];_raw_spin_lock_[k];native_queued_spin_lock_slowpath_[k] 66
java/util/concurrent/ForkJoinWorkerThread.run;java/util/concurrent/ForkJoinPool.runWorker;java/util/concurrent/ForkJoinPool.scan;java/util/concurrent/ForkJoinPool$WorkQueue.topLevelExec;java/util/concurrent/ForkJoinTask.doExec;java/util/concurrent/ForkJoinTask$RunnableExecuteAction.exec;java/lang/VirtualThread$$Lambda.0x00007a6f90039c78.run;java/lang/VirtualThread.runContinuation;java/lang/VirtualThread.afterDone;java/lang/VirtualThread.afterDone;java/util/concurrent/CountDownLatch.countDown;java/util/concurrent/locks/AbstractQueuedSynchronizer.releaseShared;java/util/concurrent/locks/AbstractQueuedSynchronizer.signalNext;java/util/concurrent/locks/LockSupport.unpark;jdk/internal/misc/Unsafe.unpark;Unsafe_Unpark;ThreadInVMfromNative::ThreadInVMfromNative 1
java/util/concurrent/ForkJoinWorkerThread.run;java/util/concurrent/ForkJoinPool.runWorker;java/util/concurrent/ForkJoinPool.scan;java/util/concurrent/ForkJoinPool$WorkQueue.topLevelExec;java/util/concurrent/ForkJoinTask.doExec;java/util/concurrent/ForkJoinTask$RunnableExecuteAction.exec;java/lang/VirtualThread$$Lambda.0x00007a6f90039c78.run;java/lang/VirtualThread.runContinuation;jdk/internal/vm/Continuation.run;jdk/internal/vm/Continuation.enterSpecial;jdk/internal/vm/Continuation.enter;jdk/internal/vm/Continuation.enter0;java/lang/VirtualThread$VThreadContinuation$1.run;java/lang/VirtualThread.run;_notify_jvmti_vthread_end;SharedRuntime::notify_jvmti_vthread_end;JvmtiVTMSTransitionDisabler::VTMS_vthread_end;__pthread_mutex_unlock;/usr/lib/x86_64-linux-gnu/libc.so.6 1
java/util/concurrent/ForkJoinWorkerThread.run;java/util/concurrent/ForkJoinPool.runWorker;java/util/concurrent/ForkJoinPool.scan 7
java/lang/Thread.run;java/lang/Thread.runWith;java/util/concurrent/ThreadPoolExecutor$Worker.run;java/util/concurrent/ThreadPoolExecutor.runWorker;java/util/concurrent/FutureTask.run;java/util/concurrent/Executors$RunnableAdapter.call;java/util/concurrent/FutureTask.run;org/openjdk/jmh/runner/BenchmarkHandler$BenchmarkTask.call;org/openjdk/jmh/runner/BenchmarkHandler$BenchmarkTask.call;java/lang/reflect/Method.invoke;jdk/internal/reflect/DirectMethodHandleAccessor.invoke;jdk/internal/reflect/DirectMethodHandleAccessor.invokeImpl;java/lang/invoke/LambdaForm$MH.0x00007a6f9002e800.invokeExact_MT;java/lang/invoke/LambdaForm$MH.0x00007a6f9002e400.invoke;java/lang/invoke/DirectMethodHandle$Holder.invokeSpecial;uk/ac/ncl/jensen/benchmark/jmh_generated/VThreadChurnBenchmark_churn_jmhTest.churn_AverageTime;uk/ac/ncl/jensen/benchmark/jmh_generated/VThreadChurnBenchmark_churn_jmhTest.churn_avgt_jmhStub;uk/ac/ncl/jensen/benchmark/VThreadChurnBenchmark.churn;java/lang/ThreadBuilders$VirtualThreadBuilder.start;java/lang/ThreadBuilders$VirtualThreadBuilder.unstarted;java/lang/ThreadBuilders.newVirtualThread;java/lang/VirtualThread.<init>;java/lang/BaseVirtualThread.<init>;java/lang/Thread.<init> 1
java/util/concurrent/ForkJoinWorkerThread.run;java/util/concurrent/ForkJoinPool.runWorker;java/util/concurrent/ForkJoinPool.scan 2
java/util/concurrent/ForkJoinWorkerThread.run;java/util/concurrent/ForkJoinPool.runWorker;java/util/concurrent/ForkJoinPool.scan 3
java/util/concurrent/ForkJoinWorkerThread.run;java/util/concurrent/ForkJoinPool.runWorker;java/util/concurrent/ForkJoinPool.scan;java/util/concurrent/ForkJoinPool$WorkQueue.topLevelExec;java/util/concurrent/ForkJoinTask.doExec;java/util/concurrent/ForkJoinTask$RunnableExecuteAction.exec;java/lang/VirtualThread$$Lambda.0x00007a6f90039c78.run;java/lang/VirtualThread.runContinuation;jdk/internal/vm/Continuation.run;jdk/internal/vm/Continuation.enterSpecial;jdk/internal/vm/Continuation.enter;jdk/internal/vm/Continuation.enter0;java/lang/VirtualThread$VThreadContinuation$1.run;java/lang/VirtualThread.run;_notify_jvmti_vthread_start;SharedRuntime::notify_jvmti_vthread_start;JvmtiVTMSTransitionDisabler::VTMS_vthread_start;__pthread_mutex_unlock;/usr/lib/x86_64-linux-gnu/libc.so.6;entry_SYSCALL_64_after_hwframe_[k];do_syscall_64_[k];x64_sys_call_[k];__x64_sys_futex_[k];do_futex_[k];futex_wake_[k];futex_hash_[k];__futex_hash_[k] 2
java/util/concurrent/ForkJoinWorkerThread.run;java/util/concurrent/ForkJoinPool.runWorker;java/util/concurrent/ForkJoinPool.scan 2
java/util/concurrent/ForkJoinWorkerThread.run;java/util/concurrent/ForkJoinPool.runWorker;java/util/concurrent/ForkJoinPool.scan;java/util/concurrent/ForkJoinPool.signalWork 1
java/util/concurrent/ForkJoinWorkerThread.run;java/util/concurrent/ForkJoinPool.runWorker;java/util/concurrent/ForkJoinPool.scan;java/util/concurrent/ForkJoinPool$WorkQueue.topLevelExec;java/util/concurrent/ForkJoinTask.doExec;java/util/concurrent/ForkJoinTask$RunnableExecuteAction.exec;java/lang/VirtualThread$$Lambda.0x00007a6f90039c78.run;java/lang/VirtualThread.runContinuation;jdk/internal/vm/Continuation.run;jdk/internal/vm/Continuation.enterSpecial;jdk/internal/vm/Continuation.enter;jdk/internal/vm/Continuation.enter0;java/lang/VirtualThread$VThreadContinuation$1.run;java/lang/VirtualThread.run;_notify_jvmti_vthread_end;SharedRuntime::notify_jvmti_vthread_end;JvmtiVTMSTransitionDisabler::VTMS_vthread_end;JvmtiExport::cleanup_thread;Mutex::lock;pthread_mutex_lock;/usr/lib/x86_64-linux-gnu/libc.so.6;entry_SYSCALL_64_after_hwframe_[k];do_syscall_64_[k];x64_sys_call_[k];__x64_sys_futex_[k];do_futex_[k];futex_wait_[k];__futex_wait_[k];futex_wait_setup_[k];futex_hash_[k] 1
java/util/concurrent/ForkJoinWorkerThread.run;java/util/concurrent/ForkJoinPool.runWorker;java/util/concurrent/ForkJoinPool.scan;java/util/concurrent/ForkJoinPool$WorkQueue.topLevelExec;java/util/concurrent/ForkJoinTask.doExec;java/util/concurrent/ForkJoinTask$RunnableExecuteAction.exec;java/lang/VirtualThread$$Lambda.0x00007a6f90039c78.run;java/lang/VirtualThread.runContinuation;jdk/internal/vm/Continuation.run;jdk/internal/vm/Continuation.enterSpecial;jdk/internal/vm/Continuation.enter;jdk/internal/vm/Continuation.enter0;java/lang/VirtualThread$VThreadContinuation$1.run;java/lang/VirtualThread.run;_notify_jvmti_vthread_start;SharedRuntime::notify_jvmti_vthread_start;JvmtiVTMSTransitionDisabler::VTMS_vthread_start;JvmtiEventController::thread_started;JvmtiThreadState::JvmtiThreadState;OopStorage::allocate;__pthread_mutex_unlock 4
java/util/concurrent/ForkJoinWorkerThread.run;java/util/concurrent/ForkJoinPool.runWorker;java/util/concurrent/ForkJoinPool.scan;java/util/concurrent/ForkJoinPool$WorkQueue.topLevelExec;java/util/concurrent/ForkJoinTask.doExec;java/util/concurrent/ForkJoinTask$RunnableExecuteAction.exec;java/lang/VirtualThread$$Lambda.0x00007a6f90039c78.run;java/lang/VirtualThread.runContinuation;jdk/internal/vm/Continuation.run;jdk/internal/vm/Continuation.enterSpecial;jdk/internal/vm/Continuation.enter;jdk/internal/vm/Continuation.enter0;java/lang/VirtualThread$VThreadContinuation$1.run;java/lang/VirtualThread.run;_notify_jvmti_vthread_start;SharedRuntime::notify_jvmti_vthread_start;JvmtiVTMSTransitionDisabler::VTMS_vthread_start;JvmtiEventController::thread_started;Mutex::lock;ThreadBlockInVMPreprocess<InFlightMutexRelease>::~ThreadBlockInVMPreprocess 1
java/util/concurrent/ForkJoinWorkerThread.run;java/util/concurrent/ForkJoinPool.runWorker;java/util/concurrent/ForkJoinPool.scan;java/util/concurrent/ForkJoinPool$WorkQueue.topLevelExec;java/util/concurrent/ForkJoinTask.doExec;java/util/concurrent/ForkJoinTask$RunnableExecuteAction.exec;java/lang/VirtualThread$$Lambda.0x00007a6f90039c78.run;java/lang/VirtualThread.runContinuation;jdk/internal/vm/Continuation.run;jdk/internal/vm/Continuation.enterSpecial;jdk/internal/vm/Continuation.enter;jdk/internal/vm/Continuation.enter0;java/lang/VirtualThread$VThreadContinuation$1.run;java/lang/VirtualThread.run;_notify_jvmti_vthread_start;SharedRuntime::notify_jvmti_vthread_start;JvmtiVTMSTransitionDisabler::VTMS_vthread_start;JvmtiVTMSTransitionDisabler::VTMS_mount_end;Mutex::lock;pthread_mutex_lock;/usr/lib/x86_64-linux-gnu/libc.so.6;entry_SYSCALL_64_after_hwframe_[k];do_syscall_64_[k];x64_sys_call_[k];__x64_sys_futex_[k];do_futex_[k];futex_wait_[k];futex_wait_setup_[k] 1
java/util/concurrent/ForkJoinWorkerThread.run;java/util/concurrent/ForkJoinPool.runWorker;java/util/concurrent/ForkJoinPool.scan;java/util/concurrent/ForkJoinPool$WorkQueue.topLevelExec;java/util/concurrent/ForkJoinTask.doExec;java/util/concurrent/ForkJoinTask$RunnableExecuteAction.exec;java/lang/VirtualThread$$Lambda.0x00007a6f90039c78.run;java/lang/VirtualThread.runContinuation;jdk/internal/vm/Continuation.run;jdk/internal/vm/Continuation.enterSpecial;jdk/internal/vm/Continuation.enter;jdk/internal/vm/Continuation.enter0;java/lang/VirtualThread$VThreadContinuation$1.run;java/lang/VirtualThread.run;_notify_jvmti_vthread_start;SharedRuntime::notify_jvmti_vthread_start;JvmtiVTMSTransitionDisabler::VTMS_vthread_start;JvmtiEventController::thread_started;Mutex::lock;pthread_mutex_lock;/usr/lib/x86_64-linux-gnu/libc.so.6;entry_SYSCALL_64_after_hwframe_[k];do_syscall_64_[k] 1
java/util/concurrent/ForkJoinWorkerThread.run;java/util/concurrent/ForkJoinPool.runWorker;java/util/concurrent/ForkJoinPool.scan;java/util/concurrent/ForkJoinPool$WorkQueue.topLevelExec;java/util/concurrent/ForkJoinTask.doExec;java/util/concurrent/ForkJoinTask$RunnableExecuteAction.exec;java/lang/VirtualThread$$Lambda.0x00007a6f90039c78.run;java/lang/VirtualThread.runContinuation;java/lang/VirtualThread.afterDone;java/lang/VirtualThread.afterDone;jdk/internal/vm/ThreadContainers$RootContainer$TrackingRootContainer.onExit;java/util/concurrent/ConcurrentHashMap$KeySetView.remove;java/util/concurrent/ConcurrentHashMap.remove 1
java/util/concurrent/ForkJoinWorkerThread.run;java/util/concurrent/ForkJoinPool.runWorker;java/util/concurrent/ForkJoinPool.scan;java/util/concurrent/ForkJoinPool$WorkQueue.topLevelExec;java/util/concurrent/ForkJoinTask.doExec;java/util/concurrent/ForkJoinTask$RunnableExecuteAction.exec;java/lang/VirtualThread$$Lambda.0x00007a6f90039c78.run;java/lang/VirtualThread.runContinuation;jdk/internal/vm/Continuation.run;jdk/internal/vm/Continuation.enterSpecial;jdk/internal/vm/Continuation.enter;jdk/internal/vm/Continuation.enter0;java/lang/VirtualThread$VThreadContinuation$1.run;java/lang/VirtualThread.run;_notify_jvmti_vthread_end;SharedRuntime::notify_jvmti_vthread_end;JvmtiVTMSTransitionDisabler::VTMS_vthread_end;JvmtiExport::cleanup_thread;JvmtiEventController::thread_ended;JvmtiThreadState::~JvmtiThreadState;OopStorage::release;OopStorage::Block::release_entries 1
java/util/concurrent/ForkJoinWorkerThread.run;java/util/concurrent/ForkJoinPool.runWorker;java/util/concurrent/ForkJoinPool.scan;java/util/concurrent/ForkJoinPool$WorkQueue.topLevelExec;java/util/concurrent/ForkJoinTask.doExec;java/util/concurrent/ForkJoinTask$RunnableExecuteAction.exec;java/lang/VirtualThread$$Lambda.0x00007a6f90039c78.run;java/lang/VirtualThread.runContinuation;jdk/internal/vm/Continuation.run;jdk/internal/vm/Continuation.enterSpecial;jdk/internal/vm/Continuation.enter;jdk/internal/vm/Continuation.enter0;java/lang/VirtualThread$VThreadContinuation$1.run;java/lang/VirtualThread.run;_notify_jvmti_vthread_end;SharedRuntime::notify_jvmti_vthread_end;JvmtiVTMSTransitionDisabler::VTMS_vthread_end;JvmtiExport::cleanup_thread;JvmtiEventController::thread_ended;JvmtiThreadState::~JvmtiThreadState;JvmtiEnvThreadState::~JvmtiEnvThreadState 2
java/util/concurrent/ForkJoinWorkerThread.run;java/util/concurrent/ForkJoinPool.runWorker;java/util/concurrent/ForkJoinPool.scan 3
java/util/concurrent/ForkJoinWorkerThread.run;java/util/concurrent/ForkJoinPool.runWorker;java/util/concurrent/ForkJoinPool.scan;java/util/concurrent/ForkJoinPool$WorkQueue.topLevelExec;java/util/concurrent/ForkJoinTask.doExec;java/util/concurrent/ForkJoinTask$RunnableExecuteAction.exec;java/lang/VirtualThread$$Lambda.0x00007a6f90039c78.run;java/lang/VirtualThread.runContinuation;jdk/internal/vm/Continuation.run;jdk/internal/vm/Continuation.enterSpecial;jdk/internal/vm/Continuation.enter;jdk/internal/vm/Continuation.enter0;java/lang/VirtualThread$VThreadContinuation$1.run;java/lang/VirtualThread.run;_notify_jvmti_vthread_end;SharedRuntime::notify_jvmti_vthread_end;JvmtiVTMSTransitionDisabler::VTMS_vthread_end;JvmtiExport::cleanup_thread;Mutex::lock;pthread_mutex_lock;/usr/lib/x86_64-linux-gnu/libc.so.6;entry_SYSCALL_64_after_hwframe_[k];do_syscall_64_[k];x64_sys_call_[k];__x64_sys_futex_[k];do_futex_[k];futex_wait_[k];__futex_wait_[k];futex_wait_setup_[k];get_futex_key_[k] 1
java/util/concurrent/ForkJoinWorkerThread.run;java/util/concurrent/ForkJoinPool.runWorker;java/util/concurrent/ForkJoinPool.scan;java/util/concurrent/ForkJoinPool$WorkQueue.topLevelExec;java/util/concurrent/ForkJoinTask.doExec;java/util/concurrent/ForkJoinTask$RunnableExecuteAction.exec;java/lang/VirtualThread$$Lambda.0x00007a6f90039c78.run;java/lang/VirtualThread.runContinuation;jdk/internal/vm/Continuation.run;jdk/internal/vm/Continuation.enterSpecial;jdk/internal/vm/Continuation.enter;jdk/internal/vm/Continuation.enter0;java/lang/VirtualThread$VThreadContinuation$1.run;java/lang/VirtualThread.run;_notify_jvmti_vthread_start;SharedRuntime::notify_jvmti_vthread_start;JvmtiVTMSTransitionDisabler::VTMS_vthread_start;JvmtiVTMSTransitionDisabler::VTMS_mount_end;Mutex::lock;pthread_mutex_lock;/usr/lib/x86_64-linux-gnu/libc.so.6;entry_SYSCALL_64_after_hwframe_[k];do_syscall_64_[k];exit_to_user_mode_loop_[k] 1
java/util/concurrent/ForkJoinWorkerThread.run;java/util/concurrent/ForkJoinPool.runWorker;java/util/concurrent/ForkJoinPool.scan;java/util/concurrent/ForkJoinPool$WorkQueue.topLevelExec;java/util/concurrent/ForkJoinTask.doExec;java/util/concurrent/ForkJoinTask$RunnableExecuteAction.exec;java/lang/VirtualThread$$Lambda.0x00007a6f90039c78.run;java/lang/VirtualThread.runContinuation;jdk/internal/vm/Continuation.run;jdk/internal/vm/Continuation.enterSpecial;jdk/internal/vm/Continuation.enter;jdk/internal/vm/Continuation.enter0;java/lang/VirtualThread$VThreadContinuation$1.run;java/lang/VirtualThread.run;_notify_jvmti_vthread_start;SharedRuntime::notify_jvmti_vthread_start;JvmtiVTMSTransitionDisabler::VTMS_vthread_start;JvmtiEventController::thread_started;JvmtiEventControllerPrivate::recompute_thread_enabled;__tls_get_addr@plt 2
java/util/concurrent/ForkJoinWorkerThread.run;java/util/concurrent/ForkJoinPool.runWorker;java/util/concurrent/ForkJoinPool.scan;java/util/concurrent/ForkJoinPool$WorkQueue.topLevelExec;java/util/concurrent/ForkJoinTask.doExec;java/util/concurrent/ForkJoinTask$RunnableExecuteAction.exec;java/lang/VirtualThread$$Lambda.0x00007a6f90039c78.run;java/lang/VirtualThread.runContinuation;jdk/internal/vm/Continuation.run;jdk/internal/vm/Continuation.enterSpecial;jdk/internal/vm/Continuation.enter;jdk/internal/vm/Continuation.enter0;java/lang/VirtualThread$VThreadContinuation$1.run;java/lang/VirtualThread.run;_notify_jvmti_vthread_start;SharedRuntime::notify_jvmti_vthread_start;JvmtiVTMSTransitionDisabler::VTMS_vthread_start;__pthread_mutex_unlock;/usr/lib/x86_64-linux-gnu/libc.so.6;entry_SYSCALL_64_after_hwframe_[k];do_syscall_64_[k];x64_sys_call_[k];__x64_sys_futex_[k];do_futex_[k];futex_wake_[k] 39
java/util/concurrent/ForkJoinWorkerThread.run;java/util/concurrent/ForkJoinPool.runWorker;java/util/concurrent/ForkJoinPool.scan;java/util/concurrent/ForkJoinPool$WorkQueue.topLevelExec;java/util/concurrent/ForkJoinTask.doExec;java/util/concurrent/ForkJoinTask$RunnableExecuteAction.exec;java/lang/VirtualThread$$Lambda.0x00007a6f90039c78.run;java/lang/VirtualThread.runContinuation;java/lang/VirtualThread.mount;_notify_jvmti_vthread_mount;SharedRuntime::notify_jvmti_vthread_mount 1
java/util/concurrent/ForkJoinWorkerThread.run;java/util/concurrent/ForkJoinPool.runWorker;java/util/concurrent/ForkJoinPool.scan;java/util/concurrent/ForkJoinPool$WorkQueue.topLevelExec;java/util/concurrent/ForkJoinTask.doExec;java/util/concurrent/ForkJoinTask$RunnableExecuteAction.exec;java/lang/VirtualThread$$Lambda.0x00007a6f90039c78.run;java/lang/VirtualThread.runContinuation;jdk/internal/vm/Continuation.run;jdk/internal/vm/Continuation.enterSpecial;jdk/internal/vm/Continuation.enter;jdk/internal/vm/Continuation.enter0;java/lang/VirtualThread$VThreadContinuation$1.run;java/lang/VirtualThread.run;_notify_jvmti_vthread_start;SharedRuntime::notify_jvmti_vthread_start;JvmtiVTMSTransitionDisabler::VTMS_vthread_start;JvmtiEventController::thread_started;JvmtiThreadState::JvmtiThreadState;OopStorage::allocate 1
java/util/concurrent/ForkJoinWorkerThread.run;java/util/concurrent/ForkJoinPool.runWorker;java/util/concurrent/ForkJoinPool.scan;java/util/concurrent/ForkJoinPool$WorkQueue.topLevelExec;java/util/concurrent/ForkJoinTask.doExec;java/util/concurrent/ForkJoinTask$RunnableExecuteAction.exec;java/lang/VirtualThread$$Lambda.0x00007a6f90039c78.run;java/lang/VirtualThread.runContinuation;jdk/internal/vm/Continuation.run;jdk/internal/vm/Continuation.enterSpecial;jdk/internal/vm/Continuation.enter;jdk/internal/vm/Continuation.enter0;java/lang/VirtualThread$VThreadContinuation$1.run;java/lang/VirtualThread.run;_notify_jvmti_vthread_start;SharedRuntime::notify_jvmti_vthread_start;JvmtiVTMSTransitionDisabler::VTMS_vthread_start;__pthread_mutex_unlock;/usr/lib/x86_64-linux-gnu/libc.so.6;entry_SYSCALL_64_after_hwframe_[k];do_syscall_64_[k];x64_sys_call_[k];__x64_sys_futex_[k];do_futex_[k];futex_wake_[k];wake_up_q_[k];try_to_wake_up_[k] 8
java/util/concurrent/ForkJoinWorkerThread.run;java/util/concurrent/ForkJoinPool.runWorker;java/util/concurrent/ForkJoinPool.scan;java/util/concurrent/ForkJoinPool$WorkQueue.topLevelExec;java/util/concurrent/ForkJoinTask.doExec;java/util/concurrent/ForkJoinTask$RunnableExecuteAction.exec;java/lang/VirtualThread$$Lambda.0x00007a6f90039c78.run;java/lang/VirtualThread.runContinuation;jdk/internal/vm/Continuation.run;jdk/internal/vm/Continuation.enterSpecial;jdk/internal/vm/Continuation.enter;jdk/internal/vm/Continuation.enter0;java/lang/VirtualThread$VThreadContinuation$1.run;java/lang/VirtualThread.run;_notify_jvmti_vthread_end;SharedRuntime::notify_jvmti_vthread_end;JNIHandleBlock::allocate_handle 3
java/lang/Thread.run;java/lang/Thread.runWith;java/util/concurrent/ThreadPoolExecutor$Worker.run;java/util/concurrent/ThreadPoolExecutor.runWorker;java/util/concurrent/FutureTask.run;java/util/concurrent/Executors$RunnableAdapter.call;java/util/concurrent/FutureTask.run;org/openjdk/jmh/runner/BenchmarkHandler$BenchmarkTask.call;org/openjdk/jmh/runner/BenchmarkHandler$BenchmarkTask.call;java/lang/reflect/Method.invoke;jdk/internal/reflect/DirectMethodHandleAccessor.invoke;jdk/internal/reflect/DirectMethodHandleAccessor.invokeImpl;java/lang/invoke/LambdaForm$MH.0x00007a6f9002e800.invokeExact_MT;java/lang/invoke/LambdaForm$MH.0x00007a6f9002e400.invoke;java/lang/invoke/DirectMethodHandle$Holder.invokeSpecial;uk/ac/ncl/jensen/benchmark/jmh_generated/VThreadChurnBenchmark_churn_jmhTest.churn_AverageTime;uk/ac/ncl/jensen/benchmark/jmh_generated/VThreadChurnBenchmark_churn_jmhTest.churn_avgt_jmhStub;uk/ac/ncl/jensen/benchmark/VThreadChurnBenchmark.churn;java/lang/ThreadBuilders$VirtualThreadBuilder.start;java/lang/VirtualThread.start;java/lang/VirtualThread.start;java/lang/VirtualThread.compareAndSetState 8
java/util/concurrent/ForkJoinWorkerThread.run;java/util/concurrent/ForkJoinPool.runWorker;java/util/concurrent/ForkJoinPool.scan;java/util/concurrent/ForkJoinPool$WorkQueue.topLevelExec;java/util/concurrent/ForkJoinTask.doExec;java/util/concurrent/ForkJoinTask$RunnableExecuteAction.exec;java/lang/VirtualThread$$Lambda.0x00007a6f90039c78.run;java/lang/VirtualThread.runContinuation;jdk/internal/vm/Continuation.run;jdk/internal/vm/Continuation.enterSpecial;jdk/internal/vm/Continuation.enter;jdk/internal/vm/Continuation.enter0;java/lang/VirtualThread$VThreadContinuation$1.run;java/lang/VirtualThread.run;_notify_jvmti_vthread_end;SharedRuntime::notify_jvmti_vthread_end;JvmtiVTMSTransitionDisabler::VTMS_vthread_end;JvmtiExport::cleanup_thread;Mutex::lock;pthread_mutex_lock;/usr/lib/x86_64-linux-gnu/libc.so.6;entry_SYSCALL_64_after_hwframe_[k];do_syscall_64_[k];x64_sys_call_[k];__x64_sys_futex_[k];do_futex_[k];futex_wait_[k];__futex_wait_[k];futex_hash_put_[k] 1
java/util/concurrent/ForkJoinWorkerThread.run;java/util/concurrent/ForkJoinPool.runWorker;java/util/concurrent/ForkJoinPool.scan;java/util/concurrent/ForkJoinPool$WorkQueue.topLevelExec;java/util/concurrent/ForkJoinTask.doExec;java/util/concurrent/ForkJoinTask$RunnableExecuteAction.exec;java/lang/VirtualThread$$Lambda.0x00007a6f90039c78.run;java/lang/VirtualThread.runContinuation;java/lang/VirtualThread.unmount 1
java/lang/Thread.run;java/lang/Thread.runWith;java/util/concurrent/ThreadPoolExecutor$Worker.run;java/util/concurrent/ThreadPoolExecutor.runWorker;java/util/concurrent/FutureTask.run;java/util/concurrent/Executors$RunnableAdapter.call;java/util/concurrent/FutureTask.run;org/openjdk/jmh/runner/BenchmarkHandler$BenchmarkTask.call;org/openjdk/jmh/runner/BenchmarkHandler$BenchmarkTask.call;java/lang/reflect/Method.invoke;jdk/internal/reflect/DirectMethodHandleAccessor.invoke;jdk/internal/reflect/DirectMethodHandleAccessor.invokeImpl;java/lang/invoke/LambdaForm$MH.0x00007a6f9002e800.invokeExact_MT;java/lang/invoke/LambdaForm$MH.0x00007a6f9002e400.invoke;java/lang/invoke/DirectMethodHandle$Holder.invokeSpecial;uk/ac/ncl/jensen/benchmark/jmh_generated/VThreadChurnBenchmark_churn_jmhTest.churn_AverageTime;uk/ac/ncl/jensen/benchmark/jmh_generated/VThreadChurnBenchmark_churn_jmhTest.churn_avgt_jmhStub;uk/ac/ncl/jensen/benchmark/VThreadChurnBenchmark.churn;java/lang/Thread.join;java/lang/Thread.join;java/lang/VirtualThread.joinNanos;java/util/concurrent/CountDownLatch.await;java/util/concurrent/locks/AbstractQueuedSynchronizer.acquireSharedInterruptibly;java/util/concurrent/locks/AbstractQueuedSynchronizer.acquire;java/util/concurrent/locks/LockSupport.park;jdk/internal/misc/Unsafe.park;Unsafe_Park;Parker::park;pthread_cond_wait;_pthread_cleanup_pop 1
java/util/concurrent/ForkJoinWorkerThread.run;java/util/concurrent/ForkJoinPool.runWorker;java/util/concurrent/ForkJoinPool.scan;java/util/concurrent/ForkJoinPool$WorkQueue.topLevelExec;java/util/concurrent/ForkJoinTask.doExec;java/util/concurrent/ForkJoinTask$RunnableExecuteAction.exec;java/lang/VirtualThread$$Lambda.0x00007a6f90039c78.run;java/lang/VirtualThread.runContinuation;jdk/internal/vm/Continuation.run;jdk/internal/vm/Continuation.enterSpecial;jdk/internal/vm/Continuation.enter;jdk/internal/vm/Continuation.enter0;java/lang/VirtualThread$VThreadContinuation$1.run;java/lang/VirtualThread.run;_notify_jvmti_vthread_start;SharedRuntime::notify_jvmti_vthread_start;JvmtiVTMSTransitionDisabler::VTMS_vthread_start;JvmtiVTMSTransitionDisabler::VTMS_mount_end;__pthread_mutex_unlock;/usr/lib/x86_64-linux-gnu/libc.so.6;entry_SYSCALL_64_after_hwframe_[k];do_syscall_64_[k];x64_sys_call_[k];__x64_sys_futex_[k];do_futex_[k];futex_wake_[k];futex_hash_[k];__futex_hash_[k] 5
java/util/concurrent/ForkJoinWorkerThread.run;java/util/concurrent/ForkJoinPool.runWorker;java/util/concurrent/ForkJoinPool.scan;java/util/concurrent/ForkJoinPool$WorkQueue.topLevelExec;java/util/concurrent/ForkJoinTask.doExec;java/util/concurrent/ForkJoinTask$RunnableExecuteAction.exec;java/lang/VirtualThread$$Lambda.0x00007a6f90039c78.run;java/lang/VirtualThread.runContinuation;java/lang/VirtualThread.afterDone;java/lang/VirtualThread.afterDone;jdk/internal/vm/ThreadContainers$RootContainer$TrackingRootContainer.onExit;java/util/concurrent/ConcurrentHashMap$KeySetView.remove;java/util/concurrent/ConcurrentHashMap.remove;java/util/concurrent/ConcurrentHashMap.replaceNode 1
java/util/concurrent/ForkJoinWorkerThread.run;java/util/concurrent/ForkJoinPool.runWorker;java/util/concurrent/ForkJoinPool.scan 1
java/lang/Thread.run;java/lang/Thread.runWith;java/util/concurrent/ThreadPoolExecutor$Worker.run;java/util/concurrent/ThreadPoolExecutor.runWorker;java/util/concurrent/FutureTask.run;java/util/concurrent/Executors$RunnableAdapter.call;java/util/concurrent/FutureTask.run;org/openjdk/jmh/runner/BenchmarkHandler$BenchmarkTask.call;org/openjdk/jmh/runner/BenchmarkHandler$BenchmarkTask.call;java/lang/reflect/Method.invoke;jdk/internal/reflect/DirectMethodHandleAccessor.invoke;jdk/internal/reflect/DirectMethodHandleAccessor.invokeImpl;java/lang/invoke/LambdaForm$MH.0x00007a6f9002e800.invokeExact_MT;java/lang/invoke/LambdaForm$MH.0x00007a6f9002e400.invoke;java/lang/invoke/DirectMethodHandle$Holder.invokeSpecial;uk/ac/ncl/jensen/benchmark/jmh_generated/VThreadChurnBenchmark_churn_jmhTest.churn_AverageTime;uk/ac/ncl/jensen/benchmark/jmh_generated/VThreadChurnBenchmark_churn_jmhTest.churn_avgt_jmhStub;uk/ac/ncl/jensen/benchmark/VThreadChurnBenchmark.churn;asm_exc_page_fault_[k];exc_page_fault_[k];do_user_addr_fault_[k];handle_mm_fault_[k];__handle_mm_fault_[k];handle_pte_fault_[k];do_anonymous_page_[k];alloc_anon_folio_[k];vma_alloc_folio_noprof_[k];alloc_pages_mpol_[k];__alloc_frozen_pages_noprof_[k];get_page_from_freelist_[k];rmqueue.isra.0_[k];__rmqueue_pcplist_[k];rmqueue_bulk_[k];_raw_spin_unlock_irqrestore_[k] 1
java/util/concurrent/ForkJoinWorkerThread.run;java/util/concurrent/ForkJoinPool.runWorker;java/util/concurrent/ForkJoinPool.scan 9
java/util/concurrent/ForkJoinWorkerThread.run;java/util/concurrent/ForkJoinPool.runWorker;java/util/concurrent/ForkJoinPool.scan;java/util/concurrent/ForkJoinPool$WorkQueue.topLevelExec;java/util/concurrent/ForkJoinTask.doExec;java/util/concurrent/ForkJoinTask$RunnableExecuteAction.exec;java/lang/VirtualThread$$Lambda.0x00007a6f90039c78.run;java/lang/VirtualThread.runContinuation;jdk/internal/vm/Continuation.run;jdk/internal/vm/Continuation.enterSpecial;jdk/internal/vm/Continuation.enter;jdk/internal/vm/Continuation.enter0;java/lang/VirtualThread$VThreadContinuation$1.run;java/lang/VirtualThread.run;_notify_jvmti_vthread_end;SharedRuntime::notify_jvmti_vthread_end;JvmtiVTMSTransitionDisabler::VTMS_vthread_end;__pthread_mutex_unlock;/usr/lib/x86_64-linux-gnu/libc.so.6;entry_SYSCALL_64_after_hwframe_[k];do_syscall_64_[k];x64_sys_call_[k];__x64_sys_futex_[k];do_futex_[k];futex_wake_[k];futex_wake_mark_[k] 24
java/util/concurrent/ForkJoinWorkerThread.run;java/util/concurrent/ForkJoinPool.runWorker;java/util/concurrent/ForkJoinPool.scan;java/util/concurrent/ForkJoinPool.signalWork 6
java/util/concurrent/ForkJoinWorkerThread.run;java/util/concurrent/ForkJoinPool.runWorker;java/util/concurrent/ForkJoinPool.scan;java/util/concurrent/ForkJoinPool$WorkQueue.topLevelExec;java/util/concurrent/ForkJoinTask.doExec;java/util/concurrent/ForkJoinTask$RunnableExecuteAction.exec;java/lang/VirtualThread$$Lambda.0x00007a6f90039c78.run;java/lang/VirtualThread.runContinuation;jdk/internal/vm/Continuation.run;jdk/internal/vm/Continuation.enterSpecial;jdk/internal/vm/Continuation.enter;jdk/internal/vm/Continuation.enter0;java/lang/VirtualThread$VThreadContinuation$1.run;java/lang/VirtualThread.run;_notify_jvmti_vthread_end;SharedRuntime::notify_jvmti_vthread_end;JvmtiVTMSTransitionDisabler::VTMS_vthread_end;JvmtiExport::cleanup_thread;Mutex::lock;pthread_mutex_lock;/usr/lib/x86_64-linux-gnu/libc.so.6;entry_SYSCALL_64_after_hwframe_[k];do_syscall_64_[k] 2
java/util/concurrent/ForkJoinWorkerThread.run;java/util/concurrent/ForkJoinPool.runWorker;java/util/concurrent/ForkJoinPool.awaitWork 6
java/util/concurrent/ForkJoinWorkerThread.run;java/util/concurrent/ForkJoinPool.runWorker;java/util/concurrent/ForkJoinPool.scan;java/util/concurrent/ForkJoinPool$WorkQueue.topLevelExec;java/util/concurrent/ForkJoinTask.doExec;java/util/concurrent/ForkJoinTask$RunnableExecuteAction.exec;java/lang/VirtualThread$$Lambda.0x00007a6f90039c78.run;java/lang/VirtualThread.runContinuation;jdk/internal/vm/Continuation.run;jdk/internal/vm/Continuation.enterSpecial;jdk/internal/vm/Continuation.enter;jdk/internal/vm/Continuation.enter0;java/lang/VirtualThread$VThreadContinuation$1.run;java/lang/VirtualThread.run;_notify_jvmti_vthread_start;SharedRuntime::notify_jvmti_vthread_start;JvmtiVTMSTransitionDisabler::VTMS_vthread_start;JvmtiVTMSTransitionDisabler::VTMS_mount_end;Mutex::lock;pthread_mutex_lock 1
java/util/concurrent/ForkJoinWorkerThread.run;java/util/concurrent/ForkJoinPool.runWorker;java/util/concurrent/ForkJoinPool.scan 2
java/util/concurrent/ForkJoinWorkerThread.run;java/util/concurrent/ForkJoinPool.runWorker;java/util/concurrent/ForkJoinPool.scan 1
java/util/concurrent/ForkJoinWorkerThread.run;java/util/concurrent/ForkJoinPool.runWorker;java/util/concurrent/ForkJoinPool.scan;java/util/concurrent/ForkJoinPool$WorkQueue.topLevelExec;java/util/concurrent/ForkJoinTask.doExec;java/util/concurrent/ForkJoinTask$RunnableExecuteAction.exec;java/lang/VirtualThread$$Lambda.0x00007a6f90039c78.run;java/lang/VirtualThread.runContinuation;jdk/internal/vm/Continuation.run;jdk/internal/vm/Continuation.enterSpecial;jdk/internal/vm/Continuation.enter;jdk/internal/vm/Continuation.enter0;java/lang/VirtualThread$VThreadContinuation$1.run;java/lang/VirtualThread.run;_notify_jvmti_vthread_end;SharedRuntime::notify_jvmti_vthread_end;JvmtiVTMSTransitionDisabler::VTMS_vthread_end;__pthread_mutex_unlock;/usr/lib/x86_64-linux-gnu/libc.so.6;entry_SYSCALL_64_after_hwframe_[k];do_syscall_64_[k];x64_sys_call_[k];__x64_sys_futex_[k];do_futex_[k];futex_wake_[k];futex_wake_mark_[k];__futex_unqueue_[k] 1
java/util/concurrent/ForkJoinWorkerThread.run;java/util/concurrent/ForkJoinPool.runWorker;java/util/concurrent/ForkJoinPool.scan;java/util/concurrent/ForkJoinPool$WorkQueue.topLevelExec;java/util/concurrent/ForkJoinTask.doExec;java/util/concurrent/ForkJoinTask$RunnableExecuteAction.exec;java/lang/VirtualThread$$Lambda.0x00007a6f90039c78.run;java/lang/VirtualThread.runContinuation;jdk/internal/vm/Continuation.run;jdk/internal/vm/Continuation.enterSpecial;jdk/internal/vm/Continuation.enter;jdk/internal/vm/Continuation.enter0;java/lang/VirtualThread$VThreadContinuation$1.run;java/lang/VirtualThread.run;_notify_jvmti_vthread_start;SharedRuntime::notify_jvmti_vthread_start;JvmtiVTMSTransitionDisabler::VTMS_vthread_start;JvmtiEventController::thread_started;JvmtiThreadState::JvmtiThreadState;AccessInternal::PostRuntimeDispatch<G1BarrierSet::AccessBarrier<548964ul, G1BarrierSet>, (AccessInternal::BarrierType)0, 548964ul>::oop_access_barrier 1
java/util/concurrent/ForkJoinWorkerThread.run;java/util/concurrent/ForkJoinPool.runWorker;java/util/concurrent/ForkJoinPool.scan;java/util/concurrent/ForkJoinPool$WorkQueue.topLevelExec;java/util/concurrent/ForkJoinTask.doExec;java/util/concurrent/ForkJoinTask$RunnableExecuteAction.exec;java/lang/VirtualThread$$Lambda.0x00007a6f90039c78.run;java/lang/VirtualThread.runContinuation;jdk/internal/vm/Continuation.run;jdk/internal/vm/Continuation.enterSpecial;jdk/internal/vm/Continuation.enter;jdk/internal/vm/Continuation.enter0;java/lang/VirtualThread$VThreadContinuation$1.run;java/lang/VirtualThread.run;_notify_jvmti_vthread_start;SharedRuntime::notify_jvmti_vthread_start;JvmtiVTMSTransitionDisabler::VTMS_vthread_start;JvmtiVTMSTransitionDisabler::VTMS_mount_end;__pthread_mutex_unlock;/usr/lib/x86_64-linux-gnu/libc.so.6 13
java/util/concurrent/ForkJoinWorkerThread.run;java/util/concurrent/ForkJoinPool.runWorker;java/util/concurrent/ForkJoinPool.scan;java/util/concurrent/ForkJoinPool$WorkQueue.topLevelExec;java/util/concurrent/ForkJoinTask.doExec;java/util/concurrent/ForkJoinTask$RunnableExecuteAction.exec;java/lang/VirtualThread$$Lambda.0x00007a6f90039c78.run;java/lang/VirtualThread.runContinuation;java/lang/VirtualThread.mount;_notify_jvmti_vthread_mount;SharedRuntime::notify_jvmti_vthread_mount;JvmtiVTMSTransitionDisabler::start_VTMS_transition;HandleMark::initialize 1
java/util/concurrent/ForkJoinWorkerThread.run;java/util/concurrent/ForkJoinPool.runWorker;java/util/concurrent/ForkJoinPool.scan;java/util/concurrent/ForkJoinPool$WorkQueue.topLevelExec;java/util/concurrent/ForkJoinTask.doExec;java/util/concurrent/ForkJoinTask$RunnableExecuteAction.exec;java/lang/VirtualThread$$Lambda.0x00007a6f90039c78.run;java/lang/VirtualThread.runContinuation;jdk/internal/vm/Continuation.run;jdk/internal/vm/Continuation.enterSpecial;jdk/internal/vm/Continuation.enter;jdk/internal/vm/Continuation.enter0;java/lang/VirtualThread$VThreadContinuation$1.run;java/lang/VirtualThread.run;_notify_jvmti_vthread_start;SharedRuntime::notify_jvmti_vthread_start;JvmtiVTMSTransitionDisabler::VTMS_vthread_start;JvmtiVTMSTransitionDisabler::VTMS_mount_end;Mutex::lock;pthread_mutex_lock;/usr/lib/x86_64-linux-gnu/libc.so.6;entry_SYSCALL_64_after_hwframe_[k];do_syscall_64_[k];x64_sys_call_[k];__x64_sys_futex_[k] 1
java/util/concurrent/ForkJoinWorkerThread.run;java/util/concurrent/ForkJoinPool.runWorker;java/util/concurrent/ForkJoinPool.scan;java/util/concurrent/ForkJoinPool$WorkQueue.topLevelExec;java/util/concurrent/ForkJoinTask.doExec;java/util/concurrent/ForkJoinTask$RunnableExecuteAction.exec;java/lang/VirtualThread$$Lambda.0x00007a6f90039c78.run;java/lang/VirtualThread.runContinuation;jdk/internal/vm/Continuation.run;jdk/internal/vm/Continuation.enterSpecial;jdk/internal/vm/Continuation.enter;jdk/internal/vm/Continuation.enter0;java/lang/VirtualThread$VThreadContinuation$1.run;java/lang/VirtualThread.run;_notify_jvmti_vthread_start;SharedRuntime::notify_jvmti_vthread_start;JvmtiVTMSTransitionDisabler::VTMS_vthread_start;JvmtiVTMSTransitionDisabler::VTMS_mount_end;__pthread_mutex_unlock;/usr/lib/x86_64-linux-gnu/libc.so.6;entry_SYSCALL_64_after_hwframe_[k];do_syscall_64_[k];x64_sys_call_[k];__x64_sys_futex_[k];do_futex_[k];futex_wake_[k];_raw_spin_lock_[k];native_queued_spin_lock_slowpath_[k] 8396
/usr/lib/x86_64-linux-gnu/libc.so.6;/usr/lib/x86_64-linux-gnu/libc.so.6;thread_native_entry;Thread::call_run;JavaThread::thread_main_inner;CompileBroker::compiler_thread_loop;CompileBroker::invoke_compiler_on_method;C2Compiler::compile_method;Compile::Compile;ParseGenerator::generate;Parse::Parse;Parse::do_all_blocks;Parse::do_one_block;Parse::do_one_bytecode;GraphKit::load_array_length;PhaseGVN::transform_no_reclaim;TypeAryPtr::add_offset;Type::hashcons;Dict::Insert;Dict::doubhash;TypeAryPtr::hash 1
java/util/concurrent/ForkJoinWorkerThread.run;java/util/concurrent/ForkJoinPool.runWorker;java/util/concurrent/ForkJoinPool.awaitWork;java/util/concurrent/locks/LockSupport.park;jdk/internal/misc/Unsafe.park;Unsafe_Park;Parker::park;pthread_cond_wait;/usr/lib/x86_64-linux-gnu/libc.so.6;entry_SYSCALL_64_after_hwframe_[k];do_syscall_64_[k] 1
java/util/concurrent/ForkJoinWorkerThread.run;java/util/concurrent/ForkJoinPool.runWorker;java/util/concurrent/ForkJoinPool.scan;java/util/concurrent/ForkJoinPool$WorkQueue.topLevelExec;java/util/concurrent/ForkJoinTask.doExec;java/util/concurrent/ForkJoinTask$RunnableExecuteAction.exec;java/lang/VirtualThread$$Lambda.0x00007a6f90039c78.run;java/lang/VirtualThread.runContinuation;jdk/internal/vm/Continuation.run;jdk/internal/vm/Continuation.enterSpecial;jdk/internal/vm/Continuation.enter;jdk/internal/vm/Continuation.enter0;java/lang/VirtualThread$VThreadContinuation$1.run;java/lang/VirtualThread.run;_notify_jvmti_vthread_start;SharedRuntime::notify_jvmti_vthread_start;JvmtiVTMSTransitionDisabler::VTMS_vthread_start;__pthread_mutex_unlock;/usr/lib/x86_64-linux-gnu/libc.so.6 9
java/util/concurrent/ForkJoinWorkerThread.run;java/util/concurrent/ForkJoinPool.runWorker;java/util/concurrent/ForkJoinPool.scan;java/util/concurrent/ForkJoinPool$WorkQueue.topLevelExec;java/util/concurrent/ForkJoinTask.doExec;java/util/concurrent/ForkJoinTask$RunnableExecuteAction.exec;java/lang/VirtualThread$$Lambda.0x00007a6f90039c78.run;java/lang/VirtualThread.runContinuation;jdk/internal/vm/Continuation.run;jdk/internal/vm/Continuation.enterSpecial;jdk/internal/vm/Continuation.enter;jdk/internal/vm/Continuation.enter0;java/lang/VirtualThread$VThreadContinuation$1.run;java/lang/VirtualThread.run;_notify_jvmti_vthread_start;SharedRuntime::notify_jvmti_vthread_start;JvmtiVTMSTransitionDisabler::VTMS_vthread_start;JvmtiEventController::thread_started;JvmtiThreadState::JvmtiThreadState;JavaThread::jvmti_vthread 1
java/util/concurrent/ForkJoinWorkerThread.run;java/util/concurrent/ForkJoinPool.runWorker;java/util/concurrent/ForkJoinPool.scan;java/util/concurrent/ForkJoinPool$WorkQueue.topLevelExec;java/util/concurrent/ForkJoinTask.doExec;java/util/concurrent/ForkJoinTask$RunnableExecuteAction.exec;java/lang/VirtualThread$$Lambda.0x00007a6f90039c78.run;java/lang/VirtualThread.runContinuation;jdk/internal/vm/Continuation.run;jdk/internal/vm/Continuation.enterSpecial;jdk/internal/vm/Continuation.enter;jdk/internal/vm/Continuation.enter0;java/lang/VirtualThread$VThreadContinuation$1.run;java/lang/VirtualThread.run;_notify_jvmti_vthread_start;SharedRuntime::notify_jvmti_vthread_start;JvmtiVTMSTransitionDisabler::VTMS_vthread_start;JvmtiEventController::thread_started;Mutex::lock;pthread_mutex_lock;/usr/lib/x86_64-linux-gnu/libc.so.6;entry_SYSCALL_64_after_hwframe_[k];do_syscall_64_[k];x64_sys_call_[k];__x64_sys_futex_[k];do_futex_[k];futex_wait_[k];__futex_wait_[k];futex_wait_setup_[k];_raw_spin_lock_[k] 35
java/lang/Thread.run;java/lang/Thread.runWith;java/util/concurrent/ThreadPoolExecutor$Worker.run;java/util/concurrent/ThreadPoolExecutor.runWorker;java/util/concurrent/FutureTask.run;java/util/concurrent/Executors$RunnableAdapter.call;java/util/concurrent/FutureTask.run;org/openjdk/jmh/runner/BenchmarkHandler$BenchmarkTask.call;org/openjdk/jmh/runner/BenchmarkHandler$BenchmarkTask.call;java/lang/reflect/Method.invoke;jdk/internal/reflect/DirectMethodHandleAccessor.invoke;jdk/internal/reflect/DirectMethodHandleAccessor.invokeImpl;java/lang/invoke/LambdaForm$MH.0x00007a6f9002e800.invokeExact_MT;java/lang/invoke/LambdaForm$MH.0x00007a6f9002e400.invoke;java/lang/invoke/DirectMethodHandle$Holder.invokeSpecial;uk/ac/ncl/jensen/benchmark/jmh_generated/VThreadChurnBenchmark_churn_jmhTest.churn_AverageTime;uk/ac/ncl/jensen/benchmark/jmh_generated/VThreadChurnBenchmark_churn_jmhTest.churn_avgt_jmhStub;uk/ac/ncl/jensen/benchmark/VThreadChurnBenchmark.churn;java/lang/ThreadBuilders$VirtualThreadBuilder.start;java/lang/VirtualThread.start;java/lang/VirtualThread.start;java/lang/VirtualThread.submitRunContinuation;java/util/concurrent/ForkJoinPool.execute;java/util/concurrent/ForkJoinPool.poolSubmit;java/util/concurrent/ForkJoinPool.submissionQueue 1
java/util/concurrent/ForkJoinWorkerThread.run;java/util/concurrent/ForkJoinPool.runWorker;java/util/concurrent/ForkJoinPool.scan;java/util/concurrent/ForkJoinPool$WorkQueue.topLevelExec;java/util/concurrent/ForkJoinTask.doExec;java/util/concurrent/ForkJoinTask$RunnableExecuteAction.exec;java/lang/VirtualThread$$Lambda.0x00007a6f90039c78.run;java/lang/VirtualThread.runContinuation;jdk/internal/vm/Continuation.run;jdk/internal/vm/Continuation.enterSpecial;jdk/internal/vm/Continuation.enter;jdk/internal/vm/Continuation.enter0;java/lang/VirtualThread$VThreadContinuation$1.run;java/lang/VirtualThread.run;_notify_jvmti_vthread_start;SharedRuntime::notify_jvmti_vthread_start;JNIHandleBlock::allocate_handle 1
java/lang/Thread.run;java/lang/Thread.runWith;java/util/concurrent/ThreadPoolExecutor$Worker.run;java/util/concurrent/ThreadPoolExecutor.runWorker;java/util/concurrent/FutureTask.run;java/util/concurrent/Executors$RunnableAdapter.call;java/util/concurrent/FutureTask.run;org/openjdk/jmh/runner/BenchmarkHandler$BenchmarkTask.call;org/openjdk/jmh/runner/BenchmarkHandler$BenchmarkTask.call;java/lang/reflect/Method.invoke;jdk/internal/reflect/DirectMethodHandleAccessor.invoke;jdk/internal/reflect/DirectMethodHandleAccessor.invokeImpl;java/lang/invoke/LambdaForm$MH.0x00007a6f9002e800.invokeExact_MT;java/lang/invoke/LambdaForm$MH.0x00007a6f9002e400.invoke;java/lang/invoke/DirectMethodHandle$Holder.invokeSpecial;uk/ac/ncl/jensen/benchmark/jmh_generated/VThreadChurnBenchmark_churn_jmhTest.churn_AverageTime;uk/ac/ncl/jensen/benchmark/jmh_generated/VThreadChurnBenchmark_churn_jmhTest.churn_avgt_jmhStub;uk/ac/ncl/jensen/benchmark/VThreadChurnBenchmark.churn;java/lang/ThreadBuilders$VirtualThreadBuilder.start;java/lang/ThreadBuilders$VirtualThreadBuilder.unstarted;java/lang/ThreadBuilders.newVirtualThread;java/lang/VirtualThread.<init>;java/lang/VirtualThread$VThreadContinuation.<init>;java/lang/VirtualThread$VThreadContinuation.wrap;asm_exc_page_fault_[k];exc_page_fault_[k];do_user_addr_fault_[k];lock_vma_under_rcu_[k];mas_walk_[k] 1
java/util/concurrent/ForkJoinWorkerThread.run;java/util/concurrent/ForkJoinPool.runWorker;java/util/concurrent/ForkJoinPool.awaitWork;java/util/concurrent/locks/LockSupport.park;jdk/internal/misc/Unsafe.park;Unsafe_Park;Parker::park;__pthread_mutex_unlock;/usr/lib/x86_64-linux-gnu/libc.so.6;entry_SYSCALL_64_after_hwframe_[k];do_syscall_64_[k];x64_sys_call_[k];__x64_sys_futex_[k];do_futex_[k];futex_wake_[k];futex_hash_[k];__futex_hash_[k] 1
java/util/concurrent/ForkJoinWorkerThread.run;java/util/concurrent/ForkJoinPool.runWorker;java/util/concurrent/ForkJoinPool.scan;java/util/concurrent/ForkJoinPool$WorkQueue.topLevelExec;java/util/concurrent/ForkJoinTask.doExec;java/util/concurrent/ForkJoinTask$RunnableExecuteAction.exec;java/lang/VirtualThread$$Lambda.0x00007a6f90039c78.run;java/lang/VirtualThread.runContinuation;jdk/internal/vm/Continuation.run;jdk/internal/vm/Continuation.enterSpecial;jdk/internal/vm/Continuation.enter;jdk/internal/vm/Continuation.enter0;java/lang/VirtualThread$VThreadContinuation$1.run;java/lang/VirtualThread.run;_notify_jvmti_vthread_end;SharedRuntime::notify_jvmti_vthread_end;JvmtiVTMSTransitionDisabler::VTMS_vthread_end;JvmtiExport::cleanup_thread;JvmtiEventController::thread_ended;JvmtiThreadState::~JvmtiThreadState 2
java/util/concurrent/ForkJoinWorkerThread.run;java/util/concurrent/ForkJoinPool.runWorker;java/util/concurrent/ForkJoinPool.scan;java/util/concurrent/ForkJoinPool$WorkQueue.topLevelExec;java/util/concurrent/ForkJoinTask.doExec;java/util/concurrent/ForkJoinTask$RunnableExecuteAction.exec;java/lang/VirtualThread$$Lambda.0x00007a6f90039c78.run;java/lang/VirtualThread.runContinuation;jdk/internal/vm/Continuation.run;jdk/internal/vm/Continuation.enterSpecial;jdk/internal/vm/Continuation.enter;jdk/internal/vm/Continuation.enter0;java/lang/VirtualThread$VThreadContinuation$1.run;java/lang/VirtualThread.run;_notify_jvmti_vthread_start;SharedRuntime::notify_jvmti_vthread_start;JvmtiVTMSTransitionDisabler::VTMS_vthread_start;JvmtiVTMSTransitionDisabler::VTMS_mount_end;Mutex::lock;pthread_mutex_lock;/usr/lib/x86_64-linux-gnu/libc.so.6;entry_SYSCALL_64_after_hwframe_[k];do_syscall_64_[k];x64_sys_call_[k];__x64_sys_futex_[k];do_futex_[k];futex_wait_[k];__futex_wait_[k];futex_wait_setup_[k];__futex_queue_[k];plist_add_[k] 11
java/util/concurrent/ForkJoinWorkerThread.run;java/util/concurrent/ForkJoinPool.runWorker;java/util/concurrent/ForkJoinPool.scan;java/util/concurrent/ForkJoinPool$WorkQueue.topLevelExec;java/util/concurrent/ForkJoinTask.doExec;java/util/concurrent/ForkJoinTask$RunnableExecuteAction.exec;java/lang/VirtualThread$$Lambda.0x00007a6f90039c78.run;java/lang/VirtualThread.runContinuation;jdk/internal/vm/Continuation.run;jdk/internal/vm/Continuation.enterSpecial;jdk/internal/vm/Continuation.enter;jdk/internal/vm/Continuation.enter0;java/lang/VirtualThread$VThreadContinuation$1.run;java/lang/VirtualThread.run;_notify_jvmti_vthread_start;SharedRuntime::notify_jvmti_vthread_start;JvmtiVTMSTransitionDisabler::VTMS_vthread_start;JvmtiEventController::thread_started;Mutex::lock;__tls_get_addr@plt 1
java/util/concurrent/ForkJoinWorkerThread.run;java/util/concurrent/ForkJoinPool.runWorker;java/util/concurrent/ForkJoinPool.scan;java/util/concurrent/ForkJoinPool.signalWork;java/util/concurrent/locks/LockSupport.unpark;jdk/internal/misc/Unsafe.unpark;Unsafe_Unpark;pthread_cond_signal;entry_SYSCALL_64_after_hwframe_[k];do_syscall_64_[k];x64_sys_call_[k];__x64_sys_futex_[k];do_futex_[k];futex_wake_[k];futex_hash_[k] 2
java/util/concurrent/ForkJoinWorkerThread.run;java/util/concurrent/ForkJoinPool.runWorker;java/util/concurrent/ForkJoinPool.scan 3
java/util/concurrent/ForkJoinWorkerThread.run;java/util/concurrent/ForkJoinPool.runWorker;java/util/concurrent/ForkJoinPool.awaitWork 2
java/util/concurrent/ForkJoinWorkerThread.run;java/util/concurrent/ForkJoinPool.runWorker;java/util/concurrent/ForkJoinPool.scan;java/util/concurrent/ForkJoinPool$WorkQueue.topLevelExec;java/util/concurrent/ForkJoinTask.doExec;java/util/concurrent/ForkJoinTask$RunnableExecuteAction.exec;java/lang/VirtualThread$$Lambda.0x00007a6f90039c78.run;java/lang/VirtualThread.runContinuation;jdk/internal/vm/Continuation.run;jdk/internal/vm/Continuation.enterSpecial;jdk/internal/vm/Continuation.enter;jdk/internal/vm/Continuation.enter0;java/lang/VirtualThread$VThreadContinuation$1.run;java/lang/VirtualThread.run;_notify_jvmti_vthread_start;SharedRuntime::notify_jvmti_vthread_start;JvmtiVTMSTransitionDisabler::VTMS_vthread_start;JvmtiVTMSTransitionDisabler::VTMS_mount_end;Mutex::lock;pthread_mutex_lock;/usr/lib/x86_64-linux-gnu/libc.so.6;entry_SYSCALL_64_after_hwframe_[k];do_syscall_64_[k];x64_sys_call_[k];__x64_sys_futex_[k];do_futex_[k];futex_wait_[k];__futex_wait_[k];futex_wait_setup_[k];futex_q_lock_[k];_raw_spin_lock_[k];native_queued_spin_lock_slowpath_[k] 2
java/util/concurrent/ForkJoinWorkerThread.run;java/util/concurrent/ForkJoinPool.runWorker;java/util/concurrent/ForkJoinPool.scan;java/util/concurrent/ForkJoinPool$WorkQueue.topLevelExec;java/util/concurrent/ForkJoinTask.doExec;java/util/concurrent/ForkJoinTask$RunnableExecuteAction.exec;java/lang/VirtualThread$$Lambda.0x00007a6f90039c78.run;java/lang/VirtualThread.runContinuation;jdk/internal/vm/Continuation.run;jdk/internal/vm/Continuation.enterSpecial;jdk/internal/vm/Continuation.enter;jdk/internal/vm/Continuation.enter0;java/lang/VirtualThread$VThreadContinuation$1.run;java/lang/VirtualThread.run;_notify_jvmti_vthread_start;SharedRuntime::notify_jvmti_vthread_start;JvmtiVTMSTransitionDisabler::VTMS_vthread_start;JvmtiVTMSTransitionDisabler::VTMS_mount_end;Mutex::lock;pthread_mutex_lock;/usr/lib/x86_64-linux-gnu/libc.so.6;entry_SYSCALL_64_after_hwframe_[k];do_syscall_64_[k];x64_sys_call_[k];__x64_sys_futex_[k];do_futex_[k];futex_wait_[k];__futex_wait_[k];futex_wait_setup_[k];__futex_hash_[k] 1
java/util/concurrent/ForkJoinWorkerThread.run;java/util/concurrent/ForkJoinPool.runWorker;java/util/concurrent/ForkJoinPool.scan;java/util/concurrent/ForkJoinPool$WorkQueue.casSlotToNull 2
java/util/concurrent/ForkJoinWorkerThread.run;java/util/concurrent/ForkJoinPool.runWorker;java/util/concurrent/ForkJoinPool.awaitWork 4
java/util/concurrent/ForkJoinWorkerThread.run;java/util/concurrent/ForkJoinPool.runWorker;java/util/concurrent/ForkJoinPool.scan;java/util/concurrent/ForkJoinPool$WorkQueue.topLevelExec;java/util/concurrent/ForkJoinTask.doExec;java/util/concurrent/ForkJoinTask$RunnableExecuteAction.exec;java/lang/VirtualThread$$Lambda.0x00007a6f90039c78.run;java/lang/VirtualThread.runContinuation;jdk/internal/vm/Continuation.run;jdk/internal/vm/Continuation.enterSpecial;jdk/internal/vm/Continuation.enter;jdk/internal/vm/Continuation.enter0;java/lang/VirtualThread$VThreadContinuation$1.run;java/lang/VirtualThread.run;_notify_jvmti_vthread_start;SharedRuntime::notify_jvmti_vthread_start;JvmtiVTMSTransitionDisabler::VTMS_vthread_start;JvmtiVTMSTransitionDisabler::VTMS_mount_end;__pthread_mutex_unlock;/usr/lib/x86_64-linux-gnu/libc.so.6;entry_SYSCALL_64_after_hwframe_[k];do_syscall_64_[k];x64_sys_call_[k];__x64_sys_futex_[k];do_futex_[k];futex_wake_[k] 1
java/util/concurrent/ForkJoinWorkerThread.run;java/util/concurrent/ForkJoinPool.runWorker;java/util/concurrent/ForkJoinPool.scan;java/util/concurrent/ForkJoinPool$WorkQueue.casSlotToNull 2
java/util/concurrent/ForkJoinWorkerThread.run;java/util/concurrent/ForkJoinPool.runWorker;java/util/concurrent/ForkJoinPool.scan 9
java/util/concurrent/ForkJoinWorkerThread.run;java/util/concurrent/ForkJoinPool.runWorker;java/util/concurrent/ForkJoinPool.scan 2
java/util/concurrent/ForkJoinWorkerThread.run;java/util/concurrent/ForkJoinPool.runWorker;java/util/concurrent/ForkJoinPool.scan;java/util/concurrent/ForkJoinPool$WorkQueue.topLevelExec;java/util/concurrent/ForkJoinTask.doExec;java/util/concurrent/ForkJoinTask$RunnableExecuteAction.exec;java/lang/VirtualThread$$Lambda.0x00007a6f90039c78.run;java/lang/VirtualThread.runContinuation;java/lang/VirtualThread.unmount;_notify_jvmti_vthread_unmount;SharedRuntime::notify_jvmti_vthread_unmount;JvmtiVTMSTransitionDisabler::finish_VTMS_transition;java_lang_Thread::set_is_in_VTMS_transition 1
java/util/concurrent/ForkJoinWorkerThread.run;java/util/concurrent/ForkJoinPool.runWorker;java/util/concurrent/ForkJoinPool.awaitWork;java/util/concurrent/locks/LockSupport.park;jdk/internal/misc/Unsafe.park;Unsafe_Park;Parker::park;__pthread_mutex_unlock;/usr/lib/x86_64-linux-gnu/libc.so.6;entry_SYSCALL_64_after_hwframe_[k];do_syscall_64_[k];x64_sys_call_[k];__x64_sys_futex_[k];do_futex_[k];_raw_spin_lock_[k] 1
java/lang/Thread.run;java/lang/Thread.runWith;java/util/concurrent/ThreadPoolExecutor$Worker.run;java/util/concurrent/ThreadPoolExecutor.runWorker;java/util/concurrent/FutureTask.run;java/util/concurrent/Executors$RunnableAdapter.call;java/util/concurrent/FutureTask.run;org/openjdk/jmh/runner/BenchmarkHandler$BenchmarkTask.call;org/openjdk/jmh/runner/BenchmarkHandler$BenchmarkTask.call;java/lang/reflect/Method.invoke;jdk/internal/reflect/DirectMethodHandleAccessor.invoke;jdk/internal/reflect/DirectMethodHandleAccessor.invokeImpl;java/lang/invoke/LambdaForm$MH.0x00007a6f9002e800.invokeExact_MT;java/lang/invoke/LambdaForm$MH.0x00007a6f9002e400.invoke;java/lang/invoke/DirectMethodHandle$Holder.invokeSpecial;uk/ac/ncl/jensen/benchmark/jmh_generated/VThreadChurnBenchmark_churn_jmhTest.churn_AverageTime;uk/ac/ncl/jensen/benchmark/jmh_generated/VThreadChurnBenchmark_churn_jmhTest.churn_avgt_jmhStub;uk/ac/ncl/jensen/benchmark/VThreadChurnBenchmark.churn;java/lang/ThreadBuilders$VirtualThreadBuilder.start;java/lang/ThreadBuilders$VirtualThreadBuilder.unstarted;java/lang/ThreadBuilders.newVirtualThread;asm_exc_page_fault_[k];exc_page_fault_[k];do_user_addr_fault_[k];handle_mm_fault_[k];__handle_mm_fault_[k];handle_pte_fault_[k];do_anonymous_page_[k];alloc_anon_folio_[k];__mem_cgroup_charge_[k];charge_memcg_[k];memcg1_commit_charge_[k] 1
java/util/concurrent/ForkJoinWorkerThread.run;java/util/concurrent/ForkJoinPool.runWorker;java/util/concurrent/ForkJoinPool.scan;java/util/concurrent/ForkJoinPool$WorkQueue.topLevelExec;java/util/concurrent/ForkJoinTask.doExec;java/util/concurrent/ForkJoinTask$RunnableExecuteAction.exec;java/lang/VirtualThread$$Lambda.0x00007a6f90039c78.run;java/lang/VirtualThread.runContinuation;jdk/internal/vm/Continuation.run;jdk/internal/vm/Continuation.enterSpecial;jdk/internal/vm/Continuation.enter;jdk/internal/vm/Continuation.enter0;java/lang/VirtualThread$VThreadContinuation$1.run;java/lang/VirtualThread.run;_notify_jvmti_vthread_end;SharedRuntime::notify_jvmti_vthread_end;JvmtiVTMSTransitionDisabler::VTMS_vthread_end;JvmtiExport::cleanup_thread;JvmtiEventController::thread_ended 14
java/util/concurrent/ForkJoinWorkerThread.run;java/util/concurrent/ForkJoinPool.runWorker;java/util/concurrent/ForkJoinPool.scan;java/util/concurrent/ForkJoinPool$WorkQueue.topLevelExec;java/util/concurrent/ForkJoinTask.doExec;java/util/concurrent/ForkJoinTask$RunnableExecuteAction.exec;java/lang/VirtualThread$$Lambda.0x00007a6f90039c78.run;java/lang/VirtualThread.runContinuation;jdk/internal/vm/Continuation.run;jdk/internal/vm/Continuation.enterSpecial;jdk/internal/vm/Continuation.enter;jdk/internal/vm/Continuation.enter0;java/lang/VirtualThread$VThreadContinuation$1.run;java/lang/VirtualThread.run;_notify_jvmti_vthread_start;SharedRuntime::notify_jvmti_vthread_start;JvmtiVTMSTransitionDisabler::VTMS_vthread_start;JvmtiEventController::thread_started;JvmtiThreadState::JvmtiThreadState 50
java/util/concurrent/ForkJoinWorkerThread.run;java/util/concurrent/ForkJoinPool.runWorker;java/util/concurrent/ForkJoinPool.scan;java/util/concurrent/ForkJoinPool$WorkQueue.topLevelExec;java/util/concurrent/ForkJoinTask.doExec;java/util/concurrent/ForkJoinTask$RunnableExecuteAction.exec;java/lang/VirtualThread$$Lambda.0x00007a6f90039c78.run;java/lang/VirtualThread.runContinuation;jdk/internal/vm/Continuation.run;jdk/internal/vm/Continuation.enterSpecial;jdk/internal/vm/Continuation.enter;jdk/internal/vm/Continuation.enter0;java/lang/VirtualThread$VThreadContinuation$1.run;java/lang/VirtualThread.run;_notify_jvmti_vthread_end;SharedRuntime::notify_jvmti_vthread_end;JavaThread::rebind_to_jvmti_thread_state_of 1
java/util/concurrent/ForkJoinWorkerThread.run;java/util/concurrent/ForkJoinPool.runWorker;java/util/concurrent/ForkJoinPool.scan;java/util/concurrent/ForkJoinPool$WorkQueue.topLevelExec;java/util/concurrent/ForkJoinTask.doExec;java/util/concurrent/ForkJoinTask$RunnableExecuteAction.exec;java/lang/VirtualThread$$Lambda.0x00007a6f90039c78.run;java/lang/VirtualThread.runContinuation;jdk/internal/vm/Continuation.run;jdk/internal/vm/Continuation.enterSpecial;jdk/internal/vm/Continuation.enter;jdk/internal/vm/Continuation.enter0;java/lang/VirtualThread$VThreadContinuation$1.run;java/lang/VirtualThread.run;_notify_jvmti_vthread_end;SharedRuntime::notify_jvmti_vthread_end;JvmtiVTMSTransitionDisabler::VTMS_vthread_end;JvmtiExport::cleanup_thread;Mutex::lock;pthread_mutex_lock;/usr/lib/x86_64-linux-gnu/libc.so.6;entry_SYSCALL_64_after_hwframe_[k];do_syscall_64_[k];x64_sys_call_[k];__x64_sys_futex_[k];do_futex_[k];futex_wait_[k];__futex_wait_[k];futex_wait_setup_[k];futex_hash_[k];futex_ref_get_[k] 2
java/util/concurrent/ForkJoinWorkerThread.run;java/util/concurrent/ForkJoinPool.runWorker;java/util/concurrent/ForkJoinPool.scan;java/util/concurrent/ForkJoinPool$WorkQueue.topLevelExec;java/util/concurrent/ForkJoinTask.doExec;java/util/concurrent/ForkJoinTask$RunnableExecuteAction.exec;java/lang/VirtualThread$$Lambda.0x00007a6f90039c78.run;java/lang/VirtualThread.runContinuation;jdk/internal/vm/Continuation.run;jdk/internal/vm/Continuation.enterSpecial;jdk/internal/vm/Continuation.enter;jdk/internal/vm/Continuation.enter0;java/lang/VirtualThread$VThreadContinuation$1.run;java/lang/VirtualThread.run;java/lang/Thread.runWith;uk/ac/ncl/jensen/benchmark/VThreadChurnBenchmark$$Lambda.0x00007a6f90029bb0.run;uk/ac/ncl/jensen/benchmark/VThreadChurnBenchmark.lambda$churn$0;org/openjdk/jmh/infra/Blackhole.consumeCPU 2
java/util/concurrent/ForkJoinWorkerThread.run;java/util/concurrent/ForkJoinPool.runWorker;java/util/concurrent/ForkJoinPool.scan 3
java/util/concurrent/ForkJoinWorkerThread.run;java/util/concurrent/ForkJoinPool.runWorker;java/util/concurrent/ForkJoinPool.scan;java/util/concurrent/ForkJoinPool$WorkQueue.topLevelExec;java/util/concurrent/ForkJoinTask.doExec;java/util/concurrent/ForkJoinTask$RunnableExecuteAction.exec;java/lang/VirtualThread$$Lambda.0x00007a6f90039c78.run;java/lang/VirtualThread.runContinuation;jdk/internal/vm/Continuation.run;jdk/internal/vm/Continuation.enterSpecial;jdk/internal/vm/Continuation.enter;jdk/internal/vm/Continuation.enter0;java/lang/VirtualThread$VThreadContinuation$1.run;java/lang/VirtualThread.run;_notify_jvmti_vthread_start;SharedRuntime::notify_jvmti_vthread_start;JvmtiVTMSTransitionDisabler::VTMS_vthread_start;JvmtiVTMSTransitionDisabler::VTMS_mount_end;__pthread_mutex_unlock;/usr/lib/x86_64-linux-gnu/libc.so.6;entry_SYSCALL_64_after_hwframe_[k];do_syscall_64_[k];x64_sys_call_[k];__x64_sys_futex_[k];do_futex_[k];futex_wake_[k];wake_up_q_[k];try_to_wake_up_[k];_raw_spin_unlock_irqrestore_[k] 42
java/lang/Thread.run;java/lang/Thread.runWith;java/util/concurrent/ThreadPoolExecutor$Worker.run;java/util/concurrent/ThreadPoolExecutor.runWorker;java/util/concurrent/FutureTask.run;java/util/concurrent/Executors$RunnableAdapter.call;java/util/concurrent/FutureTask.run;org/openjdk/jmh/runner/BenchmarkHandler$BenchmarkTask.call;org/openjdk/jmh/runner/BenchmarkHandler$BenchmarkTask.call;java/lang/reflect/Method.invoke;jdk/internal/reflect/DirectMethodHandleAccessor.invoke;jdk/internal/reflect/DirectMethodHandleAccessor.invokeImpl;java/lang/invoke/LambdaForm$MH.0x00007a6f9002e800.invokeExact_MT;java/lang/invoke/LambdaForm$MH.0x00007a6f9002e400.invoke;java/lang/invoke/DirectMethodHandle$Holder.invokeSpecial;uk/ac/ncl/jensen/benchmark/jmh_generated/VThreadChurnBenchmark_churn_jmhTest.churn_AverageTime;uk/ac/ncl/jensen/benchmark/jmh_generated/VThreadChurnBenchmark_churn_jmhTest.churn_avgt_jmhStub;uk/ac/ncl/jensen/benchmark/VThreadChurnBenchmark.churn;java/lang/ThreadBuilders$VirtualThreadBuilder.start;java/lang/VirtualThread.start;java/lang/VirtualThread.start;jdk/internal/vm/ThreadContainers$RootContainer$TrackingRootContainer.onStart;java/util/concurrent/ConcurrentHashMap$KeySetView.add;java/util/concurrent/ConcurrentHashMap.putVal 1
java/lang/Thread.run;java/lang/Thread.runWith;java/util/concurrent/ThreadPoolExecutor$Worker.run;java/util/concurrent/ThreadPoolExecutor.runWorker;java/util/concurrent/FutureTask.run;java/util/concurrent/Executors$RunnableAdapter.call;java/util/concurrent/FutureTask.run;org/openjdk/jmh/runner/BenchmarkHandler$BenchmarkTask.call;org/openjdk/jmh/runner/BenchmarkHandler$BenchmarkTask.call;java/lang/reflect/Method.invoke;jdk/internal/reflect/DirectMethodHandleAccessor.invoke;jdk/internal/reflect/DirectMethodHandleAccessor.invokeImpl;java/lang/invoke/LambdaForm$MH.0x00007a6f9002e800.invokeExact_MT;java/lang/invoke/LambdaForm$MH.0x00007a6f9002e400.invoke;java/lang/invoke/DirectMethodHandle$Holder.invokeSpecial;uk/ac/ncl/jensen/benchmark/jmh_generated/VThreadChurnBenchmark_churn_jmhTest.churn_AverageTime;uk/ac/ncl/jensen/benchmark/jmh_generated/VThreadChurnBenchmark_churn_jmhTest.churn_avgt_jmhStub;uk/ac/ncl/jensen/benchmark/VThreadChurnBenchmark.churn;java/lang/Thread.join;java/lang/Thread.join;java/lang/VirtualThread.joinNanos;java/lang/VirtualThread.getTermination;asm_exc_page_fault_[k];exc_page_fault_[k];do_user_addr_fault_[k];handle_mm_fault_[k];__handle_mm_fault_[k];handle_pte_fault_[k];do_anonymous_page_[k];alloc_anon_folio_[k];__mem_cgroup_charge_[k];charge_memcg_[k];memcg1_commit_charge_[k] 1
java/util/concurrent/ForkJoinWorkerThread.run;java/util/concurrent/ForkJoinPool.runWorker;java/util/concurrent/ForkJoinPool.scan;java/util/concurrent/ForkJoinPool$WorkQueue.topLevelExec;java/util/concurrent/ForkJoinTask.doExec;java/util/concurrent/ForkJoinTask$RunnableExecuteAction.exec;java/lang/VirtualThread$$Lambda.0x00007a6f90039c78.run;java/lang/VirtualThread.runContinuation;jdk/internal/vm/Continuation.run;jdk/internal/vm/Continuation.enterSpecial;jdk/internal/vm/Continuation.enter;jdk/internal/vm/Continuation.enter0;java/lang/VirtualThread$VThreadContinuation$1.run;java/lang/VirtualThread.run;_notify_jvmti_vthread_start;SharedRuntime::notify_jvmti_vthread_start;JvmtiVTMSTransitionDisabler::VTMS_vthread_start;JvmtiVTMSTransitionDisabler::VTMS_mount_end;Mutex::lock;pthread_mutex_lock;/usr/lib/x86_64-linux-gnu/libc.so.6;entry_SYSCALL_64_after_hwframe_[k];do_syscall_64_[k] 15
java/util/concurrent/ForkJoinWorkerThread.run;java/util/concurrent/ForkJoinPool.runWorker;java/util/concurrent/ForkJoinPool.scan;java/util/concurrent/ForkJoinPool$WorkQueue.topLevelExec;java/util/concurrent/ForkJoinTask.doExec;java/util/concurrent/ForkJoinTask$RunnableExecuteAction.exec;java/lang/VirtualThread$$Lambda.0x00007a6f90039c78.run;java/lang/VirtualThread.runContinuation;jdk/internal/vm/Continuation.run;jdk/internal/vm/Continuation.enterSpecial;jdk/internal/vm/Continuation.enter;jdk/internal/vm/Continuation.enter0;java/lang/VirtualThread$VThreadContinuation$1.run;java/lang/VirtualThread.run;_notify_jvmti_vthread_start;SharedRuntime::notify_jvmti_vthread_start;JvmtiVTMSTransitionDisabler::VTMS_vthread_start;JvmtiEventController::thread_started;Mutex::lock;pthread_mutex_lock 1
java/util/concurrent/ForkJoinWorkerThread.run;java/util/concurrent/ForkJoinPool.runWorker 1
java/util/concurrent/ForkJoinWorkerThread.run;java/util/concurrent/ForkJoinPool.runWorker;java/util/concurrent/ForkJoinPool.awaitWork;java/util/concurrent/locks/LockSupport.park;jdk/internal/misc/Unsafe.park;Unsafe_Park;Parker::park;pthread_cond_wait;/usr/lib/x86_64-linux-gnu/libc.so.6;entry_SYSCALL_64_after_hwframe_[k];do_syscall_64_[k];x64_sys_call_[k];__x64_sys_futex_[k];do_futex_[k];futex_wait_[k];__futex_wait_[k];futex_do_wait_[k];schedule_[k];__schedule_[k];finish_task_switch.isra.0_[k] 1
java/util/concurrent/ForkJoinWorkerThread.run;java/util/concurrent/ForkJoinPool.runWorker;java/util/concurrent/ForkJoinPool.scan;java/util/concurrent/ForkJoinPool$WorkQueue.topLevelExec;java/util/concurrent/ForkJoinTask.doExec;java/util/concurrent/ForkJoinTask$RunnableExecuteAction.exec;java/lang/VirtualThread$$Lambda.0x00007a6f90039c78.run;java/lang/VirtualThread.runContinuation;jdk/internal/vm/Continuation.run;jdk/internal/vm/Continuation.enterSpecial;jdk/internal/vm/Continuation.enter;jdk/internal/vm/Continuation.enter0;java/lang/VirtualThread$VThreadContinuation$1.run;java/lang/VirtualThread.run;_notify_jvmti_vthread_start;SharedRuntime::notify_jvmti_vthread_start;JvmtiVTMSTransitionDisabler::VTMS_vthread_start;JvmtiEventController::thread_started;JvmtiThreadState::JvmtiThreadState;OopStorage::allocate;Mutex::lock_without_safepoint_check;pthread_mutex_lock 7
java/util/concurrent/ForkJoinWorkerThread.run;java/util/concurrent/ForkJoinPool.runWorker;java/util/concurrent/ForkJoinPool.scan;java/util/concurrent/ForkJoinPool$WorkQueue.topLevelExec;java/util/concurrent/ForkJoinTask.doExec;java/util/concurrent/ForkJoinTask$RunnableExecuteAction.exec;java/lang/VirtualThread$$Lambda.0x00007a6f90039c78.run;java/lang/VirtualThread.runContinuation;jdk/internal/vm/Continuation.run;jdk/internal/vm/Continuation.enterSpecial;jdk/internal/vm/Continuation.enter;jdk/internal/vm/Continuation.enter0;java/lang/VirtualThread$VThreadContinuation$1.run;java/lang/VirtualThread.run;_notify_jvmti_vthread_start;SharedRuntime::notify_jvmti_vthread_start;JvmtiVTMSTransitionDisabler::VTMS_vthread_start;JvmtiEventController::thread_started;Mutex::lock;pthread_mutex_lock;/usr/lib/x86_64-linux-gnu/libc.so.6;entry_SYSCALL_64_after_hwframe_[k];do_syscall_64_[k];x64_sys_call_[k];__x64_sys_futex_[k];do_futex_[k];futex_wait_[k];__futex_wait_[k] 3
java/util/concurrent/ForkJoinWorkerThread.run;java/util/concurrent/ForkJoinPool.runWorker;java/util/concurrent/ForkJoinPool.scan;java/util/concurrent/ForkJoinPool$WorkQueue.topLevelExec;java/util/concurrent/ForkJoinTask.doExec;java/util/concurrent/ForkJoinTask$RunnableExecuteAction.exec;java/lang/VirtualThread$$Lambda.0x00007a6f90039c78.run;java/lang/VirtualThread.runContinuation;java/lang/VirtualThread.afterDone;java/lang/VirtualThread.afterDone;jdk/internal/vm/ThreadContainers$RootContainer$TrackingRootContainer.onExit;java/util/concurrent/ConcurrentHashMap$KeySetView.remove;java/util/concurrent/ConcurrentHashMap.remove;java/util/concurrent/ConcurrentHashMap.replaceNode 1
java/util/concurrent/ForkJoinWorkerThread.run;java/util/concurrent/ForkJoinPool.runWorker;java/util/concurrent/ForkJoinPool.scan;java/util/concurrent/ForkJoinPool$WorkQueue.topLevelExec;java/util/concurrent/ForkJoinTask.doExec;java/util/concurrent/ForkJoinTask$RunnableExecuteAction.exec;java/lang/VirtualThread$$Lambda.0x00007a6f90039c78.run;java/lang/VirtualThread.runContinuation;jdk/internal/vm/Continuation.run;jdk/internal/vm/Continuation.enterSpecial;jdk/internal/vm/Continuation.enter;jdk/internal/vm/Continuation.enter0;java/lang/VirtualThread$VThreadContinuation$1.run;java/lang/VirtualThread.run;_notify_jvmti_vthread_start;SharedRuntime::notify_jvmti_vthread_start;JvmtiVTMSTransitionDisabler::VTMS_vthread_start;JvmtiEventController::thread_started;Mutex::lock;pthread_mutex_lock 26
java/util/concurrent/ForkJoinWorkerThread.run;java/util/concurrent/ForkJoinPool.runWorker;java/util/concurrent/ForkJoinPool.scan;java/util/concurrent/ForkJoinPool$WorkQueue.topLevelExec;java/util/concurrent/ForkJoinTask.doExec;java/util/concurrent/ForkJoinTask$RunnableExecuteAction.exec;java/lang/VirtualThread$$Lambda.0x00007a6f90039c78.run;java/lang/VirtualThread.runContinuation;jdk/internal/vm/Continuation.run;jdk/internal/vm/Continuation.enterSpecial;jdk/internal/vm/Continuation.enter;jdk/internal/vm/Continuation.enter0;java/lang/VirtualThread$VThreadContinuation$1.run;java/lang/VirtualThread.run;_notify_jvmti_vthread_start;SharedRuntime::notify_jvmti_vthread_start;JvmtiVTMSTransitionDisabler::VTMS_vthread_start;JvmtiEventController::thread_started;AllocateHeap;os::malloc;malloc 1
java/util/concurrent/ForkJoinWorkerThread.run;java/util/concurrent/ForkJoinPool.runWorker;java/util/concurrent/ForkJoinPool.scan;java/util/concurrent/ForkJoinPool$WorkQueue.topLevelExec;java/util/concurrent/ForkJoinTask.doExec;java/util/concurrent/ForkJoinTask$RunnableExecuteAction.exec;java/lang/VirtualThread$$Lambda.0x00007a6f90039c78.run;java/lang/VirtualThread.runContinuation;jdk/internal/vm/Continuation.run;jdk/internal/vm/Continuation.enterSpecial;jdk/internal/vm/Continuation.enter;jdk/internal/vm/Continuation.enter0;java/lang/VirtualThread$VThreadContinuation$1.run;java/lang/VirtualThread.run;_notify_jvmti_vthread_start;SharedRuntime::notify_jvmti_vthread_start;JvmtiVTMSTransitionDisabler::VTMS_vthread_start;__pthread_mutex_unlock;/usr/lib/x86_64-linux-gnu/libc.so.6;entry_SYSCALL_64_after_hwframe_[k];do_syscall_64_[k];x64_sys_call_[k];__x64_sys_futex_[k];do_futex_[k];futex_wake_[k];futex_ref_get_[k] 1
java/util/concurrent/ForkJoinWorkerThread.run;java/util/concurrent/ForkJoinPool.runWorker;java/util/concurrent/ForkJoinPool.scan;java/util/concurrent/ForkJoinPool$WorkQueue.topLevelExec;java/util/concurrent/ForkJoinTask.doExec;java/util/concurrent/ForkJoinTask$RunnableExecuteAction.exec;java/lang/VirtualThread$$Lambda.0x00007a6f90039c78.run;java/lang/VirtualThread.runContinuation;jdk/internal/vm/Continuation.run;jdk/internal/vm/Continuation.enterSpecial;jdk/internal/vm/Continuation.enter;jdk/internal/vm/Continuation.enter0;java/lang/VirtualThread$VThreadContinuation$1.run;java/lang/VirtualThread.run;_notify_jvmti_vthread_end;SharedRuntime::notify_jvmti_vthread_end;JvmtiVTMSTransitionDisabler::VTMS_vthread_end;JavaThread::threadObj 1
java/util/concurrent/ForkJoinWorkerThread.run;java/util/concurrent/ForkJoinPool.runWorker;java/util/concurrent/ForkJoinPool.scan;java/util/concurrent/ForkJoinPool$WorkQueue.topLevelExec;java/util/concurrent/ForkJoinTask.doExec;java/util/concurrent/ForkJoinTask$RunnableExecuteAction.exec;java/lang/VirtualThread$$Lambda.0x00007a6f90039c78.run;java/lang/VirtualThread.runContinuation;jdk/internal/vm/Continuation.run;jdk/internal/vm/Continuation.enterSpecial;jdk/internal/vm/Continuation.enter;jdk/internal/vm/Continuation.enter0;java/lang/VirtualThread$VThreadContinuation$1.run;java/lang/VirtualThread.run;_notify_jvmti_vthread_start;SharedRuntime::notify_jvmti_vthread_start;JvmtiVTMSTransitionDisabler::VTMS_vthread_start;JvmtiVTMSTransitionDisabler::VTMS_mount_end;Mutex::lock;pthread_mutex_lock;/usr/lib/x86_64-linux-gnu/libc.so.6;entry_SYSCALL_64_after_hwframe_[k];do_syscall_64_[k];x64_sys_call_[k];__x64_sys_futex_[k];do_futex_[k];futex_wait_[k];__futex_wait_[k];futex_do_wait_[k];schedule_[k];__schedule_[k];finish_task_switch.isra.0_[k] 1
java/util/concurrent/ForkJoinWorkerThread.run;java/util/concurrent/ForkJoinPool.runWorker;java/util/concurrent/ForkJoinPool.scan;java/util/concurrent/ForkJoinPool$WorkQueue.topLevelExec;java/util/concurrent/ForkJoinTask.doExec;java/util/concurrent/ForkJoinTask$RunnableExecuteAction.exec;java/lang/VirtualThread$$Lambda.0x00007a6f90039c78.run;java/lang/VirtualThread.runContinuation;jdk/internal/vm/Continuation.run;jdk/internal/vm/Continuation.enterSpecial;jdk/internal/vm/Continuation.enter;jdk/internal/vm/Continuation.enter0;java/lang/VirtualThread$VThreadContinuation$1.run;java/lang/VirtualThread.run;_notify_jvmti_vthread_start;SharedRuntime::notify_jvmti_vthread_start;JvmtiVTMSTransitionDisabler::VTMS_vthread_start;JvmtiVTMSTransitionDisabler::VTMS_mount_end;__pthread_mutex_unlock;/usr/lib/x86_64-linux-gnu/libc.so.6;entry_SYSCALL_64_after_hwframe_[k];do_syscall_64_[k];x64_sys_call_[k];__x64_sys_futex_[k];do_futex_[k];_raw_spin_lock_[k] 2
java/util/concurrent/ForkJoinWorkerThread.run;java/util/concurrent/ForkJoinPool.runWorker;java/util/concurrent/ForkJoinPool.scan 2
java/util/concurrent/ForkJoinWorkerThread.run;java/util/concurrent/ForkJoinPool.runWorker;java/util/concurrent/ForkJoinPool.scan;java/util/concurrent/ForkJoinPool$WorkQueue.topLevelExec;java/util/concurrent/ForkJoinTask.doExec 3
java/util/concurrent/ForkJoinWorkerThread.run;java/util/concurrent/ForkJoinPool.runWorker;java/util/concurrent/ForkJoinPool.scan;java/util/concurrent/ForkJoinPool.signalWork;java/util/concurrent/locks/LockSupport.unpark;jdk/internal/misc/Unsafe.unpark;Unsafe_Unpark;ThreadsListHandle::~ThreadsListHandle 1
java/util/concurrent/ForkJoinWorkerThread.run;java/util/concurrent/ForkJoinPool.runWorker;java/util/concurrent/ForkJoinPool.scan;java/util/concurrent/ForkJoinPool$WorkQueue.topLevelExec;java/util/concurrent/ForkJoinTask.doExec;java/util/concurrent/ForkJoinTask$RunnableExecuteAction.exec;java/lang/VirtualThread$$Lambda.0x00007a6f90039c78.run;java/lang/VirtualThread.runContinuation;jdk/internal/vm/Continuation.run;jdk/internal/vm/Continuation.enterSpecial;jdk/internal/vm/Continuation.enter;jdk/internal/vm/Continuation.enter0;java/lang/VirtualThread$VThreadContinuation$1.run;java/lang/VirtualThread.run;_notify_jvmti_vthread_start;SharedRuntime::notify_jvmti_vthread_start;JvmtiVTMSTransitionDisabler::VTMS_vthread_start;JvmtiVTMSTransitionDisabler::VTMS_mount_end 1
java/util/concurrent/ForkJoinWorkerThread.run;java/util/concurrent/ForkJoinPool.runWorker;java/util/concurrent/ForkJoinPool.scan;java/util/concurrent/ForkJoinPool$WorkQueue.topLevelExec;java/util/concurrent/ForkJoinTask.doExec;java/util/concurrent/ForkJoinTask$RunnableExecuteAction.exec;java/lang/VirtualThread$$Lambda.0x00007a6f90039c78.run;java/lang/VirtualThread.runContinuation;jdk/internal/vm/Continuation.run;jdk/internal/vm/Continuation.enterSpecial;jdk/internal/vm/Continuation.enter;jdk/internal/vm/Continuation.enter0;java/lang/VirtualThread$VThreadContinuation$1.run;java/lang/VirtualThread.run;_notify_jvmti_vthread_end;SharedRuntime::notify_jvmti_vthread_end;JvmtiVTMSTransitionDisabler::VTMS_vthread_end;JvmtiExport::cleanup_thread;Mutex::lock;pthread_mutex_lock;/usr/lib/x86_64-linux-gnu/libc.so.6;entry_SYSCALL_64_after_hwframe_[k];do_syscall_64_[k];x64_sys_call_[k];__x64_sys_futex_[k];do_futex_[k];futex_wait_[k];__futex_wait_[k];futex_wait_setup_[k] 1
java/util/concurrent/ForkJoinWorkerThread.run;java/util/concurrent/ForkJoinPool.runWorker;java/util/concurrent/ForkJoinPool.scan;java/util/concurrent/ForkJoinPool$WorkQueue.topLevelExec;java/util/concurrent/ForkJoinTask.doExec;java/util/concurrent/ForkJoinTask$RunnableExecuteAction.exec;java/lang/VirtualThread$$Lambda.0x00007a6f90039c78.run;java/lang/VirtualThread.runContinuation;jdk/internal/vm/Continuation.run;jdk/internal/vm/Continuation.enterSpecial;jdk/internal/vm/Continuation.enter;jdk/internal/vm/Continuation.enter0;java/lang/VirtualThread$VThreadContinuation$1.run;java/lang/VirtualThread.run;_notify_jvmti_vthread_start;SharedRuntime::notify_jvmti_vthread_start;JvmtiVTMSTransitionDisabler::VTMS_vthread_start;JvmtiVTMSTransitionDisabler::VTMS_mount_end;Mutex::lock;pthread_mutex_lock;/usr/lib/x86_64-linux-gnu/libc.so.6;entry_SYSCALL_64_after_hwframe_[k];do_syscall_64_[k];x64_sys_call_[k];__x64_sys_futex_[k];do_futex_[k];futex_wait_[k];__futex_wait_[k];futex_wait_setup_[k];futex_q_lock_[k] 8
java/util/concurrent/ForkJoinWorkerThread.run;java/util/concurrent/ForkJoinPool.runWorker;java/util/concurrent/ForkJoinPool.scan;java/util/concurrent/ForkJoinPool$WorkQueue.topLevelExec;java/util/concurrent/ForkJoinTask.doExec;java/util/concurrent/ForkJoinTask$RunnableExecuteAction.exec;java/lang/VirtualThread$$Lambda.0x00007a6f90039c78.run;java/lang/VirtualThread.runContinuation;jdk/internal/vm/Continuation.run;jdk/internal/vm/Continuation.enterSpecial;jdk/internal/vm/Continuation.enter;jdk/internal/vm/Continuation.enter0;java/lang/VirtualThread$VThreadContinuation$1.run;java/lang/VirtualThread.run;_notify_jvmti_vthread_end;SharedRuntime::notify_jvmti_vthread_end;JvmtiVTMSTransitionDisabler::VTMS_vthread_end;__pthread_mutex_unlock;/usr/lib/x86_64-linux-gnu/libc.so.6;entry_SYSCALL_64_after_hwframe_[k];do_syscall_64_[k];x64_sys_call_[k];__x64_sys_futex_[k];do_futex_[k];futex_wake_[k];_raw_spin_lock_[k];native_queued_spin_lock_slowpath_[k] 11944
java/util/concurrent/ForkJoinWorkerThread.run;java/util/concurrent/ForkJoinPool.runWorker;java/util/concurrent/ForkJoinPool.awaitWork 7
java/util/concurrent/ForkJoinWorkerThread.run;java/util/concurrent/ForkJoinPool.runWorker;java/util/concurrent/ForkJoinPool.scan;java/util/concurrent/ForkJoinPool$WorkQueue.topLevelExec;java/util/concurrent/ForkJoinTask.doExec;java/util/concurrent/ForkJoinTask$RunnableExecuteAction.exec;java/lang/VirtualThread$$Lambda.0x00007a6f90039c78.run;java/lang/VirtualThread.runContinuation;jdk/internal/vm/Continuation.run;jdk/internal/vm/Continuation.enterSpecial;jdk/internal/vm/Continuation.enter;jdk/internal/vm/Continuation.enter0;java/lang/VirtualThread$VThreadContinuation$1.run;java/lang/VirtualThread.run;_notify_jvmti_vthread_start;SharedRuntime::notify_jvmti_vthread_start;JvmtiVTMSTransitionDisabler::VTMS_vthread_start;__pthread_mutex_unlock;/usr/lib/x86_64-linux-gnu/libc.so.6;entry_SYSCALL_64_after_hwframe_[k];do_syscall_64_[k];x64_sys_call_[k];__x64_sys_futex_[k];do_futex_[k];futex_wake_[k];futex_wake_mark_[k];__futex_unqueue_[k] 14
java/util/concurrent/ForkJoinWorkerThread.run;java/util/concurrent/ForkJoinPool.runWorker;java/util/concurrent/ForkJoinPool.scan;java/util/concurrent/ForkJoinPool$WorkQueue.topLevelExec;java/util/concurrent/ForkJoinTask.doExec;java/util/concurrent/ForkJoinTask$RunnableExecuteAction.exec;java/lang/VirtualThread$$Lambda.0x00007a6f90039c78.run;java/lang/VirtualThread.runContinuation;jdk/internal/vm/Continuation.run;jdk/internal/vm/Continuation.enterSpecial;jdk/internal/vm/Continuation.enter;jdk/internal/vm/Continuation.enter0;java/lang/VirtualThread$VThreadContinuation$1.run;java/lang/VirtualThread.run;_notify_jvmti_vthread_start;SharedRuntime::notify_jvmti_vthread_start;JvmtiVTMSTransitionDisabler::VTMS_vthread_start;JvmtiVTMSTransitionDisabler::VTMS_mount_end;__pthread_mutex_unlock;/usr/lib/x86_64-linux-gnu/libc.so.6;entry_SYSCALL_64_after_hwframe_[k];do_syscall_64_[k];x64_sys_call_[k];__x64_sys_futex_[k];do_futex_[k];futex_wake_[k];futex_hash_[k];__futex_hash_[k] 1
java/util/concurrent/ForkJoinWorkerThread.run;java/util/concurrent/ForkJoinPool.runWorker;java/util/concurrent/ForkJoinPool.scan;java/util/concurrent/ForkJoinPool$WorkQueue.topLevelExec;java/util/concurrent/ForkJoinTask.doExec;java/util/concurrent/ForkJoinTask$RunnableExecuteAction.exec;java/lang/VirtualThread$$Lambda.0x00007a6f90039c78.run;java/lang/VirtualThread.runContinuation;jdk/internal/vm/Continuation.run;jdk/internal/vm/Continuation.enterSpecial;jdk/internal/vm/Continuation.enter;jdk/internal/vm/Continuation.enter0;java/lang/VirtualThread$VThreadContinuation$1.run;java/lang/VirtualThread.run;_notify_jvmti_vthread_start;SharedRuntime::notify_jvmti_vthread_start;JvmtiVTMSTransitionDisabler::VTMS_vthread_start;JvmtiEventController::thread_started;JvmtiThreadState::JvmtiThreadState;JvmtiEnvThreadState::JvmtiEnvThreadState 2
java/util/concurrent/ForkJoinWorkerThread.run;java/util/concurrent/ForkJoinPool.runWorker;java/util/concurrent/ForkJoinPool.scan;java/util/concurrent/ForkJoinPool$WorkQueue.topLevelExec;java/util/concurrent/ForkJoinTask.doExec;java/util/concurrent/ForkJoinTask$RunnableExecuteAction.exec;java/lang/VirtualThread$$Lambda.0x00007a6f90039c78.run;java/lang/VirtualThread.runContinuation;jdk/internal/vm/Continuation.run;jdk/internal/vm/Continuation.enterSpecial;jdk/internal/vm/Continuation.enter;jdk/internal/vm/Continuation.enter0;java/lang/VirtualThread$VThreadContinuation$1.run;java/lang/VirtualThread.run;_notify_jvmti_vthread_end;SharedRuntime::notify_jvmti_vthread_end;JvmtiVTMSTransitionDisabler::VTMS_vthread_end;__pthread_mutex_unlock 7
java/util/concurrent/ForkJoinWorkerThread.run;java/util/concurrent/ForkJoinPool.runWorker;java/util/concurrent/ForkJoinPool.scan;java/util/concurrent/ForkJoinPool$WorkQueue.topLevelExec;java/util/concurrent/ForkJoinTask.doExec;java/util/concurrent/ForkJoinTask$RunnableExecuteAction.exec;java/lang/VirtualThread$$Lambda.0x00007a6f90039c78.run;java/lang/VirtualThread.runContinuation;jdk/internal/vm/Continuation.run;jdk/internal/vm/Continuation.enterSpecial;jdk/internal/vm/Continuation.enter;jdk/internal/vm/Continuation.enter0;java/lang/VirtualThread$VThreadContinuation$1.run;java/lang/VirtualThread.run;_notify_jvmti_vthread_end;SharedRuntime::notify_jvmti_vthread_end;JvmtiVTMSTransitionDisabler::VTMS_vthread_end;JvmtiExport::cleanup_thread;Mutex::lock;pthread_mutex_lock;/usr/lib/x86_64-linux-gnu/libc.so.6 1
java/util/concurrent/ForkJoinWorkerThread.run;java/util/concurrent/ForkJoinPool.runWorker;java/util/concurrent/ForkJoinPool.scan;java/util/concurrent/ForkJoinPool$WorkQueue.topLevelExec;java/util/concurrent/ForkJoinTask.doExec;java/util/concurrent/ForkJoinTask$RunnableExecuteAction.exec;java/lang/VirtualThread$$Lambda.0x00007a6f90039c78.run;java/lang/VirtualThread.runContinuation;jdk/internal/vm/Continuation.run;jdk/internal/vm/Continuation.enterSpecial;jdk/internal/vm/Continuation.enter;jdk/internal/vm/Continuation.enter0;java/lang/VirtualThread$VThreadContinuation$1.run;java/lang/VirtualThread.run;_notify_jvmti_vthread_end;SharedRuntime::notify_jvmti_vthread_end;JvmtiVTMSTransitionDisabler::VTMS_vthread_end;__pthread_mutex_unlock;/usr/lib/x86_64-linux-gnu/libc.so.6;entry_SYSCALL_64_after_hwframe_[k];do_syscall_64_[k];x64_sys_call_[k];__x64_sys_futex_[k];do_futex_[k];futex_wake_[k];_raw_spin_lock_[k];native_queued_spin_lock_slowpath_[k] 97
java/util/concurrent/ForkJoinWorkerThread.run;java/util/concurrent/ForkJoinPool.runWorker;java/util/concurrent/ForkJoinPool.scan;java/util/concurrent/ForkJoinPool$WorkQueue.topLevelExec;java/util/concurrent/ForkJoinTask.doExec;java/util/concurrent/ForkJoinTask$RunnableExecuteAction.exec;java/lang/VirtualThread$$Lambda.0x00007a6f90039c78.run;java/lang/VirtualThread.runContinuation;java/lang/VirtualThread.afterDone;java/lang/VirtualThread.afterDone;jdk/internal/vm/ThreadContainers$RootContainer$TrackingRootContainer.onExit;java/util/concurrent/ConcurrentHashMap$KeySetView.remove;java/util/concurrent/ConcurrentHashMap.remove;java/util/concurrent/ConcurrentHashMap.replaceNode 1
java/util/concurrent/ForkJoinWorkerThread.run;java/util/concurrent/ForkJoinPool.runWorker;java/util/concurrent/ForkJoinPool.scan;java/util/concurrent/ForkJoinPool$WorkQueue.topLevelExec;java/util/concurrent/ForkJoinTask.doExec;java/util/concurrent/ForkJoinTask$RunnableExecuteAction.exec;java/lang/VirtualThread$$Lambda.0x00007a6f90039c78.run;java/lang/VirtualThread.runContinuation;jdk/internal/vm/Continuation.run;jdk/internal/vm/Continuation.enterSpecial;jdk/internal/vm/Continuation.enter;jdk/internal/vm/Continuation.enter0;java/lang/VirtualThread$VThreadContinuation$1.run;java/lang/VirtualThread.run;_notify_jvmti_vthread_start;SharedRuntime::notify_jvmti_vthread_start;JvmtiVTMSTransitionDisabler::VTMS_vthread_start;JvmtiVTMSTransitionDisabler::VTMS_mount_end;__pthread_mutex_unlock;/usr/lib/x86_64-linux-gnu/libc.so.6;entry_SYSCALL_64_after_hwframe_[k];do_syscall_64_[k];x64_sys_call_[k];__x64_sys_futex_[k];do_futex_[k];futex_wake_[k];futex_hash_[k] 57
java/util/concurrent/ForkJoinWorkerThread.run;java/util/concurrent/ForkJoinPool.runWorker;java/util/concurrent/ForkJoinPool.scan;java/util/concurrent/ForkJoinPool$WorkQueue.topLevelExec;java/util/concurrent/ForkJoinTask.doExec;java/util/concurrent/ForkJoinTask$RunnableExecuteAction.exec;java/lang/VirtualThread$$Lambda.0x00007a6f90039c78.run;java/lang/VirtualThread.runContinuation;jdk/internal/vm/Continuation.run;jdk/internal/vm/Continuation.enterSpecial;jdk/internal/vm/Continuation.enter;jdk/internal/vm/Continuation.enter0;java/lang/VirtualThread$VThreadContinuation$1.run;java/lang/VirtualThread.run;_notify_jvmti_vthread_start;SharedRuntime::notify_jvmti_vthread_start;JvmtiVTMSTransitionDisabler::VTMS_vthread_start;JvmtiEventController::thread_started;Mutex::lock;pthread_mutex_lock;/usr/lib/x86_64-linux-gnu/libc.so.6;entry_SYSCALL_64_after_hwframe_[k];do_syscall_64_[k];x64_sys_call_[k];__x64_sys_futex_[k];do_futex_[k];futex_wait_[k];__futex_wait_[k];futex_wait_setup_[k];futex_hash_[k];futex_ref_get_[k] 1
java/lang/Thread.run;java/lang/Thread.runWith;java/util/concurrent/ThreadPoolExecutor$Worker.run;java/util/concurrent/ThreadPoolExecutor.runWorker;java/util/concurrent/FutureTask.run;java/util/concurrent/Executors$RunnableAdapter.call;java/util/concurrent/FutureTask.run;org/openjdk/jmh/runner/BenchmarkHandler$BenchmarkTask.call;org/openjdk/jmh/runner/BenchmarkHandler$BenchmarkTask.call;java/lang/reflect/Method.invoke;jdk/internal/reflect/DirectMethodHandleAccessor.invoke;jdk/internal/reflect/DirectMethodHandleAccessor.invokeImpl;java/lang/invoke/LambdaForm$MH.0x00007a6f9002e800.invokeExact_MT;java/lang/invoke/LambdaForm$MH.0x00007a6f9002e400.invoke;java/lang/invoke/DirectMethodHandle$Holder.invokeSpecial;uk/ac/ncl/jensen/benchmark/jmh_generated/VThreadChurnBenchmark_churn_jmhTest.churn_AverageTime;uk/ac/ncl/jensen/benchmark/jmh_generated/VThreadChurnBenchmark_churn_jmhTest.churn_avgt_jmhStub;uk/ac/ncl/jensen/benchmark/VThreadChurnBenchmark.churn;java/lang/ThreadBuilders$VirtualThreadBuilder.start;java/lang/VirtualThread.start;java/lang/VirtualThread.start;jdk/internal/vm/ThreadContainers$RootContainer$TrackingRootContainer.onStart;java/util/concurrent/ConcurrentHashMap$KeySetView.add;java/util/concurrent/ConcurrentHashMap.putVal;java/util/concurrent/ConcurrentHashMap.addCount 4
java/util/concurrent/ForkJoinWorkerThread.run;java/util/concurrent/ForkJoinPool.runWorker;java/util/concurrent/ForkJoinPool.scan;java/util/concurrent/ForkJoinPool$WorkQueue.topLevelExec;java/util/concurrent/ForkJoinTask.doExec;java/util/concurrent/ForkJoinTask$RunnableExecuteAction.exec;java/lang/VirtualThread$$Lambda.0x00007a6f90039c78.run;java/lang/VirtualThread.runContinuation;jdk/internal/vm/Continuation.run;jdk/internal/vm/Continuation.enterSpecial;jdk/internal/vm/Continuation.enter;jdk/internal/vm/Continuation.enter0;java/lang/VirtualThread$VThreadContinuation$1.run;java/lang/VirtualThread.run;_notify_jvmti_vthread_end;SharedRuntime::notify_jvmti_vthread_end;JvmtiVTMSTransitionDisabler::VTMS_vthread_end;__pthread_mutex_unlock;/usr/lib/x86_64-linux-gnu/libc.so.6;entry_SYSCALL_64_after_hwframe_[k];do_syscall_64_[k];x64_sys_call_[k];__x64_sys_futex_[k];do_futex_[k];futex_hash_put_[k] 24
java/util/concurrent/ForkJoinWorkerThread.run;java/util/concurrent/ForkJoinPool.runWorker;java/util/concurrent/ForkJoinPool.scan;java/util/concurrent/ForkJoinPool$WorkQueue.topLevelExec;java/util/concurrent/ForkJoinTask.doExec;java/util/concurrent/ForkJoinTask$RunnableExecuteAction.exec;java/lang/VirtualThread$$Lambda.0x00007a6f90039c78.run;java/lang/VirtualThread.runContinuation;jdk/internal/vm/Continuation.run;jdk/internal/vm/Continuation.enterSpecial;jdk/internal/vm/Continuation.enter;jdk/internal/vm/Continuation.enter0;java/lang/VirtualThread$VThreadContinuation$1.run;java/lang/VirtualThread.run;_notify_jvmti_vthread_start;SharedRuntime::notify_jvmti_vthread_start;JvmtiVTMSTransitionDisabler::VTMS_vthread_start;JvmtiVTMSTransitionDisabler::VTMS_mount_end;__pthread_mutex_unlock;/usr/lib/x86_64-linux-gnu/libc.so.6;entry_SYSCALL_64_after_hwframe_[k];do_syscall_64_[k];x64_sys_call_[k];__x64_sys_futex_[k];do_futex_[k];futex_wake_[k];_raw_spin_lock_[k];native_queued_spin_lock_slowpath_[k] 167
java/util/concurrent/ForkJoinWorkerThread.run;java/util/concurrent/ForkJoinPool.runWorker;java/util/concurrent/ForkJoinPool.scan;java/util/concurrent/ForkJoinPool$WorkQueue.topLevelExec;java/util/concurrent/ForkJoinTask.doExec;java/util/concurrent/ForkJoinTask$RunnableExecuteAction.exec;java/lang/VirtualThread$$Lambda.0x00007a6f90039c78.run;java/lang/VirtualThread.runContinuation;jdk/internal/vm/Continuation.run;jdk/internal/vm/Continuation.enterSpecial;jdk/internal/vm/Continuation.enter;jdk/internal/vm/Continuation.enter0;java/lang/VirtualThread$VThreadContinuation$1.run;java/lang/VirtualThread.run;_notify_jvmti_vthread_start;SharedRuntime::notify_jvmti_vthread_start;JvmtiVTMSTransitionDisabler::VTMS_vthread_start;JvmtiEventController::thread_started;JvmtiThreadState::JvmtiThreadState;OopStorage::allocate 9
java/util/concurrent/ForkJoinWorkerThread.run;java/util/concurrent/ForkJoinPool.runWorker;java/util/concurrent/ForkJoinPool.scan;java/util/concurrent/ForkJoinPool$WorkQueue.topLevelExec 1
java/util/concurrent/ForkJoinWorkerThread.run;java/util/concurrent/ForkJoinPool.runWorker;java/util/concurrent/ForkJoinPool.scan;java/util/concurrent/ForkJoinPool$WorkQueue.topLevelExec;java/util/concurrent/ForkJoinTask.doExec;java/util/concurrent/ForkJoinTask$RunnableExecuteAction.exec;java/lang/VirtualThread$$Lambda.0x00007a6f90039c78.run;java/lang/VirtualThread.runContinuation;jdk/internal/vm/Continuation.run;jdk/internal/vm/Continuation.enterSpecial;jdk/internal/vm/Continuation.enter;jdk/internal/vm/Continuation.enter0;java/lang/VirtualThread$VThreadContinuation$1.run;java/lang/VirtualThread.run;_notify_jvmti_vthread_start;SharedRuntime::notify_jvmti_vthread_start;JvmtiVTMSTransitionDisabler::VTMS_vthread_start;JvmtiVTMSTransitionDisabler::VTMS_mount_end;__pthread_mutex_unlock;/usr/lib/x86_64-linux-gnu/libc.so.6;entry_SYSCALL_64_after_hwframe_[k];do_syscall_64_[k];x64_sys_call_[k];__x64_sys_futex_[k];do_futex_[k];futex_wake_[k] 14
java/util/concurrent/ForkJoinWorkerThread.run;java/util/concurrent/ForkJoinPool.runWorker;java/util/concurrent/ForkJoinPool.scan;java/util/concurrent/ForkJoinPool$WorkQueue.topLevelExec;java/util/concurrent/ForkJoinTask.doExec;java/util/concurrent/ForkJoinTask$RunnableExecuteAction.exec;java/lang/VirtualThread$$Lambda.0x00007a6f90039c78.run;java/lang/VirtualThread.runContinuation;jdk/internal/vm/Continuation.run;jdk/internal/vm/Continuation.enterSpecial;jdk/internal/vm/Continuation.enter;jdk/internal/vm/Continuation.enter0;java/lang/VirtualThread$VThreadContinuation$1.run;java/lang/VirtualThread.run;_notify_jvmti_vthread_end;SharedRuntime::notify_jvmti_vthread_end;JvmtiVTMSTransitionDisabler::VTMS_vthread_end;JvmtiVTMSTransitionDisabler::start_VTMS_transition 4
java/util/concurrent/ForkJoinWorkerThread.run;java/util/concurrent/ForkJoinPool.runWorker;java/util/concurrent/ForkJoinPool.scan;java/util/concurrent/ForkJoinPool$WorkQueue.topLevelExec;java/util/concurrent/ForkJoinTask.doExec;java/util/concurrent/ForkJoinTask$RunnableExecuteAction.exec;java/lang/VirtualThread$$Lambda.0x00007a6f90039c78.run;java/lang/VirtualThread.runContinuation;jdk/internal/vm/Continuation.run;jdk/internal/vm/Continuation.enterSpecial 2
java/util/concurrent/ForkJoinWorkerThread.run;java/util/concurrent/ForkJoinPool.runWorker;java/util/concurrent/ForkJoinPool.scan;java/util/concurrent/ForkJoinPool$WorkQueue.topLevelExec;java/util/concurrent/ForkJoinTask.doExec;java/util/concurrent/ForkJoinTask$RunnableExecuteAction.exec;java/lang/VirtualThread$$Lambda.0x00007a6f90039c78.run;java/lang/VirtualThread.runContinuation;jdk/internal/vm/Continuation.run;jdk/internal/vm/Continuation.enterSpecial;jdk/internal/vm/Continuation.enter;jdk/internal/vm/Continuation.enter0;java/lang/VirtualThread$VThreadContinuation$1.run;java/lang/VirtualThread.run;_notify_jvmti_vthread_start;SharedRuntime::notify_jvmti_vthread_start;JvmtiVTMSTransitionDisabler::VTMS_vthread_start;JvmtiVTMSTransitionDisabler::VTMS_mount_end;Mutex::lock;pthread_mutex_lock;/usr/lib/x86_64-linux-gnu/libc.so.6;entry_SYSCALL_64_after_hwframe_[k];do_syscall_64_[k];x64_sys_call_[k];__x64_sys_futex_[k];do_futex_[k];futex_wait_[k];__futex_wait_[k];futex_wait_setup_[k];__futex_queue_[k];plist_add_[k] 1
java/util/concurrent/ForkJoinWorkerThread.run;java/util/concurrent/ForkJoinPool.runWorker;java/util/concurrent/ForkJoinPool.scan;java/util/concurrent/ForkJoinPool$WorkQueue.topLevelExec;java/util/concurrent/ForkJoinTask.doExec;java/util/concurrent/ForkJoinTask$RunnableExecuteAction.exec;java/lang/VirtualThread$$Lambda.0x00007a6f90039c78.run;java/lang/VirtualThread.runContinuation;jdk/internal/vm/Continuation.run;jdk/internal/vm/Continuation.enterSpecial;jdk/internal/vm/Continuation.enter;jdk/internal/vm/Continuation.enter0;java/lang/VirtualThread$VThreadContinuation$1.run;java/lang/VirtualThread.run;_notify_jvmti_vthread_end;SharedRuntime::notify_jvmti_vthread_end;JvmtiVTMSTransitionDisabler::VTMS_vthread_end;JvmtiExport::cleanup_thread;Mutex::lock;pthread_mutex_lock;/usr/lib/x86_64-linux-gnu/libc.so.6;entry_SYSCALL_64_after_hwframe_[k];do_syscall_64_[k];x64_sys_call_[k];__x64_sys_futex_[k];do_futex_[k];futex_wait_[k];__futex_wait_[k];futex_wait_setup_[k];_raw_spin_lock_[k] 31
java/util/concurrent/ForkJoinWorkerThread.run;java/util/concurrent/ForkJoinPool.runWorker;java/util/concurrent/ForkJoinPool.scan;java/util/concurrent/ForkJoinPool$WorkQueue.topLevelExec;java/util/concurrent/ForkJoinTask.doExec;java/util/concurrent/ForkJoinTask$RunnableExecuteAction.exec;java/lang/VirtualThread$$Lambda.0x00007a6f90039c78.run;java/lang/VirtualThread.runContinuation;jdk/internal/vm/Continuation.run;jdk/internal/vm/Continuation.enterSpecial;jdk/internal/vm/Continuation.enter;jdk/internal/vm/Continuation.enter0;java/lang/VirtualThread$VThreadContinuation$1.run;java/lang/VirtualThread.run;_notify_jvmti_vthread_end;SharedRuntime::notify_jvmti_vthread_end;JvmtiVTMSTransitionDisabler::VTMS_vthread_end;__pthread_mutex_unlock;/usr/lib/x86_64-linux-gnu/libc.so.6;entry_SYSCALL_64_after_hwframe_[k];do_syscall_64_[k];x64_sys_call_[k];__x64_sys_futex_[k];do_futex_[k];_raw_spin_lock_[k] 6
java/util/concurrent/ForkJoinWorkerThread.run;java/util/concurrent/ForkJoinPool.runWorker;java/util/concurrent/ForkJoinPool.scan;java/util/concurrent/ForkJoinPool$WorkQueue.topLevelExec;java/util/concurrent/ForkJoinTask.doExec;java/util/concurrent/ForkJoinTask$RunnableExecuteAction.exec;java/lang/VirtualThread$$Lambda.0x00007a6f90039c78.run;java/lang/VirtualThread.runContinuation;java/lang/VirtualThread.unmount;_notify_jvmti_vthread_unmount;SharedRuntime::notify_jvmti_vthread_unmount;JvmtiVTMSTransitionDisabler::finish_VTMS_transition;java_lang_Thread::set_is_in_VTMS_transition 6
java/lang/Thread.run;java/lang/Thread.runWith;java/util/concurrent/ThreadPoolExecutor$Worker.run;java/util/concurrent/ThreadPoolExecutor.runWorker;java/util/concurrent/FutureTask.run;java/util/concurrent/Executors$RunnableAdapter.call;java/util/concurrent/FutureTask.run;org/openjdk/jmh/runner/BenchmarkHandler$BenchmarkTask.call;org/openjdk/jmh/runner/BenchmarkHandler$BenchmarkTask.call;java/lang/reflect/Method.invoke;jdk/internal/reflect/DirectMethodHandleAccessor.invoke;jdk/internal/reflect/DirectMethodHandleAccessor.invokeImpl;java/lang/invoke/LambdaForm$MH.0x00007a6f9002e800.invokeExact_MT;java/lang/invoke/LambdaForm$MH.0x00007a6f9002e400.invoke;java/lang/invoke/DirectMethodHandle$Holder.invokeSpecial;uk/ac/ncl/jensen/benchmark/jmh_generated/VThreadChurnBenchmark_churn_jmhTest.churn_AverageTime;uk/ac/ncl/jensen/benchmark/jmh_generated/VThreadChurnBenchmark_churn_jmhTest.churn_avgt_jmhStub;uk/ac/ncl/jensen/benchmark/VThreadChurnBenchmark.churn;java/lang/Thread.join;java/lang/Thread.join;java/lang/VirtualThread.joinNanos;java/util/concurrent/CountDownLatch.await;java/util/concurrent/locks/AbstractQueuedSynchronizer.acquireSharedInterruptibly;java/util/concurrent/locks/AbstractQueuedSynchronizer.acquire;java/util/concurrent/locks/LockSupport.park;jdk/internal/misc/Unsafe.park;Unsafe_Park;Parker::park;__pthread_mutex_unlock;/usr/lib/x86_64-linux-gnu/libc.so.6;entry_SYSCALL_64_after_hwframe_[k];do_syscall_64_[k];x64_sys_call_[k];__x64_sys_futex_[k];do_futex_[k];futex_wake_[k];futex_hash_[k] 1
java/util/concurrent/ForkJoinWorkerThread.run;java/util/concurrent/ForkJoinPool.runWorker;java/util/concurrent/ForkJoinPool.scan;java/util/concurrent/ForkJoinPool$WorkQueue.topLevelExec;java/util/concurrent/ForkJoinTask.doExec;java/util/concurrent/ForkJoinTask$RunnableExecuteAction.exec;java/lang/VirtualThread$$Lambda.0x00007a6f90039c78.run;java/lang/VirtualThread.runContinuation;jdk/internal/vm/Continuation.run;jdk/internal/vm/Continuation.enterSpecial;jdk/internal/vm/Continuation.enter;jdk/internal/vm/Continuation.enter0;java/lang/VirtualThread$VThreadContinuation$1.run;java/lang/VirtualThread.run;_notify_jvmti_vthread_start;SharedRuntime::notify_jvmti_vthread_start;JvmtiVTMSTransitionDisabler::VTMS_vthread_start;JvmtiEventController::thread_started;Mutex::lock;pthread_mutex_lock;/usr/lib/x86_64-linux-gnu/libc.so.6;entry_SYSCALL_64_after_hwframe_[k];do_syscall_64_[k];x64_sys_call_[k];__x64_sys_futex_[k];do_futex_[k];futex_wait_[k];__futex_wait_[k];futex_wait_setup_[k];futex_q_lock_[k];_raw_spin_lock_[k];native_queued_spin_lock_slowpath_[k] 106
java/util/concurrent/ForkJoinWorkerThread.run;java/util/concurrent/ForkJoinPool.runWorker;java/util/concurrent/ForkJoinPool.scan;java/util/concurrent/ForkJoinPool$WorkQueue.topLevelExec;java/util/concurrent/ForkJoinTask.doExec;java/util/concurrent/ForkJoinTask$RunnableExecuteAction.exec;java/lang/VirtualThread$$Lambda.0x00007a6f90039c78.run;java/lang/VirtualThread.runContinuation;jdk/internal/vm/Continuation.run;jdk/internal/vm/Continuation.enterSpecial;jdk/internal/vm/Continuation.enter;jdk/internal/vm/Continuation.enter0;java/lang/VirtualThread$VThreadContinuation$1.run;java/lang/VirtualThread.run;_notify_jvmti_vthread_start;SharedRuntime::notify_jvmti_vthread_start;JvmtiVTMSTransitionDisabler::VTMS_vthread_start;JvmtiEventController::thread_started;JvmtiEventControllerPrivate::recompute_thread_enabled;JvmtiEnvThreadState::has_frame_pops 1
java/util/concurrent/ForkJoinWorkerThread.run;java/util/concurrent/ForkJoinPool.runWorker;java/util/concurrent/ForkJoinPool.scan;java/util/concurrent/ForkJoinPool$WorkQueue.topLevelExec;java/util/concurrent/ForkJoinTask.doExec;java/util/concurrent/ForkJoinTask$RunnableExecuteAction.exec;java/lang/VirtualThread$$Lambda.0x00007a6f90039c78.run;java/lang/VirtualThread.runContinuation;jdk/internal/vm/Continuation.run;jdk/internal/vm/Continuation.enterSpecial;jdk/internal/vm/Continuation.enter;jdk/internal/vm/Continuation.enter0;java/lang/VirtualThread$VThreadContinuation$1.run;java/lang/VirtualThread.run;_notify_jvmti_vthread_end;SharedRuntime::notify_jvmti_vthread_end;JvmtiVTMSTransitionDisabler::VTMS_vthread_end;JvmtiVTMSTransitionDisabler::start_VTMS_transition 46
java/util/concurrent/ForkJoinWorkerThread.run;java/util/concurrent/ForkJoinPool.runWorker;java/util/concurrent/ForkJoinPool.scan;java/util/concurrent/ForkJoinPool$WorkQueue.topLevelExec;java/util/concurrent/ForkJoinTask.doExec;java/util/concurrent/ForkJoinTask$RunnableExecuteAction.exec;java/lang/VirtualThread$$Lambda.0x00007a6f90039c78.run;java/lang/VirtualThread.runContinuation;jdk/internal/vm/Continuation.run;jdk/internal/vm/Continuation.enterSpecial;jdk/internal/vm/Continuation.enter;jdk/internal/vm/Continuation.enter0;java/lang/VirtualThread$VThreadContinuation$1.run;java/lang/VirtualThread.run;_notify_jvmti_vthread_start;SharedRuntime::notify_jvmti_vthread_start;JvmtiVTMSTransitionDisabler::VTMS_vthread_start;__pthread_mutex_unlock;/usr/lib/x86_64-linux-gnu/libc.so.6;entry_SYSCALL_64_after_hwframe_[k];do_syscall_64_[k];x64_sys_call_[k];__x64_sys_futex_[k];do_futex_[k];futex_wake_[k];wake_up_q_[k] 11
java/util/concurrent/ForkJoinWorkerThread.run;java/util/concurrent/ForkJoinPool.runWorker;java/util/concurrent/ForkJoinPool.scan;java/util/concurrent/ForkJoinPool$WorkQueue.topLevelExec;java/util/concurrent/ForkJoinTask.doExec;java/util/concurrent/ForkJoinTask$RunnableExecuteAction.exec;java/lang/VirtualThread$$Lambda.0x00007a6f90039c78.run;java/lang/VirtualThread.runContinuation;jdk/internal/vm/Continuation.run;jdk/internal/vm/Continuation.enterSpecial;jdk/internal/vm/Continuation.enter;jdk/internal/vm/Continuation.enter0;java/lang/VirtualThread$VThreadContinuation$1.run;java/lang/VirtualThread.run;_notify_jvmti_vthread_start;SharedRuntime::notify_jvmti_vthread_start;JvmtiVTMSTransitionDisabler::VTMS_vthread_start;JvmtiEventController::thread_started;JvmtiThreadState::JvmtiThreadState;OopStorage::allocate 55
java/util/concurrent/ForkJoinWorkerThread.run;java/util/concurrent/ForkJoinPool.runWorker;java/util/concurrent/ForkJoinPool.scan;java/util/concurrent/ForkJoinPool$WorkQueue.topLevelExec;java/util/concurrent/ForkJoinTask.doExec;java/util/concurrent/ForkJoinTask$RunnableExecuteAction.exec;java/lang/VirtualThread$$Lambda.0x00007a6f90039c78.run;java/lang/VirtualThread.runContinuation;jdk/internal/vm/Continuation.run;jdk/internal/vm/Continuation.enterSpecial;jdk/internal/vm/Continuation.enter;jdk/internal/vm/Continuation.enter0;java/lang/VirtualThread$VThreadContinuation$1.run;java/lang/VirtualThread.run;_notify_jvmti_vthread_end;SharedRuntime::notify_jvmti_vthread_end;JvmtiVTMSTransitionDisabler::VTMS_vthread_end;JvmtiExport::cleanup_thread;Mutex::lock;pthread_mutex_lock;/usr/lib/x86_64-linux-gnu/libc.so.6 2
java/util/concurrent/ForkJoinWorkerThread.run;java/util/concurrent/ForkJoinPool.runWorker;java/util/concurrent/ForkJoinPool.scan;java/util/concurrent/ForkJoinPool$WorkQueue.topLevelExec;java/util/concurrent/ForkJoinTask.doExec;java/util/concurrent/ForkJoinTask$RunnableExecuteAction.exec;java/lang/VirtualThread$$Lambda.0x00007a6f90039c78.run;java/lang/VirtualThread.runContinuation;jdk/internal/vm/Continuation.run;jdk/internal/vm/Continuation.enterSpecial;jdk/internal/vm/Continuation.enter;jdk/internal/vm/Continuation.enter0;java/lang/VirtualThread$VThreadContinuation$1.run;java/lang/VirtualThread.run;_notify_jvmti_vthread_start;SharedRuntime::notify_jvmti_vthread_start;JvmtiVTMSTransitionDisabler::VTMS_vthread_start;__pthread_mutex_unlock;/usr/lib/x86_64-linux-gnu/libc.so.6;entry_SYSCALL_64_after_hwframe_[k];do_syscall_64_[k];x64_sys_call_[k];__x64_sys_futex_[k];do_futex_[k];get_futex_key_[k] 1
java/util/concurrent/ForkJoinWorkerThread.run;java/util/concurrent/ForkJoinPool.runWorker;java/util/concurrent/ForkJoinPool.scan 11
java/util/concurrent/ForkJoinWorkerThread.run;java/util/concurrent/ForkJoinPool.runWorker;java/util/concurrent/ForkJoinPool.scan;java/util/concurrent/ForkJoinPool$WorkQueue.topLevelExec;java/util/concurrent/ForkJoinTask.doExec;java/util/concurrent/ForkJoinTask$RunnableExecuteAction.exec;java/lang/VirtualThread$$Lambda.0x00007a6f90039c78.run;java/lang/VirtualThread.runContinuation;jdk/internal/vm/Continuation.run;jdk/internal/vm/Continuation.enterSpecial;jdk/internal/vm/Continuation.enter;jdk/internal/vm/Continuation.enter0;java/lang/VirtualThread$VThreadContinuation$1.run;java/lang/VirtualThread.run;_notify_jvmti_vthread_start;SharedRuntime::notify_jvmti_vthread_start;JvmtiVTMSTransitionDisabler::VTMS_vthread_start;JvmtiVTMSTransitionDisabler::VTMS_mount_end;Mutex::lock;pthread_mutex_lock;/usr/lib/x86_64-linux-gnu/libc.so.6;entry_SYSCALL_64_after_hwframe_[k];do_syscall_64_[k];x64_sys_call_[k];__x64_sys_futex_[k];do_futex_[k];futex_wait_[k];__futex_wait_[k];futex_wait_setup_[k];futex_q_lock_[k];_raw_spin_lock_[k];native_queued_spin_lock_slowpath_[k] 1
java/util/concurrent/ForkJoinWorkerThread.run;java/util/concurrent/ForkJoinPool.runWorker;java/util/concurrent/ForkJoinPool.scan;java/util/concurrent/ForkJoinPool$WorkQueue.topLevelExec 5
java/util/concurrent/ForkJoinWorkerThread.run;java/util/concurrent/ForkJoinPool.runWorker;java/util/concurrent/ForkJoinPool.scan;java/util/concurrent/ForkJoinPool$WorkQueue.topLevelExec;java/util/concurrent/ForkJoinTask.doExec;java/util/concurrent/ForkJoinTask$RunnableExecuteAction.exec;java/lang/VirtualThread$$Lambda.0x00007a6f90039c78.run;java/lang/VirtualThread.runContinuation;java/lang/VirtualThread.mount;_notify_jvmti_vthread_mount;SharedRuntime::notify_jvmti_vthread_mount;JvmtiVTMSTransitionDisabler::start_VTMS_transition 4
java/util/concurrent/ForkJoinWorkerThread.run;java/util/concurrent/ForkJoinPool.runWorker;java/util/concurrent/ForkJoinPool.scan;java/util/concurrent/ForkJoinPool$WorkQueue.topLevelExec;java/util/concurrent/ForkJoinTask.doExec;java/util/concurrent/ForkJoinTask$RunnableExecuteAction.exec;java/lang/VirtualThread$$Lambda.0x00007a6f90039c78.run;java/lang/VirtualThread.runContinuation;jdk/internal/vm/Continuation.run;jdk/internal/vm/Continuation.enterSpecial;jdk/internal/vm/Continuation.enter;jdk/internal/vm/Continuation.enter0;java/lang/VirtualThread$VThreadContinuation$1.run;java/lang/VirtualThread.run;_notify_jvmti_vthread_start;SharedRuntime::notify_jvmti_vthread_start;JvmtiVTMSTransitionDisabler::VTMS_vthread_start;JvmtiVTMSTransitionDisabler::VTMS_mount_end;__pthread_mutex_unlock;/usr/lib/x86_64-linux-gnu/libc.so.6;entry_SYSCALL_64_after_hwframe_[k];do_syscall_64_[k];x64_sys_call_[k];__x64_sys_futex_[k];do_futex_[k];futex_wake_[k];_raw_spin_lock_[k];native_queued_spin_lock_slowpath_[k] 79
java/util/concurrent/ForkJoinWorkerThread.run;java/util/concurrent/ForkJoinPool.runWorker;java/util/concurrent/ForkJoinPool.scan;java/util/concurrent/ForkJoinPool$WorkQueue.topLevelExec;java/util/concurrent/ForkJoinPool$WorkQueue.tryPoll 2
java/util/concurrent/ForkJoinWorkerThread.run;java/util/concurrent/ForkJoinPool.runWorker;java/util/concurrent/ForkJoinPool.scan;java/util/concurrent/ForkJoinPool$WorkQueue.topLevelExec;java/util/concurrent/ForkJoinTask.doExec;java/util/concurrent/ForkJoinTask$RunnableExecuteAction.exec;java/lang/VirtualThread$$Lambda.0x00007a6f90039c78.run;java/lang/VirtualThread.runContinuation;java/lang/VirtualThread.unmount;_notify_jvmti_vthread_unmount 1
java/util/concurrent/ForkJoinWorkerThread.run;java/util/concurrent/ForkJoinPool.runWorker;java/util/concurrent/ForkJoinPool.scan;java/util/concurrent/ForkJoinPool$WorkQueue.topLevelExec;java/util/concurrent/ForkJoinTask.doExec;java/util/concurrent/ForkJoinTask$RunnableExecuteAction.exec;java/lang/VirtualThread$$Lambda.0x00007a6f90039c78.run;java/lang/VirtualThread.runContinuation;jdk/internal/vm/Continuation.run;jdk/internal/vm/Continuation.enterSpecial;jdk/internal/vm/Continuation.enter;jdk/internal/vm/Continuation.enter0;java/lang/VirtualThread$VThreadContinuation$1.run;java/lang/VirtualThread.run;_notify_jvmti_vthread_start;SharedRuntime::notify_jvmti_vthread_start;JvmtiVTMSTransitionDisabler::VTMS_vthread_start;JvmtiVTMSTransitionDisabler::VTMS_mount_end;__pthread_mutex_unlock;/usr/lib/x86_64-linux-gnu/libc.so.6;entry_SYSCALL_64_after_hwframe_[k];do_syscall_64_[k];x64_sys_call_[k];__x64_sys_futex_[k];do_futex_[k];_raw_spin_lock_[k] 2
java/util/concurrent/ForkJoinWorkerThread.run;java/util/concurrent/ForkJoinPool.runWorker;java/util/concurrent/ForkJoinPool.scan;java/util/concurrent/ForkJoinPool$WorkQueue.topLevelExec;java/util/concurrent/ForkJoinTask.doExec;java/util/concurrent/ForkJoinTask$RunnableExecuteAction.exec;java/lang/VirtualThread$$Lambda.0x00007a6f90039c78.run;java/lang/VirtualThread.runContinuation;jdk/internal/vm/Continuation.run;jdk/internal/vm/Continuation.enterSpecial;jdk/internal/vm/Continuation.enter;jdk/internal/vm/Continuation.enter0;java/lang/VirtualThread$VThreadContinuation$1.run;java/lang/VirtualThread.run;_notify_jvmti_vthread_start;SharedRuntime::notify_jvmti_vthread_start;JvmtiVTMSTransitionDisabler::VTMS_vthread_start;JvmtiVTMSTransitionDisabler::VTMS_mount_end;__pthread_mutex_unlock;/usr/lib/x86_64-linux-gnu/libc.so.6;entry_SYSCALL_64_after_hwframe_[k];do_syscall_64_[k];x64_sys_call_[k];__x64_sys_futex_[k];do_futex_[k];futex_wake_[k];futex_ref_get_[k] 1
java/util/concurrent/ForkJoinWorkerThread.run;java/util/concurrent/ForkJoinPool.runWorker;java/util/concurrent/ForkJoinPool.scan;java/util/concurrent/ForkJoinPool$WorkQueue.topLevelExec;java/util/concurrent/ForkJoinTask.doExec;java/util/concurrent/ForkJoinTask$RunnableExecuteAction.exec;java/lang/VirtualThread$$Lambda.0x00007a6f90039c78.run;java/lang/VirtualThread.runContinuation;jdk/internal/vm/Continuation.run;jdk/internal/vm/Continuation.enterSpecial;jdk/internal/vm/Continuation.enter;jdk/internal/vm/Continuation.enter0;java/lang/VirtualThread$VThreadContinuation$1.run;java/lang/VirtualThread.run;_notify_jvmti_vthread_start;SharedRuntime::notify_jvmti_vthread_start;JvmtiVTMSTransitionDisabler::VTMS_vthread_start;__pthread_mutex_unlock;/usr/lib/x86_64-linux-gnu/libc.so.6;entry_SYSCALL_64_after_hwframe_[k];do_syscall_64_[k];x64_sys_call_[k];__x64_sys_futex_[k];do_futex_[k];futex_wake_[k];_raw_spin_lock_[k];native_queued_spin_lock_slowpath_[k] 1342
java/util/concurrent/ForkJoinWorkerThread.run;java/util/concurrent/ForkJoinPool.runWorker;java/util/concurrent/ForkJoinPool.scan;java/util/concurrent/ForkJoinPool$WorkQueue.topLevelExec;java/util/concurrent/ForkJoinTask.doExec;java/util/concurrent/ForkJoinTask$RunnableExecuteAction.exec;java/lang/VirtualThread$$Lambda.0x00007a6f90039c78.run;java/lang/VirtualThread.runContinuation;jdk/internal/vm/Continuation.run;jdk/internal/vm/Continuation.enterSpecial;jdk/internal/vm/Continuation.enter;jdk/internal/vm/Continuation.enter0;java/lang/VirtualThread$VThreadContinuation$1.run;java/lang/VirtualThread.run;_notify_jvmti_vthread_end;SharedRuntime::notify_jvmti_vthread_end;JvmtiVTMSTransitionDisabler::VTMS_vthread_end;__pthread_mutex_unlock;/usr/lib/x86_64-linux-gnu/libc.so.6;entry_SYSCALL_64_after_hwframe_[k];do_syscall_64_[k];x64_sys_call_[k];__x64_sys_futex_[k];do_futex_[k];futex_wake_[k];futex_hash_[k] 4
java/util/concurrent/ForkJoinWorkerThread.run;java/util/concurrent/ForkJoinPool.runWorker;java/util/concurrent/ForkJoinPool.awaitWork;java/util/concurrent/locks/LockSupport.park;jdk/internal/misc/Unsafe.park;Unsafe_Park;Parker::park;__pthread_mutex_unlock;/usr/lib/x86_64-linux-gnu/libc.so.6;entry_SYSCALL_64_after_hwframe_[k];do_syscall_64_[k];x64_sys_call_[k];__x64_sys_futex_[k];do_futex_[k];futex_wake_[k] 1
java/util/concurrent/ForkJoinWorkerThread.run;java/util/concurrent/ForkJoinPool.runWorker;java/util/concurrent/ForkJoinPool.scan;java/util/concurrent/ForkJoinPool$WorkQueue.topLevelExec;java/util/concurrent/ForkJoinTask.doExec;java/util/concurrent/ForkJoinTask$RunnableExecuteAction.exec;java/lang/VirtualThread$$Lambda.0x00007a6f90039c78.run;java/lang/VirtualThread.runContinuation;jdk/internal/vm/Continuation.run;jdk/internal/vm/Continuation.enterSpecial;jdk/internal/vm/Continuation.enter;jdk/internal/vm/Continuation.enter0;java/lang/VirtualThread$VThreadContinuation$1.run;java/lang/VirtualThread.run;_notify_jvmti_vthread_end;SharedRuntime::notify_jvmti_vthread_end;JvmtiVTMSTransitionDisabler::VTMS_vthread_end;JvmtiExport::cleanup_thread;Mutex::lock;pthread_mutex_lock;/usr/lib/x86_64-linux-gnu/libc.so.6;entry_SYSCALL_64_after_hwframe_[k];do_syscall_64_[k];x64_sys_call_[k];__x64_sys_futex_[k];do_futex_[k];futex_wait_[k];__futex_wait_[k];futex_wait_setup_[k];futex_q_lock_[k];_raw_spin_lock_[k];native_queued_spin_lock_slowpath_[k] 89
java/util/concurrent/ForkJoinWorkerThread.run;java/util/concurrent/ForkJoinPool.runWorker;java/util/concurrent/ForkJoinPool.scan;java/util/concurrent/ForkJoinPool$WorkQueue.topLevelExec;java/util/concurrent/ForkJoinTask.doExec;java/util/concurrent/ForkJoinTask$RunnableExecuteAction.exec;java/lang/VirtualThread$$Lambda.0x00007a6f90039c78.run;java/lang/VirtualThread.runContinuation;jdk/internal/vm/Continuation.run;jdk/internal/vm/Continuation.enterSpecial;jdk/internal/vm/Continuation.enter;jdk/internal/vm/Continuation.enter0;java/lang/VirtualThread$VThreadContinuation$1.run;java/lang/VirtualThread.run;_notify_jvmti_vthread_end;SharedRuntime::notify_jvmti_vthread_end;JvmtiVTMSTransitionDisabler::VTMS_vthread_end;JvmtiExport::cleanup_thread;Mutex::lock;pthread_mutex_lock;/usr/lib/x86_64-linux-gnu/libc.so.6;entry_SYSCALL_64_after_hwframe_[k];do_syscall_64_[k];x64_sys_call_[k] 1
java/util/concurrent/ForkJoinWorkerThread.run;java/util/concurrent/ForkJoinPool.runWorker;java/util/concurrent/ForkJoinPool.scan;java/util/concurrent/ForkJoinPool$WorkQueue.topLevelExec;java/util/concurrent/ForkJoinTask.doExec;java/util/concurrent/ForkJoinTask$RunnableExecuteAction.exec;java/lang/VirtualThread$$Lambda.0x00007a6f90039c78.run;java/lang/VirtualThread.runContinuation;jdk/internal/vm/Continuation.run;jdk/internal/vm/Continuation.enterSpecial;jdk/internal/vm/Continuation.enter;jdk/internal/vm/Continuation.enter0;java/lang/VirtualThread$VThreadContinuation$1.run;java/lang/VirtualThread.run;_notify_jvmti_vthread_start;SharedRuntime::notify_jvmti_vthread_start;JvmtiVTMSTransitionDisabler::VTMS_vthread_start;__pthread_mutex_unlock;/usr/lib/x86_64-linux-gnu/libc.so.6;entry_SYSCALL_64_after_hwframe_[k];do_syscall_64_[k];x64_sys_call_[k];__x64_sys_futex_[k];do_futex_[k];futex_wake_[k];wake_up_q_[k];try_to_wake_up_[k] 1
java/util/concurrent/ForkJoinWorkerThread.run;java/util/concurrent/ForkJoinPool.runWorker;java/util/concurrent/ForkJoinPool.scan;java/util/concurrent/ForkJoinPool$WorkQueue.topLevelExec;java/util/concurrent/ForkJoinTask.doExec;java/util/concurrent/ForkJoinTask$RunnableExecuteAction.exec;java/lang/VirtualThread$$Lambda.0x00007a6f90039c78.run;java/lang/VirtualThread.runContinuation;java/lang/VirtualThread.afterDone;java/lang/VirtualThread.afterDone;jdk/internal/vm/ThreadContainers$RootContainer$TrackingRootContainer.onExit;java/util/concurrent/ConcurrentHashMap$KeySetView.remove;java/util/concurrent/ConcurrentHashMap.remove;java/util/concurrent/ConcurrentHashMap.replaceNode;java/util/concurrent/ConcurrentHashMap.addCount 21
java/util/concurrent/ForkJoinWorkerThread.run;java/util/concurrent/ForkJoinPool.runWorker;java/util/concurrent/ForkJoinPool.scan;java/util/concurrent/ForkJoinPool$WorkQueue.topLevelExec;java/util/concurrent/ForkJoinTask.doExec;java/util/concurrent/ForkJoinTask$RunnableExecuteAction.exec;java/lang/VirtualThread$$Lambda.0x00007a6f90039c78.run;java/lang/VirtualThread.runContinuation;jdk/internal/vm/Continuation.run;jdk/internal/vm/Continuation.enterSpecial;jdk/internal/vm/Continuation.enter;jdk/internal/vm/Continuation.enter0;java/lang/VirtualThread$VThreadContinuation$1.run;java/lang/VirtualThread.run;_notify_jvmti_vthread_start;SharedRuntime::notify_jvmti_vthread_start;JvmtiVTMSTransitionDisabler::VTMS_vthread_start;JvmtiVTMSTransitionDisabler::VTMS_mount_end;Mutex::lock;pthread_mutex_lock;/usr/lib/x86_64-linux-gnu/libc.so.6;entry_SYSCALL_64_after_hwframe_[k];do_syscall_64_[k];x64_sys_call_[k];__x64_sys_futex_[k];do_futex_[k];futex_wait_[k];__futex_wait_[k];futex_wait_setup_[k];futex_q_lock_[k];_raw_spin_lock_[k];native_queued_spin_lock_slowpath_[k] 125
java/util/concurrent/ForkJoinWorkerThread.run;java/util/concurrent/ForkJoinPool.runWorker;java/util/concurrent/ForkJoinPool.scan;java/util/concurrent/ForkJoinPool$WorkQueue.topLevelExec;java/util/concurrent/ForkJoinTask.doExec;java/util/concurrent/ForkJoinTask$RunnableExecuteAction.exec;java/lang/VirtualThread$$Lambda.0x00007a6f90039c78.run;java/lang/VirtualThread.runContinuation;jdk/internal/vm/Continuation.run;jdk/internal/vm/Continuation.enterSpecial;jdk/internal/vm/Continuation.enter;jdk/internal/vm/Continuation.enter0;java/lang/VirtualThread$VThreadContinuation$1.run;java/lang/VirtualThread.run;_notify_jvmti_vthread_start;SharedRuntime::notify_jvmti_vthread_start;JvmtiVTMSTransitionDisabler::VTMS_vthread_start;JvmtiEventController::thread_started;Mutex::lock;pthread_mutex_lock;/usr/lib/x86_64-linux-gnu/libc.so.6;entry_SYSCALL_64_after_hwframe_[k];do_syscall_64_[k];x64_sys_call_[k];__x64_sys_futex_[k];futex_wait_[k] 1
java/util/concurrent/ForkJoinWorkerThread.run;java/util/concurrent/ForkJoinPool.runWorker;java/util/concurrent/ForkJoinPool.scan;java/util/concurrent/ForkJoinPool$WorkQueue.topLevelExec;java/util/concurrent/ForkJoinTask.doExec;java/util/concurrent/ForkJoinTask$RunnableExecuteAction.exec;java/lang/VirtualThread$$Lambda.0x00007a6f90039c78.run;java/lang/VirtualThread.runContinuation;jdk/internal/vm/Continuation.run;jdk/internal/vm/Continuation.enterSpecial;jdk/internal/vm/Continuation.enter;jdk/internal/vm/Continuation.enter0;java/lang/VirtualThread$VThreadContinuation$1.run;java/lang/VirtualThread.run;_notify_jvmti_vthread_start;SharedRuntime::notify_jvmti_vthread_start;JvmtiVTMSTransitionDisabler::VTMS_vthread_start;JvmtiVTMSTransitionDisabler::VTMS_mount_end;Mutex::lock;pthread_mutex_lock;/usr/lib/x86_64-linux-gnu/libc.so.6;entry_SYSCALL_64_after_hwframe_[k];do_syscall_64_[k];x64_sys_call_[k];__x64_sys_futex_[k];do_futex_[k];futex_wait_[k] 1
java/util/concurrent/ForkJoinWorkerThread.run;java/util/concurrent/ForkJoinPool.runWorker;java/util/concurrent/ForkJoinPool.scan;java/util/concurrent/ForkJoinPool$WorkQueue.topLevelExec;java/util/concurrent/ForkJoinTask.doExec;java/util/concurrent/ForkJoinTask$RunnableExecuteAction.exec;java/lang/VirtualThread$$Lambda.0x00007a6f90039c78.run;java/lang/VirtualThread.runContinuation;jdk/internal/vm/Continuation.run;jdk/internal/vm/Continuation.enterSpecial;jdk/internal/vm/Continuation.enter;jdk/internal/vm/Continuation.enter0;java/lang/VirtualThread$VThreadContinuation$1.run;java/lang/VirtualThread.run;_notify_jvmti_vthread_start;SharedRuntime::notify_jvmti_vthread_start;JvmtiVTMSTransitionDisabler::VTMS_vthread_start;JvmtiEventController::thread_started;Mutex::lock;pthread_mutex_lock;/usr/lib/x86_64-linux-gnu/libc.so.6;entry_SYSCALL_64_after_hwframe_[k];do_syscall_64_[k];x64_sys_call_[k];__x64_sys_futex_[k];do_futex_[k];futex_wait_[k];__futex_wait_[k];futex_wait_setup_[k];get_futex_key_[k] 3
java/util/concurrent/ForkJoinWorkerThread.run;java/util/concurrent/ForkJoinPool.runWorker;java/util/concurrent/ForkJoinPool.awaitWork 3
java/lang/Thread.run;java/lang/Thread.runWith;java/util/concurrent/ThreadPoolExecutor$Worker.run;java/util/concurrent/ThreadPoolExecutor.runWorker;java/util/concurrent/FutureTask.run;java/util/concurrent/Executors$RunnableAdapter.call;java/util/concurrent/FutureTask.run;org/openjdk/jmh/runner/BenchmarkHandler$BenchmarkTask.call;org/openjdk/jmh/runner/BenchmarkHandler$BenchmarkTask.call;java/lang/reflect/Method.invoke;jdk/internal/reflect/DirectMethodHandleAccessor.invoke;jdk/internal/reflect/DirectMethodHandleAccessor.invokeImpl;java/lang/invoke/LambdaForm$MH.0x00007a6f9002e800.invokeExact_MT;java/lang/invoke/LambdaForm$MH.0x00007a6f9002e400.invoke;java/lang/invoke/DirectMethodHandle$Holder.invokeSpecial;uk/ac/ncl/jensen/benchmark/jmh_generated/VThreadChurnBenchmark_churn_jmhTest.churn_AverageTime;uk/ac/ncl/jensen/benchmark/jmh_generated/VThreadChurnBenchmark_churn_jmhTest.churn_avgt_jmhStub;uk/ac/ncl/jensen/benchmark/VThreadChurnBenchmark.churn;java/lang/ThreadBuilders$VirtualThreadBuilder.start;java/lang/ThreadBuilders$VirtualThreadBuilder.unstarted;java/lang/ThreadBuilders$BaseThreadBuilder.uncaughtExceptionHandler 1
java/util/concurrent/ForkJoinWorkerThread.run;java/util/concurrent/ForkJoinPool.runWorker;java/util/concurrent/ForkJoinPool.scan;java/util/concurrent/ForkJoinPool$WorkQueue.topLevelExec;java/util/concurrent/ForkJoinTask.doExec;java/util/concurrent/ForkJoinTask$RunnableExecuteAction.exec;java/lang/VirtualThread$$Lambda.0x00007a6f90039c78.run;java/lang/VirtualThread.runContinuation;jdk/internal/vm/Continuation.run;jdk/internal/vm/Continuation.enterSpecial;jdk/internal/vm/Continuation.enter;jdk/internal/vm/Continuation.enter0;java/lang/VirtualThread$VThreadContinuation$1.run;java/lang/VirtualThread.run;_notify_jvmti_vthread_start;SharedRuntime::notify_jvmti_vthread_start;JvmtiVTMSTransitionDisabler::VTMS_vthread_start;JvmtiEventController::thread_started;Mutex::lock;pthread_mutex_lock;/usr/lib/x86_64-linux-gnu/libc.so.6;entry_SYSCALL_64_after_hwframe_[k];do_syscall_64_[k];x64_sys_call_[k];__x64_sys_futex_[k];do_futex_[k];futex_wait_[k];__futex_wait_[k];futex_wait_setup_[k];futex_q_lock_[k];_raw_spin_lock_[k];native_queued_spin_lock_slowpath_[k] 11072
java/util/concurrent/ForkJoinWorkerThread.run;java/util/concurrent/ForkJoinPool.runWorker;java/util/concurrent/ForkJoinPool.scan;java/util/concurrent/ForkJoinPool$WorkQueue.topLevelExec;java/util/concurrent/ForkJoinTask.doExec;java/util/concurrent/ForkJoinTask$RunnableExecuteAction.exec;java/lang/VirtualThread$$Lambda.0x00007a6f90039c78.run;java/lang/VirtualThread.runContinuation;jdk/internal/vm/Continuation.run;jdk/internal/vm/Continuation.enterSpecial;jdk/internal/vm/Continuation.enter;jdk/internal/vm/Continuation.enter0;java/lang/VirtualThread$VThreadContinuation$1.run;java/lang/VirtualThread.run;_notify_jvmti_vthread_start;SharedRuntime::notify_jvmti_vthread_start;JvmtiVTMSTransitionDisabler::VTMS_vthread_start;JvmtiVTMSTransitionDisabler::VTMS_mount_end;Mutex::lock;pthread_mutex_lock;/usr/lib/x86_64-linux-gnu/libc.so.6;entry_SYSCALL_64_after_hwframe_[k];do_syscall_64_[k];x64_sys_call_[k];__x64_sys_futex_[k];do_futex_[k];futex_wait_[k];__futex_wait_[k];futex_wait_setup_[k];futex_q_lock_[k] 1
java/util/concurrent/ForkJoinWorkerThread.run;java/util/concurrent/ForkJoinPool.runWorker;java/util/concurrent/ForkJoinPool.scan;java/util/concurrent/ForkJoinPool$WorkQueue.topLevelExec;java/util/concurrent/ForkJoinTask.doExec;java/util/concurrent/ForkJoinTask$RunnableExecuteAction.exec;java/lang/VirtualThread$$Lambda.0x00007a6f90039c78.run;java/lang/VirtualThread.runContinuation;jdk/internal/vm/Continuation.run;jdk/internal/vm/Continuation.enterSpecial;jdk/internal/vm/Continuation.enter;jdk/internal/vm/Continuation.enter0;java/lang/VirtualThread$VThreadContinuation$1.run;java/lang/VirtualThread.run;_notify_jvmti_vthread_start;SharedRuntime::notify_jvmti_vthread_start;JvmtiVTMSTransitionDisabler::VTMS_vthread_start;__pthread_mutex_unlock;/usr/lib/x86_64-linux-gnu/libc.so.6;entry_SYSCALL_64_after_hwframe_[k];do_syscall_64_[k];x64_sys_call_[k];__x64_sys_futex_[k];do_futex_[k];_raw_spin_lock_[k] 36
java/util/concurrent/ForkJoinWorkerThread.run;java/util/concurrent/ForkJoinPool.runWorker;java/util/concurrent/ForkJoinPool.scan;java/util/concurrent/ForkJoinPool$WorkQueue.topLevelExec;java/util/concurrent/ForkJoinTask.doExec;java/util/concurrent/ForkJoinTask$RunnableExecuteAction.exec;java/lang/VirtualThread$$Lambda.0x00007a6f90039c78.run;java/lang/VirtualThread.runContinuation;jdk/internal/vm/Continuation.run;jdk/internal/vm/Continuation.enterSpecial;jdk/internal/vm/Continuation.enter;jdk/internal/vm/Continuation.enter0;java/lang/VirtualThread$VThreadContinuation$1.run;java/lang/VirtualThread.run;_notify_jvmti_vthread_end;SharedRuntime::notify_jvmti_vthread_end;JvmtiVTMSTransitionDisabler::VTMS_vthread_end;__tls_get_addr 1
java/util/concurrent/ForkJoinWorkerThread.run;java/util/concurrent/ForkJoinPool.runWorker;java/util/concurrent/ForkJoinPool.scan;java/util/concurrent/ForkJoinPool$WorkQueue.topLevelExec;java/util/concurrent/ForkJoinTask.doExec;java/util/concurrent/ForkJoinTask$RunnableExecuteAction.exec;java/lang/VirtualThread$$Lambda.0x00007a6f90039c78.run;java/lang/VirtualThread.runContinuation;jdk/internal/vm/Continuation.run;jdk/internal/vm/Continuation.enterSpecial;jdk/internal/vm/Continuation.enter;jdk/internal/vm/Continuation.enter0;java/lang/VirtualThread$VThreadContinuation$1.run;java/lang/VirtualThread.run;_notify_jvmti_vthread_end;SharedRuntime::notify_jvmti_vthread_end;JvmtiVTMSTransitionDisabler::VTMS_vthread_end;JvmtiExport::cleanup_thread;Mutex::lock;pthread_mutex_lock;/usr/lib/x86_64-linux-gnu/libc.so.6;entry_SYSCALL_64_after_hwframe_[k];do_syscall_64_[k];x64_sys_call_[k];__x64_sys_futex_[k] 1
java/util/concurrent/ForkJoinWorkerThread.run;java/util/concurrent/ForkJoinPool.runWorker;java/util/concurrent/ForkJoinPool.scan 1
java/util/concurrent/ForkJoinWorkerThread.run;java/util/concurrent/ForkJoinPool.runWorker;java/util/concurrent/ForkJoinPool.scan;java/util/concurrent/ForkJoinPool$WorkQueue.topLevelExec;java/util/concurrent/ForkJoinTask.doExec;java/util/concurrent/ForkJoinTask$RunnableExecuteAction.exec;java/lang/VirtualThread$$Lambda.0x00007a6f90039c78.run;java/lang/VirtualThread.runContinuation;jdk/internal/vm/Continuation.run;jdk/internal/vm/Continuation.enterSpecial;jdk/internal/vm/Continuation.enter;jdk/internal/vm/Continuation.enter0;java/lang/VirtualThread$VThreadContinuation$1.run;java/lang/VirtualThread.run;_notify_jvmti_vthread_start;SharedRuntime::notify_jvmti_vthread_start;JvmtiVTMSTransitionDisabler::VTMS_vthread_start;JvmtiVTMSTransitionDisabler::VTMS_mount_end;Mutex::lock;pthread_mutex_lock;/usr/lib/x86_64-linux-gnu/libc.so.6 36
java/util/concurrent/ForkJoinWorkerThread.run;java/util/concurrent/ForkJoinPool.runWorker;java/util/concurrent/ForkJoinPool.scan;java/util/concurrent/ForkJoinPool$WorkQueue.topLevelExec;java/util/concurrent/ForkJoinTask.doExec;java/util/concurrent/ForkJoinTask$RunnableExecuteAction.exec;java/lang/VirtualThread$$Lambda.0x00007a6f90039c78.run;java/lang/VirtualThread.runContinuation;jdk/internal/vm/Continuation.run;jdk/internal/vm/Continuation.enterSpecial;jdk/internal/vm/Continuation.enter;jdk/internal/vm/Continuation.enter0;java/lang/VirtualThread$VThreadContinuation$1.run;java/lang/VirtualThread.run;_notify_jvmti_vthread_end;SharedRuntime::notify_jvmti_vthread_end;JvmtiVTMSTransitionDisabler::VTMS_vthread_end;JvmtiExport::cleanup_thread;JvmtiEventController::thread_ended;JvmtiThreadState::~JvmtiThreadState;_SafeFetchN_fault 6
java/util/concurrent/ForkJoinWorkerThread.run;java/util/concurrent/ForkJoinPool.runWorker;java/util/concurrent/ForkJoinPool.scan;java/util/concurrent/ForkJoinPool$WorkQueue.topLevelExec;java/util/concurrent/ForkJoinTask.doExec;java/util/concurrent/ForkJoinTask$RunnableExecuteAction.exec;java/lang/VirtualThread$$Lambda.0x00007a6f90039c78.run;java/lang/VirtualThread.runContinuation;jdk/internal/vm/Continuation.run;jdk/internal/vm/Continuation.enterSpecial;jdk/internal/vm/Continuation.enter;jdk/internal/vm/Continuation.enter0;java/lang/VirtualThread$VThreadContinuation$1.run;java/lang/VirtualThread.run;_notify_jvmti_vthread_start;SharedRuntime::notify_jvmti_vthread_start;JvmtiVTMSTransitionDisabler::VTMS_vthread_start;__pthread_mutex_unlock;/usr/lib/x86_64-linux-gnu/libc.so.6;entry_SYSCALL_64_after_hwframe_[k];do_syscall_64_[k];x64_sys_call_[k];__x64_sys_futex_[k];do_futex_[k];futex_wake_[k];futex_hash_[k] 2
java/util/concurrent/ForkJoinWorkerThread.run;java/util/concurrent/ForkJoinPool.runWorker;java/util/concurrent/ForkJoinPool.awaitWork;java/util/concurrent/locks/LockSupport.park;jdk/internal/misc/Unsafe.park;Unsafe_Park;Parker::park;pthread_cond_wait;/usr/lib/x86_64-linux-gnu/libc.so.6;entry_SYSCALL_64_after_hwframe_[k];do_syscall_64_[k];x64_sys_call_[k];__x64_sys_futex_[k];do_futex_[k];futex_wait_[k];__futex_wait_[k];futex_hash_put_[k] 1
java/lang/Thread.run;java/lang/Thread.runWith;java/util/concurrent/ThreadPoolExecutor$Worker.run;java/util/concurrent/ThreadPoolExecutor.runWorker;java/util/concurrent/FutureTask.run;java/util/concurrent/Executors$RunnableAdapter.call;java/util/concurrent/FutureTask.run;org/openjdk/jmh/runner/BenchmarkHandler$BenchmarkTask.call;org/openjdk/jmh/runner/BenchmarkHandler$BenchmarkTask.call;java/lang/reflect/Method.invoke;jdk/internal/reflect/DirectMethodHandleAccessor.invoke;jdk/internal/reflect/DirectMethodHandleAccessor.invokeImpl;java/lang/invoke/LambdaForm$MH.0x00007a6f9002e800.invokeExact_MT;java/lang/invoke/LambdaForm$MH.0x00007a6f9002e400.invoke;java/lang/invoke/DirectMethodHandle$Holder.invokeSpecial;uk/ac/ncl/jensen/benchmark/jmh_generated/VThreadChurnBenchmark_churn_jmhTest.churn_AverageTime;uk/ac/ncl/jensen/benchmark/jmh_generated/VThreadChurnBenchmark_churn_jmhTest.churn_avgt_jmhStub;uk/ac/ncl/jensen/benchmark/VThreadChurnBenchmark.churn;java/lang/ThreadBuilders$VirtualThreadBuilder.start;java/lang/VirtualThread.start;java/lang/VirtualThread.start;java/lang/VirtualThread.submitRunContinuation;java/util/concurrent/ForkJoinPool.execute;java/util/concurrent/ForkJoinPool.poolSubmit;java/util/concurrent/ForkJoinTask.markPoolSubmission;java/util/concurrent/ForkJoinTask.getAndBitwiseOrStatus;jdk/internal/misc/Unsafe.getAndBitwiseOrInt 5
java/util/concurrent/ForkJoinWorkerThread.run;java/util/concurrent/ForkJoinPool.runWorker;java/util/concurrent/ForkJoinPool.scan;java/util/concurrent/ForkJoinPool$WorkQueue.topLevelExec;java/util/concurrent/ForkJoinTask.doExec;java/util/concurrent/ForkJoinTask$RunnableExecuteAction.exec;java/lang/VirtualThread$$Lambda.0x00007a6f90039c78.run;java/lang/VirtualThread.runContinuation;jdk/internal/vm/Continuation.run;jdk/internal/vm/Continuation.enterSpecial;jdk/internal/vm/Continuation.enter;jdk/internal/vm/Continuation.enter0;java/lang/VirtualThread$VThreadContinuation$1.run;java/lang/VirtualThread.run;_notify_jvmti_vthread_start;SharedRuntime::notify_jvmti_vthread_start;JvmtiVTMSTransitionDisabler::VTMS_vthread_start;JvmtiVTMSTransitionDisabler::VTMS_mount_end;Mutex::lock;pthread_mutex_lock;/usr/lib/x86_64-linux-gnu/libc.so.6;entry_SYSCALL_64_after_hwframe_[k];do_syscall_64_[k];x64_sys_call_[k];__x64_sys_futex_[k];do_futex_[k];futex_wait_[k];__futex_wait_[k];futex_wait_setup_[k];_raw_spin_lock_[k] 41
java/util/concurrent/ForkJoinWorkerThread.run;java/util/concurrent/ForkJoinPool.runWorker;java/util/concurrent/ForkJoinPool.scan;java/util/concurrent/ForkJoinPool$WorkQueue.topLevelExec;java/util/concurrent/ForkJoinTask.doExec;java/util/concurrent/ForkJoinTask$RunnableExecuteAction.exec;java/lang/VirtualThread$$Lambda.0x00007a6f90039c78.run;java/lang/VirtualThread.runContinuation;jdk/internal/vm/Continuation.run;jdk/internal/vm/Continuation.enterSpecial;jdk/internal/vm/Continuation.enter;jdk/internal/vm/Continuation.enter0;java/lang/VirtualThread$VThreadContinuation$1.run;java/lang/VirtualThread.run;_notify_jvmti_vthread_start;SharedRuntime::notify_jvmti_vthread_start;JvmtiVTMSTransitionDisabler::VTMS_vthread_start;JvmtiVTMSTransitionDisabler::VTMS_mount_end;Mutex::lock;pthread_mutex_lock;/usr/lib/x86_64-linux-gnu/libc.so.6;entry_SYSCALL_64_after_hwframe_[k];do_syscall_64_[k];x64_sys_call_[k];__x64_sys_futex_[k];do_futex_[k];futex_wait_[k];__futex_wait_[k];futex_wait_setup_[k];futex_q_unlock_[k] 30
java/util/concurrent/ForkJoinWorkerThread.run;java/util/concurrent/ForkJoinPool.runWorker;java/util/concurrent/ForkJoinPool.scan 1
java/util/concurrent/ForkJoinWorkerThread.run;java/util/concurrent/ForkJoinPool.runWorker;java/util/concurrent/ForkJoinPool.scan;java/util/concurrent/ForkJoinPool.signalWork;java/util/concurrent/locks/LockSupport.unpark;jdk/internal/misc/Unsafe.unpark;Unsafe_Unpark;pthread_cond_signal;entry_SYSCALL_64_after_hwframe_[k];do_syscall_64_[k];x64_sys_call_[k];__x64_sys_futex_[k];do_futex_[k];futex_wake_[k];futex_hash_[k];__futex_hash_[k] 1
java/util/concurrent/ForkJoinWorkerThread.run;java/util/concurrent/ForkJoinPool.runWorker;java/util/concurrent/ForkJoinPool.scan 5
java/util/concurrent/ForkJoinWorkerThread.run;java/util/concurrent/ForkJoinPool.runWorker;java/util/concurrent/ForkJoinPool.scan;java/util/concurrent/ForkJoinPool$WorkQueue.topLevelExec;java/util/concurrent/ForkJoinTask.doExec;java/util/concurrent/ForkJoinTask$RunnableExecuteAction.exec;java/lang/VirtualThread$$Lambda.0x00007a6f90039c78.run;java/lang/VirtualThread.runContinuation;jdk/internal/vm/Continuation.run;jdk/internal/vm/Continuation.enterSpecial;jdk/internal/vm/Continuation.enter;jdk/internal/vm/Continuation.enter0;java/lang/VirtualThread$VThreadContinuation$1.run;java/lang/VirtualThread.run;_notify_jvmti_vthread_start;SharedRuntime::notify_jvmti_vthread_start;JvmtiVTMSTransitionDisabler::VTMS_vthread_start;JvmtiEventController::thread_started;JvmtiThreadState::JvmtiThreadState 7
java/util/concurrent/ForkJoinWorkerThread.run;java/util/concurrent/ForkJoinPool.runWorker;java/util/concurrent/ForkJoinPool.scan;java/util/concurrent/ForkJoinPool$WorkQueue.topLevelExec;java/util/concurrent/ForkJoinTask.doExec;java/util/concurrent/ForkJoinTask$RunnableExecuteAction.exec;java/lang/VirtualThread$$Lambda.0x00007a6f90039c78.run;java/lang/VirtualThread.runContinuation;java/lang/VirtualThread.afterDone;java/lang/VirtualThread.afterDone;java/util/concurrent/CountDownLatch.countDown;java/util/concurrent/locks/AbstractQueuedSynchronizer.releaseShared;java/util/concurrent/locks/AbstractQueuedSynchronizer.signalNext;java/util/concurrent/locks/LockSupport.unpark;jdk/internal/misc/Unsafe.unpark;Unsafe_Unpark;pthread_cond_signal;entry_SYSCALL_64_after_hwframe_[k];do_syscall_64_[k];x64_sys_call_[k];__x64_sys_futex_[k];do_futex_[k];futex_wake_[k];wake_up_q_[k];try_to_wake_up_[k];_raw_spin_unlock_irqrestore_[k] 2
java/util/concurrent/ForkJoinWorkerThread.run;java/util/concurrent/ForkJoinPool.runWorker;java/util/concurrent/ForkJoinPool.scan;java/util/concurrent/ForkJoinPool$WorkQueue.topLevelExec;java/util/concurrent/ForkJoinTask.doExec;java/util/concurrent/ForkJoinTask$RunnableExecuteAction.exec;java/lang/VirtualThread$$Lambda.0x00007a6f90039c78.run;java/lang/VirtualThread.runContinuation;jdk/internal/vm/Continuation.run;jdk/internal/vm/Continuation.enterSpecial;jdk/internal/vm/Continuation.enter;jdk/internal/vm/Continuation.enter0;java/lang/VirtualThread$VThreadContinuation$1.run;java/lang/VirtualThread.run;_notify_jvmti_vthread_start;SharedRuntime::notify_jvmti_vthread_start;JvmtiVTMSTransitionDisabler::VTMS_vthread_start;__pthread_mutex_unlock;/usr/lib/x86_64-linux-gnu/libc.so.6;entry_SYSCALL_64_after_hwframe_[k];do_syscall_64_[k] 28
java/util/concurrent/ForkJoinWorkerThread.run;java/util/concurrent/ForkJoinPool.runWorker;java/util/concurrent/ForkJoinPool.scan;java/util/concurrent/ForkJoinPool$WorkQueue.topLevelExec;java/util/concurrent/ForkJoinTask.doExec;java/util/concurrent/ForkJoinTask$RunnableExecuteAction.exec;java/lang/VirtualThread$$Lambda.0x00007a6f90039c78.run;java/lang/VirtualThread.runContinuation;jdk/internal/vm/Continuation.run;jdk/internal/vm/Continuation.enterSpecial;jdk/internal/vm/Continuation.enter;jdk/internal/vm/Continuation.enter0;java/lang/VirtualThread$VThreadContinuation$1.run;java/lang/VirtualThread.run;_notify_jvmti_vthread_start;SharedRuntime::notify_jvmti_vthread_start;JvmtiVTMSTransitionDisabler::VTMS_vthread_start;JvmtiEventController::thread_started;Mutex::lock;pthread_mutex_lock;/usr/lib/x86_64-linux-gnu/libc.so.6;entry_SYSCALL_64_after_hwframe_[k];do_syscall_64_[k];x64_sys_call_[k];__x64_sys_futex_[k];do_futex_[k];futex_wait_[k];__futex_wait_[k];futex_wait_setup_[k];futex_hash_[k];__futex_hash_[k] 12
java/util/concurrent/ForkJoinWorkerThread.run;java/util/concurrent/ForkJoinPool.runWorker;java/util/concurrent/ForkJoinPool.scan;java/util/concurrent/ForkJoinPool$WorkQueue.topLevelExec;java/util/concurrent/ForkJoinTask.doExec;java/util/concurrent/ForkJoinTask$RunnableExecuteAction.exec;java/lang/VirtualThread$$Lambda.0x00007a6f90039c78.run;java/lang/VirtualThread.runContinuation;jdk/internal/vm/Continuation.run;jdk/internal/vm/Continuation.enterSpecial;jdk/internal/vm/Continuation.enter;jdk/internal/vm/Continuation.enter0;java/lang/VirtualThread$VThreadContinuation$1.run;java/lang/VirtualThread.run;_notify_jvmti_vthread_end;SharedRuntime::notify_jvmti_vthread_end;JvmtiVTMSTransitionDisabler::VTMS_vthread_end;__pthread_mutex_unlock;/usr/lib/x86_64-linux-gnu/libc.so.6;entry_SYSCALL_64_after_hwframe_[k];do_syscall_64_[k];x64_sys_call_[k];__x64_sys_futex_[k];do_futex_[k];futex_wake_[k];_raw_spin_lock_[k];native_queued_spin_lock_slowpath_[k] 1168
java/lang/Thread.run;java/lang/Thread.runWith;java/util/concurrent/ThreadPoolExecutor$Worker.run;java/util/concurrent/ThreadPoolExecutor.runWorker;java/util/concurrent/FutureTask.run;java/util/concurrent/Executors$RunnableAdapter.call;java/util/concurrent/FutureTask.run;org/openjdk/jmh/runner/BenchmarkHandler$BenchmarkTask.call;org/openjdk/jmh/runner/BenchmarkHandler$BenchmarkTask.call;java/lang/reflect/Method.invoke;jdk/internal/reflect/DirectMethodHandleAccessor.invoke;jdk/internal/reflect/DirectMethodHandleAccessor.invokeImpl;java/lang/invoke/LambdaForm$MH.0x00007a6f9002e800.invokeExact_MT;java/lang/invoke/LambdaForm$MH.0x00007a6f9002e400.invoke;java/lang/invoke/DirectMethodHandle$Holder.invokeSpecial;uk/ac/ncl/jensen/benchmark/jmh_generated/VThreadChurnBenchmark_churn_jmhTest.churn_AverageTime;uk/ac/ncl/jensen/benchmark/jmh_generated/VThreadChurnBenchmark_churn_jmhTest.churn_avgt_jmhStub;uk/ac/ncl/jensen/benchmark/VThreadChurnBenchmark.churn;java/lang/ThreadBuilders$VirtualThreadBuilder.start;java/lang/VirtualThread.start;java/lang/VirtualThread.start;jdk/internal/vm/ThreadContainers$RootContainer$TrackingRootContainer.onStart;java/util/concurrent/ConcurrentHashMap$KeySetView.add;java/util/concurrent/ConcurrentHashMap.putVal;asm_exc_page_fault_[k];exc_page_fault_[k];do_user_addr_fault_[k];handle_mm_fault_[k];__handle_mm_fault_[k];handle_pte_fault_[k];do_anonymous_page_[k];alloc_anon_folio_[k];__mem_cgroup_charge_[k];charge_memcg_[k];memcg1_commit_charge_[k] 1
java/util/concurrent/ForkJoinWorkerThread.run;java/util/concurrent/ForkJoinPool.runWorker;java/util/concurrent/ForkJoinPool.scan 1
java/util/concurrent/ForkJoinWorkerThread.run;java/util/concurrent/ForkJoinPool.runWorker;java/util/concurrent/ForkJoinPool.scan;java/util/concurrent/ForkJoinPool$WorkQueue.topLevelExec;java/util/concurrent/ForkJoinTask.doExec;java/util/concurrent/ForkJoinTask$RunnableExecuteAction.exec;java/lang/VirtualThread$$Lambda.0x00007a6f90039c78.run;java/lang/VirtualThread.runContinuation;jdk/internal/vm/Continuation.run;jdk/internal/vm/Continuation.enterSpecial;jdk/internal/vm/Continuation.enter;jdk/internal/vm/Continuation.enter0;java/lang/VirtualThread$VThreadContinuation$1.run;java/lang/VirtualThread.run;_notify_jvmti_vthread_start;SharedRuntime::notify_jvmti_vthread_start;JvmtiVTMSTransitionDisabler::VTMS_vthread_start;JvmtiEventController::thread_started;Mutex::lock;pthread_mutex_trylock 1
java/util/concurrent/ForkJoinWorkerThread.run;java/util/concurrent/ForkJoinPool.runWorker;java/util/concurrent/ForkJoinPool.scan;java/util/concurrent/ForkJoinPool$WorkQueue.topLevelExec;java/util/concurrent/ForkJoinTask.doExec;java/util/concurrent/ForkJoinTask$RunnableExecuteAction.exec;java/lang/VirtualThread$$Lambda.0x00007a6f90039c78.run;java/lang/VirtualThread.runContinuation;java/lang/VirtualThread.unmount;_notify_jvmti_vthread_unmount;SharedRuntime::notify_jvmti_vthread_unmount;JvmtiVTMSTransitionDisabler::finish_VTMS_transition 1
java/lang/Thread.run;java/lang/Thread.runWith;java/util/concurrent/ThreadPoolExecutor$Worker.run;java/util/concurrent/ThreadPoolExecutor.runWorker;java/util/concurrent/FutureTask.run;java/util/concurrent/Executors$RunnableAdapter.call;java/util/concurrent/FutureTask.run;org/openjdk/jmh/runner/BenchmarkHandler$BenchmarkTask.call;org/openjdk/jmh/runner/BenchmarkHandler$BenchmarkTask.call;java/lang/reflect/Method.invoke;jdk/internal/reflect/DirectMethodHandleAccessor.invoke;jdk/internal/reflect/DirectMethodHandleAccessor.invokeImpl;java/lang/invoke/LambdaForm$MH.0x00007a6f9002e800.invokeExact_MT;java/lang/invoke/LambdaForm$MH.0x00007a6f9002e400.invoke;java/lang/invoke/DirectMethodHandle$Holder.invokeSpecial;uk/ac/ncl/jensen/benchmark/jmh_generated/VThreadChurnBenchmark_churn_jmhTest.churn_AverageTime;uk/ac/ncl/jensen/benchmark/jmh_generated/VThreadChurnBenchmark_churn_jmhTest.churn_avgt_jmhStub;uk/ac/ncl/jensen/benchmark/VThreadChurnBenchmark.churn;java/lang/Thread.join;java/lang/Thread.join;java/lang/VirtualThread.joinNanos;java/util/concurrent/CountDownLatch.await;java/util/concurrent/locks/AbstractQueuedSynchronizer.acquireSharedInterruptibly;java/util/concurrent/locks/AbstractQueuedSynchronizer.acquire;java/util/concurrent/locks/LockSupport.park;jdk/internal/misc/Unsafe.park;Unsafe_Park;Parker::park;pthread_cond_wait;/usr/lib/x86_64-linux-gnu/libc.so.6;entry_SYSCALL_64_after_hwframe_[k];do_syscall_64_[k];x64_sys_call_[k];__x64_sys_futex_[k];do_futex_[k];futex_wait_[k];__futex_wait_[k];futex_wait_setup_[k] 1
java/util/concurrent/ForkJoinWorkerThread.run;java/util/concurrent/ForkJoinPool.runWorker;java/util/concurrent/ForkJoinPool.scan;java/util/concurrent/ForkJoinPool$WorkQueue.topLevelExec;java/util/concurrent/ForkJoinTask.doExec;java/util/concurrent/ForkJoinTask$RunnableExecuteAction.exec;java/lang/VirtualThread$$Lambda.0x00007a6f90039c78.run;java/lang/VirtualThread.runContinuation;jdk/internal/vm/Continuation.run;jdk/internal/vm/Continuation.enterSpecial;jdk/internal/vm/Continuation.enter;jdk/internal/vm/Continuation.enter0;java/lang/VirtualThread$VThreadContinuation$1.run;java/lang/VirtualThread.run;_notify_jvmti_vthread_end;SharedRuntime::notify_jvmti_vthread_end;JvmtiVTMSTransitionDisabler::VTMS_vthread_end;JvmtiVTMSTransitionDisabler::start_VTMS_transition;JNIHandles::resolve_external_guard 1
java/util/concurrent/ForkJoinWorkerThread.run;java/util/concurrent/ForkJoinPool.runWorker;java/util/concurrent/ForkJoinPool.scan;java/util/concurrent/ForkJoinPool$WorkQueue.topLevelExec;java/util/concurrent/ForkJoinTask.doExec;java/util/concurrent/ForkJoinTask$RunnableExecuteAction.exec;java/lang/VirtualThread$$Lambda.0x00007a6f90039c78.run;java/lang/VirtualThread.runContinuation;jdk/internal/vm/Continuation.run;jdk/internal/vm/Continuation.enterSpecial;jdk/internal/vm/Continuation.enter;jdk/internal/vm/Continuation.enter0;java/lang/VirtualThread$VThreadContinuation$1.run;java/lang/VirtualThread.run;_notify_jvmti_vthread_end;SharedRuntime::notify_jvmti_vthread_end;JvmtiVTMSTransitionDisabler::VTMS_vthread_end;__pthread_mutex_unlock;/usr/lib/x86_64-linux-gnu/libc.so.6;entry_SYSCALL_64_after_hwframe_[k];do_syscall_64_[k];x64_sys_call_[k];__x64_sys_futex_[k];do_futex_[k];futex_wake_[k];wake_up_q_[k] 4
java/util/concurrent/ForkJoinWorkerThread.run;java/util/concurrent/ForkJoinPool.runWorker;java/util/concurrent/ForkJoinPool.scan;java/util/concurrent/ForkJoinPool$WorkQueue.topLevelExec;java/util/concurrent/ForkJoinTask.doExec;java/util/concurrent/ForkJoinTask$RunnableExecuteAction.exec;java/lang/VirtualThread$$Lambda.0x00007a6f90039c78.run;java/lang/VirtualThread.runContinuation 1
java/util/concurrent/ForkJoinWorkerThread.run;java/util/concurrent/ForkJoinPool.runWorker;java/util/concurrent/ForkJoinPool.awaitWork;java/util/concurrent/locks/LockSupport.park;jdk/internal/misc/Unsafe.park 4
java/util/concurrent/ForkJoinWorkerThread.run;java/util/concurrent/ForkJoinPool.runWorker;java/util/concurrent/ForkJoinPool.scan;java/util/concurrent/ForkJoinPool.signalWork;java/util/concurrent/locks/LockSupport.unpark;jdk/internal/misc/Unsafe.unpark;Unsafe_Unpark;pthread_cond_signal;entry_SYSCALL_64_after_hwframe_[k];do_syscall_64_[k] 1
java/util/concurrent/ForkJoinWorkerThread.run;java/util/concurrent/ForkJoinPool.runWorker;java/util/concurrent/ForkJoinPool.scan;java/util/concurrent/ForkJoinPool$WorkQueue.topLevelExec;java/util/concurrent/ForkJoinTask.doExec;java/util/concurrent/ForkJoinTask$RunnableExecuteAction.exec;java/lang/VirtualThread$$Lambda.0x00007a6f90039c78.run;java/lang/VirtualThread.runContinuation;jdk/internal/vm/Continuation.run;jdk/internal/vm/Continuation.enterSpecial;jdk/internal/vm/Continuation.enter;jdk/internal/vm/Continuation.enter0;java/lang/VirtualThread$VThreadContinuation$1.run;java/lang/VirtualThread.run;_notify_jvmti_vthread_end;SharedRuntime::notify_jvmti_vthread_end;JvmtiVTMSTransitionDisabler::VTMS_vthread_end;JvmtiExport::cleanup_thread;JvmtiEventController::thread_ended;JvmtiThreadState::~JvmtiThreadState;OopStorage::release;OopStorage::Block::release_entries 29
java/util/concurrent/ForkJoinWorkerThread.run;java/util/concurrent/ForkJoinPool.runWorker;java/util/concurrent/ForkJoinPool.scan;java/util/concurrent/ForkJoinPool.signalWork;java/util/concurrent/locks/LockSupport.unpark;jdk/internal/misc/Unsafe.unpark;Unsafe_Unpark;Parker::unpark;pthread_mutex_lock@plt 1
java/util/concurrent/ForkJoinWorkerThread.run;java/util/concurrent/ForkJoinPool.runWorker;java/util/concurrent/ForkJoinPool.scan;java/util/concurrent/ForkJoinPool$WorkQueue.topLevelExec;java/util/concurrent/ForkJoinTask.doExec;java/util/concurrent/ForkJoinTask$RunnableExecuteAction.exec;java/lang/VirtualThread$$Lambda.0x00007a6f90039c78.run;java/lang/VirtualThread.runContinuation;jdk/internal/vm/Continuation.run;jdk/internal/vm/Continuation.enterSpecial;jdk/internal/vm/Continuation.enter;jdk/internal/vm/Continuation.enter0;java/lang/VirtualThread$VThreadContinuation$1.run;java/lang/VirtualThread.run;_notify_jvmti_vthread_end;SharedRuntime::notify_jvmti_vthread_end;JvmtiVTMSTransitionDisabler::VTMS_vthread_end;JvmtiExport::cleanup_thread;FreeHeap 1
java/util/concurrent/ForkJoinWorkerThread.run;java/util/concurrent/ForkJoinPool.runWorker;java/util/concurrent/ForkJoinPool.scan;java/util/concurrent/ForkJoinPool$WorkQueue.topLevelExec;java/util/concurrent/ForkJoinTask.doExec;java/util/concurrent/ForkJoinTask$RunnableExecuteAction.exec;java/lang/VirtualThread$$Lambda.0x00007a6f90039c78.run;java/lang/VirtualThread.runContinuation;jdk/internal/vm/Continuation.run;jdk/internal/vm/Continuation.enterSpecial;jdk/internal/vm/Continuation.enter;jdk/internal/vm/Continuation.enter0;java/lang/VirtualThread$VThreadContinuation$1.run;java/lang/VirtualThread.run;_notify_jvmti_vthread_end;SharedRuntime::notify_jvmti_vthread_end;JvmtiVTMSTransitionDisabler::VTMS_vthread_end;AccessInternal::PostRuntimeDispatch<G1BarrierSet::AccessBarrier<548964ul, G1BarrierSet>, (AccessInternal::BarrierType)2, 548964ul>::oop_access_barrier 1
java/lang/Thread.run;java/lang/Thread.runWith;java/util/concurrent/ThreadPoolExecutor$Worker.run;java/util/concurrent/ThreadPoolExecutor.runWorker;java/util/concurrent/FutureTask.run;java/util/concurrent/Executors$RunnableAdapter.call;java/util/concurrent/FutureTask.run;org/openjdk/jmh/runner/BenchmarkHandler$BenchmarkTask.call;org/openjdk/jmh/runner/BenchmarkHandler$BenchmarkTask.call;java/lang/reflect/Method.invoke;jdk/internal/reflect/DirectMethodHandleAccessor.invoke;jdk/internal/reflect/DirectMethodHandleAccessor.invokeImpl;java/lang/invoke/LambdaForm$MH.0x00007a6f9002e800.invokeExact_MT;java/lang/invoke/LambdaForm$MH.0x00007a6f9002e400.invoke;java/lang/invoke/DirectMethodHandle$Holder.invokeSpecial;uk/ac/ncl/jensen/benchmark/jmh_generated/VThreadChurnBenchmark_churn_jmhTest.churn_AverageTime;uk/ac/ncl/jensen/benchmark/jmh_generated/VThreadChurnBenchmark_churn_jmhTest.churn_avgt_jmhStub;uk/ac/ncl/jensen/benchmark/VThreadChurnBenchmark.churn;java/lang/ThreadBuilders$VirtualThreadBuilder.start;java/lang/ThreadBuilders$VirtualThreadBuilder.unstarted;java/lang/ThreadBuilders.newVirtualThread;asm_exc_page_fault_[k];exc_page_fault_[k];do_user_addr_fault_[k] 2
java/util/concurrent/ForkJoinWorkerThread.run;java/util/concurrent/ForkJoinPool.runWorker;java/util/concurrent/ForkJoinPool.scan;java/util/concurrent/ForkJoinPool$WorkQueue.topLevelExec;java/util/concurrent/ForkJoinTask.doExec;java/util/concurrent/ForkJoinTask$RunnableExecuteAction.exec;java/lang/VirtualThread$$Lambda.0x00007a6f90039c78.run;java/lang/VirtualThread.runContinuation;jdk/internal/vm/Continuation.run;jdk/internal/vm/Continuation.enterSpecial;jdk/internal/vm/Continuation.enter;jdk/internal/vm/Continuation.enter0;java/lang/VirtualThread$VThreadContinuation$1.run;java/lang/VirtualThread.run;_notify_jvmti_vthread_end;SharedRuntime::notify_jvmti_vthread_end;JvmtiVTMSTransitionDisabler::VTMS_vthread_end;JvmtiExport::cleanup_thread;Mutex::lock;pthread_mutex_lock;/usr/lib/x86_64-linux-gnu/libc.so.6;entry_SYSCALL_64_after_hwframe_[k];do_syscall_64_[k];x64_sys_call_[k];__x64_sys_futex_[k];do_futex_[k];futex_wait_[k];__futex_wait_[k];futex_wait_setup_[k];futex_q_lock_[k];_raw_spin_lock_[k];native_queued_spin_lock_slowpath_[k] 130
java/lang/Thread.run;java/lang/Thread.runWith;java/util/concurrent/ThreadPoolExecutor$Worker.run;java/util/concurrent/ThreadPoolExecutor.runWorker;java/util/concurrent/FutureTask.run;java/util/concurrent/Executors$RunnableAdapter.call;java/util/concurrent/FutureTask.run;org/openjdk/jmh/runner/BenchmarkHandler$BenchmarkTask.call;org/openjdk/jmh/runner/BenchmarkHandler$BenchmarkTask.call;java/lang/reflect/Method.invoke;jdk/internal/reflect/DirectMethodHandleAccessor.invoke;jdk/internal/reflect/DirectMethodHandleAccessor.invokeImpl;java/lang/invoke/LambdaForm$MH.0x00007a6f9002e800.invokeExact_MT;java/lang/invoke/LambdaForm$MH.0x00007a6f9002e400.invoke;java/lang/invoke/DirectMethodHandle$Holder.invokeSpecial;uk/ac/ncl/jensen/benchmark/jmh_generated/VThreadChurnBenchmark_churn_jmhTest.churn_AverageTime;uk/ac/ncl/jensen/benchmark/jmh_generated/VThreadChurnBenchmark_churn_jmhTest.churn_avgt_jmhStub;uk/ac/ncl/jensen/benchmark/VThreadChurnBenchmark.churn;java/lang/ThreadBuilders$VirtualThreadBuilder.start;java/lang/VirtualThread.start;java/lang/VirtualThread.start;jdk/internal/vm/ThreadContainers$RootContainer$TrackingRootContainer.onStart;java/util/concurrent/ConcurrentHashMap$KeySetView.add;java/util/concurrent/ConcurrentHashMap.putVal;asm_exc_page_fault_[k];exc_page_fault_[k];do_user_addr_fault_[k] 1
java/util/concurrent/ForkJoinWorkerThread.run;java/util/concurrent/ForkJoinPool.runWorker;java/util/concurrent/ForkJoinPool.scan;java/util/concurrent/ForkJoinPool$WorkQueue.topLevelExec;java/util/concurrent/ForkJoinTask.doExec;java/util/concurrent/ForkJoinTask$RunnableExecuteAction.exec;java/lang/VirtualThread$$Lambda.0x00007a6f90039c78.run;java/lang/VirtualThread.runContinuation;jdk/internal/vm/Continuation.run;jdk/internal/vm/Continuation.enterSpecial;jdk/internal/vm/Continuation.enter;jdk/internal/vm/Continuation.enter0;java/lang/VirtualThread$VThreadContinuation$1.run;java/lang/VirtualThread.run;_notify_jvmti_vthread_start;SharedRuntime::notify_jvmti_vthread_start;JvmtiVTMSTransitionDisabler::VTMS_vthread_start;__pthread_mutex_unlock;/usr/lib/x86_64-linux-gnu/libc.so.6 1
java/util/concurrent/ForkJoinWorkerThread.run;java/util/concurrent/ForkJoinPool.runWorker;java/util/concurrent/ForkJoinPool.scan;java/util/concurrent/ForkJoinPool$WorkQueue.topLevelExec;java/util/concurrent/ForkJoinPool$WorkQueue.tryPoll 19
java/lang/Thread.run;java/lang/Thread.runWith;java/util/concurrent/ThreadPoolExecutor$Worker.run;java/util/concurrent/ThreadPoolExecutor.runWorker;java/util/concurrent/FutureTask.run;java/util/concurrent/Executors$RunnableAdapter.call;java/util/concurrent/FutureTask.run;org/openjdk/jmh/runner/BenchmarkHandler$BenchmarkTask.call;org/openjdk/jmh/runner/BenchmarkHandler$BenchmarkTask.call;java/lang/reflect/Method.invoke;jdk/internal/reflect/DirectMethodHandleAccessor.invoke;jdk/internal/reflect/DirectMethodHandleAccessor.invokeImpl;java/lang/invoke/LambdaForm$MH.0x00007a6f9002e800.invokeExact_MT;java/lang/invoke/LambdaForm$MH.0x00007a6f9002e400.invoke;java/lang/invoke/DirectMethodHandle$Holder.invokeSpecial;uk/ac/ncl/jensen/benchmark/jmh_generated/VThreadChurnBenchmark_churn_jmhTest.churn_AverageTime;uk/ac/ncl/jensen/benchmark/jmh_generated/VThreadChurnBenchmark_churn_jmhTest.churn_avgt_jmhStub;uk/ac/ncl/jensen/benchmark/VThreadChurnBenchmark.churn;java/lang/Thread.join;java/lang/Thread.join;java/lang/VirtualThread.joinNanos;java/util/concurrent/CountDownLatch.await;java/util/concurrent/locks/AbstractQueuedSynchronizer.acquireSharedInterruptibly;java/util/concurrent/locks/AbstractQueuedSynchronizer.acquire;java/util/concurrent/locks/LockSupport.park;jdk/internal/misc/Unsafe.park;Unsafe_Park;Parker::park;pthread_cond_wait;/usr/lib/x86_64-linux-gnu/libc.so.6;entry_SYSCALL_64_after_hwframe_[k];do_syscall_64_[k];x64_sys_call_[k];__x64_sys_futex_[k];do_futex_[k];futex_wait_[k];__futex_wait_[k];futex_wait_setup_[k];futex_hash_[k] 1
java/util/concurrent/ForkJoinWorkerThread.run;java/util/concurrent/ForkJoinPool.runWorker;java/util/concurrent/ForkJoinPool.scan;java/util/concurrent/ForkJoinPool$WorkQueue.topLevelExec;java/util/concurrent/ForkJoinTask.doExec;java/util/concurrent/ForkJoinTask$RunnableExecuteAction.exec;java/lang/VirtualThread$$Lambda.0x00007a6f90039c78.run;java/lang/VirtualThread.runContinuation;jdk/internal/vm/Continuation.run;jdk/internal/vm/Continuation.enterSpecial;jdk/internal/vm/Continuation.enter;jdk/internal/vm/Continuation.enter0;java/lang/VirtualThread$VThreadContinuation$1.run;java/lang/VirtualThread.run;_notify_jvmti_vthread_end;SharedRuntime::notify_jvmti_vthread_end;JvmtiVTMSTransitionDisabler::VTMS_vthread_end;__pthread_mutex_unlock;/usr/lib/x86_64-linux-gnu/libc.so.6;entry_SYSCALL_64_after_hwframe_[k];do_syscall_64_[k];x64_sys_call_[k];__x64_sys_futex_[k];do_futex_[k];futex_wake_[k];wake_up_q_[k];try_to_wake_up_[k];_raw_spin_unlock_irqrestore_[k] 7
java/util/concurrent/ForkJoinWorkerThread.run;java/util/concurrent/ForkJoinPool.runWorker;java/util/concurrent/ForkJoinPool.scan;java/util/concurrent/ForkJoinPool$WorkQueue.topLevelExec;java/util/concurrent/ForkJoinTask.doExec;java/util/concurrent/ForkJoinTask$RunnableExecuteAction.exec;java/lang/VirtualThread$$Lambda.0x00007a6f90039c78.run;java/lang/VirtualThread.runContinuation;jdk/internal/vm/Continuation.run;jdk/internal/vm/Continuation.enterSpecial;jdk/internal/vm/Continuation.enter;jdk/internal/vm/Continuation.enter0;java/lang/VirtualThread$VThreadContinuation$1.run;java/lang/VirtualThread.run;_notify_jvmti_vthread_end;SharedRuntime::notify_jvmti_vthread_end;JvmtiVTMSTransitionDisabler::VTMS_vthread_end;__pthread_mutex_unlock;/usr/lib/x86_64-linux-gnu/libc.so.6;entry_SYSCALL_64_after_hwframe_[k];do_syscall_64_[k];x64_sys_call_[k];__x64_sys_futex_[k];do_futex_[k];futex_wake_[k];_raw_spin_lock_[k];native_queued_spin_lock_slowpath_[k] 117
java/util/concurrent/ForkJoinWorkerThread.run;java/util/concurrent/ForkJoinPool.runWorker;java/util/concurrent/ForkJoinPool.scan;java/util/concurrent/ForkJoinPool$WorkQueue.topLevelExec;java/util/concurrent/ForkJoinTask.doExec;java/util/concurrent/ForkJoinTask$RunnableExecuteAction.exec;java/lang/VirtualThread$$Lambda.0x00007a6f90039c78.run;java/lang/VirtualThread.runContinuation;jdk/internal/vm/Continuation.run;jdk/internal/vm/Continuation.enterSpecial;jdk/internal/vm/Continuation.enter;jdk/internal/vm/Continuation.enter0;java/lang/VirtualThread$VThreadContinuation$1.run;java/lang/VirtualThread.run;java/lang/Thread.runWith 1
java/util/concurrent/ForkJoinWorkerThread.run;java/util/concurrent/ForkJoinPool.runWorker;java/util/concurrent/ForkJoinPool.scan;java/util/concurrent/ForkJoinPool$WorkQueue.topLevelExec;java/util/concurrent/ForkJoinTask.doExec;java/util/concurrent/ForkJoinTask$RunnableExecuteAction.exec;java/lang/VirtualThread$$Lambda.0x00007a6f90039c78.run;java/lang/VirtualThread.runContinuation;jdk/internal/vm/Continuation.run;jdk/internal/vm/Continuation.enterSpecial;jdk/internal/vm/Continuation.enter;jdk/internal/vm/Continuation.enter0;java/lang/VirtualThread$VThreadContinuation$1.run;java/lang/VirtualThread.run;_notify_jvmti_vthread_end;SharedRuntime::notify_jvmti_vthread_end;JvmtiVTMSTransitionDisabler::VTMS_vthread_end;JvmtiExport::cleanup_thread;Mutex::lock;pthread_mutex_lock;/usr/lib/x86_64-linux-gnu/libc.so.6;entry_SYSCALL_64_after_hwframe_[k];do_syscall_64_[k];x64_sys_call_[k];__x64_sys_futex_[k];do_futex_[k];futex_wait_[k] 4
java/util/concurrent/ForkJoinWorkerThread.run;java/util/concurrent/ForkJoinPool.runWorker;java/util/concurrent/ForkJoinPool.scan;java/util/concurrent/ForkJoinPool$WorkQueue.topLevelExec;java/util/concurrent/ForkJoinTask.doExec;java/util/concurrent/ForkJoinTask$RunnableExecuteAction.exec;java/lang/VirtualThread$$Lambda.0x00007a6f90039c78.run;java/lang/VirtualThread.runContinuation;jdk/internal/vm/Continuation.run;jdk/internal/vm/Continuation.enterSpecial;jdk/internal/vm/Continuation.enter;jdk/internal/vm/Continuation.enter0;java/lang/VirtualThread$VThreadContinuation$1.run;java/lang/VirtualThread.run;_notify_jvmti_vthread_start;SharedRuntime::notify_jvmti_vthread_start;JvmtiVTMSTransitionDisabler::VTMS_vthread_start;JvmtiVTMSTransitionDisabler::finish_VTMS_transition;JNIHandles::resolve_external_guard 1
java/util/concurrent/ForkJoinWorkerThread.run;java/util/concurrent/ForkJoinPool.runWorker;java/util/concurrent/ForkJoinPool.awaitWork;java/util/concurrent/locks/LockSupport.park;jdk/internal/misc/Unsafe.park;Unsafe_Park;Parker::park;__pthread_mutex_unlock;/usr/lib/x86_64-linux-gnu/libc.so.6 5
java/util/concurrent/ForkJoinWorkerThread.run;java/util/concurrent/ForkJoinPool.runWorker;java/util/concurrent/ForkJoinPool.awaitWork 6
java/util/concurrent/ForkJoinWorkerThread.run;java/util/concurrent/ForkJoinPool.runWorker;java/util/concurrent/ForkJoinPool.scan;java/util/concurrent/ForkJoinPool$WorkQueue.topLevelExec;java/util/concurrent/ForkJoinTask.doExec;java/util/concurrent/ForkJoinTask$RunnableExecuteAction.exec;java/lang/VirtualThread$$Lambda.0x00007a6f90039c78.run;java/lang/VirtualThread.runContinuation;jdk/internal/vm/Continuation.run;jdk/internal/vm/Continuation.enterSpecial;jdk/internal/vm/Continuation.enter;jdk/internal/vm/Continuation.enter0;java/lang/VirtualThread$VThreadContinuation$1.run;java/lang/VirtualThread.run;_notify_jvmti_vthread_end;SharedRuntime::notify_jvmti_vthread_end;JvmtiVTMSTransitionDisabler::VTMS_vthread_end;__pthread_mutex_unlock;/usr/lib/x86_64-linux-gnu/libc.so.6;entry_SYSCALL_64_after_hwframe_[k];do_syscall_64_[k];x64_sys_call_[k];__x64_sys_futex_[k];do_futex_[k];futex_wake_[k];wake_up_q_[k];try_to_wake_up_[k] 10
java/util/concurrent/ForkJoinWorkerThread.run;java/util/concurrent/ForkJoinPool.runWorker;java/util/concurrent/ForkJoinPool.scan;java/util/concurrent/ForkJoinPool$WorkQueue.topLevelExec;java/util/concurrent/ForkJoinTask.doExec;java/util/concurrent/ForkJoinTask$RunnableExecuteAction.exec;java/lang/VirtualThread$$Lambda.0x00007a6f90039c78.run;java/lang/VirtualThread.runContinuation;jdk/internal/vm/Continuation.run;jdk/internal/vm/Continuation.enterSpecial;jdk/internal/vm/Continuation.enter;jdk/internal/vm/Continuation.enter0;java/lang/VirtualThread$VThreadContinuation$1.run;java/lang/VirtualThread.run;_notify_jvmti_vthread_end;SharedRuntime::notify_jvmti_vthread_end;JvmtiVTMSTransitionDisabler::VTMS_vthread_end;JvmtiExport::cleanup_thread;JvmtiEventController::thread_ended 1
java/util/concurrent/ForkJoinWorkerThread.run;java/util/concurrent/ForkJoinPool.runWorker;java/util/concurrent/ForkJoinPool.scan;java/util/concurrent/ForkJoinPool$WorkQueue.topLevelExec;java/util/concurrent/ForkJoinTask.doExec;java/util/concurrent/ForkJoinTask$RunnableExecuteAction.exec;java/lang/VirtualThread$$Lambda.0x00007a6f90039c78.run;java/lang/VirtualThread.runContinuation;jdk/internal/vm/Continuation.run;jdk/internal/vm/Continuation.enterSpecial;jdk/internal/vm/Continuation.enter;jdk/internal/vm/Continuation.enter0;java/lang/VirtualThread$VThreadContinuation$1.run;java/lang/VirtualThread.run;java/lang/Thread.runWith 1
java/util/concurrent/ForkJoinWorkerThread.run;java/util/concurrent/ForkJoinPool.runWorker;java/util/concurrent/ForkJoinPool.scan;java/util/concurrent/ForkJoinPool$WorkQueue.topLevelExec;java/util/concurrent/ForkJoinPool$WorkQueue.nextLocalTask 1
java/util/concurrent/ForkJoinWorkerThread.run;java/util/concurrent/ForkJoinPool.runWorker;java/util/concurrent/ForkJoinPool.scan;java/util/concurrent/ForkJoinPool$WorkQueue.topLevelExec;java/util/concurrent/ForkJoinTask.doExec;java/util/concurrent/ForkJoinTask$RunnableExecuteAction.exec;java/lang/VirtualThread$$Lambda.0x00007a6f90039c78.run;java/lang/VirtualThread.runContinuation;jdk/internal/vm/Continuation.run;jdk/internal/vm/Continuation.enterSpecial;jdk/internal/vm/Continuation.enter;jdk/internal/vm/Continuation.enter0;java/lang/VirtualThread$VThreadContinuation$1.run;java/lang/VirtualThread.run;_notify_jvmti_vthread_start;SharedRuntime::notify_jvmti_vthread_start;JvmtiVTMSTransitionDisabler::VTMS_vthread_start;JvmtiEventController::thread_started;Mutex::lock;pthread_mutex_lock;/usr/lib/x86_64-linux-gnu/libc.so.6;entry_SYSCALL_64_after_hwframe_[k];do_syscall_64_[k];x64_sys_call_[k];__x64_sys_futex_[k];do_futex_[k];futex_wait_[k];__futex_wait_[k];futex_wait_setup_[k];futex_q_lock_[k];_raw_spin_lock_[k];native_queued_spin_lock_slowpath_[k] 1047
java/util/concurrent/ForkJoinWorkerThread.run;java/util/concurrent/ForkJoinPool.runWorker;java/util/concurrent/ForkJoinPool.scan;java/util/concurrent/ForkJoinPool$WorkQueue.topLevelExec;java/util/concurrent/ForkJoinTask.doExec;java/util/concurrent/ForkJoinTask$RunnableExecuteAction.exec;java/lang/VirtualThread$$Lambda.0x00007a6f90039c78.run;java/lang/VirtualThread.runContinuation;jdk/internal/vm/Continuation.run;jdk/internal/vm/Continuation.enterSpecial;jdk/internal/vm/Continuation.enter;jdk/internal/vm/Continuation.enter0;java/lang/VirtualThread$VThreadContinuation$1.run;java/lang/VirtualThread.run;_notify_jvmti_vthread_start;SharedRuntime::notify_jvmti_vthread_start;JvmtiVTMSTransitionDisabler::VTMS_vthread_start;JvmtiVTMSTransitionDisabler::VTMS_mount_end;Mutex::lock;pthread_mutex_lock;/usr/lib/x86_64-linux-gnu/libc.so.6;entry_SYSCALL_64_after_hwframe_[k];do_syscall_64_[k];x64_sys_call_[k];__x64_sys_futex_[k];do_futex_[k];futex_wait_[k];__futex_wait_[k];schedule_[k] 1
java/util/concurrent/ForkJoinWorkerThread.run;java/util/concurrent/ForkJoinPool.runWorker;java/util/concurrent/ForkJoinPool.scan;java/util/concurrent/ForkJoinPool$WorkQueue.topLevelExec;java/util/concurrent/ForkJoinTask.doExec;java/util/concurrent/ForkJoinTask$RunnableExecuteAction.exec;java/lang/VirtualThread$$Lambda.0x00007a6f90039c78.run;java/lang/VirtualThread.runContinuation;jdk/internal/vm/Continuation.run;jdk/internal/vm/Continuation.enterSpecial;jdk/internal/vm/Continuation.enter;jdk/internal/vm/Continuation.enter0;java/lang/VirtualThread$VThreadContinuation$1.run;java/lang/VirtualThread.run;_notify_jvmti_vthread_start;SharedRuntime::notify_jvmti_vthread_start;JvmtiVTMSTransitionDisabler::VTMS_vthread_start;JvmtiEventController::thread_started;JvmtiEventControllerPrivate::recompute_thread_enabled 14
java/util/concurrent/ForkJoinWorkerThread.run;java/util/concurrent/ForkJoinPool.runWorker;java/util/concurrent/ForkJoinPool.scan;java/util/concurrent/ForkJoinPool$WorkQueue.topLevelExec;java/util/concurrent/ForkJoinTask.doExec;java/util/concurrent/ForkJoinTask$RunnableExecuteAction.exec;java/lang/VirtualThread$$Lambda.0x00007a6f90039c78.run;java/lang/VirtualThread.runContinuation;jdk/internal/vm/Continuation.run;jdk/internal/vm/Continuation.enterSpecial;jdk/internal/vm/Continuation.enter;jdk/internal/vm/Continuation.enter0;java/lang/VirtualThread$VThreadContinuation$1.run;java/lang/VirtualThread.run;_notify_jvmti_vthread_start;SharedRuntime::notify_jvmti_vthread_start;JvmtiVTMSTransitionDisabler::VTMS_vthread_start;JvmtiVTMSTransitionDisabler::VTMS_mount_end;Mutex::lock;pthread_mutex_lock;/usr/lib/x86_64-linux-gnu/libc.so.6;entry_SYSCALL_64_after_hwframe_[k];do_syscall_64_[k] 2
java/util/concurrent/ForkJoinWorkerThread.run;java/util/concurrent/ForkJoinPool.runWorker;java/util/concurrent/ForkJoinPool.scan;java/util/concurrent/ForkJoinPool$WorkQueue.topLevelExec;java/util/concurrent/ForkJoinTask.doExec;java/util/concurrent/ForkJoinTask$RunnableExecuteAction.exec;java/lang/VirtualThread$$Lambda.0x00007a6f90039c78.run;java/lang/VirtualThread.runContinuation;jdk/internal/vm/Continuation.run;jdk/internal/vm/Continuation.enterSpecial;jdk/internal/vm/Continuation.enter;jdk/internal/vm/Continuation.enter0;java/lang/VirtualThread$VThreadContinuation$1.run;java/lang/VirtualThread.run;_notify_jvmti_vthread_start;SharedRuntime::notify_jvmti_vthread_start;JvmtiVTMSTransitionDisabler::VTMS_vthread_start;JvmtiVTMSTransitionDisabler::VTMS_mount_end;Mutex::lock;pthread_mutex_lock;/usr/lib/x86_64-linux-gnu/libc.so.6;entry_SYSCALL_64_after_hwframe_[k];do_syscall_64_[k];x64_sys_call_[k];__x64_sys_futex_[k];do_futex_[k];futex_wait_[k];__futex_wait_[k];futex_wait_setup_[k];futex_q_lock_[k] 49
java/util/concurrent/ForkJoinWorkerThread.run;java/util/concurrent/ForkJoinPool.runWorker;java/util/concurrent/ForkJoinPool.scan;java/util/concurrent/ForkJoinPool$WorkQueue.topLevelExec;java/util/concurrent/ForkJoinTask.doExec;java/util/concurrent/ForkJoinTask$RunnableExecuteAction.exec;java/lang/VirtualThread$$Lambda.0x00007a6f90039c78.run;java/lang/VirtualThread.runContinuation;jdk/internal/vm/Continuation.run;jdk/internal/vm/Continuation.enterSpecial;jdk/internal/vm/Continuation.enter;jdk/internal/vm/Continuation.enter0;java/lang/VirtualThread$VThreadContinuation$1.run;java/lang/VirtualThread.run;_notify_jvmti_vthread_start;SharedRuntime::notify_jvmti_vthread_start;JvmtiVTMSTransitionDisabler::VTMS_vthread_start;JvmtiVTMSTransitionDisabler::VTMS_mount_end;Mutex::lock;ThreadBlockInVMPreprocess<InFlightMutexRelease>::~ThreadBlockInVMPreprocess 3
java/util/concurrent/ForkJoinWorkerThread.run;java/util/concurrent/ForkJoinPool.runWorker;java/util/concurrent/ForkJoinPool.scan;java/util/concurrent/ForkJoinPool$WorkQueue.topLevelExec;java/util/concurrent/ForkJoinTask.doExec;java/util/concurrent/ForkJoinTask$RunnableExecuteAction.exec;java/lang/VirtualThread$$Lambda.0x00007a6f90039c78.run;java/lang/VirtualThread.runContinuation;jdk/internal/vm/Continuation.run;jdk/internal/vm/Continuation.enterSpecial;jdk/internal/vm/Continuation.enter;jdk/internal/vm/Continuation.enter0;java/lang/VirtualThread$VThreadContinuation$1.run;java/lang/VirtualThread.run;_notify_jvmti_vthread_end;SharedRuntime::notify_jvmti_vthread_end 2
java/util/concurrent/ForkJoinWorkerThread.run;java/util/concurrent/ForkJoinPool.runWorker;java/util/concurrent/ForkJoinPool.scan;java/util/concurrent/ForkJoinPool$WorkQueue.topLevelExec;java/util/concurrent/ForkJoinTask.doExec;java/util/concurrent/ForkJoinTask$RunnableExecuteAction.exec;java/lang/VirtualThread$$Lambda.0x00007a6f90039c78.run;java/lang/VirtualThread.runContinuation;java/lang/VirtualThread.mount;_notify_jvmti_vthread_mount 1
java/util/concurrent/ForkJoinWorkerThread.run;java/util/concurrent/ForkJoinPool.runWorker;java/util/concurrent/ForkJoinPool.scan;java/util/concurrent/ForkJoinPool$WorkQueue.topLevelExec;java/util/concurrent/ForkJoinTask.doExec;java/util/concurrent/ForkJoinTask$RunnableExecuteAction.exec;java/lang/VirtualThread$$Lambda.0x00007a6f90039c78.run;java/lang/VirtualThread.runContinuation;jdk/internal/vm/Continuation.run;jdk/internal/vm/Continuation.enterSpecial;jdk/internal/vm/Continuation.enter;jdk/internal/vm/Continuation.enter0;java/lang/VirtualThread$VThreadContinuation$1.run;java/lang/VirtualThread.run;_notify_jvmti_vthread_start;SharedRuntime::notify_jvmti_vthread_start;JvmtiVTMSTransitionDisabler::VTMS_vthread_start;JvmtiVTMSTransitionDisabler::VTMS_mount_end;Mutex::lock;pthread_mutex_lock;/usr/lib/x86_64-linux-gnu/libc.so.6 4
java/util/concurrent/ForkJoinWorkerThread.run;java/util/concurrent/ForkJoinPool.runWorker;java/util/concurrent/ForkJoinPool.scan;java/util/concurrent/ForkJoinPool$WorkQueue.topLevelExec;java/util/concurrent/ForkJoinTask.doExec;java/util/concurrent/ForkJoinTask$RunnableExecuteAction.exec;java/lang/VirtualThread$$Lambda.0x00007a6f90039c78.run;java/lang/VirtualThread.runContinuation;jdk/internal/vm/Continuation.run;jdk/internal/vm/Continuation.enterSpecial;jdk/internal/vm/Continuation.enter;jdk/internal/vm/Continuation.enter0;java/lang/VirtualThread$VThreadContinuation$1.run;java/lang/VirtualThread.run;_notify_jvmti_vthread_start;SharedRuntime::notify_jvmti_vthread_start;JvmtiVTMSTransitionDisabler::VTMS_vthread_start;JvmtiVTMSTransitionDisabler::VTMS_mount_end;__pthread_mutex_unlock;/usr/lib/x86_64-linux-gnu/libc.so.6;entry_SYSCALL_64_after_hwframe_[k];do_syscall_64_[k];x64_sys_call_[k];__x64_sys_futex_[k];do_futex_[k];futex_wake_[k];wake_up_q_[k];try_to_wake_up_[k] 3
java/util/concurrent/ForkJoinWorkerThread.run;java/util/concurrent/ForkJoinPool.runWorker;java/util/concurrent/ForkJoinPool.scan;java/util/concurrent/ForkJoinPool$WorkQueue.topLevelExec;java/util/concurrent/ForkJoinTask.doExec;java/util/concurrent/ForkJoinTask$RunnableExecuteAction.exec;java/lang/VirtualThread$$Lambda.0x00007a6f90039c78.run;java/lang/VirtualThread.runContinuation;jdk/internal/vm/Continuation.run;jdk/internal/vm/Continuation.enterSpecial;jdk/internal/vm/Continuation.enter;jdk/internal/vm/Continuation.enter0;java/lang/VirtualThread$VThreadContinuation$1.run;java/lang/VirtualThread.run;_notify_jvmti_vthread_start;SharedRuntime::notify_jvmti_vthread_start;JvmtiVTMSTransitionDisabler::VTMS_vthread_start;__pthread_mutex_unlock;/usr/lib/x86_64-linux-gnu/libc.so.6;entry_SYSCALL_64_after_hwframe_[k];do_syscall_64_[k];x64_sys_call_[k];__x64_sys_futex_[k];do_futex_[k];futex_wake_[k];wake_up_q_[k];try_to_wake_up_[k];_raw_spin_unlock_irqrestore_[k] 2
java/util/concurrent/ForkJoinWorkerThread.run;java/util/concurrent/ForkJoinPool.runWorker;java/util/concurrent/ForkJoinPool.scan;java/util/concurrent/ForkJoinPool$WorkQueue.topLevelExec;java/util/concurrent/ForkJoinTask.doExec;java/util/concurrent/ForkJoinTask$RunnableExecuteAction.exec;java/lang/VirtualThread$$Lambda.0x00007a6f90039c78.run;java/lang/VirtualThread.runContinuation;java/lang/VirtualThread.unmount;_notify_jvmti_vthread_unmount;SharedRuntime::notify_jvmti_vthread_unmount;JNIHandles::make_local;__tls_get_addr@plt 1
java/util/concurrent/ForkJoinWorkerThread.run;java/util/concurrent/ForkJoinPool.runWorker;java/util/concurrent/ForkJoinPool.scan;java/util/concurrent/ForkJoinPool$WorkQueue.topLevelExec;java/util/concurrent/ForkJoinTask.doExec;java/util/concurrent/ForkJoinTask$RunnableExecuteAction.exec;java/lang/VirtualThread$$Lambda.0x00007a6f90039c78.run;java/lang/VirtualThread.runContinuation;java/lang/VirtualThread.afterDone;java/lang/VirtualThread.afterDone;java/util/concurrent/CountDownLatch.countDown;java/util/concurrent/locks/AbstractQueuedSynchronizer.releaseShared;java/util/concurrent/locks/AbstractQueuedSynchronizer.signalNext;java/util/concurrent/locks/LockSupport.unpark;jdk/internal/misc/Unsafe.unpark;Unsafe_Unpark;pthread_cond_signal;entry_SYSCALL_64_after_hwframe_[k];do_syscall_64_[k];x64_sys_call_[k];__x64_sys_futex_[k];do_futex_[k];futex_wake_[k];futex_hash_[k] 1
[unknown];jdk/internal/misc/Unsafe.park 1
java/util/concurrent/ForkJoinWorkerThread.run;java/util/concurrent/ForkJoinPool.runWorker;java/util/concurrent/ForkJoinPool.scan;java/util/concurrent/ForkJoinPool$WorkQueue.topLevelExec;java/util/concurrent/ForkJoinTask.doExec;java/util/concurrent/ForkJoinTask$RunnableExecuteAction.exec;java/lang/VirtualThread$$Lambda.0x00007a6f90039c78.run;java/lang/VirtualThread.runContinuation;jdk/internal/vm/Continuation.run;jdk/internal/vm/Continuation.enterSpecial;jdk/internal/vm/Continuation.enter;jdk/internal/vm/Continuation.enter0;java/lang/VirtualThread$VThreadContinuation$1.run;java/lang/VirtualThread.run;_notify_jvmti_vthread_start;SharedRuntime::notify_jvmti_vthread_start;JvmtiVTMSTransitionDisabler::VTMS_vthread_start;__pthread_mutex_unlock;/usr/lib/x86_64-linux-gnu/libc.so.6;entry_SYSCALL_64_after_hwframe_[k];do_syscall_64_[k];x64_sys_call_[k];__x64_sys_futex_[k];do_futex_[k];futex_wake_[k];wake_up_q_[k];try_to_wake_up_[k];_raw_spin_unlock_irqrestore_[k] 1
java/util/concurrent/ForkJoinWorkerThread.run;java/util/concurrent/ForkJoinPool.runWorker;java/util/concurrent/ForkJoinPool.scan;java/util/concurrent/ForkJoinPool$WorkQueue.topLevelExec;java/util/concurrent/ForkJoinTask.doExec;java/util/concurrent/ForkJoinTask$RunnableExecuteAction.exec;java/lang/VirtualThread$$Lambda.0x00007a6f90039c78.run;java/lang/VirtualThread.runContinuation;jdk/internal/vm/Continuation.run;jdk/internal/vm/Continuation.enterSpecial;jdk/internal/vm/Continuation.enter;jdk/internal/vm/Continuation.enter0;java/lang/VirtualThread$VThreadContinuation$1.run;java/lang/VirtualThread.run;_notify_jvmti_vthread_start;SharedRuntime::notify_jvmti_vthread_start;JvmtiVTMSTransitionDisabler::VTMS_vthread_start;JvmtiEventController::thread_started;Mutex::lock;pthread_mutex_lock;/usr/lib/x86_64-linux-gnu/libc.so.6;entry_SYSCALL_64_after_hwframe_[k];do_syscall_64_[k];x64_sys_call_[k];__x64_sys_futex_[k];do_futex_[k];futex_wait_[k];__futex_wait_[k];futex_wait_setup_[k];futex_q_lock_[k] 3
java/util/concurrent/ForkJoinWorkerThread.run;java/util/concurrent/ForkJoinPool.runWorker;java/util/concurrent/ForkJoinPool.scan;java/util/concurrent/ForkJoinPool$WorkQueue.topLevelExec;java/util/concurrent/ForkJoinPool$WorkQueue.tryPoll 3
java/util/concurrent/ForkJoinWorkerThread.run;java/util/concurrent/ForkJoinPool.runWorker;java/util/concurrent/ForkJoinPool.scan;java/util/concurrent/ForkJoinPool$WorkQueue.topLevelExec;java/util/concurrent/ForkJoinTask.doExec;java/util/concurrent/ForkJoinTask$RunnableExecuteAction.exec;java/lang/VirtualThread$$Lambda.0x00007a6f90039c78.run;java/lang/VirtualThread.runContinuation;jdk/internal/vm/Continuation.run;jdk/internal/vm/Continuation.enterSpecial;jdk/internal/vm/Continuation.enter;jdk/internal/vm/Continuation.enter0;java/lang/VirtualThread$VThreadContinuation$1.run;java/lang/VirtualThread.run;_notify_jvmti_vthread_start;SharedRuntime::notify_jvmti_vthread_start;JvmtiVTMSTransitionDisabler::VTMS_vthread_start;__pthread_mutex_unlock;/usr/lib/x86_64-linux-gnu/libc.so.6;entry_SYSCALL_64_after_hwframe_[k];do_syscall_64_[k];x64_sys_call_[k];__x64_sys_futex_[k];do_futex_[k];futex_wake_[k];wake_up_q_[k];try_to_wake_up_[k];_raw_spin_unlock_irqrestore_[k] 147
java/util/concurrent/ForkJoinWorkerThread.run;java/util/concurrent/ForkJoinPool.runWorker;java/util/concurrent/ForkJoinPool.scan;java/util/concurrent/ForkJoinPool$WorkQueue.topLevelExec;java/util/concurrent/ForkJoinTask.doExec;java/util/concurrent/ForkJoinTask$RunnableExecuteAction.exec;java/lang/VirtualThread$$Lambda.0x00007a6f90039c78.run;java/lang/VirtualThread.runContinuation;java/lang/VirtualThread.afterDone;java/lang/VirtualThread.afterDone;jdk/internal/vm/ThreadContainers$RootContainer$TrackingRootContainer.onExit;java/util/concurrent/ConcurrentHashMap$KeySetView.remove;java/util/concurrent/ConcurrentHashMap.remove;java/util/concurrent/ConcurrentHashMap.replaceNode;java/util/concurrent/ConcurrentHashMap.tabAt 2
java/util/concurrent/ForkJoinWorkerThread.run;java/util/concurrent/ForkJoinPool.runWorker;java/util/concurrent/ForkJoinPool.scan;java/util/concurrent/ForkJoinPool$WorkQueue.topLevelExec;java/util/concurrent/ForkJoinTask.doExec;java/util/concurrent/ForkJoinTask$RunnableExecuteAction.exec;java/lang/VirtualThread$$Lambda.0x00007a6f90039c78.run;java/lang/VirtualThread.runContinuation;jdk/internal/vm/Continuation.run;jdk/internal/vm/Continuation.enterSpecial;jdk/internal/vm/Continuation.enter;jdk/internal/vm/Continuation.enter0;java/lang/VirtualThread$VThreadContinuation$1.run;java/lang/VirtualThread.run;_notify_jvmti_vthread_start;SharedRuntime::notify_jvmti_vthread_start;JvmtiVTMSTransitionDisabler::VTMS_vthread_start;__pthread_mutex_unlock;/usr/lib/x86_64-linux-gnu/libc.so.6;entry_SYSCALL_64_after_hwframe_[k];do_syscall_64_[k];x64_sys_call_[k];__x64_sys_futex_[k];do_futex_[k];futex_wake_[k];native_queued_spin_lock_slowpath_[k] 1
java/lang/Thread.run;java/lang/Thread.runWith;java/util/concurrent/ThreadPoolExecutor$Worker.run;java/util/concurrent/ThreadPoolExecutor.runWorker;java/util/concurrent/FutureTask.run;java/util/concurrent/Executors$RunnableAdapter.call;java/util/concurrent/FutureTask.run;org/openjdk/jmh/runner/BenchmarkHandler$BenchmarkTask.call;org/openjdk/jmh/runner/BenchmarkHandler$BenchmarkTask.call;java/lang/reflect/Method.invoke;jdk/internal/reflect/DirectMethodHandleAccessor.invoke;jdk/internal/reflect/DirectMethodHandleAccessor.invokeImpl;java/lang/invoke/LambdaForm$MH.0x00007a6f9002e800.invokeExact_MT;java/lang/invoke/LambdaForm$MH.0x00007a6f9002e400.invoke;java/lang/invoke/DirectMethodHandle$Holder.invokeSpecial;uk/ac/ncl/jensen/benchmark/jmh_generated/VThreadChurnBenchmark_churn_jmhTest.churn_AverageTime;uk/ac/ncl/jensen/benchmark/jmh_generated/VThreadChurnBenchmark_churn_jmhTest.churn_avgt_jmhStub;uk/ac/ncl/jensen/benchmark/VThreadChurnBenchmark.churn;java/lang/ThreadBuilders$VirtualThreadBuilder.start;java/lang/VirtualThread.start;java/lang/VirtualThread.start;jdk/internal/vm/ThreadContainers$RootContainer$TrackingRootContainer.onStart;java/util/concurrent/ConcurrentHashMap$KeySetView.add;java/util/concurrent/ConcurrentHashMap.putVal;java/util/concurrent/ConcurrentHashMap$Node.<init> 1
java/util/concurrent/ForkJoinWorkerThread.run;java/util/concurrent/ForkJoinPool.runWorker;java/util/concurrent/ForkJoinPool.scan;java/util/concurrent/ForkJoinPool$WorkQueue.topLevelExec;java/util/concurrent/ForkJoinPool$WorkQueue.tryPoll;java/util/concurrent/ForkJoinPool$WorkQueue.casSlotToNull 5
java/util/concurrent/ForkJoinWorkerThread.run;java/util/concurrent/ForkJoinPool.runWorker;java/util/concurrent/ForkJoinPool.scan;java/util/concurrent/ForkJoinPool$WorkQueue.topLevelExec;java/util/concurrent/ForkJoinTask.doExec;java/util/concurrent/ForkJoinTask$RunnableExecuteAction.exec;java/lang/VirtualThread$$Lambda.0x00007a6f90039c78.run;java/lang/VirtualThread.runContinuation;java/lang/VirtualThread.state 34
java/util/concurrent/ForkJoinWorkerThread.run;java/util/concurrent/ForkJoinPool.runWorker;java/util/concurrent/ForkJoinPool.scan;java/util/concurrent/ForkJoinPool$WorkQueue.topLevelExec;java/util/concurrent/ForkJoinTask.doExec;java/util/concurrent/ForkJoinTask$RunnableExecuteAction.exec;java/lang/VirtualThread$$Lambda.0x00007a6f90039c78.run;java/lang/VirtualThread.runContinuation;jdk/internal/vm/Continuation.run;jdk/internal/vm/Continuation.enterSpecial;jdk/internal/vm/Continuation.enter;jdk/internal/vm/Continuation.enter0;java/lang/VirtualThread$VThreadContinuation$1.run;java/lang/VirtualThread.run;_notify_jvmti_vthread_end;SharedRuntime::notify_jvmti_vthread_end;JvmtiVTMSTransitionDisabler::VTMS_vthread_end;__pthread_mutex_unlock;/usr/lib/x86_64-linux-gnu/libc.so.6;entry_SYSCALL_64_after_hwframe_[k];do_syscall_64_[k];x64_sys_call_[k];__x64_sys_futex_[k];do_futex_[k];futex_wake_[k];__futex_unqueue_[k] 1
java/util/concurrent/ForkJoinWorkerThread.run;java/util/concurrent/ForkJoinPool.runWorker;java/util/concurrent/ForkJoinPool.scan 1
java/util/concurrent/ForkJoinWorkerThread.run;java/util/concurrent/ForkJoinPool.runWorker;java/util/concurrent/ForkJoinPool.scan;java/util/concurrent/ForkJoinPool$WorkQueue.topLevelExec;java/util/concurrent/ForkJoinTask.doExec;java/util/concurrent/ForkJoinTask$RunnableExecuteAction.exec;java/lang/VirtualThread$$Lambda.0x00007a6f90039c78.run;java/lang/VirtualThread.runContinuation;jdk/internal/vm/Continuation.run;jdk/internal/vm/Continuation.enterSpecial;jdk/internal/vm/Continuation.enter;jdk/internal/vm/Continuation.enter0;java/lang/VirtualThread$VThreadContinuation$1.run;java/lang/VirtualThread.run;_notify_jvmti_vthread_start;SharedRuntime::notify_jvmti_vthread_start;JvmtiVTMSTransitionDisabler::VTMS_vthread_start;JvmtiVTMSTransitionDisabler::VTMS_mount_end;__pthread_mutex_unlock 22
java/util/concurrent/ForkJoinWorkerThread.run;java/util/concurrent/ForkJoinPool.runWorker;java/util/concurrent/ForkJoinPool.scan;java/util/concurrent/ForkJoinPool$WorkQueue.topLevelExec;java/util/concurrent/ForkJoinTask.doExec;java/util/concurrent/ForkJoinTask$RunnableExecuteAction.exec;java/lang/VirtualThread$$Lambda.0x00007a6f90039c78.run;java/lang/VirtualThread.runContinuation;jdk/internal/vm/Continuation.run;jdk/internal/vm/Continuation.enterSpecial;jdk/internal/vm/Continuation.enter;jdk/internal/vm/Continuation.enter0;java/lang/VirtualThread$VThreadContinuation$1.run;java/lang/VirtualThread.run;_notify_jvmti_vthread_start;SharedRuntime::notify_jvmti_vthread_start;JvmtiVTMSTransitionDisabler::VTMS_vthread_start;JvmtiVTMSTransitionDisabler::VTMS_mount_end;Mutex::lock;pthread_mutex_lock;/usr/lib/x86_64-linux-gnu/libc.so.6;entry_SYSCALL_64_after_hwframe_[k];do_syscall_64_[k];x64_sys_call_[k];__x64_sys_futex_[k];do_futex_[k];futex_wait_[k];__futex_wait_[k];futex_wait_setup_[k];futex_q_lock_[k];native_queued_spin_lock_slowpath_[k] 1
java/util/concurrent/ForkJoinWorkerThread.run;java/util/concurrent/ForkJoinPool.runWorker;java/util/concurrent/ForkJoinPool.scan;java/util/concurrent/ForkJoinPool$WorkQueue.topLevelExec;java/util/concurrent/ForkJoinTask.doExec;java/util/concurrent/ForkJoinTask$RunnableExecuteAction.exec;java/lang/VirtualThread$$Lambda.0x00007a6f90039c78.run;java/lang/VirtualThread.runContinuation;jdk/internal/vm/Continuation.run;jdk/internal/vm/Continuation.enterSpecial;jdk/internal/vm/Continuation.enter;jdk/internal/vm/Continuation.enter0;java/lang/VirtualThread$VThreadContinuation$1.run;java/lang/VirtualThread.run;_notify_jvmti_vthread_start;SharedRuntime::notify_jvmti_vthread_start;JvmtiVTMSTransitionDisabler::VTMS_vthread_start;JvmtiVTMSTransitionDisabler::VTMS_mount_end;__pthread_mutex_unlock;/usr/lib/x86_64-linux-gnu/libc.so.6;entry_SYSCALL_64_after_hwframe_[k];do_syscall_64_[k];x64_sys_call_[k];__x64_sys_futex_[k];do_futex_[k];futex_wake_[k];futex_wake_mark_[k];__futex_unqueue_[k] 8
java/util/concurrent/ForkJoinWorkerThread.run;java/util/concurrent/ForkJoinPool.runWorker;java/util/concurrent/ForkJoinPool.scan;java/util/concurrent/ForkJoinPool$WorkQueue.topLevelExec;java/util/concurrent/ForkJoinTask.doExec;java/util/concurrent/ForkJoinTask$RunnableExecuteAction.exec;java/lang/VirtualThread$$Lambda.0x00007a6f90039c78.run;java/lang/VirtualThread.runContinuation;java/lang/VirtualThread.afterDone;java/lang/VirtualThread.afterDone;jdk/internal/vm/ThreadContainers$RootContainer$TrackingRootContainer.onExit;java/util/concurrent/ConcurrentHashMap$KeySetView.remove;java/util/concurrent/ConcurrentHashMap.remove;java/util/concurrent/ConcurrentHashMap.replaceNode;java/util/concurrent/ConcurrentHashMap.addCount;java/util/concurrent/ThreadLocalRandom.getProbe 1
java/util/concurrent/ForkJoinWorkerThread.run;java/util/concurrent/ForkJoinPool.runWorker;java/util/concurrent/ForkJoinPool.scan;java/util/concurrent/ForkJoinPool$WorkQueue.topLevelExec;java/util/concurrent/ForkJoinTask.doExec;java/util/concurrent/ForkJoinTask$RunnableExecuteAction.exec;java/lang/VirtualThread$$Lambda.0x00007a6f90039c78.run;java/lang/VirtualThread.runContinuation;jdk/internal/vm/Continuation.run;jdk/internal/vm/Continuation.enterSpecial;jdk/internal/vm/Continuation.enter;jdk/internal/vm/Continuation.enter0;java/lang/VirtualThread$VThreadContinuation$1.run;java/lang/VirtualThread.run;_notify_jvmti_vthread_start;SharedRuntime::notify_jvmti_vthread_start;JvmtiVTMSTransitionDisabler::VTMS_vthread_start;JvmtiVTMSTransitionDisabler::VTMS_mount_end;Mutex::lock;pthread_mutex_lock;/usr/lib/x86_64-linux-gnu/libc.so.6;entry_SYSCALL_64_after_hwframe_[k];do_syscall_64_[k];x64_sys_call_[k];__x64_sys_futex_[k];do_futex_[k];futex_wait_[k] 2
java/util/concurrent/ForkJoinWorkerThread.run;java/util/concurrent/ForkJoinPool.runWorker;java/util/concurrent/ForkJoinPool.scan 2
java/util/concurrent/ForkJoinWorkerThread.run;java/util/concurrent/ForkJoinPool.runWorker;java/util/concurrent/ForkJoinPool.scan;java/util/concurrent/ForkJoinPool$WorkQueue.topLevelExec;java/util/concurrent/ForkJoinTask.doExec;java/util/concurrent/ForkJoinTask$RunnableExecuteAction.exec;java/lang/VirtualThread$$Lambda.0x00007a6f90039c78.run;java/lang/VirtualThread.runContinuation;jdk/internal/vm/Continuation.run;jdk/internal/vm/Continuation.enterSpecial;jdk/internal/vm/Continuation.enter;jdk/internal/vm/Continuation.enter0;java/lang/VirtualThread$VThreadContinuation$1.run;java/lang/VirtualThread.run;_notify_jvmti_vthread_end;SharedRuntime::notify_jvmti_vthread_end;JvmtiVTMSTransitionDisabler::VTMS_vthread_end;JvmtiExport::cleanup_thread;Mutex::lock;pthread_mutex_lock;/usr/lib/x86_64-linux-gnu/libc.so.6;entry_SYSCALL_64_after_hwframe_[k];do_syscall_64_[k];x64_sys_call_[k];__x64_sys_futex_[k];do_futex_[k];futex_wait_[k];__futex_wait_[k];futex_wait_setup_[k] 1
java/util/concurrent/ForkJoinWorkerThread.run;java/util/concurrent/ForkJoinPool.runWorker;java/util/concurrent/ForkJoinPool.scan;java/util/concurrent/ForkJoinPool$WorkQueue.topLevelExec;java/util/concurrent/ForkJoinTask.doExec;java/util/concurrent/ForkJoinTask$RunnableExecuteAction.exec;java/lang/VirtualThread$$Lambda.0x00007a6f90039c78.run;java/lang/VirtualThread.runContinuation;jdk/internal/vm/Continuation.run;jdk/internal/vm/Continuation.enterSpecial;jdk/internal/vm/Continuation.enter;jdk/internal/vm/Continuation.enter0;java/lang/VirtualThread$VThreadContinuation$1.run;java/lang/VirtualThread.run;_notify_jvmti_vthread_end;SharedRuntime::notify_jvmti_vthread_end;JvmtiVTMSTransitionDisabler::VTMS_vthread_end;JvmtiExport::cleanup_thread;Mutex::lock;pthread_mutex_lock;/usr/lib/x86_64-linux-gnu/libc.so.6;entry_SYSCALL_64_after_hwframe_[k];do_syscall_64_[k];x64_sys_call_[k];__x64_sys_futex_[k];do_futex_[k];futex_wait_[k];__futex_wait_[k];futex_wait_setup_[k];__futex_queue_[k];plist_add_[k] 2
java/util/concurrent/ForkJoinWorkerThread.run;java/util/concurrent/ForkJoinPool.runWorker;java/util/concurrent/ForkJoinPool.scan 1
java/util/concurrent/ForkJoinWorkerThread.run;java/util/concurrent/ForkJoinPool.runWorker;java/util/concurrent/ForkJoinPool.scan;java/util/concurrent/ForkJoinPool$WorkQueue.topLevelExec;java/util/concurrent/ForkJoinTask.doExec;java/util/concurrent/ForkJoinTask$RunnableExecuteAction.exec;java/lang/VirtualThread$$Lambda.0x00007a6f90039c78.run;java/lang/VirtualThread.runContinuation;jdk/internal/vm/Continuation.run;jdk/internal/vm/Continuation.enterSpecial;jdk/internal/vm/Continuation.enter;jdk/internal/vm/Continuation.enter0;java/lang/VirtualThread$VThreadContinuation$1.run;java/lang/VirtualThread.run;_notify_jvmti_vthread_start;SharedRuntime::notify_jvmti_vthread_start 2
java/util/concurrent/ForkJoinWorkerThread.run;java/util/concurrent/ForkJoinPool.runWorker;java/util/concurrent/ForkJoinPool.scan 3
java/util/concurrent/ForkJoinWorkerThread.run;java/util/concurrent/ForkJoinPool.runWorker;java/util/concurrent/ForkJoinPool.scan;java/util/concurrent/ForkJoinPool.signalWork;java/util/concurrent/locks/LockSupport.unpark;jdk/internal/misc/Unsafe.unpark;Unsafe_Unpark;pthread_cond_signal;entry_SYSCALL_64_after_hwframe_[k];do_syscall_64_[k];x64_sys_call_[k];__x64_sys_futex_[k];do_futex_[k];futex_wake_[k];wake_up_q_[k];try_to_wake_up_[k];_raw_spin_unlock_irqrestore_[k] 1
java/util/concurrent/ForkJoinWorkerThread.run;java/util/concurrent/ForkJoinPool.runWorker;java/util/concurrent/ForkJoinPool.scan;java/util/concurrent/ForkJoinPool$WorkQueue.topLevelExec;java/util/concurrent/ForkJoinTask.doExec;java/util/concurrent/ForkJoinTask$RunnableExecuteAction.exec;java/lang/VirtualThread$$Lambda.0x00007a6f90039c78.run;java/lang/VirtualThread.runContinuation;jdk/internal/vm/Continuation.run;jdk/internal/vm/Continuation.enterSpecial;jdk/internal/vm/Continuation.enter;jdk/internal/vm/Continuation.enter0;java/lang/VirtualThread$VThreadContinuation$1.run;java/lang/VirtualThread.run;_notify_jvmti_vthread_start;SharedRuntime::notify_jvmti_vthread_start;JvmtiVTMSTransitionDisabler::VTMS_vthread_start;JvmtiEventController::thread_started;Mutex::lock;pthread_mutex_lock;/usr/lib/x86_64-linux-gnu/libc.so.6;entry_SYSCALL_64_after_hwframe_[k];do_syscall_64_[k];x64_sys_call_[k];__x64_sys_futex_[k];do_futex_[k];futex_wait_[k];__futex_wait_[k];futex_wait_setup_[k] 45
java/util/concurrent/ForkJoinWorkerThread.run;java/util/concurrent/ForkJoinPool.runWorker;java/util/concurrent/ForkJoinPool.scan;java/util/concurrent/ForkJoinPool$WorkQueue.topLevelExec;java/util/concurrent/ForkJoinTask.doExec;java/util/concurrent/ForkJoinTask$RunnableExecuteAction.exec;java/lang/VirtualThread$$Lambda.0x00007a6f90039c78.run;java/lang/VirtualThread.runContinuation;jdk/internal/vm/Continuation.run 11
java/util/concurrent/ForkJoinWorkerThread.run;java/util/concurrent/ForkJoinPool.runWorker;java/util/concurrent/ForkJoinPool.scan;java/util/concurrent/ForkJoinPool$WorkQueue.topLevelExec;java/util/concurrent/ForkJoinTask.doExec;java/util/concurrent/ForkJoinTask$RunnableExecuteAction.exec;java/lang/VirtualThread$$Lambda.0x00007a6f90039c78.run;java/lang/VirtualThread.runContinuation;jdk/internal/vm/Continuation.run;jdk/internal/vm/Continuation.enterSpecial;jdk/internal/vm/Continuation.enter;jdk/internal/vm/Continuation.enter0;java/lang/VirtualThread$VThreadContinuation$1.run;java/lang/VirtualThread.run;_notify_jvmti_vthread_start;SharedRuntime::notify_jvmti_vthread_start;JvmtiVTMSTransitionDisabler::VTMS_vthread_start;JvmtiVTMSTransitionDisabler::VTMS_mount_end;Mutex::lock;pthread_mutex_lock;/usr/lib/x86_64-linux-gnu/libc.so.6 1
java/util/concurrent/ForkJoinWorkerThread.run;java/util/concurrent/ForkJoinPool.runWorker;java/util/concurrent/ForkJoinPool.scan;java/util/concurrent/ForkJoinPool$WorkQueue.topLevelExec;java/util/concurrent/ForkJoinTask.doExec;java/util/concurrent/ForkJoinTask$RunnableExecuteAction.exec;java/lang/VirtualThread$$Lambda.0x00007a6f90039c78.run;java/lang/VirtualThread.runContinuation;jdk/internal/vm/Continuation.run;jdk/internal/vm/Continuation.enterSpecial;jdk/internal/vm/Continuation.enter;jdk/internal/vm/Continuation.enter0;java/lang/VirtualThread$VThreadContinuation$1.run;java/lang/VirtualThread.run;_notify_jvmti_vthread_end;SharedRuntime::notify_jvmti_vthread_end;JvmtiVTMSTransitionDisabler::VTMS_vthread_end;JvmtiExport::cleanup_thread;Mutex::lock;pthread_mutex_lock 34
java/util/concurrent/ForkJoinWorkerThread.run;java/util/concurrent/ForkJoinPool.runWorker;java/util/concurrent/ForkJoinPool.scan;java/util/concurrent/ForkJoinPool$WorkQueue.topLevelExec;java/util/concurrent/ForkJoinTask.doExec;java/util/concurrent/ForkJoinTask$RunnableExecuteAction.exec;java/lang/VirtualThread$$Lambda.0x00007a6f90039c78.run;java/lang/VirtualThread.runContinuation;jdk/internal/vm/Continuation.run;jdk/internal/vm/Continuation.enterSpecial;jdk/internal/vm/Continuation.enter;jdk/internal/vm/Continuation.enter0;java/lang/VirtualThread$VThreadContinuation$1.run;java/lang/VirtualThread.run;_notify_jvmti_vthread_end;SharedRuntime::notify_jvmti_vthread_end;JvmtiVTMSTransitionDisabler::VTMS_vthread_end;__pthread_mutex_unlock;/usr/lib/x86_64-linux-gnu/libc.so.6;entry_SYSCALL_64_after_hwframe_[k];do_syscall_64_[k];x64_sys_call_[k];__x64_sys_futex_[k];do_futex_[k];futex_hash_put_[k] 1
java/util/concurrent/ForkJoinWorkerThread.run;java/util/concurrent/ForkJoinPool.runWorker;java/util/concurrent/ForkJoinPool.awaitWork;java/util/concurrent/locks/LockSupport.park;jdk/internal/misc/Unsafe.park;Unsafe_Park;Parker::park;pthread_cond_wait 3
java/util/concurrent/ForkJoinWorkerThread.run;java/util/concurrent/ForkJoinPool.runWorker;java/util/concurrent/ForkJoinPool.scan;java/util/concurrent/ForkJoinPool$WorkQueue.topLevelExec;java/util/concurrent/ForkJoinTask.doExec;java/util/concurrent/ForkJoinTask$RunnableExecuteAction.exec;java/lang/VirtualThread$$Lambda.0x00007a6f90039c78.run;java/lang/VirtualThread.runContinuation;jdk/internal/vm/Continuation.run;jdk/internal/vm/Continuation.enterSpecial;jdk/internal/vm/Continuation.enter;jdk/internal/vm/Continuation.enter0;java/lang/VirtualThread$VThreadContinuation$1.run;java/lang/VirtualThread.run;_notify_jvmti_vthread_end;SharedRuntime::notify_jvmti_vthread_end;JvmtiVTMSTransitionDisabler::VTMS_vthread_end;__pthread_mutex_unlock;/usr/lib/x86_64-linux-gnu/libc.so.6;entry_SYSCALL_64_after_hwframe_[k];do_syscall_64_[k];x64_sys_call_[k];__x64_sys_futex_[k];do_futex_[k];_raw_spin_lock_[k] 3
java/util/concurrent/ForkJoinWorkerThread.run;java/util/concurrent/ForkJoinPool.runWorker;java/util/concurrent/ForkJoinPool.scan;java/util/concurrent/ForkJoinPool$WorkQueue.topLevelExec;java/util/concurrent/ForkJoinTask.doExec;java/util/concurrent/ForkJoinTask$RunnableExecuteAction.exec;java/lang/VirtualThread$$Lambda.0x00007a6f90039c78.run;java/lang/VirtualThread.runContinuation;jdk/internal/vm/Continuation.run;jdk/internal/vm/Continuation.enterSpecial;jdk/internal/vm/Continuation.enter;jdk/internal/vm/Continuation.enter0;java/lang/VirtualThread$VThreadContinuation$1.run;java/lang/VirtualThread.run;_notify_jvmti_vthread_start;SharedRuntime::notify_jvmti_vthread_start;JvmtiVTMSTransitionDisabler::VTMS_vthread_start;JvmtiVTMSTransitionDisabler::VTMS_mount_end;Mutex::lock;pthread_mutex_lock;/usr/lib/x86_64-linux-gnu/libc.so.6;entry_SYSCALL_64_after_hwframe_[k];do_syscall_64_[k];x64_sys_call_[k];__x64_sys_futex_[k];do_futex_[k];futex_wait_[k];__futex_wait_[k];futex_wait_setup_[k];futex_hash_[k];futex_ref_get_[k] 6
java/lang/Thread.run;java/lang/Thread.runWith;java/util/concurrent/ThreadPoolExecutor$Worker.run;java/util/concurrent/ThreadPoolExecutor.runWorker;java/util/concurrent/FutureTask.run;java/util/concurrent/Executors$RunnableAdapter.call;java/util/concurrent/FutureTask.run;org/openjdk/jmh/runner/BenchmarkHandler$BenchmarkTask.call;org/openjdk/jmh/runner/BenchmarkHandler$BenchmarkTask.call;java/lang/reflect/Method.invoke;jdk/internal/reflect/DirectMethodHandleAccessor.invoke;jdk/internal/reflect/DirectMethodHandleAccessor.invokeImpl;java/lang/invoke/LambdaForm$MH.0x00007a6f9002e800.invokeExact_MT;java/lang/invoke/LambdaForm$MH.0x00007a6f9002e400.invoke;java/lang/invoke/DirectMethodHandle$Holder.invokeSpecial;uk/ac/ncl/jensen/benchmark/jmh_generated/VThreadChurnBenchmark_churn_jmhTest.churn_AverageTime;uk/ac/ncl/jensen/benchmark/jmh_generated/VThreadChurnBenchmark_churn_jmhTest.churn_avgt_jmhStub;uk/ac/ncl/jensen/benchmark/VThreadChurnBenchmark.churn;java/lang/ThreadBuilders$VirtualThreadBuilder.start;java/lang/VirtualThread.start;java/lang/VirtualThread.start;jdk/internal/vm/ThreadContainers$RootContainer$TrackingRootContainer.onStart;java/util/concurrent/ConcurrentHashMap$KeySetView.add;java/util/concurrent/ConcurrentHashMap.putVal;java/util/concurrent/ConcurrentHashMap.addCount 1
java/util/concurrent/ForkJoinWorkerThread.run;java/util/concurrent/ForkJoinPool.runWorker;java/util/concurrent/ForkJoinPool.scan;java/util/concurrent/ForkJoinPool$WorkQueue.topLevelExec;java/util/concurrent/ForkJoinTask.doExec;java/util/concurrent/ForkJoinTask$RunnableExecuteAction.exec;java/lang/VirtualThread$$Lambda.0x00007a6f90039c78.run;java/lang/VirtualThread.runContinuation;jdk/internal/vm/Continuation.run;jdk/internal/vm/Continuation.enterSpecial;jdk/internal/vm/Continuation.enter;jdk/internal/vm/Continuation.enter0;java/lang/VirtualThread$VThreadContinuation$1.run;java/lang/VirtualThread.run;_notify_jvmti_vthread_start;SharedRuntime::notify_jvmti_vthread_start;JvmtiVTMSTransitionDisabler::VTMS_vthread_start;__pthread_mutex_unlock;/usr/lib/x86_64-linux-gnu/libc.so.6;entry_SYSCALL_64_after_hwframe_[k];do_syscall_64_[k];x64_sys_call_[k];__x64_sys_futex_[k];do_futex_[k];futex_wake_[k];futex_wake_mark_[k];__futex_unqueue_[k] 1
java/util/concurrent/ForkJoinWorkerThread.run;java/util/concurrent/ForkJoinPool.runWorker;java/util/concurrent/ForkJoinPool.scan;java/util/concurrent/ForkJoinPool$WorkQueue.topLevelExec;java/util/concurrent/ForkJoinTask.doExec;java/util/concurrent/ForkJoinTask$RunnableExecuteAction.exec;java/lang/VirtualThread$$Lambda.0x00007a6f90039c78.run;java/lang/VirtualThread.runContinuation;jdk/internal/vm/Continuation.run;jdk/internal/vm/Continuation.enterSpecial;jdk/internal/vm/Continuation.enter;jdk/internal/vm/Continuation.enter0;java/lang/VirtualThread$VThreadContinuation$1.run;java/lang/VirtualThread.run;_notify_jvmti_vthread_end;SharedRuntime::notify_jvmti_vthread_end;JvmtiVTMSTransitionDisabler::VTMS_vthread_end;JvmtiExport::cleanup_thread;Mutex::lock;pthread_mutex_lock;/usr/lib/x86_64-linux-gnu/libc.so.6;entry_SYSCALL_64_after_hwframe_[k];do_syscall_64_[k];x64_sys_call_[k];__x64_sys_futex_[k];do_futex_[k];futex_wait_[k];__futex_wait_[k];futex_wait_setup_[k];futex_q_unlock_[k] 2
java/util/concurrent/ForkJoinWorkerThread.run;java/util/concurrent/ForkJoinPool.runWorker;java/util/concurrent/ForkJoinPool.scan;java/util/concurrent/ForkJoinPool$WorkQueue.topLevelExec;java/util/concurrent/ForkJoinTask.doExec;java/util/concurrent/ForkJoinTask$RunnableExecuteAction.exec;java/lang/VirtualThread$$Lambda.0x00007a6f90039c78.run;java/lang/VirtualThread.runContinuation;java/lang/VirtualThread.mount;_notify_jvmti_vthread_mount;SharedRuntime::notify_jvmti_vthread_mount;JvmtiVTMSTransitionDisabler::start_VTMS_transition 23
java/util/concurrent/ForkJoinWorkerThread.run;java/util/concurrent/ForkJoinPool.runWorker;java/util/concurrent/ForkJoinPool.scan;java/util/concurrent/ForkJoinPool$WorkQueue.topLevelExec;java/util/concurrent/ForkJoinTask.doExec;java/util/concurrent/ForkJoinTask$RunnableExecuteAction.exec;java/lang/VirtualThread$$Lambda.0x00007a6f90039c78.run;java/lang/VirtualThread.runContinuation;jdk/internal/vm/Continuation.run;jdk/internal/vm/Continuation.enterSpecial;jdk/internal/vm/Continuation.enter;jdk/internal/vm/Continuation.enter0;java/lang/VirtualThread$VThreadContinuation$1.run;java/lang/VirtualThread.run;_notify_jvmti_vthread_end;SharedRuntime::notify_jvmti_vthread_end;JvmtiVTMSTransitionDisabler::VTMS_vthread_end;__pthread_mutex_unlock;/usr/lib/x86_64-linux-gnu/libc.so.6;entry_SYSCALL_64_after_hwframe_[k];do_syscall_64_[k] 28
java/util/concurrent/ForkJoinWorkerThread.run;java/util/concurrent/ForkJoinPool.runWorker;java/util/concurrent/ForkJoinPool.awaitWork 1
java/util/concurrent/ForkJoinWorkerThread.run;java/util/concurrent/ForkJoinPool.runWorker;java/util/concurrent/ForkJoinPool.awaitWork;java/util/concurrent/locks/LockSupport.park;jdk/internal/misc/Unsafe.park;Unsafe_Park;Parker::park;pthread_cond_wait;/usr/lib/x86_64-linux-gnu/libc.so.6;entry_SYSCALL_64_after_hwframe_[k];do_syscall_64_[k];x64_sys_call_[k];__x64_sys_futex_[k];do_futex_[k];futex_wait_[k] 2
java/lang/Thread.run;java/lang/Thread.runWith;java/util/concurrent/ThreadPoolExecutor$Worker.run;java/util/concurrent/ThreadPoolExecutor.runWorker;java/util/concurrent/FutureTask.run;java/util/concurrent/Executors$RunnableAdapter.call;java/util/concurrent/FutureTask.run;org/openjdk/jmh/runner/BenchmarkHandler$BenchmarkTask.call;org/openjdk/jmh/runner/BenchmarkHandler$BenchmarkTask.call;java/lang/reflect/Method.invoke;jdk/internal/reflect/DirectMethodHandleAccessor.invoke;jdk/internal/reflect/DirectMethodHandleAccessor.invokeImpl;java/lang/invoke/LambdaForm$MH.0x00007a6f9002e800.invokeExact_MT;java/lang/invoke/LambdaForm$MH.0x00007a6f9002e400.invoke;java/lang/invoke/DirectMethodHandle$Holder.invokeSpecial;uk/ac/ncl/jensen/benchmark/jmh_generated/VThreadChurnBenchmark_churn_jmhTest.churn_AverageTime;uk/ac/ncl/jensen/benchmark/jmh_generated/VThreadChurnBenchmark_churn_jmhTest.churn_avgt_jmhStub;uk/ac/ncl/jensen/benchmark/VThreadChurnBenchmark.churn;java/lang/Thread.join;java/lang/Thread.join;java/lang/VirtualThread.joinNanos;java/util/concurrent/CountDownLatch.await;java/util/concurrent/locks/AbstractQueuedSynchronizer.acquireSharedInterruptibly;java/util/concurrent/locks/AbstractQueuedSynchronizer.acquire;java/util/concurrent/locks/AbstractQueuedSynchronizer$Node.clearStatus 1
java/util/concurrent/ForkJoinWorkerThread.run;java/util/concurrent/ForkJoinPool.runWorker;java/util/concurrent/ForkJoinPool.scan;java/util/concurrent/ForkJoinPool$WorkQueue.topLevelExec;java/util/concurrent/ForkJoinTask.doExec;java/util/concurrent/ForkJoinTask$RunnableExecuteAction.exec;java/lang/VirtualThread$$Lambda.0x00007a6f90039c78.run;java/lang/VirtualThread.runContinuation;java/lang/VirtualThread.mount;_notify_jvmti_vthread_mount;SharedRuntime::notify_jvmti_vthread_mount;JvmtiVTMSTransitionDisabler::start_VTMS_transition;__tls_get_addr 1
java/util/concurrent/ForkJoinWorkerThread.run;java/util/concurrent/ForkJoinPool.runWorker;java/util/concurrent/ForkJoinPool.scan;java/util/concurrent/ForkJoinPool$WorkQueue.topLevelExec;java/util/concurrent/ForkJoinTask.doExec;java/util/concurrent/ForkJoinTask$RunnableExecuteAction.exec;java/lang/VirtualThread$$Lambda.0x00007a6f90039c78.run;java/lang/VirtualThread.runContinuation;jdk/internal/vm/Continuation.run;jdk/internal/vm/Continuation.enterSpecial;jdk/internal/vm/Continuation.enter;jdk/internal/vm/Continuation.enter0;java/lang/VirtualThread$VThreadContinuation$1.run;java/lang/VirtualThread.run;_notify_jvmti_vthread_start;SharedRuntime::notify_jvmti_vthread_start;JvmtiVTMSTransitionDisabler::VTMS_vthread_start;__pthread_mutex_unlock;/usr/lib/x86_64-linux-gnu/libc.so.6;entry_SYSCALL_64_after_hwframe_[k];do_syscall_64_[k];x64_sys_call_[k];__x64_sys_futex_[k];do_futex_[k];futex_wake_[k];wake_up_q_[k] 1
java/util/concurrent/ForkJoinWorkerThread.run;java/util/concurrent/ForkJoinPool.runWorker;java/util/concurrent/ForkJoinPool.scan;java/util/concurrent/ForkJoinPool$WorkQueue.topLevelExec;java/util/concurrent/ForkJoinTask.doExec;java/util/concurrent/ForkJoinTask$RunnableExecuteAction.exec;java/lang/VirtualThread$$Lambda.0x00007a6f90039c78.run;java/lang/VirtualThread.runContinuation;jdk/internal/vm/Continuation.run;jdk/internal/vm/Continuation.enterSpecial;jdk/internal/vm/Continuation.enter;jdk/internal/vm/Continuation.enter0;java/lang/VirtualThread$VThreadContinuation$1.run;java/lang/VirtualThread.run;_notify_jvmti_vthread_start;SharedRuntime::notify_jvmti_vthread_start;JvmtiVTMSTransitionDisabler::VTMS_vthread_start;JvmtiVTMSTransitionDisabler::VTMS_mount_end;Mutex::lock;pthread_mutex_lock;/usr/lib/x86_64-linux-gnu/libc.so.6;entry_SYSCALL_64_after_hwframe_[k];do_syscall_64_[k];x64_sys_call_[k];__x64_sys_futex_[k];do_futex_[k];futex_wait_[k];__futex_wait_[k];futex_wait_setup_[k] 4
java/util/concurrent/ForkJoinWorkerThread.run;java/util/concurrent/ForkJoinPool.runWorker;java/util/concurrent/ForkJoinPool.scan;java/util/concurrent/ForkJoinPool$WorkQueue.topLevelExec;java/util/concurrent/ForkJoinTask.doExec;java/util/concurrent/ForkJoinTask$RunnableExecuteAction.exec;java/lang/VirtualThread$$Lambda.0x00007a6f90039c78.run;java/lang/VirtualThread.runContinuation;java/lang/VirtualThread.afterDone;java/lang/VirtualThread.afterDone;jdk/internal/vm/ThreadContainers$RootContainer$TrackingRootContainer.onExit;java/util/concurrent/ConcurrentHashMap$KeySetView.remove;java/util/concurrent/ConcurrentHashMap.remove;java/util/concurrent/ConcurrentHashMap.replaceNode 9
java/util/concurrent/ForkJoinWorkerThread.run;java/util/concurrent/ForkJoinPool.runWorker;java/util/concurrent/ForkJoinPool.scan 3
java/util/concurrent/ForkJoinWorkerThread.run;java/util/concurrent/ForkJoinPool.runWorker;java/util/concurrent/ForkJoinPool.scan;java/util/concurrent/ForkJoinPool$WorkQueue.topLevelExec;java/util/concurrent/ForkJoinTask.doExec;java/util/concurrent/ForkJoinTask$RunnableExecuteAction.exec;java/lang/VirtualThread$$Lambda.0x00007a6f90039c78.run;java/lang/VirtualThread.runContinuation;jdk/internal/vm/Continuation.run;jdk/internal/vm/Continuation.enterSpecial;jdk/internal/vm/Continuation.enter;jdk/internal/vm/Continuation.enter0;java/lang/VirtualThread$VThreadContinuation$1.run;java/lang/VirtualThread.run;_notify_jvmti_vthread_start;SharedRuntime::notify_jvmti_vthread_start;JvmtiVTMSTransitionDisabler::VTMS_vthread_start;JvmtiEventController::thread_started;Mutex::lock;pthread_mutex_lock;/usr/lib/x86_64-linux-gnu/libc.so.6;entry_SYSCALL_64_after_hwframe_[k];do_syscall_64_[k];x64_sys_call_[k];__x64_sys_futex_[k];do_futex_[k];futex_wait_[k];__futex_wait_[k];futex_do_wait_[k];schedule_[k] 1
java/util/concurrent/ForkJoinWorkerThread.run;java/util/concurrent/ForkJoinPool.runWorker;java/util/concurrent/ForkJoinPool.scan;java/util/concurrent/ForkJoinPool$WorkQueue.topLevelExec;java/util/concurrent/ForkJoinTask.doExec;java/util/concurrent/ForkJoinTask$RunnableExecuteAction.exec;java/lang/VirtualThread$$Lambda.0x00007a6f90039c78.run;java/lang/VirtualThread.runContinuation;jdk/internal/vm/Continuation.run;jdk/internal/vm/Continuation.enterSpecial;jdk/internal/vm/Continuation.enter;jdk/internal/vm/Continuation.enter0;java/lang/VirtualThread$VThreadContinuation$1.run;java/lang/VirtualThread.run;_notify_jvmti_vthread_start;SharedRuntime::notify_jvmti_vthread_start;JvmtiVTMSTransitionDisabler::VTMS_vthread_start;JvmtiEventController::thread_started;Mutex::lock;pthread_mutex_lock;/usr/lib/x86_64-linux-gnu/libc.so.6;entry_SYSCALL_64_after_hwframe_[k];do_syscall_64_[k];x64_sys_call_[k];__x64_sys_futex_[k];do_futex_[k];futex_wait_[k] 3
java/util/concurrent/ForkJoinWorkerThread.run;java/util/concurrent/ForkJoinPool.runWorker;java/util/concurrent/ForkJoinPool.awaitWork;java/util/concurrent/locks/LockSupport.park;jdk/internal/misc/Unsafe.park;Unsafe_Park;Parker::park;__pthread_mutex_unlock;/usr/lib/x86_64-linux-gnu/libc.so.6;entry_SYSCALL_64_after_hwframe_[k];do_syscall_64_[k];x64_sys_call_[k];__x64_sys_futex_[k];do_futex_[k];futex_wake_[k];futex_hash_[k] 2
java/util/concurrent/ForkJoinWorkerThread.run;java/util/concurrent/ForkJoinPool.runWorker;java/util/concurrent/ForkJoinPool.scan;java/util/concurrent/ForkJoinPool$WorkQueue.topLevelExec;java/util/concurrent/ForkJoinTask.doExec;java/util/concurrent/ForkJoinTask$RunnableExecuteAction.exec;java/lang/VirtualThread$$Lambda.0x00007a6f90039c78.run;java/lang/VirtualThread.runContinuation;jdk/internal/vm/Continuation.run;jdk/internal/vm/Continuation.enterSpecial;jdk/internal/vm/Continuation.enter;jdk/internal/vm/Continuation.enter0;java/lang/VirtualThread$VThreadContinuation$1.run;java/lang/VirtualThread.run;_notify_jvmti_vthread_end;SharedRuntime::notify_jvmti_vthread_end;JvmtiVTMSTransitionDisabler::VTMS_vthread_end;__pthread_mutex_unlock;/usr/lib/x86_64-linux-gnu/libc.so.6;entry_SYSCALL_64_after_hwframe_[k];do_syscall_64_[k];x64_sys_call_[k];__x64_sys_futex_[k];do_futex_[k];futex_wake_[k];futex_hash_[k];futex_ref_get_[k] 8
java/util/concurrent/ForkJoinWorkerThread.run;java/util/concurrent/ForkJoinPool.runWorker;java/util/concurrent/ForkJoinPool.scan;java/util/concurrent/ForkJoinPool$WorkQueue.topLevelExec;java/util/concurrent/ForkJoinTask.doExec;java/util/concurrent/ForkJoinTask$RunnableExecuteAction.exec;java/lang/VirtualThread$$Lambda.0x00007a6f90039c78.run;java/lang/VirtualThread.runContinuation;java/lang/VirtualThread.afterDone;java/lang/VirtualThread.afterDone;java/util/concurrent/CountDownLatch.countDown;java/util/concurrent/locks/AbstractQueuedSynchronizer.releaseShared;java/util/concurrent/locks/AbstractQueuedSynchronizer.signalNext;java/util/concurrent/locks/LockSupport.unpark;jdk/internal/misc/Unsafe.unpark;Unsafe_Unpark;FastThreadsListHandle::FastThreadsListHandle 1
java/util/concurrent/ForkJoinWorkerThread.run;java/util/concurrent/ForkJoinPool.runWorker;java/util/concurrent/ForkJoinPool.scan 1
java/util/concurrent/ForkJoinWorkerThread.run;java/util/concurrent/ForkJoinPool.runWorker;java/util/concurrent/ForkJoinPool.scan;java/util/concurrent/ForkJoinPool$WorkQueue.topLevelExec;java/util/concurrent/ForkJoinTask.doExec;java/util/concurrent/ForkJoinTask$RunnableExecuteAction.exec;java/lang/VirtualThread$$Lambda.0x00007a6f90039c78.run;java/lang/VirtualThread.runContinuation;jdk/internal/vm/Continuation.run;jdk/internal/vm/Continuation.enterSpecial;jdk/internal/vm/Continuation.enter;jdk/internal/vm/Continuation.enter0;java/lang/VirtualThread$VThreadContinuation$1.run;java/lang/VirtualThread.run;_notify_jvmti_vthread_start;SharedRuntime::notify_jvmti_vthread_start;JvmtiVTMSTransitionDisabler::VTMS_vthread_start;__pthread_mutex_unlock 7
java/util/concurrent/ForkJoinWorkerThread.run;java/util/concurrent/ForkJoinPool.runWorker;java/util/concurrent/ForkJoinPool.scan;java/util/concurrent/ForkJoinPool$WorkQueue.topLevelExec;java/util/concurrent/ForkJoinPool$WorkQueue.tryPoll 3
java/util/concurrent/ForkJoinWorkerThread.run;java/util/concurrent/ForkJoinPool.runWorker;java/util/concurrent/ForkJoinPool.scan;java/util/concurrent/ForkJoinPool$WorkQueue.topLevelExec;java/util/concurrent/ForkJoinTask.doExec;java/util/concurrent/ForkJoinTask$RunnableExecuteAction.exec;java/lang/VirtualThread$$Lambda.0x00007a6f90039c78.run;java/lang/VirtualThread.runContinuation;jdk/internal/vm/Continuation.run;jdk/internal/vm/Continuation.enterSpecial;jdk/internal/vm/Continuation.enter;jdk/internal/vm/Continuation.enter0;java/lang/VirtualThread$VThreadContinuation$1.run;java/lang/VirtualThread.run;_notify_jvmti_vthread_start;SharedRuntime::notify_jvmti_vthread_start;JvmtiVTMSTransitionDisabler::VTMS_vthread_start;JvmtiVTMSTransitionDisabler::VTMS_mount_end;__pthread_mutex_unlock;/usr/lib/x86_64-linux-gnu/libc.so.6;entry_SYSCALL_64_after_hwframe_[k];do_syscall_64_[k];x64_sys_call_[k];do_futex_[k] 1
java/util/concurrent/ForkJoinWorkerThread.run;java/util/concurrent/ForkJoinPool.runWorker;java/util/concurrent/ForkJoinPool.scan;java/util/concurrent/ForkJoinPool$WorkQueue.topLevelExec;java/util/concurrent/ForkJoinTask.doExec;java/util/concurrent/ForkJoinTask$RunnableExecuteAction.exec;java/lang/VirtualThread$$Lambda.0x00007a6f90039c78.run;java/lang/VirtualThread.runContinuation;jdk/internal/vm/Continuation.run;jdk/internal/vm/Continuation.enterSpecial;jdk/internal/vm/Continuation.enter;jdk/internal/vm/Continuation.enter0;java/lang/VirtualThread$VThreadContinuation$1.run;java/lang/VirtualThread.run;_notify_jvmti_vthread_start;SharedRuntime::notify_jvmti_vthread_start;JvmtiVTMSTransitionDisabler::VTMS_vthread_start;JvmtiVTMSTransitionDisabler::VTMS_mount_end;Mutex::lock;pthread_mutex_lock;/usr/lib/x86_64-linux-gnu/libc.so.6;entry_SYSCALL_64_after_hwframe_[k];do_syscall_64_[k];x64_sys_call_[k];__x64_sys_futex_[k];do_futex_[k];futex_wait_[k];__futex_wait_[k];futex_wait_setup_[k];plist_add_[k] 1
java/util/concurrent/ForkJoinWorkerThread.run;java/util/concurrent/ForkJoinPool.runWorker;java/util/concurrent/ForkJoinPool.awaitWork;java/util/concurrent/locks/LockSupport.park;jdk/internal/misc/Unsafe.park;Unsafe_Park 2
java/util/concurrent/ForkJoinWorkerThread.run;java/util/concurrent/ForkJoinPool.runWorker;java/util/concurrent/ForkJoinPool.scan;java/util/concurrent/ForkJoinPool$WorkQueue.topLevelExec;java/util/concurrent/ForkJoinTask.doExec;java/util/concurrent/ForkJoinTask$RunnableExecuteAction.exec;java/lang/VirtualThread$$Lambda.0x00007a6f90039c78.run;java/lang/VirtualThread.runContinuation;java/lang/VirtualThread.afterDone;java/lang/VirtualThread.afterDone;java/lang/VirtualThread.setState 1
java/util/concurrent/ForkJoinWorkerThread.run;java/util/concurrent/ForkJoinPool.runWorker;java/util/concurrent/ForkJoinPool.scan;java/util/concurrent/ForkJoinPool$WorkQueue.topLevelExec;java/util/concurrent/ForkJoinTask.doExec;java/util/concurrent/ForkJoinTask$RunnableExecuteAction.exec;java/lang/VirtualThread$$Lambda.0x00007a6f90039c78.run;java/lang/VirtualThread.runContinuation;jdk/internal/vm/Continuation.run;jdk/internal/vm/Continuation.enterSpecial;jdk/internal/vm/Continuation.enter;jdk/internal/vm/Continuation.enter0;java/lang/VirtualThread$VThreadContinuation$1.run;java/lang/VirtualThread.run;_notify_jvmti_vthread_start;SharedRuntime::notify_jvmti_vthread_start;JvmtiVTMSTransitionDisabler::VTMS_vthread_start;JvmtiEventController::thread_started 1
java/util/concurrent/ForkJoinWorkerThread.run;java/util/concurrent/ForkJoinPool.runWorker;java/util/concurrent/ForkJoinPool.scan;java/util/concurrent/ForkJoinPool$WorkQueue.topLevelExec;java/util/concurrent/ForkJoinTask.doExec;java/util/concurrent/ForkJoinTask$RunnableExecuteAction.exec;java/lang/VirtualThread$$Lambda.0x00007a6f90039c78.run;java/lang/VirtualThread.runContinuation;jdk/internal/vm/Continuation.run;jdk/internal/vm/Continuation.enterSpecial;jdk/internal/vm/Continuation.enter;jdk/internal/vm/Continuation.enter0;java/lang/VirtualThread$VThreadContinuation$1.run;java/lang/VirtualThread.run;_notify_jvmti_vthread_start;SharedRuntime::notify_jvmti_vthread_start;JvmtiVTMSTransitionDisabler::VTMS_vthread_start;JvmtiEventController::thread_started;Mutex::lock;pthread_mutex_lock;/usr/lib/x86_64-linux-gnu/libc.so.6;entry_SYSCALL_64_after_hwframe_[k];do_syscall_64_[k];x64_sys_call_[k];__x64_sys_futex_[k];do_futex_[k];futex_wait_[k];__futex_wait_[k];futex_wait_setup_[k] 1
java/util/concurrent/ForkJoinWorkerThread.run;java/util/concurrent/ForkJoinPool.runWorker;java/util/concurrent/ForkJoinPool.scan;java/util/concurrent/ForkJoinPool$WorkQueue.topLevelExec;java/util/concurrent/ForkJoinTask.doExec;java/util/concurrent/ForkJoinTask$RunnableExecuteAction.exec;java/lang/VirtualThread$$Lambda.0x00007a6f90039c78.run;java/lang/VirtualThread.runContinuation;jdk/internal/vm/Continuation.run;jdk/internal/vm/Continuation.enterSpecial;jdk/internal/vm/Continuation.enter;jdk/internal/vm/Continuation.enter0;java/lang/VirtualThread$VThreadContinuation$1.run;java/lang/VirtualThread.run;_notify_jvmti_vthread_start;SharedRuntime::notify_jvmti_vthread_start;JvmtiVTMSTransitionDisabler::VTMS_vthread_start;JvmtiVTMSTransitionDisabler::finish_VTMS_transition;JavaThread::set_is_in_VTMS_transition 1
java/util/concurrent/ForkJoinWorkerThread.run;java/util/concurrent/ForkJoinPool.runWorker;java/util/concurrent/ForkJoinPool.scan;java/util/concurrent/ForkJoinPool$WorkQueue.topLevelExec;java/util/concurrent/ForkJoinPool$WorkQueue.tryPoll 1
java/util/concurrent/ForkJoinWorkerThread.run;java/util/concurrent/ForkJoinPool.runWorker;java/util/concurrent/ForkJoinPool.scan;InterpreterRuntime::frequency_counter_overflow;InterpreterRuntime::frequency_counter_overflow_inner;JavaThread::pd_last_frame;CodeCache::find_blob 1
java/util/concurrent/ForkJoinWorkerThread.run;java/util/concurrent/ForkJoinPool.runWorker;java/util/concurrent/ForkJoinPool.scan;java/util/concurrent/ForkJoinPool$WorkQueue.topLevelExec;java/util/concurrent/ForkJoinTask.doExec;java/util/concurrent/ForkJoinTask.setDone;java/util/concurrent/ForkJoinTask.getAndBitwiseOrStatus;jdk/internal/misc/Unsafe.getAndBitwiseOrInt 6
java/lang/Thread.run;java/lang/Thread.runWith;java/util/concurrent/ThreadPoolExecutor$Worker.run;java/util/concurrent/ThreadPoolExecutor.runWorker;java/util/concurrent/FutureTask.run;java/util/concurrent/Executors$RunnableAdapter.call;java/util/concurrent/FutureTask.run;org/openjdk/jmh/runner/BenchmarkHandler$BenchmarkTask.call;org/openjdk/jmh/runner/BenchmarkHandler$BenchmarkTask.call;java/lang/reflect/Method.invoke;jdk/internal/reflect/DirectMethodHandleAccessor.invoke;jdk/internal/reflect/DirectMethodHandleAccessor.invokeImpl;java/lang/invoke/LambdaForm$MH.0x00007a6f9002e800.invokeExact_MT;java/lang/invoke/LambdaForm$MH.0x00007a6f9002e400.invoke;java/lang/invoke/DirectMethodHandle$Holder.invokeSpecial;uk/ac/ncl/jensen/benchmark/jmh_generated/VThreadChurnBenchmark_churn_jmhTest.churn_AverageTime;uk/ac/ncl/jensen/benchmark/jmh_generated/VThreadChurnBenchmark_churn_jmhTest.churn_avgt_jmhStub;uk/ac/ncl/jensen/benchmark/VThreadChurnBenchmark.churn;java/lang/ThreadBuilders$VirtualThreadBuilder.start;java/lang/ThreadBuilders$VirtualThreadBuilder.unstarted;java/lang/ThreadBuilders.newVirtualThread;_new_instance_Java;OptoRuntime::new_instance_C;InstanceKlass::allocate_instance;MemAllocator::allocate;MemAllocator::mem_allocate_inside_tlab_slow;G1CollectedHeap::allocate_new_tlab;G1CollectedHeap::attempt_allocation_slow;MutatorAllocRegion::retire;G1CollectedHeap::retire_mutator_alloc_region 1
java/lang/Thread.run;java/lang/Thread.runWith;java/util/concurrent/ThreadPoolExecutor$Worker.run;java/util/concurrent/ThreadPoolExecutor.runWorker;java/util/concurrent/FutureTask.run;java/util/concurrent/Executors$RunnableAdapter.call;java/util/concurrent/FutureTask.run;org/openjdk/jmh/runner/BenchmarkHandler$BenchmarkTask.call;org/openjdk/jmh/runner/BenchmarkHandler$BenchmarkTask.call;java/lang/reflect/Method.invoke;jdk/internal/reflect/DirectMethodHandleAccessor.invoke;jdk/internal/reflect/DirectMethodHandleAccessor.invokeImpl;java/lang/invoke/LambdaForm$MH.0x00007a6f9002e800.invokeExact_MT;java/lang/invoke/LambdaForm$MH.0x00007a6f9002e400.invoke;java/lang/invoke/DirectMethodHandle$Holder.invokeSpecial;uk/ac/ncl/jensen/benchmark/jmh_generated/VThreadChurnBenchmark_churn_jmhTest.churn_AverageTime;uk/ac/ncl/jensen/benchmark/jmh_generated/VThreadChurnBenchmark_churn_jmhTest.churn_avgt_jmhStub;uk/ac/ncl/jensen/benchmark/VThreadChurnBenchmark.churn;java/lang/ThreadBuilders$VirtualThreadBuilder.start;java/lang/VirtualThread.start;java/lang/VirtualThread.start;java/lang/VirtualThread.submitRunContinuation;java/util/concurrent/ForkJoinPool.execute;asm_exc_page_fault_[k];exc_page_fault_[k];do_user_addr_fault_[k] 1
java/util/concurrent/ForkJoinWorkerThread.run;java/util/concurrent/ForkJoinPool.runWorker;java/util/concurrent/ForkJoinPool.scan;java/util/concurrent/ForkJoinPool$WorkQueue.topLevelExec;java/util/concurrent/ForkJoinTask.doExec;java/util/concurrent/ForkJoinTask$RunnableExecuteAction.exec;java/lang/VirtualThread$$Lambda.0x00007a6f90039c78.run;java/lang/VirtualThread.runContinuation;jdk/internal/vm/Continuation.run;jdk/internal/vm/Continuation.enterSpecial;jdk/internal/vm/Continuation.enter;jdk/internal/vm/Continuation.enter0;java/lang/VirtualThread$VThreadContinuation$1.run;java/lang/VirtualThread.run;_notify_jvmti_vthread_start;SharedRuntime::notify_jvmti_vthread_start;JvmtiVTMSTransitionDisabler::VTMS_vthread_start;JvmtiEventController::thread_started;Mutex::lock;pthread_mutex_lock;/usr/lib/x86_64-linux-gnu/libc.so.6;entry_SYSCALL_64_after_hwframe_[k];do_syscall_64_[k];x64_sys_call_[k];do_futex_[k] 2
java/util/concurrent/ForkJoinWorkerThread.run;java/util/concurrent/ForkJoinPool.runWorker;java/util/concurrent/ForkJoinPool.scan;java/util/concurrent/ForkJoinPool$WorkQueue.topLevelExec;java/util/concurrent/ForkJoinTask.doExec;java/util/concurrent/ForkJoinTask$RunnableExecuteAction.exec;java/lang/VirtualThread$$Lambda.0x00007a6f90039c78.run;java/lang/VirtualThread.runContinuation;jdk/internal/vm/Continuation.run;jdk/internal/vm/Continuation.enterSpecial;jdk/internal/vm/Continuation.enter;jdk/internal/vm/Continuation.enter0;java/lang/VirtualThread$VThreadContinuation$1.run;java/lang/VirtualThread.run;_notify_jvmti_vthread_end;SharedRuntime::notify_jvmti_vthread_end;JvmtiVTMSTransitionDisabler::VTMS_vthread_end;__pthread_mutex_unlock;/usr/lib/x86_64-linux-gnu/libc.so.6;entry_SYSCALL_64_after_hwframe_[k];do_syscall_64_[k] 1
java/util/concurrent/ForkJoinWorkerThread.run;java/util/concurrent/ForkJoinPool.runWorker;java/util/concurrent/ForkJoinPool.scan;java/util/concurrent/ForkJoinPool$WorkQueue.topLevelExec;java/util/concurrent/ForkJoinTask.doExec;java/util/concurrent/ForkJoinTask$RunnableExecuteAction.exec;java/lang/VirtualThread$$Lambda.0x00007a6f90039c78.run;java/lang/VirtualThread.runContinuation;jdk/internal/vm/Continuation.run;jdk/internal/vm/Continuation.enterSpecial;jdk/internal/vm/Continuation.enter;jdk/internal/vm/Continuation.enter0;java/lang/VirtualThread$VThreadContinuation$1.run;java/lang/VirtualThread.run;_notify_jvmti_vthread_start;SharedRuntime::notify_jvmti_vthread_start;JvmtiVTMSTransitionDisabler::VTMS_vthread_start;__pthread_mutex_unlock;/usr/lib/x86_64-linux-gnu/libc.so.6;entry_SYSCALL_64_after_hwframe_[k];do_syscall_64_[k];x64_sys_call_[k];__x64_sys_futex_[k];do_futex_[k];futex_wake_[k];futex_wake_mark_[k] 1
java/util/concurrent/ForkJoinWorkerThread.run;java/util/concurrent/ForkJoinPool.runWorker;java/util/concurrent/ForkJoinPool.scan;java/util/concurrent/ForkJoinPool$WorkQueue.topLevelExec;java/util/concurrent/ForkJoinTask.doExec;java/util/concurrent/ForkJoinTask$RunnableExecuteAction.exec;java/lang/VirtualThread$$Lambda.0x00007a6f90039c78.run;java/lang/VirtualThread.runContinuation;jdk/internal/vm/Continuation.run;jdk/internal/vm/Continuation.enterSpecial;jdk/internal/vm/Continuation.enter;jdk/internal/vm/Continuation.enter0;java/lang/VirtualThread$VThreadContinuation$1.run;java/lang/VirtualThread.run;_notify_jvmti_vthread_start;SharedRuntime::notify_jvmti_vthread_start;JvmtiVTMSTransitionDisabler::VTMS_vthread_start;JvmtiEventController::thread_started;Mutex::lock;pthread_mutex_lock;/usr/lib/x86_64-linux-gnu/libc.so.6;entry_SYSCALL_64_after_hwframe_[k];do_syscall_64_[k];x64_sys_call_[k];__x64_sys_futex_[k];do_futex_[k];futex_wait_[k];__futex_wait_[k];futex_wait_setup_[k];futex_ref_get_[k] 1
java/util/concurrent/ForkJoinWorkerThread.run;java/util/concurrent/ForkJoinPool.runWorker;java/util/concurrent/ForkJoinPool.scan;java/util/concurrent/ForkJoinPool$WorkQueue.topLevelExec;java/util/concurrent/ForkJoinTask.doExec;java/util/concurrent/ForkJoinTask$RunnableExecuteAction.exec;java/lang/VirtualThread$$Lambda.0x00007a6f90039c78.run;java/lang/VirtualThread.runContinuation;jdk/internal/vm/Continuation.run;jdk/internal/vm/Continuation.enterSpecial;jdk/internal/vm/Continuation.enter;jdk/internal/vm/Continuation.enter0;java/lang/VirtualThread$VThreadContinuation$1.run;java/lang/VirtualThread.run;_notify_jvmti_vthread_end;SharedRuntime::notify_jvmti_vthread_end;JvmtiVTMSTransitionDisabler::VTMS_vthread_end;JvmtiExport::cleanup_thread;Mutex::lock;pthread_mutex_lock;/usr/lib/x86_64-linux-gnu/libc.so.6 1
java/lang/Thread.run;java/lang/Thread.runWith;java/util/concurrent/ThreadPoolExecutor$Worker.run;java/util/concurrent/ThreadPoolExecutor.runWorker;java/util/concurrent/FutureTask.run;java/util/concurrent/Executors$RunnableAdapter.call;java/util/concurrent/FutureTask.run;org/openjdk/jmh/runner/BenchmarkHandler$BenchmarkTask.call;org/openjdk/jmh/runner/BenchmarkHandler$BenchmarkTask.call;java/lang/reflect/Method.invoke;jdk/internal/reflect/DirectMethodHandleAccessor.invoke;jdk/internal/reflect/DirectMethodHandleAccessor.invokeImpl;java/lang/invoke/LambdaForm$MH.0x00007a6f9002e800.invokeExact_MT;java/lang/invoke/LambdaForm$MH.0x00007a6f9002e400.invoke;java/lang/invoke/DirectMethodHandle$Holder.invokeSpecial;uk/ac/ncl/jensen/benchmark/jmh_generated/VThreadChurnBenchmark_churn_jmhTest.churn_AverageTime;uk/ac/ncl/jensen/benchmark/jmh_generated/VThreadChurnBenchmark_churn_jmhTest.churn_avgt_jmhStub;uk/ac/ncl/jensen/benchmark/VThreadChurnBenchmark.churn;java/lang/ThreadBuilders$VirtualThreadBuilder.start;java/lang/VirtualThread.start;java/lang/VirtualThread.start;jdk/internal/vm/ThreadContainers$RootContainer$TrackingRootContainer.onStart;java/util/concurrent/ConcurrentHashMap$KeySetView.add;java/util/concurrent/ConcurrentHashMap.putVal;java/util/concurrent/ConcurrentHashMap.casTabAt 4
java/util/concurrent/ForkJoinWorkerThread.run;java/util/concurrent/ForkJoinPool.runWorker;java/util/concurrent/ForkJoinPool.scan;java/util/concurrent/ForkJoinPool$WorkQueue.topLevelExec;java/util/concurrent/ForkJoinTask.doExec;java/util/concurrent/ForkJoinTask$RunnableExecuteAction.exec;java/lang/VirtualThread$$Lambda.0x00007a6f90039c78.run;java/lang/VirtualThread.runContinuation;jdk/internal/vm/Continuation.run;jdk/internal/vm/Continuation.enterSpecial;jdk/internal/vm/Continuation.enter;jdk/internal/vm/Continuation.enter0;java/lang/VirtualThread$VThreadContinuation$1.run;java/lang/VirtualThread.run;_notify_jvmti_vthread_start;SharedRuntime::notify_jvmti_vthread_start;JvmtiVTMSTransitionDisabler::VTMS_vthread_start;JvmtiEventController::thread_started;JvmtiThreadState::JvmtiThreadState;AllocateHeap 1
java/util/concurrent/ForkJoinWorkerThread.run;java/util/concurrent/ForkJoinPool.runWorker;java/util/concurrent/ForkJoinPool.scan;java/util/concurrent/ForkJoinPool$WorkQueue.topLevelExec;java/util/concurrent/ForkJoinTask.doExec;java/util/concurrent/ForkJoinTask$RunnableExecuteAction.exec;java/lang/VirtualThread$$Lambda.0x00007a6f90039c78.run;java/lang/VirtualThread.runContinuation;jdk/internal/vm/Continuation.run;jdk/internal/vm/Continuation.enterSpecial;jdk/internal/vm/Continuation.enter;jdk/internal/vm/Continuation.enter0;java/lang/VirtualThread$VThreadContinuation$1.run;java/lang/VirtualThread.run;_notify_jvmti_vthread_end;SharedRuntime::notify_jvmti_vthread_end;JvmtiVTMSTransitionDisabler::VTMS_vthread_end;JvmtiExport::cleanup_thread;Mutex::lock;ThreadBlockInVMPreprocess<InFlightMutexRelease>::~ThreadBlockInVMPreprocess 1
java/util/concurrent/ForkJoinWorkerThread.run;java/util/concurrent/ForkJoinPool.runWorker;java/util/concurrent/ForkJoinPool.scan;java/util/concurrent/ForkJoinPool.signalWork;java/util/concurrent/locks/LockSupport.unpark;jdk/internal/misc/Unsafe.unpark;Unsafe_Unpark;pthread_cond_signal;entry_SYSCALL_64_after_hwframe_[k];do_syscall_64_[k];x64_sys_call_[k];__x64_sys_futex_[k];do_futex_[k];futex_wake_[k];wake_up_q_[k];try_to_wake_up_[k];_raw_spin_unlock_irqrestore_[k] 2
java/util/concurrent/ForkJoinWorkerThread.run;java/util/concurrent/ForkJoinPool.runWorker;java/util/concurrent/ForkJoinPool.scan;java/util/concurrent/ForkJoinPool$WorkQueue.topLevelExec;java/util/concurrent/ForkJoinTask.doExec;java/util/concurrent/ForkJoinTask$RunnableExecuteAction.exec;java/lang/VirtualThread$$Lambda.0x00007a6f90039c78.run;java/lang/VirtualThread.runContinuation;jdk/internal/vm/Continuation.run;jdk/internal/vm/Continuation.enterSpecial;jdk/internal/vm/Continuation.enter;jdk/internal/vm/Continuation.enter0;java/lang/VirtualThread$VThreadContinuation$1.run;java/lang/VirtualThread.run;_notify_jvmti_vthread_end;SharedRuntime::notify_jvmti_vthread_end;JvmtiVTMSTransitionDisabler::VTMS_vthread_end;__pthread_mutex_unlock;/usr/lib/x86_64-linux-gnu/libc.so.6;entry_SYSCALL_64_after_hwframe_[k];do_syscall_64_[k];x64_sys_call_[k];__x64_sys_futex_[k];do_futex_[k];futex_wake_[k];wake_q_add_safe_[k] 2
java/util/concurrent/ForkJoinWorkerThread.run;java/util/concurrent/ForkJoinPool.runWorker;java/util/concurrent/ForkJoinPool.scan;java/util/concurrent/ForkJoinPool$WorkQueue.topLevelExec;java/util/concurrent/ForkJoinTask.doExec;java/util/concurrent/ForkJoinTask$RunnableExecuteAction.exec;java/lang/VirtualThread$$Lambda.0x00007a6f90039c78.run;java/lang/VirtualThread.runContinuation;jdk/internal/vm/Continuation.run;jdk/internal/vm/Continuation.enterSpecial;jdk/internal/vm/Continuation.enter;jdk/internal/vm/Continuation.enter0;java/lang/VirtualThread$VThreadContinuation$1.run;java/lang/VirtualThread.run;_notify_jvmti_vthread_end;SharedRuntime::notify_jvmti_vthread_end;JvmtiVTMSTransitionDisabler::VTMS_vthread_end;__pthread_mutex_unlock;/usr/lib/x86_64-linux-gnu/libc.so.6;entry_SYSCALL_64_after_hwframe_[k];do_syscall_64_[k];x64_sys_call_[k];__x64_sys_futex_[k];do_futex_[k];futex_wake_[k] 3
java/lang/Thread.run;java/lang/Thread.runWith;java/util/concurrent/ThreadPoolExecutor$Worker.run;java/util/concurrent/ThreadPoolExecutor.runWorker;java/util/concurrent/FutureTask.run;java/util/concurrent/Executors$RunnableAdapter.call;java/util/concurrent/FutureTask.run;org/openjdk/jmh/runner/BenchmarkHandler$BenchmarkTask.call;org/openjdk/jmh/runner/BenchmarkHandler$BenchmarkTask.call;java/lang/reflect/Method.invoke;jdk/internal/reflect/DirectMethodHandleAccessor.invoke;jdk/internal/reflect/DirectMethodHandleAccessor.invokeImpl;java/lang/invoke/LambdaForm$MH.0x00007a6f9002e800.invokeExact_MT;java/lang/invoke/LambdaForm$MH.0x00007a6f9002e400.invoke;java/lang/invoke/DirectMethodHandle$Holder.invokeSpecial;uk/ac/ncl/jensen/benchmark/jmh_generated/VThreadChurnBenchmark_churn_jmhTest.churn_AverageTime;uk/ac/ncl/jensen/benchmark/jmh_generated/VThreadChurnBenchmark_churn_jmhTest.churn_avgt_jmhStub;uk/ac/ncl/jensen/benchmark/VThreadChurnBenchmark.churn;java/lang/Thread.join;java/lang/Thread.join;java/lang/VirtualThread.joinNanos;java/util/concurrent/CountDownLatch.await;java/util/concurrent/locks/AbstractQueuedSynchronizer.acquireSharedInterruptibly;java/util/concurrent/locks/AbstractQueuedSynchronizer.acquire;java/util/concurrent/locks/LockSupport.park;jdk/internal/misc/Unsafe.park;Unsafe_Park;Parker::park;pthread_cond_wait;/usr/lib/x86_64-linux-gnu/libc.so.6;/usr/lib/x86_64-linux-gnu/libc.so.6 2
java/util/concurrent/ForkJoinWorkerThread.run;java/util/concurrent/ForkJoinPool.runWorker;java/util/concurrent/ForkJoinPool.scan;java/util/concurrent/ForkJoinPool$WorkQueue.topLevelExec;java/util/concurrent/ForkJoinTask.doExec;java/util/concurrent/ForkJoinTask$RunnableExecuteAction.exec;java/lang/VirtualThread$$Lambda.0x00007a6f90039c78.run;java/lang/VirtualThread.runContinuation;java/lang/VirtualThread.afterDone;java/lang/VirtualThread.afterDone;java/util/concurrent/CountDownLatch.countDown;java/util/concurrent/locks/AbstractQueuedSynchronizer.releaseShared;java/util/concurrent/locks/AbstractQueuedSynchronizer.signalNext;java/util/concurrent/locks/LockSupport.unpark;jdk/internal/misc/Unsafe.unpark;Unsafe_Unpark;pthread_cond_signal;entry_SYSCALL_64_after_hwframe_[k];do_syscall_64_[k];x64_sys_call_[k];__x64_sys_futex_[k];do_futex_[k];futex_wake_[k];wake_up_q_[k];try_to_wake_up_[k];_raw_spin_unlock_irqrestore_[k] 24
java/util/concurrent/ForkJoinWorkerThread.run;java/util/concurrent/ForkJoinPool.runWorker;java/util/concurrent/ForkJoinPool.scan;java/util/concurrent/ForkJoinPool$WorkQueue.topLevelExec;java/util/concurrent/ForkJoinTask.doExec;java/util/concurrent/ForkJoinTask$RunnableExecuteAction.exec;java/lang/VirtualThread$$Lambda.0x00007a6f90039c78.run;java/lang/VirtualThread.runContinuation;java/lang/VirtualThread.afterDone;java/lang/VirtualThread.afterDone;java/util/concurrent/CountDownLatch.countDown;java/util/concurrent/locks/AbstractQueuedSynchronizer.releaseShared;java/util/concurrent/locks/AbstractQueuedSynchronizer.signalNext;java/util/concurrent/locks/LockSupport.unpark;jdk/internal/misc/Unsafe.unpark;Unsafe_Unpark;pthread_cond_signal;entry_SYSCALL_64_after_hwframe_[k];do_syscall_64_[k] 1
java/util/concurrent/ForkJoinWorkerThread.run;java/util/concurrent/ForkJoinPool.runWorker;java/util/concurrent/ForkJoinPool.scan;java/util/concurrent/ForkJoinPool$WorkQueue.topLevelExec;java/util/concurrent/ForkJoinTask.doExec;java/util/concurrent/ForkJoinTask$RunnableExecuteAction.exec;java/lang/VirtualThread$$Lambda.0x00007a6f90039c78.run;java/lang/VirtualThread.runContinuation;jdk/internal/vm/Continuation.run;jdk/internal/vm/Continuation.enterSpecial;jdk/internal/vm/Continuation.enter;jdk/internal/vm/Continuation.enter0;java/lang/VirtualThread$VThreadContinuation$1.run;java/lang/VirtualThread.run;_notify_jvmti_vthread_start;SharedRuntime::notify_jvmti_vthread_start;JvmtiVTMSTransitionDisabler::VTMS_vthread_start;__pthread_mutex_unlock;/usr/lib/x86_64-linux-gnu/libc.so.6;entry_SYSCALL_64_after_hwframe_[k];do_syscall_64_[k];x64_sys_call_[k];__x64_sys_futex_[k];do_futex_[k];futex_wake_[k];_raw_spin_lock_[k];native_queued_spin_lock_slowpath_[k] 126
java/lang/Thread.run;java/lang/Thread.runWith;java/util/concurrent/ThreadPoolExecutor$Worker.run;java/util/concurrent/ThreadPoolExecutor.runWorker;java/util/concurrent/FutureTask.run;java/util/concurrent/Executors$RunnableAdapter.call;java/util/concurrent/FutureTask.run;org/openjdk/jmh/runner/BenchmarkHandler$BenchmarkTask.call;org/openjdk/jmh/runner/BenchmarkHandler$BenchmarkTask.call;java/lang/reflect/Method.invoke;jdk/internal/reflect/DirectMethodHandleAccessor.invoke;jdk/internal/reflect/DirectMethodHandleAccessor.invokeImpl;java/lang/invoke/LambdaForm$MH.0x00007a6f9002e800.invokeExact_MT;java/lang/invoke/LambdaForm$MH.0x00007a6f9002e400.invoke;java/lang/invoke/DirectMethodHandle$Holder.invokeSpecial;uk/ac/ncl/jensen/benchmark/jmh_generated/VThreadChurnBenchmark_churn_jmhTest.churn_AverageTime;uk/ac/ncl/jensen/benchmark/jmh_generated/VThreadChurnBenchmark_churn_jmhTest.churn_avgt_jmhStub;uk/ac/ncl/jensen/benchmark/VThreadChurnBenchmark.churn;java/lang/ThreadBuilders$VirtualThreadBuilder.start;java/lang/VirtualThread.start;java/lang/VirtualThread.start;java/lang/VirtualThread.submitRunContinuation;java/util/concurrent/ForkJoinPool.execute;java/util/concurrent/ForkJoinPool.poolSubmit;java/util/concurrent/ForkJoinPool$WorkQueue.push 1
java/util/concurrent/ForkJoinWorkerThread.run;java/util/concurrent/ForkJoinPool.runWorker;java/util/concurrent/ForkJoinPool.scan;java/util/concurrent/ForkJoinPool$WorkQueue.topLevelExec;java/util/concurrent/ForkJoinTask.doExec;java/util/concurrent/ForkJoinTask$RunnableExecuteAction.exec;java/lang/VirtualThread$$Lambda.0x00007a6f90039c78.run;java/lang/VirtualThread.runContinuation;java/lang/VirtualThread.unmount 8
java/util/concurrent/ForkJoinWorkerThread.run;java/util/concurrent/ForkJoinPool.runWorker;java/util/concurrent/ForkJoinPool.scan;java/util/concurrent/ForkJoinPool$WorkQueue.topLevelExec;java/util/concurrent/ForkJoinTask.doExec;java/util/concurrent/ForkJoinTask$RunnableExecuteAction.exec;java/lang/VirtualThread$$Lambda.0x00007a6f90039c78.run;java/lang/VirtualThread.runContinuation;jdk/internal/vm/Continuation.run;jdk/internal/vm/Continuation.enterSpecial;jdk/internal/vm/Continuation.enter;jdk/internal/vm/Continuation.enter0;java/lang/VirtualThread$VThreadContinuation$1.run;java/lang/VirtualThread.run;_notify_jvmti_vthread_start;SharedRuntime::notify_jvmti_vthread_start;JvmtiVTMSTransitionDisabler::VTMS_vthread_start;JvmtiEventController::thread_started;Mutex::lock;pthread_mutex_lock;/usr/lib/x86_64-linux-gnu/libc.so.6 35
java/util/concurrent/ForkJoinWorkerThread.run;java/util/concurrent/ForkJoinPool.runWorker;java/util/concurrent/ForkJoinPool.scan;java/util/concurrent/ForkJoinPool$WorkQueue.topLevelExec;java/util/concurrent/ForkJoinTask.doExec;java/util/concurrent/ForkJoinTask$RunnableExecuteAction.exec;java/lang/VirtualThread$$Lambda.0x00007a6f90039c78.run;java/lang/VirtualThread.runContinuation;jdk/internal/vm/Continuation.run;jdk/internal/vm/Continuation.enterSpecial;jdk/internal/vm/Continuation.enter;jdk/internal/vm/Continuation.enter0;java/lang/VirtualThread$VThreadContinuation$1.run;java/lang/VirtualThread.run;_notify_jvmti_vthread_end;SharedRuntime::notify_jvmti_vthread_end;JvmtiVTMSTransitionDisabler::VTMS_vthread_end;__pthread_mutex_unlock;/usr/lib/x86_64-linux-gnu/libc.so.6;entry_SYSCALL_64_after_hwframe_[k];do_syscall_64_[k];x64_sys_call_[k];__x64_sys_futex_[k];do_futex_[k];futex_hash_[k] 1
java/lang/Thread.run;java/lang/Thread.runWith;java/util/concurrent/ThreadPoolExecutor$Worker.run;java/util/concurrent/ThreadPoolExecutor.runWorker;java/util/concurrent/FutureTask.run;java/util/concurrent/Executors$RunnableAdapter.call;java/util/concurrent/FutureTask.run;org/openjdk/jmh/runner/BenchmarkHandler$BenchmarkTask.call;org/openjdk/jmh/runner/BenchmarkHandler$BenchmarkTask.call;java/lang/reflect/Method.invoke;jdk/internal/reflect/DirectMethodHandleAccessor.invoke;jdk/internal/reflect/DirectMethodHandleAccessor.invokeImpl;java/lang/invoke/LambdaForm$MH.0x00007a6f9002e800.invokeExact_MT;java/lang/invoke/LambdaForm$MH.0x00007a6f9002e400.invoke;java/lang/invoke/DirectMethodHandle$Holder.invokeSpecial;uk/ac/ncl/jensen/benchmark/jmh_generated/VThreadChurnBenchmark_churn_jmhTest.churn_AverageTime;uk/ac/ncl/jensen/benchmark/jmh_generated/VThreadChurnBenchmark_churn_jmhTest.churn_avgt_jmhStub;uk/ac/ncl/jensen/benchmark/VThreadChurnBenchmark.churn;java/lang/ThreadBuilders$VirtualThreadBuilder.start;java/lang/VirtualThread.start;java/lang/VirtualThread.start;java/lang/VirtualThread.submitRunContinuation;java/util/concurrent/ForkJoinPool.execute;java/util/concurrent/ForkJoinPool.poolSubmit;java/util/concurrent/ForkJoinPool$WorkQueue.push;java/util/concurrent/ForkJoinPool.signalWork;java/util/concurrent/locks/LockSupport.unpark;jdk/internal/misc/Unsafe.unpark;Unsafe_Unpark;pthread_cond_signal;entry_SYSCALL_64_after_hwframe_[k];do_syscall_64_[k];x64_sys_call_[k];__x64_sys_futex_[k];do_futex_[k];futex_wake_[k];futex_hash_[k];futex_ref_get_[k] 1
java/util/concurrent/ForkJoinWorkerThread.run;java/util/concurrent/ForkJoinPool.runWorker;java/util/concurrent/ForkJoinPool.scan;java/util/concurrent/ForkJoinPool$WorkQueue.topLevelExec;java/util/concurrent/ForkJoinTask.doExec;java/util/concurrent/ForkJoinTask$RunnableExecuteAction.exec;java/lang/VirtualThread$$Lambda.0x00007a6f90039c78.run;java/lang/VirtualThread.runContinuation;jdk/internal/vm/Continuation.run;jdk/internal/vm/Continuation.enterSpecial;jdk/internal/vm/Continuation.enter;jdk/internal/vm/Continuation.enter0;java/lang/VirtualThread$VThreadContinuation$1.run;java/lang/VirtualThread.run;_notify_jvmti_vthread_start;SharedRuntime::notify_jvmti_vthread_start;JvmtiVTMSTransitionDisabler::VTMS_vthread_start;JvmtiEventController::thread_started;JvmtiThreadState::JvmtiThreadState;AllocateHeap 1
java/util/concurrent/ForkJoinWorkerThread.run;java/util/concurrent/ForkJoinPool.runWorker;java/util/concurrent/ForkJoinPool.scan;java/util/concurrent/ForkJoinPool$WorkQueue.topLevelExec;java/util/concurrent/ForkJoinTask.doExec;java/util/concurrent/ForkJoinTask$RunnableExecuteAction.exec;java/lang/VirtualThread$$Lambda.0x00007a6f90039c78.run;java/lang/VirtualThread.runContinuation;jdk/internal/vm/Continuation.run;jdk/internal/vm/Continuation.enterSpecial;jdk/internal/vm/Continuation.enter;jdk/internal/vm/Continuation.enter0;java/lang/VirtualThread$VThreadContinuation$1.run;java/lang/VirtualThread.run;_notify_jvmti_vthread_start;SharedRuntime::notify_jvmti_vthread_start;JvmtiVTMSTransitionDisabler::VTMS_vthread_start;JvmtiEventController::thread_started;Mutex::lock;pthread_mutex_lock;/usr/lib/x86_64-linux-gnu/libc.so.6;entry_SYSCALL_64_after_hwframe_[k];do_syscall_64_[k];x64_sys_call_[k];__x64_sys_futex_[k];do_futex_[k];futex_wait_[k];__futex_wait_[k];futex_wait_setup_[k];futex_q_lock_[k] 1
java/util/concurrent/ForkJoinWorkerThread.run;java/util/concurrent/ForkJoinPool.runWorker;java/util/concurrent/ForkJoinPool.scan;java/util/concurrent/ForkJoinPool$WorkQueue.topLevelExec;java/util/concurrent/ForkJoinTask.doExec;java/util/concurrent/ForkJoinTask$RunnableExecuteAction.exec;java/lang/VirtualThread$$Lambda.0x00007a6f90039c78.run;java/lang/VirtualThread.runContinuation;jdk/internal/vm/Continuation.run;jdk/internal/vm/Continuation.enterSpecial;jdk/internal/vm/Continuation.enter;jdk/internal/vm/Continuation.enter0;java/lang/VirtualThread$VThreadContinuation$1.run;java/lang/VirtualThread.run;_notify_jvmti_vthread_start;SharedRuntime::notify_jvmti_vthread_start;JvmtiVTMSTransitionDisabler::VTMS_vthread_start;JvmtiVTMSTransitionDisabler::VTMS_mount_end;__pthread_mutex_unlock;/usr/lib/x86_64-linux-gnu/libc.so.6;entry_SYSCALL_64_after_hwframe_[k];do_syscall_64_[k];x64_sys_call_[k];__x64_sys_futex_[k];do_futex_[k];_raw_spin_lock_[k] 41
java/util/concurrent/ForkJoinWorkerThread.run;java/util/concurrent/ForkJoinPool.runWorker;java/util/concurrent/ForkJoinPool.scan;java/util/concurrent/ForkJoinPool$WorkQueue.topLevelExec;java/util/concurrent/ForkJoinTask.doExec;java/util/concurrent/ForkJoinTask$RunnableExecuteAction.exec;java/lang/VirtualThread$$Lambda.0x00007a6f90039c78.run;java/lang/VirtualThread.runContinuation;jdk/internal/vm/Continuation.run;jdk/internal/vm/Continuation.enterSpecial;jdk/internal/vm/Continuation.enter;jdk/internal/vm/Continuation.enter0;java/lang/VirtualThread$VThreadContinuation$1.run;java/lang/VirtualThread.run;_notify_jvmti_vthread_end;SharedRuntime::notify_jvmti_vthread_end;JvmtiVTMSTransitionDisabler::VTMS_vthread_end;JvmtiExport::cleanup_thread;Mutex::lock;pthread_mutex_lock;/usr/lib/x86_64-linux-gnu/libc.so.6;entry_SYSCALL_64_after_hwframe_[k];do_syscall_64_[k];x64_sys_call_[k];__x64_sys_futex_[k];do_futex_[k];futex_wait_[k];__futex_wait_[k];futex_wait_setup_[k];futex_q_lock_[k] 52
java/util/concurrent/ForkJoinWorkerThread.run;java/util/concurrent/ForkJoinPool.runWorker;java/util/concurrent/ForkJoinPool.scan;java/util/concurrent/ForkJoinPool$WorkQueue.topLevelExec;java/util/concurrent/ForkJoinTask.doExec;java/util/concurrent/ForkJoinTask$RunnableExecuteAction.exec;java/lang/VirtualThread$$Lambda.0x00007a6f90039c78.run;java/lang/VirtualThread.runContinuation;jdk/internal/vm/Continuation.run;jdk/internal/vm/Continuation.enterSpecial;jdk/internal/vm/Continuation.enter;jdk/internal/vm/Continuation.enter0;java/lang/VirtualThread$VThreadContinuation$1.run;java/lang/VirtualThread.run;_notify_jvmti_vthread_end;SharedRuntime::notify_jvmti_vthread_end;JvmtiVTMSTransitionDisabler::VTMS_vthread_end;JvmtiExport::cleanup_thread;Mutex::lock;pthread_mutex_lock;/usr/lib/x86_64-linux-gnu/libc.so.6;entry_SYSCALL_64_after_hwframe_[k];do_syscall_64_[k];x64_sys_call_[k];__x64_sys_futex_[k];do_futex_[k];futex_wait_[k];__futex_wait_[k];futex_hash_put_[k] 3
java/util/concurrent/ForkJoinWorkerThread.run;java/util/concurrent/ForkJoinPool.runWorker;java/util/concurrent/ForkJoinPool.scan;java/util/concurrent/ForkJoinPool$WorkQueue.topLevelExec;java/util/concurrent/ForkJoinTask.doExec;java/util/concurrent/ForkJoinTask$RunnableExecuteAction.exec;java/lang/VirtualThread$$Lambda.0x00007a6f90039c78.run;java/lang/VirtualThread.runContinuation;jdk/internal/vm/Continuation.run;jdk/internal/vm/Continuation.enterSpecial;jdk/internal/vm/Continuation.enter;jdk/internal/vm/Continuation.enter0;java/lang/VirtualThread$VThreadContinuation$1.run;java/lang/VirtualThread.run;_notify_jvmti_vthread_start;SharedRuntime::notify_jvmti_vthread_start;JvmtiVTMSTransitionDisabler::VTMS_vthread_start;JvmtiVTMSTransitionDisabler::VTMS_mount_end;Mutex::lock;pthread_mutex_lock;/usr/lib/x86_64-linux-gnu/libc.so.6;entry_SYSCALL_64_after_hwframe_[k];do_syscall_64_[k];x64_sys_call_[k];__x64_sys_futex_[k];do_futex_[k];futex_wait_[k];__futex_wait_[k];futex_wait_setup_[k];__futex_hash_[k] 1
java/util/concurrent/ForkJoinWorkerThread.run;java/util/concurrent/ForkJoinPool.runWorker;java/util/concurrent/ForkJoinPool.scan;java/util/concurrent/ForkJoinPool$WorkQueue.topLevelExec;java/util/concurrent/ForkJoinTask.doExec;java/util/concurrent/ForkJoinTask$RunnableExecuteAction.exec;java/lang/VirtualThread$$Lambda.0x00007a6f90039c78.run;java/lang/VirtualThread.runContinuation;jdk/internal/vm/Continuation.run;jdk/internal/vm/Continuation.enterSpecial;jdk/internal/vm/Continuation.enter;jdk/internal/vm/Continuation.enter0;java/lang/VirtualThread$VThreadContinuation$1.run;java/lang/VirtualThread.run;_notify_jvmti_vthread_start;SharedRuntime::notify_jvmti_vthread_start;JvmtiVTMSTransitionDisabler::VTMS_vthread_start;JvmtiEventController::thread_started;Mutex::lock;pthread_mutex_lock;/usr/lib/x86_64-linux-gnu/libc.so.6;entry_SYSCALL_64_after_hwframe_[k];do_syscall_64_[k];x64_sys_call_[k];__x64_sys_futex_[k];do_futex_[k];futex_wait_[k];__futex_wait_[k];futex_wait_setup_[k];__futex_queue_[k];plist_add_[k] 1
java/util/concurrent/ForkJoinWorkerThread.run;java/util/concurrent/ForkJoinPool.runWorker;java/util/concurrent/ForkJoinPool.scan 5
java/util/concurrent/ForkJoinWorkerThread.run;java/util/concurrent/ForkJoinPool.runWorker;java/util/concurrent/ForkJoinPool.scan;java/util/concurrent/ForkJoinPool$WorkQueue.topLevelExec;java/util/concurrent/ForkJoinTask.doExec;java/util/concurrent/ForkJoinTask$RunnableExecuteAction.exec;java/lang/VirtualThread$$Lambda.0x00007a6f90039c78.run;java/lang/VirtualThread.runContinuation;jdk/internal/vm/Continuation.run;jdk/internal/vm/Continuation.enterSpecial;jdk/internal/vm/Continuation.enter;jdk/internal/vm/Continuation.enter0;java/lang/VirtualThread$VThreadContinuation$1.run;java/lang/VirtualThread.run;_notify_jvmti_vthread_end;SharedRuntime::notify_jvmti_vthread_end;JvmtiVTMSTransitionDisabler::VTMS_vthread_end;JvmtiVTMSTransitionDisabler::start_VTMS_transition;java_lang_Thread::set_is_in_VTMS_transition 1
java/util/concurrent/ForkJoinWorkerThread.run;java/util/concurrent/ForkJoinPool.runWorker;java/util/concurrent/ForkJoinPool.scan;java/util/concurrent/ForkJoinPool$WorkQueue.topLevelExec;java/util/concurrent/ForkJoinTask.doExec;java/util/concurrent/ForkJoinTask$RunnableExecuteAction.exec;java/lang/VirtualThread$$Lambda.0x00007a6f90039c78.run;java/lang/VirtualThread.runContinuation;java/lang/VirtualThread.afterDone;java/lang/VirtualThread.afterDone;jdk/internal/vm/ThreadContainers$RootContainer$TrackingRootContainer.onExit;java/util/concurrent/ConcurrentHashMap$KeySetView.remove;java/util/concurrent/ConcurrentHashMap.remove;java/util/concurrent/ConcurrentHashMap.replaceNode;java/util/concurrent/ConcurrentHashMap.tabAt 1
java/util/concurrent/ForkJoinWorkerThread.run;java/util/concurrent/ForkJoinPool.runWorker;java/util/concurrent/ForkJoinPool.scan;java/util/concurrent/ForkJoinPool$WorkQueue.topLevelExec;java/util/concurrent/ForkJoinTask.doExec;java/util/concurrent/ForkJoinTask$RunnableExecuteAction.exec;java/lang/VirtualThread$$Lambda.0x00007a6f90039c78.run;java/lang/VirtualThread.runContinuation;jdk/internal/vm/Continuation.run 1
java/lang/Thread.run;java/lang/Thread.runWith;java/util/concurrent/ThreadPoolExecutor$Worker.run;java/util/concurrent/ThreadPoolExecutor.runWorker;java/util/concurrent/FutureTask.run;java/util/concurrent/Executors$RunnableAdapter.call;java/util/concurrent/FutureTask.run;org/openjdk/jmh/runner/BenchmarkHandler$BenchmarkTask.call;org/openjdk/jmh/runner/BenchmarkHandler$BenchmarkTask.call;java/lang/reflect/Method.invoke;jdk/internal/reflect/DirectMethodHandleAccessor.invoke;jdk/internal/reflect/DirectMethodHandleAccessor.invokeImpl;java/lang/invoke/LambdaForm$MH.0x00007a6f9002e800.invokeExact_MT;java/lang/invoke/LambdaForm$MH.0x00007a6f9002e400.invoke;java/lang/invoke/DirectMethodHandle$Holder.invokeSpecial;uk/ac/ncl/jensen/benchmark/jmh_generated/VThreadChurnBenchmark_churn_jmhTest.churn_AverageTime;uk/ac/ncl/jensen/benchmark/jmh_generated/VThreadChurnBenchmark_churn_jmhTest.churn_avgt_jmhStub;uk/ac/ncl/jensen/benchmark/VThreadChurnBenchmark.churn;java/lang/ThreadBuilders$VirtualThreadBuilder.start;java/lang/VirtualThread.start;java/lang/VirtualThread.start;java/lang/VirtualThread.submitRunContinuation;java/util/concurrent/ForkJoinPool.execute;java/util/concurrent/ForkJoinPool.poolSubmit;java/util/concurrent/ForkJoinPool.submissionQueue 1
java/util/concurrent/ForkJoinWorkerThread.run;java/util/concurrent/ForkJoinPool.runWorker;java/util/concurrent/ForkJoinPool.scan 56
java/util/concurrent/ForkJoinWorkerThread.run;java/util/concurrent/ForkJoinPool.runWorker;java/util/concurrent/ForkJoinPool.scan;java/util/concurrent/ForkJoinPool$WorkQueue.topLevelExec;java/util/concurrent/ForkJoinTask.doExec;java/util/concurrent/ForkJoinTask$RunnableExecuteAction.exec;java/lang/VirtualThread$$Lambda.0x00007a6f90039c78.run;java/lang/VirtualThread.runContinuation;jdk/internal/vm/Continuation.run;jdk/internal/vm/Continuation.enterSpecial;jdk/internal/vm/Continuation.enter;jdk/internal/vm/Continuation.enter0;java/lang/VirtualThread$VThreadContinuation$1.run;java/lang/VirtualThread.run;_notify_jvmti_vthread_end;SharedRuntime::notify_jvmti_vthread_end;JvmtiVTMSTransitionDisabler::VTMS_vthread_end;JvmtiExport::cleanup_thread;Mutex::lock;pthread_mutex_lock;/usr/lib/x86_64-linux-gnu/libc.so.6;entry_SYSCALL_64_after_hwframe_[k];do_syscall_64_[k] 12
java/lang/Thread.run;java/lang/Thread.runWith;java/util/concurrent/ThreadPoolExecutor$Worker.run;java/util/concurrent/ThreadPoolExecutor.runWorker;java/util/concurrent/FutureTask.run;java/util/concurrent/Executors$RunnableAdapter.call;java/util/concurrent/FutureTask.run;org/openjdk/jmh/runner/BenchmarkHandler$BenchmarkTask.call;org/openjdk/jmh/runner/BenchmarkHandler$BenchmarkTask.call;java/lang/reflect/Method.invoke;jdk/internal/reflect/DirectMethodHandleAccessor.invoke;jdk/internal/reflect/DirectMethodHandleAccessor.invokeImpl;java/lang/invoke/LambdaForm$MH.0x00007a6f9002e800.invokeExact_MT;java/lang/invoke/LambdaForm$MH.0x00007a6f9002e400.invoke;java/lang/invoke/DirectMethodHandle$Holder.invokeSpecial;uk/ac/ncl/jensen/benchmark/jmh_generated/VThreadChurnBenchmark_churn_jmhTest.churn_AverageTime;uk/ac/ncl/jensen/benchmark/jmh_generated/VThreadChurnBenchmark_churn_jmhTest.churn_avgt_jmhStub;uk/ac/ncl/jensen/benchmark/VThreadChurnBenchmark.churn;java/lang/ThreadBuilders$VirtualThreadBuilder.start;java/lang/ThreadBuilders$VirtualThreadBuilder.unstarted;java/lang/ThreadBuilders.newVirtualThread;java/lang/VirtualThread.<init>;java/lang/BaseVirtualThread.<init>;java/lang/Thread.<init>;java/lang/Thread$ThreadIdentifiers.next 8
java/util/concurrent/ForkJoinWorkerThread.run;java/util/concurrent/ForkJoinPool.runWorker;java/util/concurrent/ForkJoinPool.scan 1
java/util/concurrent/ForkJoinWorkerThread.run;java/util/concurrent/ForkJoinPool.runWorker;java/util/concurrent/ForkJoinPool.scan;java/util/concurrent/ForkJoinPool$WorkQueue.topLevelExec;java/util/concurrent/ForkJoinTask.doExec;java/util/concurrent/ForkJoinTask$RunnableExecuteAction.exec;java/lang/VirtualThread$$Lambda.0x00007a6f90039c78.run;java/lang/VirtualThread.runContinuation;jdk/internal/vm/Continuation.run;jdk/internal/vm/Continuation.enterSpecial;jdk/internal/vm/Continuation.enter;jdk/internal/vm/Continuation.enter0;java/lang/VirtualThread$VThreadContinuation$1.run;java/lang/VirtualThread.run;_notify_jvmti_vthread_start;SharedRuntime::notify_jvmti_vthread_start;JvmtiVTMSTransitionDisabler::VTMS_vthread_start;JvmtiVTMSTransitionDisabler::VTMS_mount_end;Mutex::lock;pthread_mutex_lock;/usr/lib/x86_64-linux-gnu/libc.so.6;entry_SYSCALL_64_after_hwframe_[k];do_syscall_64_[k];x64_sys_call_[k];__x64_sys_futex_[k];do_futex_[k];futex_wait_[k];__futex_wait_[k];futex_wait_setup_[k];futex_hash_[k] 1
java/util/concurrent/ForkJoinWorkerThread.run;java/util/concurrent/ForkJoinPool.runWorker;java/util/concurrent/ForkJoinPool.awaitWork;java/util/concurrent/locks/LockSupport.park;jdk/internal/misc/Unsafe.park;Unsafe_Park;Parker::park;__pthread_mutex_unlock;/usr/lib/x86_64-linux-gnu/libc.so.6;entry_SYSCALL_64_after_hwframe_[k];do_syscall_64_[k];x64_sys_call_[k];__x64_sys_futex_[k];do_futex_[k];futex_wake_[k];futex_hash_[k];futex_ref_get_[k] 1
java/util/concurrent/ForkJoinWorkerThread.run;java/util/concurrent/ForkJoinPool.runWorker;java/util/concurrent/ForkJoinPool.scan;java/util/concurrent/ForkJoinPool.signalWork;java/util/concurrent/locks/LockSupport.unpark;jdk/internal/misc/Unsafe.unpark;Unsafe_Unpark;FastThreadsListHandle::FastThreadsListHandle 3
java/util/concurrent/ForkJoinWorkerThread.run;java/util/concurrent/ForkJoinPool.runWorker;java/util/concurrent/ForkJoinPool.scan;java/util/concurrent/ForkJoinPool$WorkQueue.topLevelExec;java/util/concurrent/ForkJoinTask.doExec;java/util/concurrent/ForkJoinTask$RunnableExecuteAction.exec;java/lang/VirtualThread$$Lambda.0x00007a6f90039c78.run;java/lang/VirtualThread.runContinuation;java/lang/VirtualThread.unmount;_notify_jvmti_vthread_unmount;SharedRuntime::notify_jvmti_vthread_unmount;JvmtiVTMSTransitionDisabler::finish_VTMS_transition 29
java/util/concurrent/ForkJoinWorkerThread.run;java/util/concurrent/ForkJoinPool.runWorker;java/util/concurrent/ForkJoinPool.scan;java/util/concurrent/ForkJoinPool$WorkQueue.topLevelExec;java/util/concurrent/ForkJoinTask.doExec;java/util/concurrent/ForkJoinTask$RunnableExecuteAction.exec;java/lang/VirtualThread$$Lambda.0x00007a6f90039c78.run;java/lang/VirtualThread.runContinuation;jdk/internal/vm/Continuation.run;jdk/internal/vm/Continuation.enterSpecial;jdk/internal/vm/Continuation.enter;jdk/internal/vm/Continuation.enter0;java/lang/VirtualThread$VThreadContinuation$1.run;java/lang/VirtualThread.run;_notify_jvmti_vthread_start;SharedRuntime::notify_jvmti_vthread_start;JvmtiVTMSTransitionDisabler::VTMS_vthread_start;JvmtiEventController::thread_started;AccessInternal::PostRuntimeDispatch<G1BarrierSet::AccessBarrier<548964ul, G1BarrierSet>, (AccessInternal::BarrierType)2, 548964ul>::oop_access_barrier 1
java/util/concurrent/ForkJoinWorkerThread.run;java/util/concurrent/ForkJoinPool.runWorker;java/util/concurrent/ForkJoinPool.scan;java/util/concurrent/ForkJoinPool$WorkQueue.topLevelExec;java/util/concurrent/ForkJoinTask.doExec;java/util/concurrent/ForkJoinTask$RunnableExecuteAction.exec;java/lang/VirtualThread$$Lambda.0x00007a6f90039c78.run;java/lang/VirtualThread.runContinuation;jdk/internal/vm/Continuation.run;jdk/internal/vm/Continuation.enterSpecial;jdk/internal/vm/Continuation.enter;jdk/internal/vm/Continuation.enter0;java/lang/VirtualThread$VThreadContinuation$1.run;java/lang/VirtualThread.run;_notify_jvmti_vthread_start;SharedRuntime::notify_jvmti_vthread_start;JvmtiVTMSTransitionDisabler::VTMS_vthread_start;__pthread_mutex_unlock;/usr/lib/x86_64-linux-gnu/libc.so.6;entry_SYSCALL_64_after_hwframe_[k];do_syscall_64_[k];x64_sys_call_[k];__x64_sys_futex_[k];do_futex_[k];futex_wake_[k];wake_up_q_[k];try_to_wake_up_[k];_raw_spin_unlock_irqrestore_[k] 4
java/util/concurrent/ForkJoinWorkerThread.run;java/util/concurrent/ForkJoinPool.runWorker;java/util/concurrent/ForkJoinPool.scan;java/util/concurrent/ForkJoinPool$WorkQueue.topLevelExec;java/util/concurrent/ForkJoinTask.doExec;java/util/concurrent/ForkJoinTask$RunnableExecuteAction.exec;java/lang/VirtualThread$$Lambda.0x00007a6f90039c78.run;java/lang/VirtualThread.runContinuation;jdk/internal/vm/Continuation.run;jdk/internal/vm/Continuation.enterSpecial;jdk/internal/vm/Continuation.enter;jdk/internal/vm/Continuation.enter0;java/lang/VirtualThread$VThreadContinuation$1.run;java/lang/VirtualThread.run;_notify_jvmti_vthread_end;SharedRuntime::notify_jvmti_vthread_end;JvmtiVTMSTransitionDisabler::VTMS_vthread_end;__pthread_mutex_unlock;/usr/lib/x86_64-linux-gnu/libc.so.6;entry_SYSCALL_64_after_hwframe_[k];do_syscall_64_[k];x64_sys_call_[k];__x64_sys_futex_[k];do_futex_[k];futex_wake_[k];wake_up_q_[k];try_to_wake_up_[k];_raw_spin_unlock_irqrestore_[k] 1
java/util/concurrent/ForkJoinWorkerThread.run;java/util/concurrent/ForkJoinPool.runWorker;java/util/concurrent/ForkJoinPool.scan;java/util/concurrent/ForkJoinPool$WorkQueue.topLevelExec;java/util/concurrent/ForkJoinTask.doExec;java/util/concurrent/ForkJoinTask$RunnableExecuteAction.exec;java/lang/VirtualThread$$Lambda.0x00007a6f90039c78.run;java/lang/VirtualThread.runContinuation;jdk/internal/vm/Continuation.run;jdk/internal/vm/Continuation.enterSpecial;jdk/internal/vm/Continuation.enter;jdk/internal/vm/Continuation.enter0;java/lang/VirtualThread$VThreadContinuation$1.run;java/lang/VirtualThread.run;_notify_jvmti_vthread_start;SharedRuntime::notify_jvmti_vthread_start;JvmtiVTMSTransitionDisabler::VTMS_vthread_start;__pthread_mutex_unlock;/usr/lib/x86_64-linux-gnu/libc.so.6;entry_SYSCALL_64_after_hwframe_[k];do_syscall_64_[k];x64_sys_call_[k];__x64_sys_futex_[k];do_futex_[k];futex_wake_[k];wake_up_q_[k];try_to_wake_up_[k];_raw_spin_unlock_irqrestore_[k] 9
java/lang/Thread.run;java/lang/Thread.runWith;java/util/concurrent/ThreadPoolExecutor$Worker.run;java/util/concurrent/ThreadPoolExecutor.runWorker;java/util/concurrent/FutureTask.run;java/util/concurrent/Executors$RunnableAdapter.call;java/util/concurrent/FutureTask.run;org/openjdk/jmh/runner/BenchmarkHandler$BenchmarkTask.call;org/openjdk/jmh/runner/BenchmarkHandler$BenchmarkTask.call;java/lang/reflect/Method.invoke;jdk/internal/reflect/DirectMethodHandleAccessor.invoke;jdk/internal/reflect/DirectMethodHandleAccessor.invokeImpl;java/lang/invoke/LambdaForm$MH.0x00007a6f9002e800.invokeExact_MT;java/lang/invoke/LambdaForm$MH.0x00007a6f9002e400.invoke;java/lang/invoke/DirectMethodHandle$Holder.invokeSpecial;uk/ac/ncl/jensen/benchmark/jmh_generated/VThreadChurnBenchmark_churn_jmhTest.churn_AverageTime;uk/ac/ncl/jensen/benchmark/jmh_generated/VThreadChurnBenchmark_churn_jmhTest.churn_avgt_jmhStub;uk/ac/ncl/jensen/benchmark/VThreadChurnBenchmark.churn;java/lang/Thread.join;java/lang/Thread.join;java/lang/VirtualThread.joinNanos;java/util/concurrent/CountDownLatch.await;java/util/concurrent/locks/AbstractQueuedSynchronizer.acquireSharedInterruptibly;java/util/concurrent/locks/AbstractQueuedSynchronizer.acquire;java/util/concurrent/locks/LockSupport.park 1
java/util/concurrent/ForkJoinWorkerThread.run;java/util/concurrent/ForkJoinPool.runWorker;java/util/concurrent/ForkJoinPool.scan;java/util/concurrent/ForkJoinPool$WorkQueue.topLevelExec;java/util/concurrent/ForkJoinTask.doExec;java/util/concurrent/ForkJoinTask$RunnableExecuteAction.exec;java/lang/VirtualThread$$Lambda.0x00007a6f90039c78.run;java/lang/VirtualThread.runContinuation;jdk/internal/vm/Continuation.run;jdk/internal/vm/Continuation.enterSpecial;jdk/internal/vm/Continuation.enter;jdk/internal/vm/Continuation.enter0;java/lang/VirtualThread$VThreadContinuation$1.run;java/lang/VirtualThread.run;_notify_jvmti_vthread_start;SharedRuntime::notify_jvmti_vthread_start;JvmtiVTMSTransitionDisabler::VTMS_vthread_start;__pthread_mutex_unlock;/usr/lib/x86_64-linux-gnu/libc.so.6;entry_SYSCALL_64_after_hwframe_[k];do_syscall_64_[k];x64_sys_call_[k];__x64_sys_futex_[k];do_futex_[k];futex_wake_[k];futex_hash_[k];futex_ref_get_[k] 1
java/util/concurrent/ForkJoinWorkerThread.run;java/util/concurrent/ForkJoinPool.runWorker;java/util/concurrent/ForkJoinPool.scan;java/util/concurrent/ForkJoinPool$WorkQueue.topLevelExec;java/util/concurrent/ForkJoinTask.doExec;java/util/concurrent/ForkJoinTask$RunnableExecuteAction.exec;java/lang/VirtualThread$$Lambda.0x00007a6f90039c78.run;java/lang/VirtualThread.runContinuation;jdk/internal/vm/Continuation.run;jdk/internal/vm/Continuation.enterSpecial;jdk/internal/vm/Continuation.enter;jdk/internal/vm/Continuation.enter0;java/lang/VirtualThread$VThreadContinuation$1.run;java/lang/VirtualThread.run;_notify_jvmti_vthread_start;SharedRuntime::notify_jvmti_vthread_start;JvmtiVTMSTransitionDisabler::VTMS_vthread_start;__pthread_mutex_unlock;/usr/lib/x86_64-linux-gnu/libc.so.6;entry_SYSCALL_64_after_hwframe_[k];x64_sys_call_[k] 1
java/util/concurrent/ForkJoinWorkerThread.run;java/util/concurrent/ForkJoinPool.runWorker;java/util/concurrent/ForkJoinPool.scan;java/util/concurrent/ForkJoinPool$WorkQueue.topLevelExec;java/util/concurrent/ForkJoinTask.doExec;java/util/concurrent/ForkJoinTask$RunnableExecuteAction.exec;java/lang/VirtualThread$$Lambda.0x00007a6f90039c78.run;java/lang/VirtualThread.runContinuation;jdk/internal/vm/Continuation.run;jdk/internal/vm/Continuation.enterSpecial;jdk/internal/vm/Continuation.enter;jdk/internal/vm/Continuation.enter0;java/lang/VirtualThread$VThreadContinuation$1.run;java/lang/VirtualThread.run;_notify_jvmti_vthread_end;SharedRuntime::notify_jvmti_vthread_end;JvmtiVTMSTransitionDisabler::VTMS_vthread_end;JvmtiExport::cleanup_thread;JvmtiEventController::thread_ended;JvmtiThreadState::~JvmtiThreadState;AccessInternal::PostRuntimeDispatch<G1BarrierSet::AccessBarrier<548964ul, G1BarrierSet>, (AccessInternal::BarrierType)0, 548964ul>::oop_access_barrier 1
java/util/concurrent/ForkJoinWorkerThread.run;java/util/concurrent/ForkJoinPool.runWorker;java/util/concurrent/ForkJoinPool.scan;java/util/concurrent/ForkJoinPool$WorkQueue.topLevelExec;java/util/concurrent/ForkJoinTask.doExec;java/util/concurrent/ForkJoinTask$RunnableExecuteAction.exec;java/lang/VirtualThread$$Lambda.0x00007a6f90039c78.run;java/lang/VirtualThread.runContinuation;jdk/internal/vm/Continuation.run;jdk/internal/vm/Continuation.enterSpecial;jdk/internal/vm/Continuation.enter;jdk/internal/vm/Continuation.enter0;java/lang/VirtualThread$VThreadContinuation$1.run;java/lang/VirtualThread.run;_notify_jvmti_vthread_start;SharedRuntime::notify_jvmti_vthread_start;JvmtiVTMSTransitionDisabler::VTMS_vthread_start;JvmtiEventController::thread_started;Mutex::lock;pthread_mutex_lock;/usr/lib/x86_64-linux-gnu/libc.so.6;entry_SYSCALL_64_after_hwframe_[k];do_syscall_64_[k];x64_sys_call_[k];__x64_sys_futex_[k];do_futex_[k];futex_wait_[k];__futex_wait_[k];get_futex_key_[k] 1
java/util/concurrent/ForkJoinWorkerThread.run;java/util/concurrent/ForkJoinPool.runWorker;java/util/concurrent/ForkJoinPool.scan;java/util/concurrent/ForkJoinPool$WorkQueue.topLevelExec;java/util/concurrent/ForkJoinTask.doExec;java/util/concurrent/ForkJoinTask$RunnableExecuteAction.exec;java/lang/VirtualThread$$Lambda.0x00007a6f90039c78.run;java/lang/VirtualThread.runContinuation;jdk/internal/vm/Continuation.run;jdk/internal/vm/Continuation.enterSpecial;jdk/internal/vm/Continuation.enter;jdk/internal/vm/Continuation.enter0;java/lang/VirtualThread$VThreadContinuation$1.run;java/lang/VirtualThread.run;_notify_jvmti_vthread_start;SharedRuntime::notify_jvmti_vthread_start;JvmtiVTMSTransitionDisabler::VTMS_vthread_start;__pthread_mutex_unlock;/usr/lib/x86_64-linux-gnu/libc.so.6;entry_SYSCALL_64_after_hwframe_[k];do_syscall_64_[k];x64_sys_call_[k];__x64_sys_futex_[k];do_futex_[k];futex_wake_[k] 6
java/util/concurrent/ForkJoinWorkerThread.run;java/util/concurrent/ForkJoinPool.runWorker;java/util/concurrent/ForkJoinPool.scan 1
java/util/concurrent/ForkJoinWorkerThread.run;java/util/concurrent/ForkJoinPool.runWorker;java/util/concurrent/ForkJoinPool.scan 9
java/lang/Thread.run;java/lang/Thread.runWith;java/util/concurrent/ThreadPoolExecutor$Worker.run;java/util/concurrent/ThreadPoolExecutor.runWorker;java/util/concurrent/FutureTask.run;java/util/concurrent/Executors$RunnableAdapter.call;java/util/concurrent/FutureTask.run;org/openjdk/jmh/runner/BenchmarkHandler$BenchmarkTask.call;org/openjdk/jmh/runner/BenchmarkHandler$BenchmarkTask.call;java/lang/reflect/Method.invoke;jdk/internal/reflect/DirectMethodHandleAccessor.invoke;jdk/internal/reflect/DirectMethodHandleAccessor.invokeImpl;java/lang/invoke/LambdaForm$MH.0x00007a6f9002e800.invokeExact_MT;java/lang/invoke/LambdaForm$MH.0x00007a6f9002e400.invoke;java/lang/invoke/DirectMethodHandle$Holder.invokeSpecial;uk/ac/ncl/jensen/benchmark/jmh_generated/VThreadChurnBenchmark_churn_jmhTest.churn_AverageTime;uk/ac/ncl/jensen/benchmark/jmh_generated/VThreadChurnBenchmark_churn_jmhTest.churn_avgt_jmhStub;uk/ac/ncl/jensen/benchmark/VThreadChurnBenchmark.churn;java/lang/Thread.join;java/lang/Thread.join;java/lang/VirtualThread.joinNanos;java/util/concurrent/CountDownLatch.await;java/util/concurrent/locks/AbstractQueuedSynchronizer.acquireSharedInterruptibly;java/util/concurrent/locks/AbstractQueuedSynchronizer.acquire;java/util/concurrent/locks/LockSupport.park;jdk/internal/misc/Unsafe.park;Unsafe_Park;Parker::park 1
java/util/concurrent/ForkJoinWorkerThread.run;java/util/concurrent/ForkJoinPool.runWorker;java/util/concurrent/ForkJoinPool.awaitWork;java/util/concurrent/locks/LockSupport.park;jdk/internal/misc/Unsafe.park;Unsafe_Park;AccessInternal::PostRuntimeDispatch<G1BarrierSet::AccessBarrier<548964ul, G1BarrierSet>, (AccessInternal::BarrierType)2, 548964ul>::oop_access_barrier 10
java/util/concurrent/ForkJoinWorkerThread.run;java/util/concurrent/ForkJoinPool.runWorker;java/util/concurrent/ForkJoinPool.scan 2
java/lang/Thread.run;java/lang/Thread.runWith;java/util/concurrent/ThreadPoolExecutor$Worker.run;java/util/concurrent/ThreadPoolExecutor.runWorker;java/util/concurrent/FutureTask.run;java/util/concurrent/Executors$RunnableAdapter.call;java/util/concurrent/FutureTask.run;org/openjdk/jmh/runner/BenchmarkHandler$BenchmarkTask.call;org/openjdk/jmh/runner/BenchmarkHandler$BenchmarkTask.call;java/lang/reflect/Method.invoke;jdk/internal/reflect/DirectMethodHandleAccessor.invoke;jdk/internal/reflect/DirectMethodHandleAccessor.invokeImpl;java/lang/invoke/LambdaForm$MH.0x00007a6f9002e800.invokeExact_MT;java/lang/invoke/LambdaForm$MH.0x00007a6f9002e400.invoke;java/lang/invoke/DirectMethodHandle$Holder.invokeSpecial;uk/ac/ncl/jensen/benchmark/jmh_generated/VThreadChurnBenchmark_churn_jmhTest.churn_AverageTime;uk/ac/ncl/jensen/benchmark/jmh_generated/VThreadChurnBenchmark_churn_jmhTest.churn_avgt_jmhStub;uk/ac/ncl/jensen/benchmark/VThreadChurnBenchmark.churn;java/lang/Thread.join;java/lang/Thread.join;java/lang/VirtualThread.joinNanos;java/util/concurrent/CountDownLatch.await;java/util/concurrent/locks/AbstractQueuedSynchronizer.acquireSharedInterruptibly;java/util/concurrent/locks/AbstractQueuedSynchronizer.acquire;java/util/concurrent/locks/LockSupport.park;java/util/concurrent/locks/LockSupport.setBlocker 1
java/util/concurrent/ForkJoinWorkerThread.run;java/util/concurrent/ForkJoinPool.runWorker;java/util/concurrent/ForkJoinPool.scan 3
java/util/concurrent/ForkJoinWorkerThread.run;java/util/concurrent/ForkJoinPool.runWorker;java/util/concurrent/ForkJoinPool.scan;java/util/concurrent/ForkJoinPool$WorkQueue.topLevelExec;java/util/concurrent/ForkJoinTask.doExec;java/util/concurrent/ForkJoinTask$RunnableExecuteAction.exec;java/lang/VirtualThread$$Lambda.0x00007a6f90039c78.run;java/lang/VirtualThread.runContinuation;jdk/internal/vm/Continuation.run;jdk/internal/vm/Continuation.enterSpecial;jdk/internal/vm/Continuation.enter;jdk/internal/vm/Continuation.enter0;java/lang/VirtualThread$VThreadContinuation$1.run;java/lang/VirtualThread.run;_notify_jvmti_vthread_end;SharedRuntime::notify_jvmti_vthread_end;JvmtiVTMSTransitionDisabler::VTMS_vthread_end;__pthread_mutex_unlock;/usr/lib/x86_64-linux-gnu/libc.so.6;entry_SYSCALL_64_after_hwframe_[k];do_syscall_64_[k];x64_sys_call_[k];__x64_sys_futex_[k];do_futex_[k];futex_wake_[k];wake_up_q_[k] 2
java/util/concurrent/ForkJoinWorkerThread.run;java/util/concurrent/ForkJoinPool.runWorker;java/util/concurrent/ForkJoinPool.scan;java/util/concurrent/ForkJoinPool$WorkQueue.topLevelExec;java/util/concurrent/ForkJoinTask.doExec;java/util/concurrent/ForkJoinTask$RunnableExecuteAction.exec;java/lang/VirtualThread$$Lambda.0x00007a6f90039c78.run;java/lang/VirtualThread.runContinuation;java/lang/VirtualThread.afterDone;java/lang/VirtualThread.afterDone;jdk/internal/vm/ThreadContainers$RootContainer$TrackingRootContainer.onExit;java/util/concurrent/ConcurrentHashMap$KeySetView.remove;java/util/concurrent/ConcurrentHashMap.remove;java/util/concurrent/ConcurrentHashMap.replaceNode;java/util/concurrent/ConcurrentHashMap.tabAt 5
java/util/concurrent/ForkJoinWorkerThread.run;java/util/concurrent/ForkJoinPool.runWorker;java/util/concurrent/ForkJoinPool.scan;java/util/concurrent/ForkJoinPool$WorkQueue.topLevelExec;java/util/concurrent/ForkJoinTask.doExec;java/util/concurrent/ForkJoinTask$RunnableExecuteAction.exec;java/lang/VirtualThread$$Lambda.0x00007a6f90039c78.run;java/lang/VirtualThread.runContinuation;jdk/internal/vm/Continuation.run;jdk/internal/vm/Continuation.enterSpecial;jdk/internal/vm/Continuation.enter;jdk/internal/vm/Continuation.enter0;java/lang/VirtualThread$VThreadContinuation$1.run;java/lang/VirtualThread.run;_notify_jvmti_vthread_end;SharedRuntime::notify_jvmti_vthread_end;JvmtiVTMSTransitionDisabler::VTMS_vthread_end;__pthread_mutex_unlock;/usr/lib/x86_64-linux-gnu/libc.so.6 1
java/util/concurrent/ForkJoinWorkerThread.run;java/util/concurrent/ForkJoinPool.runWorker;java/util/concurrent/ForkJoinPool.awaitWork 3
java/util/concurrent/ForkJoinWorkerThread.run;java/util/concurrent/ForkJoinPool.runWorker;java/util/concurrent/ForkJoinPool.scan;java/util/concurrent/ForkJoinPool$WorkQueue.topLevelExec;java/util/concurrent/ForkJoinTask.doExec;java/util/concurrent/ForkJoinTask$RunnableExecuteAction.exec;java/lang/VirtualThread$$Lambda.0x00007a6f90039c78.run;java/lang/VirtualThread.runContinuation;jdk/internal/vm/Continuation.run;jdk/internal/vm/Continuation.enterSpecial;jdk/internal/vm/Continuation.enter;jdk/internal/vm/Continuation.enter0;java/lang/VirtualThread$VThreadContinuation$1.run;java/lang/VirtualThread.run;_notify_jvmti_vthread_start;SharedRuntime::notify_jvmti_vthread_start;JvmtiVTMSTransitionDisabler::VTMS_vthread_start;JvmtiVTMSTransitionDisabler::finish_VTMS_transition;java_lang_Thread::set_is_in_VTMS_transition 1
java/util/concurrent/ForkJoinWorkerThread.run;java/util/concurrent/ForkJoinPool.runWorker;java/util/concurrent/ForkJoinPool.scan;java/util/concurrent/ForkJoinPool$WorkQueue.topLevelExec;java/util/concurrent/ForkJoinTask.doExec;java/util/concurrent/ForkJoinTask$RunnableExecuteAction.exec;java/lang/VirtualThread$$Lambda.0x00007a6f90039c78.run;java/lang/VirtualThread.runContinuation;java/lang/VirtualThread.mount 1
java/lang/Thread.run;java/lang/Thread.runWith;java/util/concurrent/ThreadPoolExecutor$Worker.run;java/util/concurrent/ThreadPoolExecutor.runWorker;java/util/concurrent/FutureTask.run;java/util/concurrent/Executors$RunnableAdapter.call;java/util/concurrent/FutureTask.run;org/openjdk/jmh/runner/BenchmarkHandler$BenchmarkTask.call;org/openjdk/jmh/runner/BenchmarkHandler$BenchmarkTask.call;java/lang/reflect/Method.invoke;jdk/internal/reflect/DirectMethodHandleAccessor.invoke;jdk/internal/reflect/DirectMethodHandleAccessor.invokeImpl;java/lang/invoke/LambdaForm$MH.0x00007a6f9002e800.invokeExact_MT;java/lang/invoke/LambdaForm$MH.0x00007a6f9002e400.invoke;java/lang/invoke/DirectMethodHandle$Holder.invokeSpecial;uk/ac/ncl/jensen/benchmark/jmh_generated/VThreadChurnBenchmark_churn_jmhTest.churn_AverageTime;uk/ac/ncl/jensen/benchmark/jmh_generated/VThreadChurnBenchmark_churn_jmhTest.churn_avgt_jmhStub;uk/ac/ncl/jensen/benchmark/VThreadChurnBenchmark.churn;java/lang/Thread.join;java/lang/Thread.join;java/lang/VirtualThread.joinNanos;java/util/concurrent/CountDownLatch.await;java/util/concurrent/locks/AbstractQueuedSynchronizer.acquireSharedInterruptibly;java/util/concurrent/locks/AbstractQueuedSynchronizer.acquire;java/util/concurrent/locks/LockSupport.park;jdk/internal/misc/Unsafe.park;Unsafe_Park;Parker::park;pthread_cond_wait;/usr/lib/x86_64-linux-gnu/libc.so.6 4
java/util/concurrent/ForkJoinWorkerThread.run;java/util/concurrent/ForkJoinPool.runWorker;java/util/concurrent/ForkJoinPool.scan;java/util/concurrent/ForkJoinPool$WorkQueue.topLevelExec;java/util/concurrent/ForkJoinTask.doExec;java/util/concurrent/ForkJoinTask$RunnableExecuteAction.exec;java/lang/VirtualThread$$Lambda.0x00007a6f90039c78.run;java/lang/VirtualThread.runContinuation;jdk/internal/vm/Continuation.run;jdk/internal/vm/Continuation.enterSpecial;jdk/internal/vm/Continuation.enter;jdk/internal/vm/Continuation.enter0;java/lang/VirtualThread$VThreadContinuation$1.run;java/lang/VirtualThread.run;_notify_jvmti_vthread_end;SharedRuntime::notify_jvmti_vthread_end;JvmtiVTMSTransitionDisabler::VTMS_vthread_end;JvmtiExport::cleanup_thread;Mutex::lock;pthread_mutex_lock;/usr/lib/x86_64-linux-gnu/libc.so.6;entry_SYSCALL_64_after_hwframe_[k];do_syscall_64_[k];x64_sys_call_[k];__x64_sys_futex_[k];do_futex_[k];futex_wait_[k];__futex_wait_[k];futex_wait_setup_[k];futex_hash_[k] 7
java/util/concurrent/ForkJoinWorkerThread.run;java/util/concurrent/ForkJoinPool.runWorker;java/util/concurrent/ForkJoinPool.scan;java/util/concurrent/ForkJoinPool$WorkQueue.topLevelExec;java/util/concurrent/ForkJoinTask.doExec;java/util/concurrent/ForkJoinTask$RunnableExecuteAction.exec;java/lang/VirtualThread$$Lambda.0x00007a6f90039c78.run;java/lang/VirtualThread.runContinuation;jdk/internal/vm/Continuation.run;jdk/internal/vm/Continuation.enterSpecial;jdk/internal/vm/Continuation.enter;jdk/internal/vm/Continuation.enter0;java/lang/VirtualThread$VThreadContinuation$1.run;java/lang/VirtualThread.run;_notify_jvmti_vthread_start;SharedRuntime::notify_jvmti_vthread_start;JvmtiVTMSTransitionDisabler::VTMS_vthread_start;JvmtiVTMSTransitionDisabler::VTMS_mount_end;JavaThread::rebind_to_jvmti_thread_state_of;java_lang_Thread::jvmti_thread_state 1
java/util/concurrent/ForkJoinWorkerThread.run;java/util/concurrent/ForkJoinPool.runWorker;java/util/concurrent/ForkJoinPool.scan;java/util/concurrent/ForkJoinPool$WorkQueue.topLevelExec;java/util/concurrent/ForkJoinTask.doExec;java/util/concurrent/ForkJoinTask$RunnableExecuteAction.exec;java/lang/VirtualThread$$Lambda.0x00007a6f90039c78.run;java/lang/VirtualThread.runContinuation;jdk/internal/vm/Continuation.run;jdk/internal/vm/Continuation.enterSpecial;jdk/internal/vm/Continuation.enter;jdk/internal/vm/Continuation.enter0;java/lang/VirtualThread$VThreadContinuation$1.run;java/lang/VirtualThread.run;_notify_jvmti_vthread_start;SharedRuntime::notify_jvmti_vthread_start;JvmtiVTMSTransitionDisabler::VTMS_vthread_start;JvmtiVTMSTransitionDisabler::VTMS_mount_end;__pthread_mutex_unlock;/usr/lib/x86_64-linux-gnu/libc.so.6;entry_SYSCALL_64_after_hwframe_[k];do_syscall_64_[k];x64_sys_call_[k];__x64_sys_futex_[k];do_futex_[k];futex_wake_[k];wake_up_q_[k];try_to_wake_up_[k];_raw_spin_unlock_irqrestore_[k] 1
java/util/concurrent/ForkJoinWorkerThread.run;java/util/concurrent/ForkJoinPool.runWorker;java/util/concurrent/ForkJoinPool.scan;java/util/concurrent/ForkJoinPool$WorkQueue.topLevelExec;java/util/concurrent/ForkJoinTask.doExec;java/util/concurrent/ForkJoinTask$RunnableExecuteAction.exec;java/lang/VirtualThread$$Lambda.0x00007a6f90039c78.run;java/lang/VirtualThread.runContinuation;jdk/internal/vm/Continuation.run;jdk/internal/vm/Continuation.enterSpecial;jdk/internal/vm/Continuation.enter;jdk/internal/vm/Continuation.enter0;java/lang/VirtualThread$VThreadContinuation$1.run;java/lang/VirtualThread.run;_notify_jvmti_vthread_start;SharedRuntime::notify_jvmti_vthread_start;JvmtiVTMSTransitionDisabler::VTMS_vthread_start;JvmtiVTMSTransitionDisabler::VTMS_mount_end;__pthread_mutex_unlock;/usr/lib/x86_64-linux-gnu/libc.so.6;entry_SYSCALL_64_after_hwframe_[k];do_syscall_64_[k];x64_sys_call_[k];__x64_sys_futex_[k];do_futex_[k];futex_wake_[k];futex_wake_mark_[k] 1
java/util/concurrent/ForkJoinWorkerThread.run;java/util/concurrent/ForkJoinPool.runWorker;java/util/concurrent/ForkJoinPool.scan;java/util/concurrent/ForkJoinPool$WorkQueue.topLevelExec;java/util/concurrent/ForkJoinTask.doExec;java/util/concurrent/ForkJoinTask$RunnableExecuteAction.exec;java/lang/VirtualThread$$Lambda.0x00007a6f90039c78.run;java/lang/VirtualThread.runContinuation;jdk/internal/vm/Continuation.run;jdk/internal/vm/Continuation.enterSpecial;jdk/internal/vm/Continuation.enter;jdk/internal/vm/Continuation.enter0;java/lang/VirtualThread$VThreadContinuation$1.run;java/lang/VirtualThread.run;_notify_jvmti_vthread_start;SharedRuntime::notify_jvmti_vthread_start;JvmtiVTMSTransitionDisabler::VTMS_vthread_start;JvmtiVTMSTransitionDisabler::VTMS_mount_end;Mutex::lock;pthread_mutex_lock;/usr/lib/x86_64-linux-gnu/libc.so.6;entry_SYSCALL_64_after_hwframe_[k];do_syscall_64_[k];x64_sys_call_[k];__x64_sys_futex_[k];do_futex_[k];futex_wait_[k];__futex_wait_[k];futex_wait_setup_[k];futex_q_lock_[k];_raw_spin_lock_[k];native_queued_spin_lock_slowpath_[k] 273
java/util/concurrent/ForkJoinWorkerThread.run;java/util/concurrent/ForkJoinPool.runWorker;java/util/concurrent/ForkJoinPool.scan;java/util/concurrent/ForkJoinPool$WorkQueue.topLevelExec;java/util/concurrent/ForkJoinTask.doExec;java/util/concurrent/ForkJoinTask$RunnableExecuteAction.exec;java/lang/VirtualThread$$Lambda.0x00007a6f90039c78.run;java/lang/VirtualThread.runContinuation;jdk/internal/vm/Continuation.run;jdk/internal/vm/Continuation.enterSpecial;jdk/internal/vm/Continuation.enter;jdk/internal/vm/Continuation.enter0;java/lang/VirtualThread$VThreadContinuation$1.run;java/lang/VirtualThread.run;_notify_jvmti_vthread_end;SharedRuntime::notify_jvmti_vthread_end;JvmtiVTMSTransitionDisabler::VTMS_vthread_end;JvmtiExport::cleanup_thread;Mutex::lock;ThreadBlockInVMPreprocess<InFlightMutexRelease>::~ThreadBlockInVMPreprocess 6
java/util/concurrent/ForkJoinWorkerThread.run;java/util/concurrent/ForkJoinPool.runWorker;java/util/concurrent/ForkJoinPool.scan;java/util/concurrent/ForkJoinPool$WorkQueue.topLevelExec;java/util/concurrent/ForkJoinTask.doExec;java/util/concurrent/ForkJoinTask$RunnableExecuteAction.exec;java/lang/VirtualThread$$Lambda.0x00007a6f90039c78.run;java/lang/VirtualThread.runContinuation;jdk/internal/vm/Continuation.run;jdk/internal/vm/Continuation.enterSpecial;jdk/internal/vm/Continuation.enter;jdk/internal/vm/Continuation.enter0;java/lang/VirtualThread$VThreadContinuation$1.run;java/lang/VirtualThread.run;_notify_jvmti_vthread_end;SharedRuntime::notify_jvmti_vthread_end;JvmtiVTMSTransitionDisabler::VTMS_vthread_end;__pthread_mutex_unlock;/usr/lib/x86_64-linux-gnu/libc.so.6;entry_SYSCALL_64_after_hwframe_[k];do_syscall_64_[k];x64_sys_call_[k];__x64_sys_futex_[k];do_futex_[k];futex_wake_[k];futex_hash_[k] 1
java/lang/Thread.run;java/lang/Thread.runWith;java/util/concurrent/ThreadPoolExecutor$Worker.run;java/util/concurrent/ThreadPoolExecutor.runWorker;java/util/concurrent/FutureTask.run;java/util/concurrent/Executors$RunnableAdapter.call;java/util/concurrent/FutureTask.run;org/openjdk/jmh/runner/BenchmarkHandler$BenchmarkTask.call;org/openjdk/jmh/runner/BenchmarkHandler$BenchmarkTask.call;java/lang/reflect/Method.invoke;jdk/internal/reflect/DirectMethodHandleAccessor.invoke;jdk/internal/reflect/DirectMethodHandleAccessor.invokeImpl;java/lang/invoke/LambdaForm$MH.0x00007a6f9002e800.invokeExact_MT;java/lang/invoke/LambdaForm$MH.0x00007a6f9002e400.invoke;java/lang/invoke/DirectMethodHandle$Holder.invokeSpecial;uk/ac/ncl/jensen/benchmark/jmh_generated/VThreadChurnBenchmark_churn_jmhTest.churn_AverageTime;uk/ac/ncl/jensen/benchmark/jmh_generated/VThreadChurnBenchmark_churn_jmhTest.churn_avgt_jmhStub;uk/ac/ncl/jensen/benchmark/VThreadChurnBenchmark.churn;java/lang/ThreadBuilders$VirtualThreadBuilder.start;java/lang/VirtualThread.start;java/lang/VirtualThread.start;jdk/internal/vm/ThreadContainers$RootContainer$TrackingRootContainer.onStart;java/util/concurrent/ConcurrentHashMap$KeySetView.add;java/util/concurrent/ConcurrentHashMap.putVal 1
java/util/concurrent/ForkJoinWorkerThread.run;java/util/concurrent/ForkJoinPool.runWorker;java/util/concurrent/ForkJoinPool.scan;java/util/concurrent/ForkJoinPool$WorkQueue.topLevelExec;java/util/concurrent/ForkJoinTask.doExec;java/util/concurrent/ForkJoinTask$RunnableExecuteAction.exec;java/lang/VirtualThread$$Lambda.0x00007a6f90039c78.run;java/lang/VirtualThread.runContinuation;jdk/internal/vm/Continuation.run;jdk/internal/vm/Continuation.enterSpecial;jdk/internal/vm/Continuation.enter;jdk/internal/vm/Continuation.enter0;java/lang/VirtualThread$VThreadContinuation$1.run;java/lang/VirtualThread.run;_notify_jvmti_vthread_start;SharedRuntime::notify_jvmti_vthread_start;JvmtiVTMSTransitionDisabler::VTMS_vthread_start;JvmtiVTMSTransitionDisabler::VTMS_mount_end;Mutex::lock 2
java/util/concurrent/ForkJoinWorkerThread.run;java/util/concurrent/ForkJoinPool.runWorker;java/util/concurrent/ForkJoinPool.scan;java/util/concurrent/ForkJoinPool$WorkQueue.topLevelExec;java/util/concurrent/ForkJoinTask.doExec;java/util/concurrent/ForkJoinTask$RunnableExecuteAction.exec;java/lang/VirtualThread$$Lambda.0x00007a6f90039c78.run;java/lang/VirtualThread.runContinuation;jdk/internal/vm/Continuation.run;jdk/internal/vm/Continuation.enterSpecial;jdk/internal/vm/Continuation.enter;jdk/internal/vm/Continuation.enter0;java/lang/VirtualThread$VThreadContinuation$1.run;java/lang/VirtualThread.run;_notify_jvmti_vthread_start;SharedRuntime::notify_jvmti_vthread_start;JvmtiVTMSTransitionDisabler::VTMS_vthread_start;JvmtiVTMSTransitionDisabler::VTMS_mount_end;Mutex::lock;pthread_mutex_lock;/usr/lib/x86_64-linux-gnu/libc.so.6;entry_SYSCALL_64_after_hwframe_[k];do_syscall_64_[k];x64_sys_call_[k];__x64_sys_futex_[k];do_futex_[k];futex_wait_[k];__futex_wait_[k];futex_q_unlock_[k] 2
java/util/concurrent/ForkJoinWorkerThread.run;java/util/concurrent/ForkJoinPool.runWorker;java/util/concurrent/ForkJoinPool.scan;java/util/concurrent/ForkJoinPool$WorkQueue.topLevelExec;java/util/concurrent/ForkJoinTask.doExec;java/util/concurrent/ForkJoinTask$RunnableExecuteAction.exec;java/lang/VirtualThread$$Lambda.0x00007a6f90039c78.run;java/lang/VirtualThread.runContinuation;java/lang/VirtualThread.mount;_notify_jvmti_vthread_mount;SharedRuntime::notify_jvmti_vthread_mount;JvmtiVTMSTransitionDisabler::VTMS_vthread_mount 1
java/lang/Thread.run;java/lang/Thread.runWith;java/util/concurrent/ThreadPoolExecutor$Worker.run;java/util/concurrent/ThreadPoolExecutor.runWorker;java/util/concurrent/FutureTask.run;java/util/concurrent/Executors$RunnableAdapter.call;java/util/concurrent/FutureTask.run;org/openjdk/jmh/runner/BenchmarkHandler$BenchmarkTask.call;org/openjdk/jmh/runner/BenchmarkHandler$BenchmarkTask.call;java/lang/reflect/Method.invoke;jdk/internal/reflect/DirectMethodHandleAccessor.invoke;jdk/internal/reflect/DirectMethodHandleAccessor.invokeImpl;java/lang/invoke/LambdaForm$MH.0x00007a6f9002e800.invokeExact_MT;java/lang/invoke/LambdaForm$MH.0x00007a6f9002e400.invoke;java/lang/invoke/DirectMethodHandle$Holder.invokeSpecial;uk/ac/ncl/jensen/benchmark/jmh_generated/VThreadChurnBenchmark_churn_jmhTest.churn_AverageTime;uk/ac/ncl/jensen/benchmark/jmh_generated/VThreadChurnBenchmark_churn_jmhTest.churn_avgt_jmhStub;uk/ac/ncl/jensen/benchmark/VThreadChurnBenchmark.churn;java/lang/ThreadBuilders$VirtualThreadBuilder.start;java/lang/ThreadBuilders$VirtualThreadBuilder.unstarted;java/lang/ThreadBuilders.newVirtualThread;asm_exc_page_fault_[k];exc_page_fault_[k];__pkru_allows_pkey_[k] 1
java/util/concurrent/ForkJoinWorkerThread.run;java/util/concurrent/ForkJoinPool.runWorker;java/util/concurrent/ForkJoinPool.scan;java/util/concurrent/ForkJoinPool$WorkQueue.topLevelExec;java/util/concurrent/ForkJoinTask.doExec;java/util/concurrent/ForkJoinTask$RunnableExecuteAction.exec;java/lang/VirtualThread$$Lambda.0x00007a6f90039c78.run;java/lang/VirtualThread.runContinuation;jdk/internal/vm/Continuation.run;jdk/internal/vm/Continuation.enterSpecial;jdk/internal/vm/Continuation.enter;jdk/internal/vm/Continuation.enter0;java/lang/VirtualThread$VThreadContinuation$1.run;java/lang/VirtualThread.run;_notify_jvmti_vthread_end;SharedRuntime::notify_jvmti_vthread_end;JvmtiVTMSTransitionDisabler::VTMS_vthread_end;JvmtiExport::cleanup_thread;Mutex::lock;pthread_mutex_lock;/usr/lib/x86_64-linux-gnu/libc.so.6;entry_SYSCALL_64_after_hwframe_[k];do_syscall_64_[k];x64_sys_call_[k];__x64_sys_futex_[k];do_futex_[k];futex_wait_[k];__futex_wait_[k];futex_wait_setup_[k];futex_q_lock_[k] 4
java/util/concurrent/ForkJoinWorkerThread.run;java/util/concurrent/ForkJoinPool.runWorker;java/util/concurrent/ForkJoinPool.scan;java/util/concurrent/ForkJoinPool$WorkQueue.topLevelExec;java/util/concurrent/ForkJoinTask.doExec;java/util/concurrent/ForkJoinTask$RunnableExecuteAction.exec;java/lang/VirtualThread$$Lambda.0x00007a6f90039c78.run;java/lang/VirtualThread.runContinuation;jdk/internal/vm/Continuation.run;jdk/internal/vm/Continuation.enterSpecial;jdk/internal/vm/Continuation.enter;jdk/internal/vm/Continuation.enter0;java/lang/VirtualThread$VThreadContinuation$1.run;java/lang/VirtualThread.run;_notify_jvmti_vthread_start;SharedRuntime::notify_jvmti_vthread_start 6
java/util/concurrent/ForkJoinWorkerThread.run;java/util/concurrent/ForkJoinPool.runWorker;java/util/concurrent/ForkJoinPool.scan;java/util/concurrent/ForkJoinPool$WorkQueue.topLevelExec;java/util/concurrent/ForkJoinTask.doExec;java/util/concurrent/ForkJoinTask$RunnableExecuteAction.exec;java/lang/VirtualThread$$Lambda.0x00007a6f90039c78.run;java/lang/VirtualThread.runContinuation;jdk/internal/vm/Continuation.run;jdk/internal/vm/Continuation.enterSpecial;jdk/internal/vm/Continuation.enter;jdk/internal/vm/Continuation.enter0;java/lang/VirtualThread$VThreadContinuation$1.run;java/lang/VirtualThread.run;_notify_jvmti_vthread_start;SharedRuntime::notify_jvmti_vthread_start;JvmtiVTMSTransitionDisabler::VTMS_vthread_start;JvmtiVTMSTransitionDisabler::VTMS_mount_end;Mutex::lock;pthread_mutex_lock;/usr/lib/x86_64-linux-gnu/libc.so.6;entry_SYSCALL_64_after_hwframe_[k];do_syscall_64_[k];x64_sys_call_[k];__x64_sys_futex_[k];do_futex_[k];futex_wait_[k];__futex_wait_[k];futex_q_lock_[k] 1
java/util/concurrent/ForkJoinWorkerThread.run;java/util/concurrent/ForkJoinPool.runWorker;java/util/concurrent/ForkJoinPool.scan;java/util/concurrent/ForkJoinPool$WorkQueue.topLevelExec;java/util/concurrent/ForkJoinTask.doExec;java/util/concurrent/ForkJoinTask$RunnableExecuteAction.exec;java/lang/VirtualThread$$Lambda.0x00007a6f90039c78.run;java/lang/VirtualThread.runContinuation;jdk/internal/vm/Continuation.run;jdk/internal/vm/Continuation.enterSpecial;jdk/internal/vm/Continuation.enter;jdk/internal/vm/Continuation.enter0;java/lang/VirtualThread$VThreadContinuation$1.run;java/lang/VirtualThread.run;_notify_jvmti_vthread_start;SharedRuntime::notify_jvmti_vthread_start;JvmtiVTMSTransitionDisabler::VTMS_vthread_start;__pthread_mutex_unlock 69
java/util/concurrent/ForkJoinWorkerThread.run;java/util/concurrent/ForkJoinPool.runWorker;java/util/concurrent/ForkJoinPool.scan 1
java/util/concurrent/ForkJoinWorkerThread.run;java/util/concurrent/ForkJoinPool.runWorker;java/util/concurrent/ForkJoinPool.scan;java/util/concurrent/ForkJoinPool$WorkQueue.topLevelExec;java/util/concurrent/ForkJoinTask.doExec;java/util/concurrent/ForkJoinTask$RunnableExecuteAction.exec;java/lang/VirtualThread$$Lambda.0x00007a6f90039c78.run;java/lang/VirtualThread.runContinuation;java/lang/VirtualThread.unmount 1
java/util/concurrent/ForkJoinWorkerThread.run;java/util/concurrent/ForkJoinPool.runWorker;java/util/concurrent/ForkJoinPool.awaitWork;java/util/concurrent/locks/LockSupport.park;jdk/internal/misc/Unsafe.park;Unsafe_Park;Parker::park;pthread_cond_wait;/usr/lib/x86_64-linux-gnu/libc.so.6;entry_SYSCALL_64_after_hwframe_[k];do_syscall_64_[k];x64_sys_call_[k];__x64_sys_futex_[k];do_futex_[k];futex_wait_[k];__futex_wait_[k];futex_wait_setup_[k];futex_hash_[k];futex_ref_get_[k] 1
java/util/concurrent/ForkJoinWorkerThread.run;java/util/concurrent/ForkJoinPool.runWorker;java/util/concurrent/ForkJoinPool.scan;java/util/concurrent/ForkJoinPool$WorkQueue.topLevelExec;java/util/concurrent/ForkJoinTask.doExec;java/util/concurrent/ForkJoinTask$RunnableExecuteAction.exec;java/lang/VirtualThread$$Lambda.0x00007a6f90039c78.run;java/lang/VirtualThread.runContinuation;jdk/internal/vm/Continuation.run;jdk/internal/vm/Continuation.enterSpecial;jdk/internal/vm/Continuation.enter;jdk/internal/vm/Continuation.enter0;java/lang/VirtualThread$VThreadContinuation$1.run;java/lang/VirtualThread.run;_notify_jvmti_vthread_end;SharedRuntime::notify_jvmti_vthread_end;JvmtiVTMSTransitionDisabler::VTMS_vthread_end;JvmtiExport::cleanup_thread;Mutex::lock;pthread_mutex_lock;/usr/lib/x86_64-linux-gnu/libc.so.6;entry_SYSCALL_64_after_hwframe_[k];do_syscall_64_[k];x64_sys_call_[k];__x64_sys_futex_[k];do_futex_[k];futex_wait_[k];__futex_wait_[k];futex_wait_setup_[k] 1
[unknown];java/util/concurrent/ForkJoinPool.runWorker;I2C/C2I adapters 1
java/util/concurrent/ForkJoinWorkerThread.run;java/util/concurrent/ForkJoinPool.runWorker;java/util/concurrent/ForkJoinPool.scan;java/util/concurrent/ForkJoinPool$WorkQueue.topLevelExec;java/util/concurrent/ForkJoinTask.doExec;java/util/concurrent/ForkJoinTask$RunnableExecuteAction.exec;java/lang/VirtualThread$$Lambda.0x00007a6f90039c78.run;java/lang/VirtualThread.runContinuation;jdk/internal/vm/Continuation.run;jdk/internal/vm/Continuation.enterSpecial;jdk/internal/vm/Continuation.enter;jdk/internal/vm/Continuation.enter0;java/lang/VirtualThread$VThreadContinuation$1.run;java/lang/VirtualThread.run;_notify_jvmti_vthread_start;SharedRuntime::notify_jvmti_vthread_start;JvmtiVTMSTransitionDisabler::VTMS_vthread_start;JvmtiVTMSTransitionDisabler::finish_VTMS_transition 1
java/util/concurrent/ForkJoinWorkerThread.run;java/util/concurrent/ForkJoinPool.runWorker;java/util/concurrent/ForkJoinPool.scan;java/util/concurrent/ForkJoinPool$WorkQueue.topLevelExec;java/util/concurrent/ForkJoinTask.doExec;java/util/concurrent/ForkJoinTask$RunnableExecuteAction.exec;java/lang/VirtualThread$$Lambda.0x00007a6f90039c78.run;java/lang/VirtualThread.runContinuation;jdk/internal/vm/Continuation.run;jdk/internal/vm/Continuation.enterSpecial;jdk/internal/vm/Continuation.enter;jdk/internal/vm/Continuation.enter0;java/lang/VirtualThread$VThreadContinuation$1.run;java/lang/VirtualThread.run;_notify_jvmti_vthread_start;SharedRuntime::notify_jvmti_vthread_start;JvmtiVTMSTransitionDisabler::VTMS_vthread_start;JvmtiVTMSTransitionDisabler::VTMS_mount_end;Mutex::lock;pthread_mutex_lock;/usr/lib/x86_64-linux-gnu/libc.so.6;entry_SYSCALL_64_after_hwframe_[k];do_syscall_64_[k];x64_sys_call_[k];__x64_sys_futex_[k];do_futex_[k];futex_wait_[k];__futex_wait_[k];futex_wait_setup_[k];futex_q_unlock_[k] 1
java/util/concurrent/ForkJoinWorkerThread.run;java/util/concurrent/ForkJoinPool.runWorker;java/util/concurrent/ForkJoinPool.scan;java/util/concurrent/ForkJoinPool.signalWork;java/util/concurrent/locks/LockSupport.unpark;jdk/internal/misc/Unsafe.unpark;Unsafe_Unpark;pthread_cond_signal;entry_SYSCALL_64_after_hwframe_[k];do_syscall_64_[k];x64_sys_call_[k];__x64_sys_futex_[k];do_futex_[k];futex_wake_[k];futex_wake_mark_[k] 1
java/util/concurrent/ForkJoinWorkerThread.run;java/util/concurrent/ForkJoinPool.runWorker;java/util/concurrent/ForkJoinPool.scan;java/util/concurrent/ForkJoinPool$WorkQueue.topLevelExec;java/util/concurrent/ForkJoinTask.doExec;java/util/concurrent/ForkJoinTask$RunnableExecuteAction.exec;java/lang/VirtualThread$$Lambda.0x00007a6f90039c78.run;java/lang/VirtualThread.runContinuation;java/lang/VirtualThread.afterDone;java/lang/VirtualThread.afterDone;java/util/concurrent/CountDownLatch.countDown;java/util/concurrent/locks/AbstractQueuedSynchronizer.releaseShared;java/util/concurrent/CountDownLatch$Sync.tryReleaseShared;java/util/concurrent/locks/AbstractQueuedSynchronizer.getState 2
java/util/concurrent/ForkJoinWorkerThread.run;java/util/concurrent/ForkJoinPool.runWorker;java/util/concurrent/ForkJoinPool.scan 6
java/util/concurrent/ForkJoinWorkerThread.run;java/util/concurrent/ForkJoinPool.runWorker;java/util/concurrent/ForkJoinPool.scan;java/util/concurrent/ForkJoinPool$WorkQueue.topLevelExec;java/util/concurrent/ForkJoinTask.doExec;java/util/concurrent/ForkJoinTask$RunnableExecuteAction.exec;java/lang/VirtualThread$$Lambda.0x00007a6f90039c78.run;java/lang/VirtualThread.runContinuation;jdk/internal/vm/Continuation.run;jdk/internal/vm/Continuation.enterSpecial;jdk/internal/vm/Continuation.enter;jdk/internal/vm/Continuation.enter0;java/lang/VirtualThread$VThreadContinuation$1.run;java/lang/VirtualThread.run;_notify_jvmti_vthread_start;SharedRuntime::notify_jvmti_vthread_start;JvmtiVTMSTransitionDisabler::VTMS_vthread_start;JvmtiEventController::thread_started;Mutex::lock;pthread_mutex_trylock 2
java/util/concurrent/ForkJoinWorkerThread.run;java/util/concurrent/ForkJoinPool.runWorker;java/util/concurrent/ForkJoinPool.scan;java/util/concurrent/ForkJoinPool$WorkQueue.topLevelExec;java/util/concurrent/ForkJoinTask.doExec;java/util/concurrent/ForkJoinTask$RunnableExecuteAction.exec;java/lang/VirtualThread$$Lambda.0x00007a6f90039c78.run;java/lang/VirtualThread.runContinuation;jdk/internal/vm/Continuation.run;jdk/internal/vm/Continuation.enterSpecial;jdk/internal/vm/Continuation.enter;jdk/internal/vm/Continuation.enter0;java/lang/VirtualThread$VThreadContinuation$1.run;java/lang/VirtualThread.run;_notify_jvmti_vthread_start;SharedRuntime::notify_jvmti_vthread_start;JvmtiVTMSTransitionDisabler::VTMS_vthread_start;JvmtiEventController::thread_started;Mutex::lock;pthread_mutex_lock;/usr/lib/x86_64-linux-gnu/libc.so.6;entry_SYSCALL_64_after_hwframe_[k];do_syscall_64_[k];x64_sys_call_[k];__x64_sys_futex_[k];do_futex_[k];futex_wait_[k];__futex_wait_[k];futex_hash_put_[k] 10
java/util/concurrent/ForkJoinWorkerThread.run;java/util/concurrent/ForkJoinPool.runWorker;java/util/concurrent/ForkJoinPool.awaitWork;java/util/concurrent/locks/LockSupport.park;jdk/internal/misc/Unsafe.park;Unsafe_Park;java_lang_Thread::set_thread_status 1
java/util/concurrent/ForkJoinWorkerThread.run;java/util/concurrent/ForkJoinPool.runWorker;java/util/concurrent/ForkJoinPool.scan;java/util/concurrent/ForkJoinPool$WorkQueue.topLevelExec;java/util/concurrent/ForkJoinTask.doExec;java/util/concurrent/ForkJoinTask$RunnableExecuteAction.exec;java/lang/VirtualThread$$Lambda.0x00007a6f90039c78.run;java/lang/VirtualThread.runContinuation;jdk/internal/vm/Continuation.run;jdk/internal/vm/Continuation.enterSpecial;jdk/internal/vm/Continuation.enter;jdk/internal/vm/Continuation.enter0;java/lang/VirtualThread$VThreadContinuation$1.run;java/lang/VirtualThread.run;_notify_jvmti_vthread_start;SharedRuntime::notify_jvmti_vthread_start;JvmtiVTMSTransitionDisabler::VTMS_vthread_start;__pthread_mutex_unlock;/usr/lib/x86_64-linux-gnu/libc.so.6;entry_SYSCALL_64_after_hwframe_[k];do_syscall_64_[k];x64_sys_call_[k];__x64_sys_futex_[k];do_futex_[k];futex_wake_[k];_raw_spin_lock_[k];native_queued_spin_lock_slowpath_[k] 268
java/util/concurrent/ForkJoinWorkerThread.run;java/util/concurrent/ForkJoinPool.runWorker;java/util/concurrent/ForkJoinPool.awaitWork 230
java/util/concurrent/ForkJoinWorkerThread.run;java/util/concurrent/ForkJoinPool.runWorker;java/util/concurrent/ForkJoinPool.scan;java/util/concurrent/ForkJoinPool$WorkQueue.topLevelExec;java/util/concurrent/ForkJoinTask.doExec;java/util/concurrent/ForkJoinTask$RunnableExecuteAction.exec;java/lang/VirtualThread$$Lambda.0x00007a6f90039c78.run;java/lang/VirtualThread.runContinuation;jdk/internal/vm/Continuation.run;jdk/internal/vm/Continuation.enterSpecial;jdk/internal/vm/Continuation.enter;jdk/internal/vm/Continuation.enter0;java/lang/VirtualThread$VThreadContinuation$1.run;java/lang/VirtualThread.run;_notify_jvmti_vthread_start;SharedRuntime::notify_jvmti_vthread_start;JvmtiVTMSTransitionDisabler::VTMS_vthread_start;JvmtiVTMSTransitionDisabler::VTMS_mount_end;__pthread_mutex_unlock;/usr/lib/x86_64-linux-gnu/libc.so.6;entry_SYSCALL_64_after_hwframe_[k];do_syscall_64_[k];x64_sys_call_[k];__x64_sys_futex_[k] 1
java/util/concurrent/ForkJoinWorkerThread.run;java/util/concurrent/ForkJoinPool.runWorker;java/util/concurrent/ForkJoinPool.scan;java/util/concurrent/ForkJoinPool$WorkQueue.topLevelExec;java/util/concurrent/ForkJoinTask.doExec;java/util/concurrent/ForkJoinTask$RunnableExecuteAction.exec;java/lang/VirtualThread$$Lambda.0x00007a6f90039c78.run;java/lang/VirtualThread.runContinuation;java/lang/VirtualThread.afterDone;java/lang/VirtualThread.afterDone;java/lang/Thread.clearReferences 1
java/util/concurrent/ForkJoinWorkerThread.run;java/util/concurrent/ForkJoinPool.runWorker;java/util/concurrent/ForkJoinPool.scan;java/util/concurrent/ForkJoinPool$WorkQueue.topLevelExec;java/util/concurrent/ForkJoinTask.doExec;java/util/concurrent/ForkJoinTask$RunnableExecuteAction.exec;java/lang/VirtualThread$$Lambda.0x00007a6f90039c78.run;java/lang/VirtualThread.runContinuation;jdk/internal/vm/Continuation.run;jdk/internal/vm/Continuation.enterSpecial;jdk/internal/vm/Continuation.enter;jdk/internal/vm/Continuation.enter0;java/lang/VirtualThread$VThreadContinuation$1.run;java/lang/VirtualThread.run;_notify_jvmti_vthread_end;SharedRuntime::notify_jvmti_vthread_end;JvmtiVTMSTransitionDisabler::VTMS_vthread_end;JvmtiVTMSTransitionDisabler::start_VTMS_transition;__tls_get_addr@plt 1
java/util/concurrent/ForkJoinWorkerThread.run;java/util/concurrent/ForkJoinPool.runWorker;java/util/concurrent/ForkJoinPool.scan;java/util/concurrent/ForkJoinPool$WorkQueue.topLevelExec;java/util/concurrent/ForkJoinTask.doExec;java/util/concurrent/ForkJoinTask$RunnableExecuteAction.exec;java/lang/VirtualThread$$Lambda.0x00007a6f90039c78.run;java/lang/VirtualThread.runContinuation;jdk/internal/vm/Continuation.run;jdk/internal/vm/Continuation.enterSpecial;jdk/internal/vm/Continuation.enter;jdk/internal/vm/Continuation.enter0;java/lang/VirtualThread$VThreadContinuation$1.run;java/lang/VirtualThread.run;_notify_jvmti_vthread_end;SharedRuntime::notify_jvmti_vthread_end;JvmtiVTMSTransitionDisabler::VTMS_vthread_end;__pthread_mutex_unlock 62
java/util/concurrent/ForkJoinWorkerThread.run;java/util/concurrent/ForkJoinPool.runWorker;java/util/concurrent/ForkJoinPool.scan;java/util/concurrent/ForkJoinPool$WorkQueue.topLevelExec;java/util/concurrent/ForkJoinTask.doExec;java/util/concurrent/ForkJoinTask$RunnableExecuteAction.exec;java/lang/VirtualThread$$Lambda.0x00007a6f90039c78.run;java/lang/VirtualThread.runContinuation;jdk/internal/vm/Continuation.run;jdk/internal/vm/Continuation.enterSpecial;jdk/internal/vm/Continuation.enter;jdk/internal/vm/Continuation.enter0;java/lang/VirtualThread$VThreadContinuation$1.run;java/lang/VirtualThread.run;_notify_jvmti_vthread_start;SharedRuntime::notify_jvmti_vthread_start;JvmtiVTMSTransitionDisabler::VTMS_vthread_start;__pthread_mutex_unlock;/usr/lib/x86_64-linux-gnu/libc.so.6;entry_SYSCALL_64_after_hwframe_[k];do_syscall_64_[k];x64_sys_call_[k];__x64_sys_futex_[k];do_futex_[k];futex_wake_[k];futex_hash_[k];futex_ref_get_[k] 4
java/util/concurrent/ForkJoinWorkerThread.run;java/util/concurrent/ForkJoinPool.runWorker;java/util/concurrent/ForkJoinPool.scan;java/util/concurrent/ForkJoinPool$WorkQueue.topLevelExec;java/util/concurrent/ForkJoinTask.doExec;java/util/concurrent/ForkJoinTask$RunnableExecuteAction.exec;java/lang/VirtualThread$$Lambda.0x00007a6f90039c78.run;java/lang/VirtualThread.runContinuation;jdk/internal/vm/Continuation.run;jdk/internal/vm/Continuation.enterSpecial;jdk/internal/vm/Continuation.enter;jdk/internal/vm/Continuation.enter0;java/lang/VirtualThread$VThreadContinuation$1.run;java/lang/VirtualThread.run;_notify_jvmti_vthread_end;SharedRuntime::notify_jvmti_vthread_end;JvmtiVTMSTransitionDisabler::VTMS_vthread_end;JvmtiExport::cleanup_thread;Mutex::lock;pthread_mutex_lock;/usr/lib/x86_64-linux-gnu/libc.so.6;entry_SYSCALL_64_after_hwframe_[k];do_syscall_64_[k];x64_sys_call_[k];__x64_sys_futex_[k];do_futex_[k];futex_wait_[k];__futex_wait_[k];futex_do_wait_[k];schedule_[k];__schedule_[k];finish_task_switch.isra.0_[k] 1
java/util/concurrent/ForkJoinWorkerThread.run;java/util/concurrent/ForkJoinPool.runWorker;java/util/concurrent/ForkJoinPool.scan;java/util/concurrent/ForkJoinPool$WorkQueue.topLevelExec;java/util/concurrent/ForkJoinTask.doExec;java/util/concurrent/ForkJoinTask$RunnableExecuteAction.exec;java/lang/VirtualThread$$Lambda.0x00007a6f90039c78.run;java/lang/VirtualThread.runContinuation;jdk/internal/vm/Continuation.run;jdk/internal/vm/Continuation.enterSpecial;jdk/internal/vm/Continuation.enter;jdk/internal/vm/Continuation.enter0;java/lang/VirtualThread$VThreadContinuation$1.run;java/lang/VirtualThread.run;_notify_jvmti_vthread_start;SharedRuntime::notify_jvmti_vthread_start;JvmtiVTMSTransitionDisabler::VTMS_vthread_start;JvmtiEventController::thread_started;Mutex::lock;pthread_mutex_lock;/usr/lib/x86_64-linux-gnu/libc.so.6;entry_SYSCALL_64_after_hwframe_[k];do_syscall_64_[k];x64_sys_call_[k];__x64_sys_futex_[k];do_futex_[k];futex_wait_[k];__futex_wait_[k];futex_wait_setup_[k];futex_q_unlock_[k] 2
java/util/concurrent/ForkJoinWorkerThread.run;java/util/concurrent/ForkJoinPool.runWorker;java/util/concurrent/ForkJoinPool.awaitWork;java/util/concurrent/locks/LockSupport.park;jdk/internal/misc/Unsafe.park;Unsafe_Park;Parker::park 1
java/util/concurrent/ForkJoinWorkerThread.run;java/util/concurrent/ForkJoinPool.runWorker;java/util/concurrent/ForkJoinPool.scan;java/util/concurrent/ForkJoinPool$WorkQueue.topLevelExec;java/util/concurrent/ForkJoinTask.doExec;java/util/concurrent/ForkJoinTask$RunnableExecuteAction.exec;java/lang/VirtualThread$$Lambda.0x00007a6f90039c78.run;java/lang/VirtualThread.runContinuation;jdk/internal/vm/Continuation.run;jdk/internal/vm/Continuation.enterSpecial;jdk/internal/vm/Continuation.enter;jdk/internal/vm/Continuation.enter0;java/lang/VirtualThread$VThreadContinuation$1.run;java/lang/VirtualThread.run;_notify_jvmti_vthread_start;SharedRuntime::notify_jvmti_vthread_start;JvmtiVTMSTransitionDisabler::VTMS_vthread_start;JvmtiEventController::thread_started;Mutex::lock;pthread_mutex_lock;/usr/lib/x86_64-linux-gnu/libc.so.6;entry_SYSCALL_64_after_hwframe_[k];do_syscall_64_[k];x64_sys_call_[k];__x64_sys_futex_[k];do_futex_[k];futex_wait_[k];__futex_wait_[k];futex_wait_setup_[k];futex_q_unlock_[k] 20
java/util/concurrent/ForkJoinWorkerThread.run;java/util/concurrent/ForkJoinPool.runWorker;java/util/concurrent/ForkJoinPool.scan;java/util/concurrent/ForkJoinPool$WorkQueue.topLevelExec;java/util/concurrent/ForkJoinTask.doExec;java/util/concurrent/ForkJoinTask$RunnableExecuteAction.exec;java/lang/VirtualThread$$Lambda.0x00007a6f90039c78.run;java/lang/VirtualThread.runContinuation;jdk/internal/vm/Continuation.run;jdk/internal/vm/Continuation.enterSpecial;jdk/internal/vm/Continuation.enter;jdk/internal/vm/Continuation.enter0;java/lang/VirtualThread$VThreadContinuation$1.run;java/lang/VirtualThread.run;_notify_jvmti_vthread_end;SharedRuntime::notify_jvmti_vthread_end;JvmtiVTMSTransitionDisabler::VTMS_vthread_end;JvmtiExport::cleanup_thread;Mutex::lock 1
java/util/concurrent/ForkJoinWorkerThread.run;java/util/concurrent/ForkJoinPool.runWorker;java/util/concurrent/ForkJoinPool.scan;java/util/concurrent/ForkJoinPool$WorkQueue.topLevelExec;java/util/concurrent/ForkJoinTask.doExec;java/util/concurrent/ForkJoinTask$RunnableExecuteAction.exec;java/lang/VirtualThread$$Lambda.0x00007a6f90039c78.run;java/lang/VirtualThread.runContinuation;jdk/internal/vm/Continuation.run;jdk/internal/vm/Continuation.enterSpecial;jdk/internal/vm/Continuation.enter;jdk/internal/vm/Continuation.enter0;java/lang/VirtualThread$VThreadContinuation$1.run;java/lang/VirtualThread.run;_notify_jvmti_vthread_end;SharedRuntime::notify_jvmti_vthread_end;JvmtiVTMSTransitionDisabler::VTMS_vthread_end;JvmtiExport::cleanup_thread;Mutex::lock;pthread_mutex_trylock 39
java/util/concurrent/ForkJoinWorkerThread.run;java/util/concurrent/ForkJoinPool.runWorker;java/util/concurrent/ForkJoinPool.scan;java/util/concurrent/ForkJoinPool$WorkQueue.topLevelExec;java/util/concurrent/ForkJoinTask.doExec;java/util/concurrent/ForkJoinTask$RunnableExecuteAction.exec;java/lang/VirtualThread$$Lambda.0x00007a6f90039c78.run;java/lang/VirtualThread.runContinuation;jdk/internal/vm/Continuation.run;jdk/internal/vm/Continuation.enterSpecial;jdk/internal/vm/Continuation.enter;jdk/internal/vm/Continuation.enter0;java/lang/VirtualThread$VThreadContinuation$1.run;java/lang/VirtualThread.run;_notify_jvmti_vthread_end;SharedRuntime::notify_jvmti_vthread_end;JvmtiVTMSTransitionDisabler::VTMS_vthread_end;JvmtiExport::cleanup_thread;Mutex::lock;pthread_mutex_lock;/usr/lib/x86_64-linux-gnu/libc.so.6;entry_SYSCALL_64_after_hwframe_[k];do_syscall_64_[k];x64_sys_call_[k];__x64_sys_futex_[k];do_futex_[k];futex_wait_[k];__futex_wait_[k];futex_wait_setup_[k];futex_q_lock_[k];_raw_spin_lock_[k];native_queued_spin_lock_slowpath_[k] 1211
java/util/concurrent/ForkJoinWorkerThread.run;java/util/concurrent/ForkJoinPool.runWorker;java/util/concurrent/ForkJoinPool.scan;java/util/concurrent/ForkJoinPool$WorkQueue.topLevelExec;java/util/concurrent/ForkJoinTask.doExec;java/util/concurrent/ForkJoinTask$RunnableExecuteAction.exec;java/lang/VirtualThread$$Lambda.0x00007a6f90039c78.run;java/lang/VirtualThread.runContinuation;jdk/internal/vm/Continuation.run;jdk/internal/vm/Continuation.enterSpecial;jdk/internal/vm/Continuation.enter;jdk/internal/vm/Continuation.enter0;java/lang/VirtualThread$VThreadContinuation$1.run;java/lang/VirtualThread.run;_notify_jvmti_vthread_start;SharedRuntime::notify_jvmti_vthread_start;JvmtiVTMSTransitionDisabler::VTMS_vthread_start;JvmtiVTMSTransitionDisabler::VTMS_mount_end;Mutex::lock;pthread_mutex_trylock 84
java/util/concurrent/ForkJoinWorkerThread.run;java/util/concurrent/ForkJoinPool.runWorker;java/util/concurrent/ForkJoinPool.scan;java/util/concurrent/ForkJoinPool$WorkQueue.topLevelExec;java/util/concurrent/ForkJoinTask.doExec;java/util/concurrent/ForkJoinTask$RunnableExecuteAction.exec;java/lang/VirtualThread$$Lambda.0x00007a6f90039c78.run;java/lang/VirtualThread.runContinuation;jdk/internal/vm/Continuation.run;jdk/internal/vm/Continuation.enterSpecial;jdk/internal/vm/Continuation.enter;jdk/internal/vm/Continuation.enter0;java/lang/VirtualThread$VThreadContinuation$1.run;java/lang/VirtualThread.run;_notify_jvmti_vthread_start;SharedRuntime::notify_jvmti_vthread_start;JvmtiVTMSTransitionDisabler::VTMS_vthread_start;JvmtiVTMSTransitionDisabler::VTMS_mount_end;Mutex::lock;pthread_mutex_lock;/usr/lib/x86_64-linux-gnu/libc.so.6;entry_SYSCALL_64_after_hwframe_[k];do_syscall_64_[k];x64_sys_call_[k];__x64_sys_futex_[k];do_futex_[k];futex_wait_[k];__futex_wait_[k];futex_wait_setup_[k];futex_q_lock_[k];_raw_spin_lock_[k];native_queued_spin_lock_slowpath_[k];asm_sysvec_apic_timer_interrupt_[k];sysvec_apic_timer_interrupt_[k];irq_exit_rcu_[k];__irq_exit_rcu_[k];handle_softirqs_[k];run_timer_softirq_[k] 1
java/util/concurrent/ForkJoinWorkerThread.run;java/util/concurrent/ForkJoinPool.runWorker;java/util/concurrent/ForkJoinPool.scan;java/util/concurrent/ForkJoinPool$WorkQueue.topLevelExec;java/util/concurrent/ForkJoinTask.doExec;java/util/concurrent/ForkJoinTask$RunnableExecuteAction.exec;java/lang/VirtualThread$$Lambda.0x00007a6f90039c78.run;java/lang/VirtualThread.runContinuation;jdk/internal/vm/Continuation.run;jdk/internal/vm/Continuation.enterSpecial;jdk/internal/vm/Continuation.enter;jdk/internal/vm/Continuation.enter0;java/lang/VirtualThread$VThreadContinuation$1.run;java/lang/VirtualThread.run;_notify_jvmti_vthread_start;SharedRuntime::notify_jvmti_vthread_start;JvmtiVTMSTransitionDisabler::VTMS_vthread_start;JvmtiEventController::thread_started;Mutex::lock;pthread_mutex_trylock 2
java/util/concurrent/ForkJoinWorkerThread.run;java/util/concurrent/ForkJoinPool.runWorker;java/util/concurrent/ForkJoinPool.scan 1
java/util/concurrent/ForkJoinWorkerThread.run;java/util/concurrent/ForkJoinPool.runWorker;java/util/concurrent/ForkJoinPool.scan;java/util/concurrent/ForkJoinPool$WorkQueue.topLevelExec;java/util/concurrent/ForkJoinTask.doExec;java/util/concurrent/ForkJoinTask$RunnableExecuteAction.exec;java/lang/VirtualThread$$Lambda.0x00007a6f90039c78.run;java/lang/VirtualThread.runContinuation;jdk/internal/vm/Continuation.run;jdk/internal/vm/Continuation.enterSpecial;jdk/internal/vm/Continuation.enter;jdk/internal/vm/Continuation.enter0;java/lang/VirtualThread$VThreadContinuation$1.run;java/lang/VirtualThread.run;_notify_jvmti_vthread_end;SharedRuntime::notify_jvmti_vthread_end;JvmtiVTMSTransitionDisabler::VTMS_vthread_end;__pthread_mutex_unlock;/usr/lib/x86_64-linux-gnu/libc.so.6;entry_SYSCALL_64_after_hwframe_[k];do_syscall_64_[k];x64_sys_call_[k];__x64_sys_futex_[k];do_futex_[k];futex_wake_[k];futex_hash_[k] 1
java/util/concurrent/ForkJoinWorkerThread.run;java/util/concurrent/ForkJoinPool.runWorker;java/util/concurrent/ForkJoinPool.scan;java/util/concurrent/ForkJoinPool$WorkQueue.topLevelExec;java/util/concurrent/ForkJoinTask.doExec;java/util/concurrent/ForkJoinTask$RunnableExecuteAction.exec;java/lang/VirtualThread$$Lambda.0x00007a6f90039c78.run;java/lang/VirtualThread.runContinuation;java/lang/VirtualThread.afterDone;java/lang/VirtualThread.afterDone;jdk/internal/vm/ThreadContainers$RootContainer$TrackingRootContainer.onExit;java/util/concurrent/ConcurrentHashMap$KeySetView.remove;java/util/concurrent/ConcurrentHashMap.remove;java/util/concurrent/ConcurrentHashMap.replaceNode;java/util/concurrent/ConcurrentHashMap.addCount 1
java/util/concurrent/ForkJoinWorkerThread.run;java/util/concurrent/ForkJoinPool.runWorker;java/util/concurrent/ForkJoinPool.scan;java/util/concurrent/ForkJoinPool$WorkQueue.topLevelExec;java/util/concurrent/ForkJoinTask.doExec;java/util/concurrent/ForkJoinTask$RunnableExecuteAction.exec;java/lang/VirtualThread$$Lambda.0x00007a6f90039c78.run;java/lang/VirtualThread.runContinuation;jdk/internal/vm/Continuation.run;jdk/internal/vm/Continuation.enterSpecial;jdk/internal/vm/Continuation.enter;jdk/internal/vm/Continuation.enter0;java/lang/VirtualThread$VThreadContinuation$1.run;java/lang/VirtualThread.run;_notify_jvmti_vthread_start;SharedRuntime::notify_jvmti_vthread_start;JvmtiVTMSTransitionDisabler::VTMS_vthread_start;JvmtiVTMSTransitionDisabler::VTMS_mount_end;Mutex::lock;pthread_mutex_trylock 13
java/util/concurrent/ForkJoinWorkerThread.run;java/util/concurrent/ForkJoinPool.runWorker;java/util/concurrent/ForkJoinPool.scan;java/util/concurrent/ForkJoinPool$WorkQueue.topLevelExec;java/util/concurrent/ForkJoinTask.doExec;java/util/concurrent/ForkJoinTask$RunnableExecuteAction.exec;java/lang/VirtualThread$$Lambda.0x00007a6f90039c78.run;java/lang/VirtualThread.runContinuation;jdk/internal/vm/Continuation.run;jdk/internal/vm/Continuation.enterSpecial;jdk/internal/vm/Continuation.enter;jdk/internal/vm/Continuation.enter0;java/lang/VirtualThread$VThreadContinuation$1.run;java/lang/VirtualThread.run;_notify_jvmti_vthread_end;SharedRuntime::notify_jvmti_vthread_end;JvmtiVTMSTransitionDisabler::VTMS_vthread_end;JvmtiExport::cleanup_thread;Mutex::lock;pthread_mutex_lock;/usr/lib/x86_64-linux-gnu/libc.so.6;entry_SYSCALL_64_after_hwframe_[k];do_syscall_64_[k];x64_sys_call_[k];__x64_sys_futex_[k];do_futex_[k];futex_wait_[k];__futex_wait_[k];futex_hash_put_[k] 8
_notify_jvmti_vthread_unmount 1
java/util/concurrent/ForkJoinWorkerThread.run;java/util/concurrent/ForkJoinPool.runWorker;java/util/concurrent/ForkJoinPool.scan;java/util/concurrent/ForkJoinPool$WorkQueue.topLevelExec;java/util/concurrent/ForkJoinTask.doExec;java/util/concurrent/ForkJoinTask$RunnableExecuteAction.exec;java/lang/VirtualThread$$Lambda.0x00007a6f90039c78.run;java/lang/VirtualThread.runContinuation;jdk/internal/vm/Continuation.run;jdk/internal/vm/Continuation.enterSpecial;jdk/internal/vm/Continuation.enter;jdk/internal/vm/Continuation.enter0;java/lang/VirtualThread$VThreadContinuation$1.run;java/lang/VirtualThread.run;_notify_jvmti_vthread_start;SharedRuntime::notify_jvmti_vthread_start;JNIHandles::make_local;__tls_get_addr 1
java/util/concurrent/ForkJoinWorkerThread.run;java/util/concurrent/ForkJoinPool.runWorker;java/util/concurrent/ForkJoinPool.scan;java/util/concurrent/ForkJoinPool$WorkQueue.topLevelExec;java/util/concurrent/ForkJoinTask.doExec;java/util/concurrent/ForkJoinTask$RunnableExecuteAction.exec;java/lang/VirtualThread$$Lambda.0x00007a6f90039c78.run;java/lang/VirtualThread.runContinuation;jdk/internal/vm/Continuation.run;jdk/internal/vm/Continuation.enterSpecial;jdk/internal/vm/Continuation.enter;jdk/internal/vm/Continuation.enter0;java/lang/VirtualThread$VThreadContinuation$1.run;java/lang/VirtualThread.run;_notify_jvmti_vthread_start;SharedRuntime::notify_jvmti_vthread_start;JvmtiVTMSTransitionDisabler::VTMS_vthread_start;JvmtiVTMSTransitionDisabler::VTMS_mount_end;__pthread_mutex_unlock;/usr/lib/x86_64-linux-gnu/libc.so.6;entry_SYSCALL_64_after_hwframe_[k];do_syscall_64_[k] 1
java/util/concurrent/ForkJoinWorkerThread.run;java/util/concurrent/ForkJoinPool.runWorker;java/util/concurrent/ForkJoinPool.scan 52
java/util/concurrent/ForkJoinWorkerThread.run;java/util/concurrent/ForkJoinPool.runWorker;java/util/concurrent/ForkJoinPool.scan;java/util/concurrent/ForkJoinPool$WorkQueue.topLevelExec;java/util/concurrent/ForkJoinTask.doExec;java/util/concurrent/ForkJoinTask$RunnableExecuteAction.exec;java/lang/VirtualThread$$Lambda.0x00007a6f90039c78.run;java/lang/VirtualThread.runContinuation;jdk/internal/vm/Continuation.run;jdk/internal/vm/Continuation.enterSpecial;jdk/internal/vm/Continuation.enter;jdk/internal/vm/Continuation.enter0;java/lang/VirtualThread$VThreadContinuation$1.run;java/lang/VirtualThread.run;_notify_jvmti_vthread_end;SharedRuntime::notify_jvmti_vthread_end;JvmtiVTMSTransitionDisabler::VTMS_vthread_end;JvmtiExport::cleanup_thread;Mutex::lock;pthread_mutex_lock;/usr/lib/x86_64-linux-gnu/libc.so.6;entry_SYSCALL_64_after_hwframe_[k];do_syscall_64_[k];x64_sys_call_[k];__x64_sys_futex_[k];do_futex_[k];futex_wait_[k];__futex_wait_[k];futex_wait_setup_[k];futex_hash_[k] 88
java/util/concurrent/ForkJoinWorkerThread.run;java/util/concurrent/ForkJoinPool.runWorker;java/util/concurrent/ForkJoinPool.scan;java/util/concurrent/ForkJoinPool$WorkQueue.topLevelExec;java/util/concurrent/ForkJoinTask.doExec;java/util/concurrent/ForkJoinTask$RunnableExecuteAction.exec;java/lang/VirtualThread$$Lambda.0x00007a6f90039c78.run;java/lang/VirtualThread.runContinuation;jdk/internal/vm/Continuation.run;jdk/internal/vm/Continuation.enterSpecial;jdk/internal/vm/Continuation.enter;jdk/internal/vm/Continuation.enter0;java/lang/VirtualThread$VThreadContinuation$1.run;java/lang/VirtualThread.run;_notify_jvmti_vthread_start;SharedRuntime::notify_jvmti_vthread_start;JvmtiVTMSTransitionDisabler::VTMS_vthread_start 6
java/util/concurrent/ForkJoinWorkerThread.run;java/util/concurrent/ForkJoinPool.runWorker;java/util/concurrent/ForkJoinPool.scan;java/util/concurrent/ForkJoinPool$WorkQueue.topLevelExec;java/util/concurrent/ForkJoinTask.doExec;java/util/concurrent/ForkJoinTask$RunnableExecuteAction.exec;java/lang/VirtualThread$$Lambda.0x00007a6f90039c78.run;java/lang/VirtualThread.runContinuation;jdk/internal/vm/Continuation.run;jdk/internal/vm/Continuation.enterSpecial;jdk/internal/vm/Continuation.enter;jdk/internal/vm/Continuation.enter0;java/lang/VirtualThread$VThreadContinuation$1.run;java/lang/VirtualThread.run;_notify_jvmti_vthread_start;SharedRuntime::notify_jvmti_vthread_start;JvmtiVTMSTransitionDisabler::VTMS_vthread_start;JvmtiVTMSTransitionDisabler::VTMS_mount_end;Mutex::lock;pthread_mutex_lock;/usr/lib/x86_64-linux-gnu/libc.so.6;entry_SYSCALL_64_after_hwframe_[k];do_syscall_64_[k];x64_sys_call_[k];__x64_sys_futex_[k];do_futex_[k];futex_wait_[k];__futex_wait_[k] 4
java/lang/Thread.run;java/lang/Thread.runWith;java/util/concurrent/ThreadPoolExecutor$Worker.run;java/util/concurrent/ThreadPoolExecutor.runWorker;java/util/concurrent/FutureTask.run;java/util/concurrent/Executors$RunnableAdapter.call;java/util/concurrent/FutureTask.run;org/openjdk/jmh/runner/BenchmarkHandler$BenchmarkTask.call;org/openjdk/jmh/runner/BenchmarkHandler$BenchmarkTask.call;java/lang/reflect/Method.invoke;jdk/internal/reflect/DirectMethodHandleAccessor.invoke;jdk/internal/reflect/DirectMethodHandleAccessor.invokeImpl;java/lang/invoke/LambdaForm$MH.0x00007a6f9002e800.invokeExact_MT;java/lang/invoke/LambdaForm$MH.0x00007a6f9002e400.invoke;java/lang/invoke/DirectMethodHandle$Holder.invokeSpecial;uk/ac/ncl/jensen/benchmark/jmh_generated/VThreadChurnBenchmark_churn_jmhTest.churn_AverageTime;uk/ac/ncl/jensen/benchmark/jmh_generated/VThreadChurnBenchmark_churn_jmhTest.churn_avgt_jmhStub;uk/ac/ncl/jensen/benchmark/VThreadChurnBenchmark.churn;java/lang/Thread.join;java/lang/Thread.join;java/lang/Thread.isAlive;java/lang/VirtualThread.alive 5
java/util/concurrent/ForkJoinWorkerThread.run;java/util/concurrent/ForkJoinPool.runWorker;java/util/concurrent/ForkJoinPool.scan;InterpreterRuntime::frequency_counter_overflow;InterpreterRuntime::frequency_counter_overflow_inner;CompilationPolicy::event;CompilationPolicy::method_back_branch_event;Method::highest_osr_comp_level 1
java/util/concurrent/ForkJoinWorkerThread.run;java/util/concurrent/ForkJoinPool.runWorker;java/util/concurrent/ForkJoinPool.scan;java/util/concurrent/ForkJoinPool$WorkQueue.topLevelExec;java/util/concurrent/ForkJoinTask.doExec;java/util/concurrent/ForkJoinTask$RunnableExecuteAction.exec;java/lang/VirtualThread$$Lambda.0x00007a6f90039c78.run;java/lang/VirtualThread.runContinuation;jdk/internal/vm/Continuation.run;jdk/internal/vm/Continuation.enterSpecial;jdk/internal/vm/Continuation.enter;jdk/internal/vm/Continuation.enter0;java/lang/VirtualThread$VThreadContinuation$1.run;java/lang/VirtualThread.run;_notify_jvmti_vthread_start;SharedRuntime::notify_jvmti_vthread_start;JvmtiVTMSTransitionDisabler::VTMS_vthread_start;JvmtiVTMSTransitionDisabler::VTMS_mount_end;__pthread_mutex_unlock;/usr/lib/x86_64-linux-gnu/libc.so.6;entry_SYSCALL_64_after_hwframe_[k];do_syscall_64_[k];x64_sys_call_[k];__x64_sys_futex_[k];do_futex_[k];futex_wake_[k];futex_hash_[k];__futex_hash_[k] 1
java/util/concurrent/ForkJoinWorkerThread.run;java/util/concurrent/ForkJoinPool.runWorker;java/util/concurrent/ForkJoinPool.scan 2
java/util/concurrent/ForkJoinWorkerThread.run;java/util/concurrent/ForkJoinPool.runWorker;java/util/concurrent/ForkJoinPool.scan;java/util/concurrent/ForkJoinPool$WorkQueue.topLevelExec;java/util/concurrent/ForkJoinTask.doExec;java/util/concurrent/ForkJoinTask$RunnableExecuteAction.exec;java/lang/VirtualThread$$Lambda.0x00007a6f90039c78.run;java/lang/VirtualThread.runContinuation;jdk/internal/vm/Continuation.run;jdk/internal/vm/Continuation.enterSpecial;jdk/internal/vm/Continuation.enter;jdk/internal/vm/Continuation.enter0;java/lang/VirtualThread$VThreadContinuation$1.run;java/lang/VirtualThread.run;_notify_jvmti_vthread_start;SharedRuntime::notify_jvmti_vthread_start;JvmtiVTMSTransitionDisabler::VTMS_vthread_start;__pthread_mutex_unlock;/usr/lib/x86_64-linux-gnu/libc.so.6;entry_SYSCALL_64_after_hwframe_[k];do_syscall_64_[k];x64_sys_call_[k];__x64_sys_futex_[k];do_futex_[k];_raw_spin_lock_[k] 7
java/lang/Thread.run;java/lang/Thread.runWith;java/util/concurrent/ThreadPoolExecutor$Worker.run;java/util/concurrent/ThreadPoolExecutor.runWorker;java/util/concurrent/FutureTask.run;java/util/concurrent/Executors$RunnableAdapter.call;java/util/concurrent/FutureTask.run;org/openjdk/jmh/runner/BenchmarkHandler$BenchmarkTask.call;org/openjdk/jmh/runner/BenchmarkHandler$BenchmarkTask.call;java/lang/reflect/Method.invoke;jdk/internal/reflect/DirectMethodHandleAccessor.invoke;jdk/internal/reflect/DirectMethodHandleAccessor.invokeImpl;java/lang/invoke/LambdaForm$MH.0x00007a6f9002e800.invokeExact_MT;java/lang/invoke/LambdaForm$MH.0x00007a6f9002e400.invoke;java/lang/invoke/DirectMethodHandle$Holder.invokeSpecial;uk/ac/ncl/jensen/benchmark/jmh_generated/VThreadChurnBenchmark_churn_jmhTest.churn_AverageTime;uk/ac/ncl/jensen/benchmark/jmh_generated/VThreadChurnBenchmark_churn_jmhTest.churn_avgt_jmhStub;uk/ac/ncl/jensen/benchmark/VThreadChurnBenchmark.churn;java/lang/ThreadBuilders$VirtualThreadBuilder.start;java/lang/ThreadBuilders$VirtualThreadBuilder.unstarted;java/lang/ThreadBuilders.newVirtualThread;java/lang/VirtualThread.<init>;java/lang/BaseVirtualThread.<init>;java/lang/Thread.<init>;asm_exc_page_fault_[k];exc_page_fault_[k];do_user_addr_fault_[k] 2
java/util/concurrent/ForkJoinWorkerThread.run;java/util/concurrent/ForkJoinPool.runWorker;java/util/concurrent/ForkJoinPool.scan;java/util/concurrent/ForkJoinPool$WorkQueue.topLevelExec;java/util/concurrent/ForkJoinTask.doExec;java/util/concurrent/ForkJoinTask$RunnableExecuteAction.exec;java/lang/VirtualThread$$Lambda.0x00007a6f90039c78.run;java/lang/VirtualThread.runContinuation;jdk/internal/vm/Continuation.run;jdk/internal/vm/Continuation.enterSpecial;jdk/internal/vm/Continuation.enter;jdk/internal/vm/Continuation.enter0;java/lang/VirtualThread$VThreadContinuation$1.run;java/lang/VirtualThread.run;_notify_jvmti_vthread_start;SharedRuntime::notify_jvmti_vthread_start;JvmtiVTMSTransitionDisabler::VTMS_vthread_start;JvmtiEventController::thread_started;Mutex::lock;pthread_mutex_trylock 35
java/util/concurrent/ForkJoinWorkerThread.run;java/util/concurrent/ForkJoinPool.runWorker;java/util/concurrent/ForkJoinPool.scan;java/util/concurrent/ForkJoinPool$WorkQueue.topLevelExec;java/util/concurrent/ForkJoinTask.doExec;java/util/concurrent/ForkJoinTask$RunnableExecuteAction.exec;java/lang/VirtualThread$$Lambda.0x00007a6f90039c78.run;java/lang/VirtualThread.runContinuation;jdk/internal/vm/Continuation.run;jdk/internal/vm/Continuation.enterSpecial;jdk/internal/vm/Continuation.enter;jdk/internal/vm/Continuation.enter0;java/lang/VirtualThread$VThreadContinuation$1.run;java/lang/VirtualThread.run;_notify_jvmti_vthread_start;SharedRuntime::notify_jvmti_vthread_start;JvmtiVTMSTransitionDisabler::VTMS_vthread_start;JvmtiVTMSTransitionDisabler::VTMS_mount_end;__pthread_mutex_unlock;/usr/lib/x86_64-linux-gnu/libc.so.6;entry_SYSCALL_64_after_hwframe_[k];do_syscall_64_[k];__x64_sys_futex_[k] 1
I2C/C2I adapters 1
java/util/concurrent/ForkJoinWorkerThread.run;java/util/concurrent/ForkJoinPool.runWorker;java/util/concurrent/ForkJoinPool.scan;java/util/concurrent/ForkJoinPool$WorkQueue.topLevelExec;java/util/concurrent/ForkJoinTask.doExec;java/util/concurrent/ForkJoinTask$RunnableExecuteAction.exec;java/lang/VirtualThread$$Lambda.0x00007a6f90039c78.run;java/lang/VirtualThread.runContinuation;jdk/internal/vm/Continuation.run;jdk/internal/vm/Continuation.enterSpecial;jdk/internal/vm/Continuation.enter;jdk/internal/vm/Continuation.enter0;java/lang/VirtualThread$VThreadContinuation$1.run;java/lang/VirtualThread.run;_notify_jvmti_vthread_start;SharedRuntime::notify_jvmti_vthread_start;JvmtiVTMSTransitionDisabler::VTMS_vthread_start;JvmtiVTMSTransitionDisabler::VTMS_mount_end;JavaThread::rebind_to_jvmti_thread_state_of 2
java/util/concurrent/ForkJoinWorkerThread.run;java/util/concurrent/ForkJoinPool.runWorker;java/util/concurrent/ForkJoinPool.scan;java/util/concurrent/ForkJoinPool$WorkQueue.topLevelExec;java/util/concurrent/ForkJoinTask.doExec;java/util/concurrent/ForkJoinTask$RunnableExecuteAction.exec;java/lang/VirtualThread$$Lambda.0x00007a6f90039c78.run;java/lang/VirtualThread.runContinuation;jdk/internal/vm/Continuation.run;jdk/internal/vm/Continuation.enterSpecial;jdk/internal/vm/Continuation.enter;jdk/internal/vm/Continuation.enter0;java/lang/VirtualThread$VThreadContinuation$1.run;java/lang/VirtualThread.run;_notify_jvmti_vthread_start;SharedRuntime::notify_jvmti_vthread_start;JvmtiVTMSTransitionDisabler::VTMS_vthread_start;JvmtiVTMSTransitionDisabler::VTMS_mount_end;__pthread_mutex_unlock;/usr/lib/x86_64-linux-gnu/libc.so.6;entry_SYSCALL_64_after_hwframe_[k];do_syscall_64_[k];x64_sys_call_[k];__x64_sys_futex_[k];do_futex_[k];futex_wake_[k];futex_hash_[k] 1
java/util/concurrent/ForkJoinWorkerThread.run;java/util/concurrent/ForkJoinPool.runWorker;java/util/concurrent/ForkJoinPool.scan 12
java/util/concurrent/ForkJoinWorkerThread.run;java/util/concurrent/ForkJoinPool.runWorker;java/util/concurrent/ForkJoinPool.scan 4
java/util/concurrent/ForkJoinWorkerThread.run;java/util/concurrent/ForkJoinPool.runWorker;java/util/concurrent/ForkJoinPool.awaitWork;java/util/concurrent/locks/LockSupport.park;jdk/internal/misc/Unsafe.park 1
java/util/concurrent/ForkJoinWorkerThread.run;java/util/concurrent/ForkJoinPool.runWorker;java/util/concurrent/ForkJoinPool.scan;java/util/concurrent/ForkJoinPool$WorkQueue.topLevelExec;java/util/concurrent/ForkJoinTask.doExec;java/util/concurrent/ForkJoinTask$RunnableExecuteAction.exec;java/lang/VirtualThread$$Lambda.0x00007a6f90039c78.run;java/lang/VirtualThread.runContinuation;jdk/internal/vm/Continuation.run;jdk/internal/vm/Continuation.enterSpecial;jdk/internal/vm/Continuation.enter;jdk/internal/vm/Continuation.enter0;java/lang/VirtualThread$VThreadContinuation$1.run;java/lang/VirtualThread.run;_notify_jvmti_vthread_start;SharedRuntime::notify_jvmti_vthread_start;JvmtiVTMSTransitionDisabler::VTMS_vthread_start;JvmtiEventController::thread_started;Mutex::lock;pthread_mutex_lock;/usr/lib/x86_64-linux-gnu/libc.so.6;entry_SYSCALL_64_after_hwframe_[k];do_syscall_64_[k];x64_sys_call_[k];__x64_sys_futex_[k];do_futex_[k];futex_wait_[k];__futex_wait_[k];futex_wait_setup_[k] 5
java/util/concurrent/ForkJoinWorkerThread.run;java/util/concurrent/ForkJoinPool.runWorker;java/util/concurrent/ForkJoinPool.awaitWork;java/util/concurrent/locks/LockSupport.setCurrentBlocker 1
java/util/concurrent/ForkJoinWorkerThread.run;java/util/concurrent/ForkJoinPool.runWorker;java/util/concurrent/ForkJoinPool.scan;java/util/concurrent/ForkJoinPool$WorkQueue.topLevelExec;java/util/concurrent/ForkJoinTask.doExec;java/util/concurrent/ForkJoinTask$RunnableExecuteAction.exec;java/lang/VirtualThread$$Lambda.0x00007a6f90039c78.run;java/lang/VirtualThread.runContinuation;jdk/internal/vm/Continuation.run;jdk/internal/vm/Continuation.enterSpecial;jdk/internal/vm/Continuation.enter;jdk/internal/vm/Continuation.enter0;java/lang/VirtualThread$VThreadContinuation$1.run;java/lang/VirtualThread.run;_notify_jvmti_vthread_start;SharedRuntime::notify_jvmti_vthread_start;JvmtiVTMSTransitionDisabler::VTMS_vthread_start;JvmtiVTMSTransitionDisabler::finish_VTMS_transition;JavaThread::set_is_in_VTMS_transition 4
java/util/concurrent/ForkJoinWorkerThread.run;java/util/concurrent/ForkJoinPool.runWorker;java/util/concurrent/ForkJoinPool.scan;java/util/concurrent/ForkJoinPool$WorkQueue.topLevelExec;java/util/concurrent/ForkJoinPool$WorkQueue.tryPoll 1
java/util/concurrent/ForkJoinWorkerThread.run;java/util/concurrent/ForkJoinPool.runWorker;java/util/concurrent/ForkJoinPool.awaitWork 113
java/util/concurrent/ForkJoinWorkerThread.run;java/util/concurrent/ForkJoinPool.runWorker;java/util/concurrent/ForkJoinPool.scan;java/util/concurrent/ForkJoinPool$WorkQueue.topLevelExec;java/util/concurrent/ForkJoinTask.doExec;java/util/concurrent/ForkJoinTask$RunnableExecuteAction.exec;java/lang/VirtualThread$$Lambda.0x00007a6f90039c78.run;java/lang/VirtualThread.runContinuation;jdk/internal/vm/Continuation.run;jdk/internal/vm/Continuation.enterSpecial;jdk/internal/vm/Continuation.enter;jdk/internal/vm/Continuation.enter0;java/lang/VirtualThread$VThreadContinuation$1.run;java/lang/VirtualThread.run;_notify_jvmti_vthread_end;SharedRuntime::notify_jvmti_vthread_end;JvmtiVTMSTransitionDisabler::VTMS_vthread_end;JvmtiExport::cleanup_thread;JvmtiEventController::thread_ended;JvmtiThreadState::~JvmtiThreadState;JvmtiEnvThreadState::~JvmtiEnvThreadState 1
java/util/concurrent/ForkJoinWorkerThread.run;java/util/concurrent/ForkJoinPool.runWorker;java/util/concurrent/ForkJoinPool.scan;java/util/concurrent/ForkJoinPool$WorkQueue.topLevelExec;java/util/concurrent/ForkJoinTask.doExec;java/util/concurrent/ForkJoinTask$RunnableExecuteAction.exec;java/lang/VirtualThread$$Lambda.0x00007a6f90039c78.run;java/lang/VirtualThread.runContinuation;jdk/internal/vm/Continuation.run;jdk/internal/vm/Continuation.enterSpecial;jdk/internal/vm/Continuation.enter;jdk/internal/vm/Continuation.enter0;java/lang/VirtualThread$VThreadContinuation$1.run;java/lang/VirtualThread.run;_notify_jvmti_vthread_start;SharedRuntime::notify_jvmti_vthread_start;JvmtiVTMSTransitionDisabler::VTMS_vthread_start;JvmtiVTMSTransitionDisabler::VTMS_mount_end;__pthread_mutex_unlock;/usr/lib/x86_64-linux-gnu/libc.so.6;entry_SYSCALL_64_after_hwframe_[k];do_syscall_64_[k];x64_sys_call_[k];__x64_sys_futex_[k];do_futex_[k];futex_wake_[k];_raw_spin_lock_[k];native_queued_spin_lock_slowpath_[k] 906
java/util/concurrent/ForkJoinWorkerThread.run;java/util/concurrent/ForkJoinPool.runWorker;java/util/concurrent/ForkJoinPool.scan;java/util/concurrent/ForkJoinPool$WorkQueue.topLevelExec;java/util/concurrent/ForkJoinTask.doExec;java/util/concurrent/ForkJoinTask$RunnableExecuteAction.exec;java/lang/VirtualThread$$Lambda.0x00007a6f90039c78.run;java/lang/VirtualThread.runContinuation;jdk/internal/vm/Continuation.run;jdk/internal/vm/Continuation.enterSpecial;jdk/internal/vm/Continuation.enter;jdk/internal/vm/Continuation.enter0;java/lang/VirtualThread$VThreadContinuation$1.run;java/lang/VirtualThread.run;_notify_jvmti_vthread_end;SharedRuntime::notify_jvmti_vthread_end;JvmtiVTMSTransitionDisabler::VTMS_vthread_end;JvmtiExport::cleanup_thread;JvmtiEventController::thread_ended;JvmtiThreadState::~JvmtiThreadState;OopStorage::release;OopStorage::Block::release_entries 2
java/util/concurrent/ForkJoinWorkerThread.run;java/util/concurrent/ForkJoinPool.runWorker;java/util/concurrent/ForkJoinPool.scan 940
java/util/concurrent/ForkJoinWorkerThread.run;java/util/concurrent/ForkJoinPool.runWorker;java/util/concurrent/ForkJoinPool.scan;java/util/concurrent/ForkJoinPool$WorkQueue.topLevelExec;java/util/concurrent/ForkJoinTask.doExec;java/util/concurrent/ForkJoinTask$RunnableExecuteAction.exec;java/lang/VirtualThread$$Lambda.0x00007a6f90039c78.run;java/lang/VirtualThread.runContinuation;jdk/internal/vm/Continuation.run;jdk/internal/vm/Continuation.enterSpecial;jdk/internal/vm/Continuation.enter;jdk/internal/vm/Continuation.enter0;java/lang/VirtualThread$VThreadContinuation$1.run;java/lang/VirtualThread.run;_notify_jvmti_vthread_end;SharedRuntime::notify_jvmti_vthread_end;JvmtiVTMSTransitionDisabler::VTMS_vthread_end;__pthread_mutex_unlock;/usr/lib/x86_64-linux-gnu/libc.so.6;entry_SYSCALL_64_after_hwframe_[k];do_syscall_64_[k];x64_sys_call_[k];__x64_sys_futex_[k];do_futex_[k];futex_wake_[k];get_futex_key_[k] 1
java/util/concurrent/ForkJoinWorkerThread.run;java/util/concurrent/ForkJoinPool.runWorker;java/util/concurrent/ForkJoinPool.scan;java/util/concurrent/ForkJoinPool$WorkQueue.topLevelExec;java/util/concurrent/ForkJoinTask.doExec;java/util/concurrent/ForkJoinTask$RunnableExecuteAction.exec;java/lang/VirtualThread$$Lambda.0x00007a6f90039c78.run;java/lang/VirtualThread.runContinuation;jdk/internal/vm/Continuation.run;jdk/internal/vm/Continuation.enterSpecial;jdk/internal/vm/Continuation.enter;jdk/internal/vm/Continuation.enter0;java/lang/VirtualThread$VThreadContinuation$1.run;java/lang/VirtualThread.run;_notify_jvmti_vthread_start;SharedRuntime::notify_jvmti_vthread_start;JvmtiVTMSTransitionDisabler::VTMS_vthread_start;__pthread_mutex_unlock;/usr/lib/x86_64-linux-gnu/libc.so.6;entry_SYSCALL_64_after_hwframe_[k];do_syscall_64_[k];x64_sys_call_[k];__x64_sys_futex_[k];do_futex_[k];futex_wake_[k] 2
java/util/concurrent/ForkJoinWorkerThread.run;java/util/concurrent/ForkJoinPool.runWorker;java/util/concurrent/ForkJoinPool.scan;java/util/concurrent/ForkJoinPool$WorkQueue.topLevelExec;java/util/concurrent/ForkJoinTask.doExec;java/util/concurrent/ForkJoinTask$RunnableExecuteAction.exec;java/lang/VirtualThread$$Lambda.0x00007a6f90039c78.run;java/lang/VirtualThread.runContinuation;jdk/internal/vm/Continuation.run;jdk/internal/vm/Continuation.enterSpecial;jdk/internal/vm/Continuation.enter;jdk/internal/vm/Continuation.enter0;java/lang/VirtualThread$VThreadContinuation$1.run;java/lang/VirtualThread.run;_notify_jvmti_vthread_start;SharedRuntime::notify_jvmti_vthread_start;JvmtiVTMSTransitionDisabler::VTMS_vthread_start;JvmtiEventController::thread_started;Mutex::lock;pthread_mutex_lock 1
java/util/concurrent/ForkJoinWorkerThread.run;java/util/concurrent/ForkJoinPool.runWorker;java/util/concurrent/ForkJoinPool.scan;java/util/concurrent/ForkJoinPool$WorkQueue.topLevelExec;java/util/concurrent/ForkJoinTask.doExec;java/util/concurrent/ForkJoinTask$RunnableExecuteAction.exec;java/lang/VirtualThread$$Lambda.0x00007a6f90039c78.run;java/lang/VirtualThread.runContinuation;jdk/internal/vm/Continuation.run;jdk/internal/vm/Continuation.enterSpecial;jdk/internal/vm/Continuation.enter;jdk/internal/vm/Continuation.enter0;java/lang/VirtualThread$VThreadContinuation$1.run;java/lang/VirtualThread.run;_notify_jvmti_vthread_start;SharedRuntime::notify_jvmti_vthread_start;JvmtiVTMSTransitionDisabler::VTMS_vthread_start;JvmtiEventController::thread_started;Mutex::lock;pthread_mutex_lock;/usr/lib/x86_64-linux-gnu/libc.so.6;entry_SYSCALL_64_after_hwframe_[k];do_syscall_64_[k];x64_sys_call_[k];__x64_sys_futex_[k];do_futex_[k];futex_wait_[k];__futex_wait_[k];futex_wait_setup_[k];futex_hash_[k];futex_ref_get_[k] 9
java/util/concurrent/ForkJoinWorkerThread.run;java/util/concurrent/ForkJoinPool.runWorker;java/util/concurrent/ForkJoinPool.scan 1
java/util/concurrent/ForkJoinWorkerThread.run;java/util/concurrent/ForkJoinPool.runWorker;java/util/concurrent/ForkJoinPool.scan;java/util/concurrent/ForkJoinPool$WorkQueue.topLevelExec;java/util/concurrent/ForkJoinTask.doExec;java/util/concurrent/ForkJoinTask$RunnableExecuteAction.exec;java/lang/VirtualThread$$Lambda.0x00007a6f90039c78.run;java/lang/VirtualThread.runContinuation;jdk/internal/vm/Continuation.run;jdk/internal/vm/Continuation.enterSpecial;jdk/internal/vm/Continuation.enter;jdk/internal/vm/Continuation.enter0;java/lang/VirtualThread$VThreadContinuation$1.run;java/lang/VirtualThread.run;_notify_jvmti_vthread_start;SharedRuntime::notify_jvmti_vthread_start;JvmtiVTMSTransitionDisabler::VTMS_vthread_start;JvmtiEventController::thread_started;Mutex::lock;pthread_mutex_lock;/usr/lib/x86_64-linux-gnu/libc.so.6;entry_SYSCALL_64_after_hwframe_[k];do_syscall_64_[k];__x64_sys_futex_[k] 1
java/util/concurrent/ForkJoinWorkerThread.run;java/util/concurrent/ForkJoinPool.runWorker;java/util/concurrent/ForkJoinPool.scan;java/util/concurrent/ForkJoinPool$WorkQueue.topLevelExec;java/util/concurrent/ForkJoinTask.doExec;java/util/concurrent/ForkJoinTask$RunnableExecuteAction.exec;java/lang/VirtualThread$$Lambda.0x00007a6f90039c78.run;java/lang/VirtualThread.runContinuation;jdk/internal/vm/Continuation.run;jdk/internal/vm/Continuation.enterSpecial;jdk/internal/vm/Continuation.enter;jdk/internal/vm/Continuation.enter0;java/lang/VirtualThread$VThreadContinuation$1.run;java/lang/VirtualThread.run;_notify_jvmti_vthread_start;SharedRuntime::notify_jvmti_vthread_start;JvmtiVTMSTransitionDisabler::VTMS_vthread_start;JvmtiEventController::thread_started;Mutex::lock;pthread_mutex_lock;/usr/lib/x86_64-linux-gnu/libc.so.6;entry_SYSCALL_64_after_hwframe_[k];do_syscall_64_[k];x64_sys_call_[k];__x64_sys_futex_[k];do_futex_[k];futex_wait_[k];__futex_wait_[k];futex_wait_setup_[k];__futex_hash_[k] 3
java/util/concurrent/ForkJoinWorkerThread.run;java/util/concurrent/ForkJoinPool.runWorker;java/util/concurrent/ForkJoinPool.scan;java/util/concurrent/ForkJoinPool$WorkQueue.topLevelExec;java/util/concurrent/ForkJoinTask.doExec;java/util/concurrent/ForkJoinTask$RunnableExecuteAction.exec;java/lang/VirtualThread$$Lambda.0x00007a6f90039c78.run;java/lang/VirtualThread.runContinuation;jdk/internal/vm/Continuation.run;jdk/internal/vm/Continuation.enterSpecial;jdk/internal/vm/Continuation.enter;jdk/internal/vm/Continuation.enter0;java/lang/VirtualThread$VThreadContinuation$1.run;java/lang/VirtualThread.run;_notify_jvmti_vthread_start;SharedRuntime::notify_jvmti_vthread_start;JvmtiVTMSTransitionDisabler::VTMS_vthread_start;JvmtiVTMSTransitionDisabler::VTMS_mount_end;__pthread_mutex_unlock;/usr/lib/x86_64-linux-gnu/libc.so.6;entry_SYSCALL_64_after_hwframe_[k];do_syscall_64_[k] 1
java/util/concurrent/ForkJoinWorkerThread.run;java/util/concurrent/ForkJoinPool.runWorker;java/util/concurrent/ForkJoinPool.scan;java/util/concurrent/ForkJoinPool$WorkQueue.topLevelExec;java/util/concurrent/ForkJoinTask.doExec;java/util/concurrent/ForkJoinTask$RunnableExecuteAction.exec;java/lang/VirtualThread$$Lambda.0x00007a6f90039c78.run;java/lang/VirtualThread.runContinuation;jdk/internal/vm/Continuation.run;jdk/internal/vm/Continuation.enterSpecial;jdk/internal/vm/Continuation.enter;jdk/internal/vm/Continuation.enter0;java/lang/VirtualThread$VThreadContinuation$1.run;java/lang/VirtualThread.run;_notify_jvmti_vthread_start;SharedRuntime::notify_jvmti_vthread_start;JvmtiVTMSTransitionDisabler::VTMS_vthread_start;JvmtiEventController::thread_started;Mutex::lock;pthread_mutex_lock;/usr/lib/x86_64-linux-gnu/libc.so.6 3
java/util/concurrent/ForkJoinWorkerThread.run;java/util/concurrent/ForkJoinPool.runWorker;java/util/concurrent/ForkJoinPool.scan;java/util/concurrent/ForkJoinPool$WorkQueue.topLevelExec;java/util/concurrent/ForkJoinTask.doExec;java/util/concurrent/ForkJoinTask$RunnableExecuteAction.exec;java/lang/VirtualThread$$Lambda.0x00007a6f90039c78.run;java/lang/VirtualThread.runContinuation;jdk/internal/vm/Continuation.run;jdk/internal/vm/Continuation.enterSpecial;jdk/internal/vm/Continuation.enter;jdk/internal/vm/Continuation.enter0;java/lang/VirtualThread$VThreadContinuation$1.run;java/lang/VirtualThread.run;_notify_jvmti_vthread_end;SharedRuntime::notify_jvmti_vthread_end;JvmtiVTMSTransitionDisabler::VTMS_vthread_end;JvmtiExport::cleanup_thread;__libc_free 4
java/util/concurrent/ForkJoinWorkerThread.run;java/util/concurrent/ForkJoinPool.runWorker;java/util/concurrent/ForkJoinPool.scan;java/util/concurrent/ForkJoinPool$WorkQueue.topLevelExec;java/util/concurrent/ForkJoinTask.doExec;java/util/concurrent/ForkJoinTask$RunnableExecuteAction.exec;java/lang/VirtualThread$$Lambda.0x00007a6f90039c78.run;java/lang/VirtualThread.runContinuation;java/lang/VirtualThread.mount;_notify_jvmti_vthread_mount;SharedRuntime::notify_jvmti_vthread_mount;JNIHandleBlock::allocate_handle 3
java/lang/Thread.run;java/lang/Thread.runWith;java/util/concurrent/ThreadPoolExecutor$Worker.run;java/util/concurrent/ThreadPoolExecutor.runWorker;java/util/concurrent/FutureTask.run;java/util/concurrent/Executors$RunnableAdapter.call;java/util/concurrent/FutureTask.run;org/openjdk/jmh/runner/BenchmarkHandler$BenchmarkTask.call;org/openjdk/jmh/runner/BenchmarkHandler$BenchmarkTask.call;java/lang/reflect/Method.invoke;jdk/internal/reflect/DirectMethodHandleAccessor.invoke;jdk/internal/reflect/DirectMethodHandleAccessor.invokeImpl;java/lang/invoke/LambdaForm$MH.0x00007a6f9002e800.invokeExact_MT;java/lang/invoke/LambdaForm$MH.0x00007a6f9002e400.invoke;java/lang/invoke/DirectMethodHandle$Holder.invokeSpecial;uk/ac/ncl/jensen/benchmark/jmh_generated/VThreadChurnBenchmark_churn_jmhTest.churn_AverageTime;uk/ac/ncl/jensen/benchmark/jmh_generated/VThreadChurnBenchmark_churn_jmhTest.churn_avgt_jmhStub;uk/ac/ncl/jensen/benchmark/VThreadChurnBenchmark.churn;java/lang/ThreadBuilders$VirtualThreadBuilder.start;java/lang/ThreadBuilders$VirtualThreadBuilder.unstarted;java/lang/ThreadBuilders.newVirtualThread;java/lang/VirtualThread.<init>;java/lang/BaseVirtualThread.<init>;java/lang/Thread.<init>;asm_exc_page_fault_[k];exc_page_fault_[k];do_user_addr_fault_[k] 1
java/lang/Thread.run;java/lang/Thread.runWith;java/util/concurrent/ThreadPoolExecutor$Worker.run;java/util/concurrent/ThreadPoolExecutor.runWorker;java/util/concurrent/FutureTask.run;java/util/concurrent/Executors$RunnableAdapter.call;java/util/concurrent/FutureTask.run;org/openjdk/jmh/runner/BenchmarkHandler$BenchmarkTask.call;org/openjdk/jmh/runner/BenchmarkHandler$BenchmarkTask.call;java/lang/reflect/Method.invoke;jdk/internal/reflect/DirectMethodHandleAccessor.invoke;jdk/internal/reflect/DirectMethodHandleAccessor.invokeImpl;java/lang/invoke/LambdaForm$MH.0x00007a6f9002e800.invokeExact_MT;java/lang/invoke/LambdaForm$MH.0x00007a6f9002e400.invoke;java/lang/invoke/DirectMethodHandle$Holder.invokeSpecial;uk/ac/ncl/jensen/benchmark/jmh_generated/VThreadChurnBenchmark_churn_jmhTest.churn_AverageTime;uk/ac/ncl/jensen/benchmark/jmh_generated/VThreadChurnBenchmark_churn_jmhTest.churn_avgt_jmhStub;uk/ac/ncl/jensen/benchmark/VThreadChurnBenchmark.churn;java/lang/ThreadBuilders$VirtualThreadBuilder.start;java/lang/VirtualThread.start;java/lang/VirtualThread.start;java/lang/VirtualThread.submitRunContinuation;java/util/concurrent/ForkJoinPool.execute;java/util/concurrent/ForkJoinPool.poolSubmit;java/util/concurrent/ForkJoinPool$WorkQueue.push 3
java/util/concurrent/ForkJoinWorkerThread.run;java/util/concurrent/ForkJoinPool.runWorker;java/util/concurrent/ForkJoinPool.scan;java/util/concurrent/ForkJoinPool$WorkQueue.topLevelExec;java/util/concurrent/ForkJoinTask.doExec;java/util/concurrent/ForkJoinTask$RunnableExecuteAction.exec;java/lang/VirtualThread$$Lambda.0x00007a6f90039c78.run;java/lang/VirtualThread.runContinuation;jdk/internal/vm/Continuation.run;jdk/internal/vm/Continuation.enterSpecial;jdk/internal/vm/Continuation.enter;jdk/internal/vm/Continuation.enter0;java/lang/VirtualThread$VThreadContinuation$1.run;java/lang/VirtualThread.run;_notify_jvmti_vthread_start;SharedRuntime::notify_jvmti_vthread_start;JvmtiVTMSTransitionDisabler::VTMS_vthread_start;JvmtiEventController::thread_started;Mutex::lock;ThreadBlockInVMPreprocess<InFlightMutexRelease>::~ThreadBlockInVMPreprocess 4
java/util/concurrent/ForkJoinWorkerThread.run;java/util/concurrent/ForkJoinPool.runWorker;java/util/concurrent/ForkJoinPool.scan;java/util/concurrent/ForkJoinPool$WorkQueue.topLevelExec;java/util/concurrent/ForkJoinTask.doExec;java/util/concurrent/ForkJoinTask$RunnableExecuteAction.exec;java/lang/VirtualThread$$Lambda.0x00007a6f90039c78.run;java/lang/VirtualThread.runContinuation;java/lang/VirtualThread.mount;_notify_jvmti_vthread_mount;SharedRuntime::notify_jvmti_vthread_mount;JvmtiVTMSTransitionDisabler::start_VTMS_transition;java_lang_Thread::set_is_in_VTMS_transition 10
java/util/concurrent/ForkJoinWorkerThread.run;java/util/concurrent/ForkJoinPool.runWorker;java/util/concurrent/ForkJoinPool.scan 1
java/util/concurrent/ForkJoinWorkerThread.run;java/util/concurrent/ForkJoinPool.runWorker;java/util/concurrent/ForkJoinPool.scan;java/util/concurrent/ForkJoinPool$WorkQueue.topLevelExec;java/util/concurrent/ForkJoinTask.doExec;java/util/concurrent/ForkJoinTask$RunnableExecuteAction.exec;java/lang/VirtualThread$$Lambda.0x00007a6f90039c78.run;java/lang/VirtualThread.runContinuation;jdk/internal/vm/Continuation.run;jdk/internal/vm/Continuation.enterSpecial;jdk/internal/vm/Continuation.enter;jdk/internal/vm/Continuation.enter0;java/lang/VirtualThread$VThreadContinuation$1.run;java/lang/VirtualThread.run;_notify_jvmti_vthread_end;SharedRuntime::notify_jvmti_vthread_end;JvmtiVTMSTransitionDisabler::VTMS_vthread_end;JvmtiExport::cleanup_thread;Mutex::lock;pthread_mutex_lock;/usr/lib/x86_64-linux-gnu/libc.so.6;entry_SYSCALL_64_after_hwframe_[k];do_syscall_64_[k];x64_sys_call_[k];__x64_sys_futex_[k];do_futex_[k];futex_wait_[k];__futex_wait_[k] 1
java/util/concurrent/ForkJoinWorkerThread.run;java/util/concurrent/ForkJoinPool.runWorker;java/util/concurrent/ForkJoinPool.scan;java/util/concurrent/ForkJoinPool$WorkQueue.topLevelExec;java/util/concurrent/ForkJoinTask.doExec;java/util/concurrent/ForkJoinTask$RunnableExecuteAction.exec;java/lang/VirtualThread$$Lambda.0x00007a6f90039c78.run;java/lang/VirtualThread.runContinuation;jdk/internal/vm/Continuation.run;jdk/internal/vm/Continuation.enterSpecial;jdk/internal/vm/Continuation.enter;jdk/internal/vm/Continuation.enter0;java/lang/VirtualThread$VThreadContinuation$1.run;java/lang/VirtualThread.run;_notify_jvmti_vthread_start;SharedRuntime::notify_jvmti_vthread_start;JvmtiVTMSTransitionDisabler::VTMS_vthread_start;JvmtiVTMSTransitionDisabler::VTMS_mount_end;__pthread_mutex_unlock;/usr/lib/x86_64-linux-gnu/libc.so.6;entry_SYSCALL_64_after_hwframe_[k];do_syscall_64_[k];x64_sys_call_[k];__x64_sys_futex_[k];do_futex_[k];futex_wake_[k];futex_wake_mark_[k] 10
java/util/concurrent/ForkJoinWorkerThread.run;java/util/concurrent/ForkJoinPool.runWorker;java/util/concurrent/ForkJoinPool.scan;java/util/concurrent/ForkJoinPool$WorkQueue.topLevelExec;java/util/concurrent/ForkJoinTask.doExec;java/util/concurrent/ForkJoinTask$RunnableExecuteAction.exec;java/lang/VirtualThread$$Lambda.0x00007a6f90039c78.run;java/lang/VirtualThread.runContinuation;jdk/internal/vm/Continuation.run;jdk/internal/vm/Continuation.enterSpecial;jdk/internal/vm/Continuation.enter;jdk/internal/vm/Continuation.enter0;java/lang/VirtualThread$VThreadContinuation$1.run;java/lang/VirtualThread.run;_notify_jvmti_vthread_end;SharedRuntime::notify_jvmti_vthread_end;JvmtiVTMSTransitionDisabler::VTMS_vthread_end;JvmtiExport::cleanup_thread;JvmtiEventController::thread_ended;JvmtiThreadState::~JvmtiThreadState;FreeHeap 1
java/util/concurrent/ForkJoinWorkerThread.run;java/util/concurrent/ForkJoinPool.runWorker;java/util/concurrent/ForkJoinPool.scan;java/util/concurrent/ForkJoinPool$WorkQueue.topLevelExec;java/util/concurrent/ForkJoinTask.doExec;java/util/concurrent/ForkJoinTask$RunnableExecuteAction.exec;java/lang/VirtualThread$$Lambda.0x00007a6f90039c78.run;java/lang/VirtualThread.runContinuation;jdk/internal/vm/Continuation.run;jdk/internal/vm/Continuation.enterSpecial;jdk/internal/vm/Continuation.enter;jdk/internal/vm/Continuation.enter0;java/lang/VirtualThread$VThreadContinuation$1.run;java/lang/VirtualThread.run;_notify_jvmti_vthread_end;SharedRuntime::notify_jvmti_vthread_end;JvmtiVTMSTransitionDisabler::VTMS_vthread_end;JvmtiExport::cleanup_thread 1
java/util/concurrent/ForkJoinWorkerThread.run;java/util/concurrent/ForkJoinPool.runWorker;java/util/concurrent/ForkJoinPool.scan;java/util/concurrent/ForkJoinPool$WorkQueue.topLevelExec;java/util/concurrent/ForkJoinTask.doExec;java/util/concurrent/ForkJoinTask$RunnableExecuteAction.exec;java/lang/VirtualThread$$Lambda.0x00007a6f90039c78.run;java/lang/VirtualThread.runContinuation;jdk/internal/vm/Continuation.run;jdk/internal/vm/Continuation.enterSpecial;jdk/internal/vm/Continuation.enter;jdk/internal/vm/Continuation.enter0;java/lang/VirtualThread$VThreadContinuation$1.run;java/lang/VirtualThread.run;_notify_jvmti_vthread_end;SharedRuntime::notify_jvmti_vthread_end;JvmtiVTMSTransitionDisabler::VTMS_vthread_end;JvmtiExport::cleanup_thread;Mutex::lock;pthread_mutex_lock 1
java/util/concurrent/ForkJoinWorkerThread.run;java/util/concurrent/ForkJoinPool.runWorker;java/util/concurrent/ForkJoinPool.scan;java/util/concurrent/ForkJoinPool$WorkQueue.topLevelExec;java/util/concurrent/ForkJoinTask.doExec;java/util/concurrent/ForkJoinTask$RunnableExecuteAction.exec;java/lang/VirtualThread$$Lambda.0x00007a6f90039c78.run;java/lang/VirtualThread.runContinuation;jdk/internal/vm/Continuation.run;jdk/internal/vm/Continuation.enterSpecial;jdk/internal/vm/Continuation.enter;jdk/internal/vm/Continuation.enter0;java/lang/VirtualThread$VThreadContinuation$1.run;java/lang/VirtualThread.run;_notify_jvmti_vthread_start;SharedRuntime::notify_jvmti_vthread_start;JvmtiVTMSTransitionDisabler::VTMS_vthread_start;JvmtiEventController::thread_started;JvmtiThreadState::JvmtiThreadState;OopStorage::allocate;Mutex::lock_without_safepoint_check;pthread_mutex_lock 1
java/util/concurrent/ForkJoinWorkerThread.run;java/util/concurrent/ForkJoinPool.runWorker;java/util/concurrent/ForkJoinPool.scan;java/util/concurrent/ForkJoinPool$WorkQueue.topLevelExec;java/util/concurrent/ForkJoinTask.doExec;java/util/concurrent/ForkJoinTask$RunnableExecuteAction.exec;java/lang/VirtualThread$$Lambda.0x00007a6f90039c78.run;java/lang/VirtualThread.runContinuation;jdk/internal/vm/Continuation.run;jdk/internal/vm/Continuation.enterSpecial;jdk/internal/vm/Continuation.enter;jdk/internal/vm/Continuation.enter0;java/lang/VirtualThread$VThreadContinuation$1.run;java/lang/VirtualThread.run;_notify_jvmti_vthread_start;SharedRuntime::notify_jvmti_vthread_start;JvmtiVTMSTransitionDisabler::VTMS_vthread_start;JvmtiVTMSTransitionDisabler::VTMS_mount_end;Mutex::lock;pthread_mutex_lock;/usr/lib/x86_64-linux-gnu/libc.so.6;entry_SYSCALL_64_after_hwframe_[k];do_syscall_64_[k];x64_sys_call_[k];__x64_sys_futex_[k];do_futex_[k];futex_wait_[k];__futex_wait_[k];futex_wait_setup_[k] 1
java/util/concurrent/ForkJoinWorkerThread.run;java/util/concurrent/ForkJoinPool.runWorker;java/util/concurrent/ForkJoinPool.scan;java/util/concurrent/ForkJoinPool$WorkQueue.topLevelExec;java/util/concurrent/ForkJoinTask.doExec;java/util/concurrent/ForkJoinTask$RunnableExecuteAction.exec;java/lang/VirtualThread$$Lambda.0x00007a6f90039c78.run;java/lang/VirtualThread.runContinuation;jdk/internal/vm/Continuation.run;jdk/internal/vm/Continuation.enterSpecial;jdk/internal/vm/Continuation.enter;jdk/internal/vm/Continuation.enter0;java/lang/VirtualThread$VThreadContinuation$1.run;java/lang/VirtualThread.run;_notify_jvmti_vthread_end;SharedRuntime::notify_jvmti_vthread_end;JvmtiVTMSTransitionDisabler::VTMS_vthread_end;__pthread_mutex_unlock;/usr/lib/x86_64-linux-gnu/libc.so.6;entry_SYSCALL_64_after_hwframe_[k];do_syscall_64_[k];x64_sys_call_[k];__x64_sys_futex_[k];do_futex_[k];futex_wake_[k];futex_wake_mark_[k];plist_del_[k] 1
java/util/concurrent/ForkJoinWorkerThread.run;java/util/concurrent/ForkJoinPool.runWorker;java/util/concurrent/ForkJoinPool.scan;java/util/concurrent/ForkJoinPool$WorkQueue.topLevelExec;java/util/concurrent/ForkJoinTask.doExec;java/util/concurrent/ForkJoinTask$RunnableExecuteAction.exec;java/lang/VirtualThread$$Lambda.0x00007a6f90039c78.run;java/lang/VirtualThread.runContinuation;jdk/internal/vm/Continuation.run;jdk/internal/vm/Continuation.enterSpecial;jdk/internal/vm/Continuation.enter;jdk/internal/vm/Continuation.enter0;java/lang/VirtualThread$VThreadContinuation$1.run;java/lang/VirtualThread.run;_notify_jvmti_vthread_start;SharedRuntime::notify_jvmti_vthread_start;JvmtiVTMSTransitionDisabler::VTMS_vthread_start;__pthread_mutex_unlock;/usr/lib/x86_64-linux-gnu/libc.so.6;entry_SYSCALL_64_after_hwframe_[k];do_syscall_64_[k];x64_sys_call_[k];__x64_sys_futex_[k];do_futex_[k];futex_wake_[k];_raw_spin_lock_[k];native_queued_spin_lock_slowpath_[k] 12392
java/util/concurrent/ForkJoinWorkerThread.run;java/util/concurrent/ForkJoinPool.runWorker;java/util/concurrent/ForkJoinPool.scan;jdk/internal/misc/Unsafe.loadFence 4
java/util/concurrent/ForkJoinWorkerThread.run;java/util/concurrent/ForkJoinPool.runWorker;java/util/concurrent/ForkJoinPool.scan;java/util/concurrent/ForkJoinPool$WorkQueue.topLevelExec;java/util/concurrent/ForkJoinTask.doExec;java/util/concurrent/ForkJoinTask$RunnableExecuteAction.exec;java/lang/VirtualThread$$Lambda.0x00007a6f90039c78.run;java/lang/VirtualThread.runContinuation;jdk/internal/vm/Continuation.run;jdk/internal/vm/Continuation.enterSpecial;jdk/internal/vm/Continuation.enter;jdk/internal/vm/Continuation.enter0;java/lang/VirtualThread$VThreadContinuation$1.run;java/lang/VirtualThread.run;_notify_jvmti_vthread_end;SharedRuntime::notify_jvmti_vthread_end;JvmtiVTMSTransitionDisabler::VTMS_vthread_end;JvmtiExport::cleanup_thread;JvmtiEventController::thread_ended;JvmtiThreadState::~JvmtiThreadState;AccessInternal::PostRuntimeDispatch<G1BarrierSet::AccessBarrier<548964ul, G1BarrierSet>, (AccessInternal::BarrierType)2, 548964ul>::oop_access_barrier 17
java/util/concurrent/ForkJoinWorkerThread.run;java/util/concurrent/ForkJoinPool.runWorker;java/util/concurrent/ForkJoinPool.scan;java/util/concurrent/ForkJoinPool$WorkQueue.topLevelExec;java/util/concurrent/ForkJoinTask.doExec;java/util/concurrent/ForkJoinTask$RunnableExecuteAction.exec;java/lang/VirtualThread$$Lambda.0x00007a6f90039c78.run;java/lang/VirtualThread.runContinuation;jdk/internal/vm/Continuation.run;jdk/internal/vm/Continuation.enterSpecial;jdk/internal/vm/Continuation.enter;jdk/internal/vm/Continuation.enter0;java/lang/VirtualThread$VThreadContinuation$1.run;java/lang/VirtualThread.run;_notify_jvmti_vthread_start;SharedRuntime::notify_jvmti_vthread_start;JvmtiVTMSTransitionDisabler::VTMS_vthread_start;JvmtiVTMSTransitionDisabler::VTMS_mount_end;__pthread_mutex_unlock;/usr/lib/x86_64-linux-gnu/libc.so.6;entry_SYSCALL_64_after_hwframe_[k];do_syscall_64_[k];x64_sys_call_[k];__x64_sys_futex_[k];do_futex_[k];futex_wake_[k];futex_hash_[k] 5
java/util/concurrent/ForkJoinWorkerThread.run;java/util/concurrent/ForkJoinPool.runWorker;java/util/concurrent/ForkJoinPool.scan;java/util/concurrent/ForkJoinPool$WorkQueue.topLevelExec;java/util/concurrent/ForkJoinPool$WorkQueue.tryPoll 3
java/util/concurrent/ForkJoinWorkerThread.run;java/util/concurrent/ForkJoinPool.runWorker;java/util/concurrent/ForkJoinPool.scan;java/util/concurrent/ForkJoinPool$WorkQueue.topLevelExec;java/util/concurrent/ForkJoinTask.doExec;java/util/concurrent/ForkJoinTask$RunnableExecuteAction.exec;java/lang/VirtualThread$$Lambda.0x00007a6f90039c78.run;java/lang/VirtualThread.runContinuation;jdk/internal/vm/Continuation.run;jdk/internal/vm/Continuation.enterSpecial;jdk/internal/vm/Continuation.enter;jdk/internal/vm/Continuation.enter0;java/lang/VirtualThread$VThreadContinuation$1.run;java/lang/VirtualThread.run;_notify_jvmti_vthread_start;SharedRuntime::notify_jvmti_vthread_start;JvmtiVTMSTransitionDisabler::VTMS_vthread_start;JvmtiVTMSTransitionDisabler::VTMS_mount_end;Mutex::lock;pthread_mutex_lock;/usr/lib/x86_64-linux-gnu/libc.so.6;entry_SYSCALL_64_after_hwframe_[k];do_syscall_64_[k];x64_sys_call_[k];__x64_sys_futex_[k];do_futex_[k];futex_wait_[k];__futex_wait_[k];futex_hash_put_[k] 1
java/util/concurrent/ForkJoinWorkerThread.run;java/util/concurrent/ForkJoinPool.runWorker;java/util/concurrent/ForkJoinPool.scan;java/util/concurrent/ForkJoinPool$WorkQueue.topLevelExec;java/util/concurrent/ForkJoinTask.doExec;java/util/concurrent/ForkJoinTask$RunnableExecuteAction.exec;java/lang/VirtualThread$$Lambda.0x00007a6f90039c78.run;java/lang/VirtualThread.runContinuation;jdk/internal/vm/Continuation.run;jdk/internal/vm/Continuation.enterSpecial;jdk/internal/vm/Continuation.enter;jdk/internal/vm/Continuation.enter0;java/lang/VirtualThread$VThreadContinuation$1.run;java/lang/VirtualThread.run;_notify_jvmti_vthread_start;SharedRuntime::notify_jvmti_vthread_start;JvmtiVTMSTransitionDisabler::VTMS_vthread_start;JvmtiVTMSTransitionDisabler::VTMS_mount_end;Mutex::lock;pthread_mutex_lock;/usr/lib/x86_64-linux-gnu/libc.so.6;entry_SYSCALL_64_after_hwframe_[k];do_syscall_64_[k];x64_sys_call_[k];__x64_sys_futex_[k];do_futex_[k];futex_wait_[k];__futex_wait_[k];futex_wait_setup_[k];futex_hash_[k] 5
java/lang/Thread.run;java/lang/Thread.runWith;java/util/concurrent/ThreadPoolExecutor$Worker.run;java/util/concurrent/ThreadPoolExecutor.runWorker;java/util/concurrent/FutureTask.run;java/util/concurrent/Executors$RunnableAdapter.call;java/util/concurrent/FutureTask.run;org/openjdk/jmh/runner/BenchmarkHandler$BenchmarkTask.call;org/openjdk/jmh/runner/BenchmarkHandler$BenchmarkTask.call;java/lang/reflect/Method.invoke;jdk/internal/reflect/DirectMethodHandleAccessor.invoke;jdk/internal/reflect/DirectMethodHandleAccessor.invokeImpl;java/lang/invoke/LambdaForm$MH.0x00007a6f9002e800.invokeExact_MT;java/lang/invoke/LambdaForm$MH.0x00007a6f9002e400.invoke;java/lang/invoke/DirectMethodHandle$Holder.invokeSpecial;uk/ac/ncl/jensen/benchmark/jmh_generated/VThreadChurnBenchmark_churn_jmhTest.churn_AverageTime;uk/ac/ncl/jensen/benchmark/jmh_generated/VThreadChurnBenchmark_churn_jmhTest.churn_avgt_jmhStub;uk/ac/ncl/jensen/benchmark/VThreadChurnBenchmark.churn;java/lang/ThreadBuilders$VirtualThreadBuilder.start;java/lang/VirtualThread.start;java/lang/VirtualThread.start;jdk/internal/vm/ThreadContainers$RootContainer$TrackingRootContainer.onStart;java/util/concurrent/ConcurrentHashMap$KeySetView.add;java/util/concurrent/ConcurrentHashMap.putVal;asm_exc_page_fault_[k];exc_page_fault_[k];do_user_addr_fault_[k];handle_mm_fault_[k];__handle_mm_fault_[k];handle_pte_fault_[k];do_anonymous_page_[k];_raw_spin_lock_[k] 1
java/lang/Thread.run;java/lang/Thread.runWith;java/util/concurrent/ThreadPoolExecutor$Worker.run;java/util/concurrent/ThreadPoolExecutor.runWorker;java/util/concurrent/FutureTask.run;java/util/concurrent/Executors$RunnableAdapter.call;java/util/concurrent/FutureTask.run;org/openjdk/jmh/runner/BenchmarkHandler$BenchmarkTask.call;org/openjdk/jmh/runner/BenchmarkHandler$BenchmarkTask.call;java/lang/reflect/Method.invoke;jdk/internal/reflect/DirectMethodHandleAccessor.invoke;jdk/internal/reflect/DirectMethodHandleAccessor.invokeImpl;java/lang/invoke/LambdaForm$MH.0x00007a6f9002e800.invokeExact_MT;java/lang/invoke/LambdaForm$MH.0x00007a6f9002e400.invoke;java/lang/invoke/DirectMethodHandle$Holder.invokeSpecial;uk/ac/ncl/jensen/benchmark/jmh_generated/VThreadChurnBenchmark_churn_jmhTest.churn_AverageTime;uk/ac/ncl/jensen/benchmark/jmh_generated/VThreadChurnBenchmark_churn_jmhTest.churn_avgt_jmhStub;uk/ac/ncl/jensen/benchmark/VThreadChurnBenchmark.churn;java/lang/ThreadBuilders$VirtualThreadBuilder.start;java/lang/VirtualThread.start;java/lang/VirtualThread.start;java/lang/VirtualThread.submitRunContinuation;java/util/concurrent/ForkJoinPool.execute;java/util/concurrent/ForkJoinPool.poolSubmit;java/util/concurrent/ForkJoinPool.submissionQueue;java/util/concurrent/ForkJoinPool$WorkQueue.getAndSetAccess 7
java/lang/Thread.run;java/lang/Thread.runWith;java/util/concurrent/ThreadPoolExecutor$Worker.run;java/util/concurrent/ThreadPoolExecutor.runWorker;java/util/concurrent/FutureTask.run;java/util/concurrent/Executors$RunnableAdapter.call;java/util/concurrent/FutureTask.run;org/openjdk/jmh/runner/BenchmarkHandler$BenchmarkTask.call;org/openjdk/jmh/runner/BenchmarkHandler$BenchmarkTask.call;java/lang/reflect/Method.invoke;jdk/internal/reflect/DirectMethodHandleAccessor.invoke;jdk/internal/reflect/DirectMethodHandleAccessor.invokeImpl;java/lang/invoke/LambdaForm$MH.0x00007a6f9002e800.invokeExact_MT;java/lang/invoke/LambdaForm$MH.0x00007a6f9002e400.invoke;java/lang/invoke/DirectMethodHandle$Holder.invokeSpecial;uk/ac/ncl/jensen/benchmark/jmh_generated/VThreadChurnBenchmark_churn_jmhTest.churn_AverageTime;uk/ac/ncl/jensen/benchmark/jmh_generated/VThreadChurnBenchmark_churn_jmhTest.churn_avgt_jmhStub;uk/ac/ncl/jensen/benchmark/VThreadChurnBenchmark.churn;java/lang/Thread.join;java/lang/Thread.join;java/lang/VirtualThread.joinNanos;java/util/concurrent/CountDownLatch.await;java/util/concurrent/locks/AbstractQueuedSynchronizer.acquireSharedInterruptibly;java/util/concurrent/locks/AbstractQueuedSynchronizer.acquire;java/util/concurrent/locks/LockSupport.park;jdk/internal/misc/Unsafe.park;Unsafe_Park;Parker::park;pthread_cond_wait;/usr/lib/x86_64-linux-gnu/libc.so.6;entry_SYSCALL_64_after_hwframe_[k];do_syscall_64_[k] 1
java/util/concurrent/ForkJoinWorkerThread.run;java/util/concurrent/ForkJoinPool.runWorker;java/util/concurrent/ForkJoinPool.scan;java/util/concurrent/ForkJoinPool$WorkQueue.topLevelExec;java/util/concurrent/ForkJoinTask.doExec;java/util/concurrent/ForkJoinTask$RunnableExecuteAction.exec;java/lang/VirtualThread$$Lambda.0x00007a6f90039c78.run;java/lang/VirtualThread.runContinuation;jdk/internal/vm/Continuation.run;jdk/internal/vm/Continuation.enterSpecial;jdk/internal/vm/Continuation.enter;jdk/internal/vm/Continuation.enter0;java/lang/VirtualThread$VThreadContinuation$1.run;java/lang/VirtualThread.run;_notify_jvmti_vthread_start;SharedRuntime::notify_jvmti_vthread_start;JvmtiVTMSTransitionDisabler::VTMS_vthread_start;JvmtiEventController::thread_started;JvmtiThreadState::JvmtiThreadState;Klass::is_subclass_of 1
java/util/concurrent/ForkJoinWorkerThread.run;java/util/concurrent/ForkJoinPool.runWorker;java/util/concurrent/ForkJoinPool.scan;java/util/concurrent/ForkJoinPool$WorkQueue.topLevelExec;java/util/concurrent/ForkJoinTask.doExec;java/util/concurrent/ForkJoinTask$RunnableExecuteAction.exec;java/lang/VirtualThread$$Lambda.0x00007a6f90039c78.run;java/lang/VirtualThread.runContinuation;jdk/internal/vm/Continuation.run;jdk/internal/vm/Continuation.enterSpecial;jdk/internal/vm/Continuation.enter;jdk/internal/vm/Continuation.enter0;java/lang/VirtualThread$VThreadContinuation$1.run;java/lang/VirtualThread.run;_notify_jvmti_vthread_end;SharedRuntime::notify_jvmti_vthread_end;JvmtiVTMSTransitionDisabler::VTMS_vthread_end;JvmtiExport::cleanup_thread;JvmtiEventController::thread_ended;JvmtiThreadState::~JvmtiThreadState;AccessInternal::PostRuntimeDispatch<G1BarrierSet::AccessBarrier<548964ul, G1BarrierSet>, (AccessInternal::BarrierType)0, 548964ul>::oop_access_barrier 5
java/util/concurrent/ForkJoinWorkerThread.run;java/util/concurrent/ForkJoinPool.runWorker;java/util/concurrent/ForkJoinPool.scan;java/util/concurrent/ForkJoinPool$WorkQueue.topLevelExec;java/util/concurrent/ForkJoinTask.doExec;java/util/concurrent/ForkJoinTask$RunnableExecuteAction.exec;java/lang/VirtualThread$$Lambda.0x00007a6f90039c78.run;java/lang/VirtualThread.runContinuation;jdk/internal/vm/Continuation.run;jdk/internal/vm/Continuation.enterSpecial;jdk/internal/vm/Continuation.enter;jdk/internal/vm/Continuation.enter0;java/lang/VirtualThread$VThreadContinuation$1.run;java/lang/VirtualThread.run;_notify_jvmti_vthread_end;SharedRuntime::notify_jvmti_vthread_end;JvmtiVTMSTransitionDisabler::VTMS_vthread_end;JvmtiExport::cleanup_thread;Mutex::lock;pthread_mutex_lock;/usr/lib/x86_64-linux-gnu/libc.so.6;entry_SYSCALL_64_after_hwframe_[k];do_syscall_64_[k] 3
java/util/concurrent/ForkJoinWorkerThread.run;java/util/concurrent/ForkJoinPool.runWorker;java/util/concurrent/ForkJoinPool.scan;java/util/concurrent/ForkJoinPool$WorkQueue.topLevelExec;java/util/concurrent/ForkJoinTask.doExec;java/util/concurrent/ForkJoinTask$RunnableExecuteAction.exec;java/lang/VirtualThread$$Lambda.0x00007a6f90039c78.run;java/lang/VirtualThread.runContinuation;jdk/internal/vm/Continuation.run;jdk/internal/vm/Continuation.enterSpecial;jdk/internal/vm/Continuation.enter;jdk/internal/vm/Continuation.enter0;java/lang/VirtualThread$VThreadContinuation$1.run;java/lang/VirtualThread.run;_notify_jvmti_vthread_start;SharedRuntime::notify_jvmti_vthread_start;JvmtiVTMSTransitionDisabler::VTMS_vthread_start;__pthread_mutex_unlock;/usr/lib/x86_64-linux-gnu/libc.so.6;entry_SYSCALL_64_after_hwframe_[k];do_syscall_64_[k];x64_sys_call_[k];__x64_sys_futex_[k];do_futex_[k];futex_wake_[k];wake_up_q_[k] 1
java/util/concurrent/ForkJoinWorkerThread.run;java/util/concurrent/ForkJoinPool.runWorker;java/util/concurrent/ForkJoinPool.scan 1
java/util/concurrent/ForkJoinWorkerThread.run;java/util/concurrent/ForkJoinPool.runWorker;java/util/concurrent/ForkJoinPool.scan;jdk/internal/misc/Unsafe.loadFence;asm_sysvec_apic_timer_interrupt_[k];sysvec_apic_timer_interrupt_[k];irq_exit_rcu_[k];__irq_exit_rcu_[k];handle_softirqs_[k];sched_balance_softirq_[k];sched_balance_update_blocked_averages_[k] 1
java/util/concurrent/ForkJoinWorkerThread.run;java/util/concurrent/ForkJoinPool.runWorker;java/util/concurrent/ForkJoinPool.scan;java/util/concurrent/ForkJoinPool$WorkQueue.topLevelExec;java/util/concurrent/ForkJoinTask.doExec;java/util/concurrent/ForkJoinTask$RunnableExecuteAction.exec;java/lang/VirtualThread$$Lambda.0x00007a6f90039c78.run;java/lang/VirtualThread.runContinuation;jdk/internal/vm/Continuation.run;jdk/internal/vm/Continuation.enterSpecial;jdk/internal/vm/Continuation.enter;jdk/internal/vm/Continuation.enter0;java/lang/VirtualThread$VThreadContinuation$1.run;java/lang/VirtualThread.run;_notify_jvmti_vthread_start;SharedRuntime::notify_jvmti_vthread_start;JvmtiVTMSTransitionDisabler::VTMS_vthread_start;JvmtiEventController::thread_started;JvmtiThreadState::JvmtiThreadState;OopStorage::allocate;__pthread_mutex_unlock 1
java/util/concurrent/ForkJoinWorkerThread.run;java/util/concurrent/ForkJoinPool.runWorker;java/util/concurrent/ForkJoinPool.scan 3
java/util/concurrent/ForkJoinWorkerThread.run;java/util/concurrent/ForkJoinPool.runWorker;java/util/concurrent/ForkJoinPool.scan;java/util/concurrent/ForkJoinPool$WorkQueue.topLevelExec;java/util/concurrent/ForkJoinTask.doExec;java/util/concurrent/ForkJoinTask$RunnableExecuteAction.exec;java/lang/VirtualThread$$Lambda.0x00007a6f90039c78.run;java/lang/VirtualThread.runContinuation;jdk/internal/vm/Continuation.run;jdk/internal/vm/Continuation.enterSpecial;jdk/internal/vm/Continuation.enter;jdk/internal/vm/Continuation.enter0;java/lang/VirtualThread$VThreadContinuation$1.run;java/lang/VirtualThread.run;_notify_jvmti_vthread_start;SharedRuntime::notify_jvmti_vthread_start;JvmtiVTMSTransitionDisabler::VTMS_vthread_start;__pthread_mutex_unlock;/usr/lib/x86_64-linux-gnu/libc.so.6;entry_SYSCALL_64_after_hwframe_[k];do_syscall_64_[k] 3
java/util/concurrent/ForkJoinWorkerThread.run;java/util/concurrent/ForkJoinPool.runWorker;java/util/concurrent/ForkJoinPool.scan;java/util/concurrent/ForkJoinPool$WorkQueue.topLevelExec;java/util/concurrent/ForkJoinTask.doExec;java/util/concurrent/ForkJoinTask$RunnableExecuteAction.exec;java/lang/VirtualThread$$Lambda.0x00007a6f90039c78.run;java/lang/VirtualThread.runContinuation;jdk/internal/vm/Continuation.run;java/lang/System$2.setScopedValueCache 1
java/util/concurrent/ForkJoinWorkerThread.run;java/util/concurrent/ForkJoinPool.runWorker;java/util/concurrent/ForkJoinPool.scan;java/util/concurrent/ForkJoinPool$WorkQueue.topLevelExec;java/util/concurrent/ForkJoinTask.doExec;java/util/concurrent/ForkJoinTask$RunnableExecuteAction.exec;java/lang/VirtualThread$$Lambda.0x00007a6f90039c78.run;java/lang/VirtualThread.runContinuation;jdk/internal/vm/Continuation.run;jdk/internal/vm/Continuation.enterSpecial;jdk/internal/vm/Continuation.enter;jdk/internal/vm/Continuation.enter0;java/lang/VirtualThread$VThreadContinuation$1.run;java/lang/VirtualThread.run;_notify_jvmti_vthread_start;SharedRuntime::notify_jvmti_vthread_start;JvmtiVTMSTransitionDisabler::VTMS_vthread_start;JvmtiVTMSTransitionDisabler::VTMS_mount_end;__pthread_mutex_unlock;/usr/lib/x86_64-linux-gnu/libc.so.6;entry_SYSCALL_64_after_hwframe_[k];do_syscall_64_[k];x64_sys_call_[k];__x64_sys_futex_[k];do_futex_[k];futex_wake_[k];_raw_spin_lock_[k];native_queued_spin_lock_slowpath_[k] 67
java/util/concurrent/ForkJoinWorkerThread.run;java/util/concurrent/ForkJoinPool.runWorker;java/util/concurrent/ForkJoinPool.scan;java/util/concurrent/ForkJoinPool$WorkQueue.topLevelExec;java/util/concurrent/ForkJoinTask.doExec;java/util/concurrent/ForkJoinTask$RunnableExecuteAction.exec;java/lang/VirtualThread$$Lambda.0x00007a6f90039c78.run;java/lang/VirtualThread.runContinuation;jdk/internal/vm/Continuation.run;jdk/internal/vm/Continuation.enterSpecial;jdk/internal/vm/Continuation.enter;jdk/internal/vm/Continuation.enter0;java/lang/VirtualThread$VThreadContinuation$1.run;java/lang/VirtualThread.run;_notify_jvmti_vthread_end;SharedRuntime::notify_jvmti_vthread_end;JvmtiVTMSTransitionDisabler::VTMS_vthread_end;JvmtiExport::cleanup_thread;JvmtiEventController::thread_ended;JvmtiThreadState::~JvmtiThreadState;java_lang_Thread::set_jvmti_thread_state 1
java/util/concurrent/ForkJoinWorkerThread.run;java/util/concurrent/ForkJoinPool.runWorker;java/util/concurrent/ForkJoinPool.scan;java/util/concurrent/ForkJoinPool$WorkQueue.topLevelExec;java/util/concurrent/ForkJoinTask.doExec;java/util/concurrent/ForkJoinTask$RunnableExecuteAction.exec;java/lang/VirtualThread$$Lambda.0x00007a6f90039c78.run;java/lang/VirtualThread.runContinuation;jdk/internal/vm/Continuation.run;jdk/internal/vm/Continuation.enterSpecial;jdk/internal/vm/Continuation.enter;jdk/internal/vm/Continuation.enter0;java/lang/VirtualThread$VThreadContinuation$1.run;java/lang/VirtualThread.run;_notify_jvmti_vthread_end;SharedRuntime::notify_jvmti_vthread_end;JvmtiVTMSTransitionDisabler::VTMS_vthread_end;__pthread_mutex_unlock;/usr/lib/x86_64-linux-gnu/libc.so.6;entry_SYSCALL_64_after_hwframe_[k];do_syscall_64_[k];__x64_sys_futex_[k] 1
java/util/concurrent/ForkJoinWorkerThread.run;java/util/concurrent/ForkJoinPool.runWorker;java/util/concurrent/ForkJoinPool.scan;java/util/concurrent/ForkJoinPool$WorkQueue.topLevelExec;java/util/concurrent/ForkJoinTask.doExec;java/util/concurrent/ForkJoinTask$RunnableExecuteAction.exec;java/lang/VirtualThread$$Lambda.0x00007a6f90039c78.run;java/lang/VirtualThread.runContinuation;jdk/internal/vm/Continuation.run;jdk/internal/vm/Continuation.enterSpecial;jdk/internal/vm/Continuation.enter;jdk/internal/vm/Continuation.enter0;java/lang/VirtualThread$VThreadContinuation$1.run;java/lang/VirtualThread.run;_notify_jvmti_vthread_start;SharedRuntime::notify_jvmti_vthread_start;JvmtiVTMSTransitionDisabler::VTMS_vthread_start;JvmtiEventController::thread_started;JvmtiThreadState::JvmtiThreadState 2
java/lang/Thread.run;java/lang/Thread.runWith;java/util/concurrent/ThreadPoolExecutor$Worker.run;java/util/concurrent/ThreadPoolExecutor.runWorker;java/util/concurrent/FutureTask.run;java/util/concurrent/Executors$RunnableAdapter.call;java/util/concurrent/FutureTask.run;org/openjdk/jmh/runner/BenchmarkHandler$BenchmarkTask.call;org/openjdk/jmh/runner/BenchmarkHandler$BenchmarkTask.call;java/lang/reflect/Method.invoke;jdk/internal/reflect/DirectMethodHandleAccessor.invoke;jdk/internal/reflect/DirectMethodHandleAccessor.invokeImpl;java/lang/invoke/LambdaForm$MH.0x00007a6f9002e800.invokeExact_MT;java/lang/invoke/LambdaForm$MH.0x00007a6f9002e400.invoke;java/lang/invoke/DirectMethodHandle$Holder.invokeSpecial;uk/ac/ncl/jensen/benchmark/jmh_generated/VThreadChurnBenchmark_churn_jmhTest.churn_AverageTime;uk/ac/ncl/jensen/benchmark/jmh_generated/VThreadChurnBenchmark_churn_jmhTest.churn_avgt_jmhStub;uk/ac/ncl/jensen/benchmark/VThreadChurnBenchmark.churn;java/lang/ThreadBuilders$VirtualThreadBuilder.start;java/lang/ThreadBuilders$VirtualThreadBuilder.unstarted;java/lang/ThreadBuilders.newVirtualThread;asm_exc_page_fault_[k];exc_page_fault_[k];do_user_addr_fault_[k];handle_mm_fault_[k];__handle_mm_fault_[k];handle_pte_fault_[k] 1
java/util/concurrent/ForkJoinWorkerThread.run;java/util/concurrent/ForkJoinPool.runWorker;java/util/concurrent/ForkJoinPool.scan;java/util/concurrent/ForkJoinPool$WorkQueue.topLevelExec;java/util/concurrent/ForkJoinTask.doExec;java/util/concurrent/ForkJoinTask$RunnableExecuteAction.exec;java/lang/VirtualThread$$Lambda.0x00007a6f90039c78.run;java/lang/VirtualThread.runContinuation;jdk/internal/vm/Continuation.run;jdk/internal/vm/Continuation.enterSpecial;jdk/internal/vm/Continuation.enter;jdk/internal/vm/Continuation.enter0;java/lang/VirtualThread$VThreadContinuation$1.run;java/lang/VirtualThread.run;_notify_jvmti_vthread_start;SharedRuntime::notify_jvmti_vthread_start;JvmtiVTMSTransitionDisabler::VTMS_vthread_start;JvmtiVTMSTransitionDisabler::finish_VTMS_transition;java_lang_Thread::set_is_in_VTMS_transition 2
java/util/concurrent/ForkJoinWorkerThread.run;java/util/concurrent/ForkJoinPool.runWorker;java/util/concurrent/ForkJoinPool.scan 1
java/util/concurrent/ForkJoinWorkerThread.run;java/util/concurrent/ForkJoinPool.runWorker;java/util/concurrent/ForkJoinPool.scan;java/util/concurrent/ForkJoinPool$WorkQueue.topLevelExec;java/util/concurrent/ForkJoinTask.doExec;java/util/concurrent/ForkJoinTask$RunnableExecuteAction.exec;java/lang/VirtualThread$$Lambda.0x00007a6f90039c78.run;java/lang/VirtualThread.runContinuation;jdk/internal/vm/Continuation.run;jdk/internal/vm/Continuation.enterSpecial;jdk/internal/vm/Continuation.enter;jdk/internal/vm/Continuation.enter0;java/lang/VirtualThread$VThreadContinuation$1.run;java/lang/VirtualThread.run;java/lang/Thread.runWith 5
java/util/concurrent/ForkJoinWorkerThread.run;java/util/concurrent/ForkJoinPool.runWorker;java/util/concurrent/ForkJoinPool.awaitWork;java/util/concurrent/locks/LockSupport.park;jdk/internal/misc/Unsafe.park;Unsafe_Park;Parker::park;pthread_cond_wait;/usr/lib/x86_64-linux-gnu/libc.so.6 1
java/util/concurrent/ForkJoinWorkerThread.run;java/util/concurrent/ForkJoinPool.runWorker;java/util/concurrent/ForkJoinPool.scan;java/util/concurrent/ForkJoinPool$WorkQueue.topLevelExec;java/util/concurrent/ForkJoinTask.doExec;java/util/concurrent/ForkJoinTask$RunnableExecuteAction.exec;java/lang/VirtualThread$$Lambda.0x00007a6f90039c78.run;java/lang/VirtualThread.runContinuation;jdk/internal/vm/Continuation.run;jdk/internal/vm/Continuation.enterSpecial;jdk/internal/vm/Continuation.enter;jdk/internal/vm/Continuation.enter0;java/lang/VirtualThread$VThreadContinuation$1.run;java/lang/VirtualThread.run;_notify_jvmti_vthread_start;SharedRuntime::notify_jvmti_vthread_start;JvmtiVTMSTransitionDisabler::VTMS_vthread_start;JvmtiVTMSTransitionDisabler::VTMS_mount_end;Mutex::lock;pthread_mutex_lock;/usr/lib/x86_64-linux-gnu/libc.so.6;entry_SYSCALL_64_after_hwframe_[k];do_syscall_64_[k];x64_sys_call_[k];__x64_sys_futex_[k];do_futex_[k];futex_wait_[k];__futex_wait_[k];futex_wait_setup_[k];_raw_spin_lock_[k] 8
java/util/concurrent/ForkJoinWorkerThread.run;java/util/concurrent/ForkJoinPool.runWorker;java/util/concurrent/ForkJoinPool.scan;java/util/concurrent/ForkJoinPool$WorkQueue.topLevelExec;java/util/concurrent/ForkJoinTask.doExec;java/util/concurrent/ForkJoinTask$RunnableExecuteAction.exec;java/lang/VirtualThread$$Lambda.0x00007a6f90039c78.run;java/lang/VirtualThread.runContinuation;jdk/internal/vm/Continuation.run;jdk/internal/vm/Continuation.enterSpecial;jdk/internal/vm/Continuation.enter;jdk/internal/vm/Continuation.enter0;java/lang/VirtualThread$VThreadContinuation$1.run;java/lang/VirtualThread.run;_notify_jvmti_vthread_start;SharedRuntime::notify_jvmti_vthread_start;JvmtiVTMSTransitionDisabler::VTMS_vthread_start;__pthread_mutex_unlock;/usr/lib/x86_64-linux-gnu/libc.so.6;entry_SYSCALL_64_after_hwframe_[k];do_syscall_64_[k];x64_sys_call_[k];__x64_sys_futex_[k];do_futex_[k] 1
java/util/concurrent/ForkJoinWorkerThread.run;java/util/concurrent/ForkJoinPool.runWorker;java/util/concurrent/ForkJoinPool.scan;java/util/concurrent/ForkJoinPool$WorkQueue.topLevelExec;java/util/concurrent/ForkJoinTask.doExec;java/util/concurrent/ForkJoinTask$RunnableExecuteAction.exec;java/lang/VirtualThread$$Lambda.0x00007a6f90039c78.run;java/lang/VirtualThread.runContinuation;jdk/internal/vm/Continuation.run;jdk/internal/vm/Continuation.enterSpecial;jdk/internal/vm/Continuation.enter;jdk/internal/vm/Continuation.enter0;java/lang/VirtualThread$VThreadContinuation$1.run;java/lang/VirtualThread.run;_notify_jvmti_vthread_start;SharedRuntime::notify_jvmti_vthread_start;JvmtiVTMSTransitionDisabler::VTMS_vthread_start;JvmtiVTMSTransitionDisabler::VTMS_mount_end;Mutex::lock;pthread_mutex_lock;/usr/lib/x86_64-linux-gnu/libc.so.6;entry_SYSCALL_64_after_hwframe_[k];do_syscall_64_[k];x64_sys_call_[k];__x64_sys_futex_[k];do_futex_[k];futex_wait_[k];__futex_wait_[k];futex_wait_setup_[k];get_futex_key_[k] 2
java/util/concurrent/ForkJoinWorkerThread.run;java/util/concurrent/ForkJoinPool.runWorker;java/util/concurrent/ForkJoinPool.scan;java/util/concurrent/ForkJoinPool$WorkQueue.topLevelExec;java/util/concurrent/ForkJoinTask.doExec;java/util/concurrent/ForkJoinTask$RunnableExecuteAction.exec;java/lang/VirtualThread$$Lambda.0x00007a6f90039c78.run;java/lang/VirtualThread.runContinuation;jdk/internal/vm/Continuation.run;jdk/internal/vm/Continuation.mount;jdk/internal/vm/Continuation.compareAndSetMounted;jdk/internal/misc/Unsafe.compareAndSetBoolean 2
java/util/concurrent/ForkJoinWorkerThread.run;java/util/concurrent/ForkJoinPool.runWorker;java/util/concurrent/ForkJoinPool.scan;java/util/concurrent/ForkJoinPool$WorkQueue.topLevelExec;java/util/concurrent/ForkJoinTask.doExec;java/util/concurrent/ForkJoinTask$RunnableExecuteAction.exec;java/lang/VirtualThread$$Lambda.0x00007a6f90039c78.run;java/lang/VirtualThread.runContinuation 1
java/util/concurrent/ForkJoinWorkerThread.run;java/util/concurrent/ForkJoinPool.runWorker;java/util/concurrent/ForkJoinPool.scan;java/util/concurrent/ForkJoinPool$WorkQueue.topLevelExec;java/util/concurrent/ForkJoinTask.doExec;java/util/concurrent/ForkJoinTask$RunnableExecuteAction.exec;java/lang/VirtualThread$$Lambda.0x00007a6f90039c78.run;java/lang/VirtualThread.runContinuation;jdk/internal/vm/Continuation.run;jdk/internal/vm/Continuation.enterSpecial;jdk/internal/vm/Continuation.enter;jdk/internal/vm/Continuation.enter0;java/lang/VirtualThread$VThreadContinuation$1.run;java/lang/VirtualThread.run;_notify_jvmti_vthread_start;SharedRuntime::notify_jvmti_vthread_start;JvmtiVTMSTransitionDisabler::VTMS_vthread_start;__pthread_mutex_unlock;/usr/lib/x86_64-linux-gnu/libc.so.6;entry_SYSCALL_64_after_hwframe_[k];do_syscall_64_[k];x64_sys_call_[k];__x64_sys_futex_[k];futex_wake_[k] 1
java/lang/Thread.run;java/lang/Thread.runWith;java/util/concurrent/ThreadPoolExecutor$Worker.run;java/util/concurrent/ThreadPoolExecutor.runWorker;java/util/concurrent/FutureTask.run;java/util/concurrent/Executors$RunnableAdapter.call;java/util/concurrent/FutureTask.run;org/openjdk/jmh/runner/BenchmarkHandler$BenchmarkTask.call;org/openjdk/jmh/runner/BenchmarkHandler$BenchmarkTask.call;java/lang/reflect/Method.invoke;jdk/internal/reflect/DirectMethodHandleAccessor.invoke;jdk/internal/reflect/DirectMethodHandleAccessor.invokeImpl;java/lang/invoke/LambdaForm$MH.0x00007a6f9002e800.invokeExact_MT;java/lang/invoke/LambdaForm$MH.0x00007a6f9002e400.invoke;java/lang/invoke/DirectMethodHandle$Holder.invokeSpecial;uk/ac/ncl/jensen/benchmark/jmh_generated/VThreadChurnBenchmark_churn_jmhTest.churn_AverageTime;uk/ac/ncl/jensen/benchmark/jmh_generated/VThreadChurnBenchmark_churn_jmhTest.churn_avgt_jmhStub;uk/ac/ncl/jensen/benchmark/VThreadChurnBenchmark.churn;java/lang/ThreadBuilders$VirtualThreadBuilder.start;java/lang/ThreadBuilders$VirtualThreadBuilder.unstarted;java/lang/ThreadBuilders.newVirtualThread;asm_exc_page_fault_[k];exc_page_fault_[k];do_user_addr_fault_[k];handle_mm_fault_[k];__handle_mm_fault_[k];handle_pte_fault_[k];do_anonymous_page_[k];alloc_anon_folio_[k];__mem_cgroup_charge_[k];charge_memcg_[k];try_charge_memcg_[k] 1
java/util/concurrent/ForkJoinWorkerThread.run;java/util/concurrent/ForkJoinPool.runWorker;java/util/concurrent/ForkJoinPool.awaitWork 4
java/util/concurrent/ForkJoinWorkerThread.run;java/util/concurrent/ForkJoinPool.runWorker;java/util/concurrent/ForkJoinPool.scan;java/util/concurrent/ForkJoinPool$WorkQueue.topLevelExec;java/util/concurrent/ForkJoinTask.doExec;java/util/concurrent/ForkJoinTask$RunnableExecuteAction.exec;java/lang/VirtualThread$$Lambda.0x00007a6f90039c78.run;java/lang/VirtualThread.runContinuation;jdk/internal/vm/Continuation.run;jdk/internal/vm/Continuation.enterSpecial;jdk/internal/vm/Continuation.enter;jdk/internal/vm/Continuation.enter0;java/lang/VirtualThread$VThreadContinuation$1.run;java/lang/VirtualThread.run;_notify_jvmti_vthread_end;SharedRuntime::notify_jvmti_vthread_end;JvmtiVTMSTransitionDisabler::VTMS_vthread_end;__pthread_mutex_unlock;/usr/lib/x86_64-linux-gnu/libc.so.6;entry_SYSCALL_64_after_hwframe_[k];do_syscall_64_[k];x64_sys_call_[k];__x64_sys_futex_[k];do_futex_[k];futex_wake_[k];_raw_spin_lock_[k];native_queued_spin_lock_slowpath_[k] 2
java/util/concurrent/ForkJoinWorkerThread.run;java/util/concurrent/ForkJoinPool.runWorker;java/util/concurrent/ForkJoinPool.scan;java/util/concurrent/ForkJoinPool$WorkQueue.topLevelExec;java/util/concurrent/ForkJoinTask.doExec;java/util/concurrent/ForkJoinTask$RunnableExecuteAction.exec;java/lang/VirtualThread$$Lambda.0x00007a6f90039c78.run;java/lang/VirtualThread.runContinuation;jdk/internal/vm/Continuation.run;jdk/internal/vm/Continuation.enterSpecial;jdk/internal/vm/Continuation.enter;jdk/internal/vm/Continuation.enter0;java/lang/VirtualThread$VThreadContinuation$1.run;java/lang/VirtualThread.run;_notify_jvmti_vthread_start;SharedRuntime::notify_jvmti_vthread_start;JvmtiVTMSTransitionDisabler::VTMS_vthread_start;__tls_get_addr@plt 1
java/util/concurrent/ForkJoinWorkerThread.run;java/util/concurrent/ForkJoinPool.runWorker;java/util/concurrent/ForkJoinPool.scan;java/util/concurrent/ForkJoinPool$WorkQueue.topLevelExec;java/util/concurrent/ForkJoinTask.doExec;java/util/concurrent/ForkJoinTask$RunnableExecuteAction.exec;java/lang/VirtualThread$$Lambda.0x00007a6f90039c78.run;java/lang/VirtualThread.runContinuation;java/lang/VirtualThread.mount;java/lang/VirtualThread.setCarrierThread 12
java/util/concurrent/ForkJoinWorkerThread.run;java/util/concurrent/ForkJoinPool.runWorker;java/util/concurrent/ForkJoinPool.scan;java/util/concurrent/ForkJoinPool$WorkQueue.topLevelExec;java/util/concurrent/ForkJoinTask.doExec;java/util/concurrent/ForkJoinTask$RunnableExecuteAction.exec;java/lang/VirtualThread$$Lambda.0x00007a6f90039c78.run;java/lang/VirtualThread.runContinuation;jdk/internal/vm/Continuation.run;jdk/internal/vm/Continuation.enterSpecial;jdk/internal/vm/Continuation.enter;jdk/internal/vm/Continuation.enter0;java/lang/VirtualThread$VThreadContinuation$1.run;java/lang/VirtualThread.run;_notify_jvmti_vthread_start;SharedRuntime::notify_jvmti_vthread_start;JvmtiVTMSTransitionDisabler::VTMS_vthread_start;JvmtiEventController::thread_started;Mutex::lock 5
java/util/concurrent/ForkJoinWorkerThread.run;java/util/concurrent/ForkJoinPool.runWorker;java/util/concurrent/ForkJoinPool.scan;java/util/concurrent/ForkJoinPool$WorkQueue.topLevelExec;java/util/concurrent/ForkJoinTask.doExec;java/util/concurrent/ForkJoinTask$RunnableExecuteAction.exec;java/lang/VirtualThread$$Lambda.0x00007a6f90039c78.run;java/lang/VirtualThread.runContinuation;jdk/internal/vm/Continuation.run;jdk/internal/vm/Continuation.enterSpecial;jdk/internal/vm/Continuation.enter;jdk/internal/vm/Continuation.enter0;java/lang/VirtualThread$VThreadContinuation$1.run;java/lang/VirtualThread.run;_notify_jvmti_vthread_end;SharedRuntime::notify_jvmti_vthread_end;JvmtiVTMSTransitionDisabler::VTMS_vthread_end;JvmtiExport::cleanup_thread;Mutex::lock;pthread_mutex_lock;/usr/lib/x86_64-linux-gnu/libc.so.6;entry_SYSCALL_64_after_hwframe_[k];do_syscall_64_[k];x64_sys_call_[k];__x64_sys_futex_[k];do_futex_[k];futex_wait_[k];__futex_wait_[k];futex_wait_setup_[k];futex_q_lock_[k];_raw_spin_lock_[k];native_queued_spin_lock_slowpath_[k] 1
java/util/concurrent/ForkJoinWorkerThread.run;java/util/concurrent/ForkJoinPool.runWorker;java/util/concurrent/ForkJoinPool.scan;java/util/concurrent/ForkJoinPool$WorkQueue.topLevelExec;java/util/concurrent/ForkJoinTask.doExec;java/util/concurrent/ForkJoinTask$RunnableExecuteAction.exec;java/lang/VirtualThread$$Lambda.0x00007a6f90039c78.run;java/lang/VirtualThread.runContinuation;jdk/internal/vm/Continuation.run;jdk/internal/vm/Continuation.enterSpecial;jdk/internal/vm/Continuation.enter;jdk/internal/vm/Continuation.enter0;java/lang/VirtualThread$VThreadContinuation$1.run;java/lang/VirtualThread.run;_notify_jvmti_vthread_end;SharedRuntime::notify_jvmti_vthread_end;JvmtiVTMSTransitionDisabler::VTMS_vthread_end;JvmtiExport::cleanup_thread;JvmtiEventController::thread_ended;JvmtiThreadState::~JvmtiThreadState;AccessInternal::PostRuntimeDispatch<G1BarrierSet::AccessBarrier<548964ul, G1BarrierSet>, (AccessInternal::BarrierType)2, 548964ul>::oop_access_barrier 2
java/util/concurrent/ForkJoinWorkerThread.run;java/util/concurrent/ForkJoinPool.runWorker;java/util/concurrent/ForkJoinPool.scan;java/util/concurrent/ForkJoinPool$WorkQueue.topLevelExec;java/util/concurrent/ForkJoinTask.doExec;java/util/concurrent/ForkJoinTask$RunnableExecuteAction.exec;java/lang/VirtualThread$$Lambda.0x00007a6f90039c78.run;java/lang/VirtualThread.runContinuation;jdk/internal/vm/Continuation.run;jdk/internal/vm/Continuation.enterSpecial;jdk/internal/vm/Continuation.enter;jdk/internal/vm/Continuation.enter0;java/lang/VirtualThread$VThreadContinuation$1.run;java/lang/VirtualThread.run;_notify_jvmti_vthread_end;SharedRuntime::notify_jvmti_vthread_end;JvmtiVTMSTransitionDisabler::VTMS_vthread_end;JvmtiExport::cleanup_thread;JvmtiEventController::thread_ended;JvmtiThreadState::~JvmtiThreadState;_SafeFetchN_fault 1
java/lang/Thread.run;java/lang/Thread.runWith;java/util/concurrent/ThreadPoolExecutor$Worker.run;java/util/concurrent/ThreadPoolExecutor.runWorker;java/util/concurrent/FutureTask.run;java/util/concurrent/Executors$RunnableAdapter.call;java/util/concurrent/FutureTask.run;org/openjdk/jmh/runner/BenchmarkHandler$BenchmarkTask.call;org/openjdk/jmh/runner/BenchmarkHandler$BenchmarkTask.call;java/lang/reflect/Method.invoke;jdk/internal/reflect/DirectMethodHandleAccessor.invoke;jdk/internal/reflect/DirectMethodHandleAccessor.invokeImpl;java/lang/invoke/LambdaForm$MH.0x00007a6f9002e800.invokeExact_MT;java/lang/invoke/LambdaForm$MH.0x00007a6f9002e400.invoke;java/lang/invoke/DirectMethodHandle$Holder.invokeSpecial;uk/ac/ncl/jensen/benchmark/jmh_generated/VThreadChurnBenchmark_churn_jmhTest.churn_AverageTime;uk/ac/ncl/jensen/benchmark/jmh_generated/VThreadChurnBenchmark_churn_jmhTest.churn_avgt_jmhStub;uk/ac/ncl/jensen/benchmark/VThreadChurnBenchmark.churn;java/lang/Thread.join;java/lang/Thread.join;java/lang/VirtualThread.joinNanos;java/util/concurrent/CountDownLatch.await;java/util/concurrent/locks/AbstractQueuedSynchronizer.acquireSharedInterruptibly;java/util/concurrent/locks/AbstractQueuedSynchronizer.acquire;java/util/concurrent/locks/LockSupport.park;jdk/internal/misc/Unsafe.park;Unsafe_Park;Parker::park;pthread_cond_wait;/usr/lib/x86_64-linux-gnu/libc.so.6;entry_SYSCALL_64_after_hwframe_[k];do_syscall_64_[k];x64_sys_call_[k];__x64_sys_futex_[k];do_futex_[k];futex_setup_timer_[k] 1
java/util/concurrent/ForkJoinWorkerThread.run;java/util/concurrent/ForkJoinPool.runWorker;java/util/concurrent/ForkJoinPool.scan;java/util/concurrent/ForkJoinPool$WorkQueue.topLevelExec;java/util/concurrent/ForkJoinTask.doExec;java/util/concurrent/ForkJoinTask$RunnableExecuteAction.exec;java/lang/VirtualThread$$Lambda.0x00007a6f90039c78.run;java/lang/VirtualThread.runContinuation;jdk/internal/vm/Continuation.run;jdk/internal/vm/Continuation.enterSpecial;jdk/internal/vm/Continuation.enter;jdk/internal/vm/Continuation.enter0;java/lang/VirtualThread$VThreadContinuation$1.run;java/lang/VirtualThread.run;_notify_jvmti_vthread_start;SharedRuntime::notify_jvmti_vthread_start;JvmtiVTMSTransitionDisabler::VTMS_vthread_start;JvmtiEventController::thread_started;Mutex::lock;pthread_mutex_lock;/usr/lib/x86_64-linux-gnu/libc.so.6;entry_SYSCALL_64_after_hwframe_[k];do_syscall_64_[k] 16
java/util/concurrent/ForkJoinWorkerThread.run;java/util/concurrent/ForkJoinPool.runWorker;java/util/concurrent/ForkJoinPool.scan 8
java/util/concurrent/ForkJoinWorkerThread.run;java/util/concurrent/ForkJoinPool.runWorker;java/util/concurrent/ForkJoinPool.scan;java/util/concurrent/ForkJoinPool$WorkQueue.topLevelExec;java/util/concurrent/ForkJoinTask.doExec;java/util/concurrent/ForkJoinTask$RunnableExecuteAction.exec;java/lang/VirtualThread$$Lambda.0x00007a6f90039c78.run;java/lang/VirtualThread.runContinuation;jdk/internal/vm/Continuation.run;jdk/internal/vm/Continuation.enterSpecial;jdk/internal/vm/Continuation.enter;jdk/internal/vm/Continuation.enter0;java/lang/VirtualThread$VThreadContinuation$1.run;java/lang/VirtualThread.run;_notify_jvmti_vthread_end;SharedRuntime::notify_jvmti_vthread_end;JvmtiVTMSTransitionDisabler::VTMS_vthread_end;JvmtiExport::cleanup_thread;Mutex::lock;pthread_mutex_trylock 3
java/util/concurrent/ForkJoinWorkerThread.run;java/util/concurrent/ForkJoinPool.runWorker;java/util/concurrent/ForkJoinPool.scan;java/util/concurrent/ForkJoinPool$WorkQueue.topLevelExec;java/util/concurrent/ForkJoinTask.doExec;java/util/concurrent/ForkJoinTask$RunnableExecuteAction.exec;java/lang/VirtualThread$$Lambda.0x00007a6f90039c78.run;java/lang/VirtualThread.runContinuation;jdk/internal/vm/Continuation.run;jdk/internal/vm/Continuation.enterSpecial;jdk/internal/vm/Continuation.enter;jdk/internal/vm/Continuation.enter0;java/lang/VirtualThread$VThreadContinuation$1.run;java/lang/VirtualThread.run;_notify_jvmti_vthread_start;SharedRuntime::notify_jvmti_vthread_start;JvmtiVTMSTransitionDisabler::VTMS_vthread_start;__pthread_mutex_unlock;/usr/lib/x86_64-linux-gnu/libc.so.6;entry_SYSCALL_64_after_hwframe_[k];do_syscall_64_[k];x64_sys_call_[k];__x64_sys_futex_[k];do_futex_[k];futex_wake_[k];futex_wake_mark_[k] 24
java/util/concurrent/ForkJoinWorkerThread.run;java/util/concurrent/ForkJoinPool.runWorker;java/util/concurrent/ForkJoinPool.scan;java/util/concurrent/ForkJoinPool$WorkQueue.topLevelExec;java/util/concurrent/ForkJoinTask.doExec;java/util/concurrent/ForkJoinTask$RunnableExecuteAction.exec;java/lang/VirtualThread$$Lambda.0x00007a6f90039c78.run;java/lang/VirtualThread.runContinuation;jdk/internal/vm/Continuation.run;jdk/internal/vm/Continuation.enterSpecial;jdk/internal/vm/Continuation.enter;jdk/internal/vm/Continuation.enter0;java/lang/VirtualThread$VThreadContinuation$1.run;java/lang/VirtualThread.run;_notify_jvmti_vthread_end;SharedRuntime::notify_jvmti_vthread_end;JavaThread::rebind_to_jvmti_thread_state_of;Continuation::set_cont_fastpath_thread_state 2
java/util/concurrent/ForkJoinWorkerThread.run;java/util/concurrent/ForkJoinPool.runWorker;java/util/concurrent/ForkJoinPool.scan 7
java/util/concurrent/ForkJoinWorkerThread.run;java/util/concurrent/ForkJoinPool.runWorker;java/util/concurrent/ForkJoinPool.scan 14
java/util/concurrent/ForkJoinWorkerThread.run;java/util/concurrent/ForkJoinPool.runWorker;java/util/concurrent/ForkJoinPool.scan;java/util/concurrent/ForkJoinPool$WorkQueue.topLevelExec;java/util/concurrent/ForkJoinTask.doExec;java/util/concurrent/ForkJoinTask$RunnableExecuteAction.exec;java/lang/VirtualThread$$Lambda.0x00007a6f90039c78.run;java/lang/VirtualThread.runContinuation;jdk/internal/vm/Continuation.run;java/lang/System$2.setContinuation;java/lang/Thread.setContinuation 1
java/util/concurrent/ForkJoinWorkerThread.run;java/util/concurrent/ForkJoinPool.runWorker;java/util/concurrent/ForkJoinPool.scan 24
java/util/concurrent/ForkJoinWorkerThread.run;java/util/concurrent/ForkJoinPool.runWorker;java/util/concurrent/ForkJoinPool.scan;java/util/concurrent/ForkJoinPool$WorkQueue.topLevelExec;java/util/concurrent/ForkJoinTask.doExec;java/util/concurrent/ForkJoinTask$RunnableExecuteAction.exec;java/lang/VirtualThread$$Lambda.0x00007a6f90039c78.run;java/lang/VirtualThread.runContinuation;jdk/internal/vm/Continuation.run;jdk/internal/vm/Continuation.enterSpecial;jdk/internal/vm/Continuation.enter;jdk/internal/vm/Continuation.enter0;java/lang/VirtualThread$VThreadContinuation$1.run;java/lang/VirtualThread.run;_notify_jvmti_vthread_end;SharedRuntime::notify_jvmti_vthread_end;JvmtiVTMSTransitionDisabler::VTMS_vthread_end;__pthread_mutex_unlock;/usr/lib/x86_64-linux-gnu/libc.so.6;entry_SYSCALL_64_after_hwframe_[k];do_syscall_64_[k];x64_sys_call_[k];__x64_sys_futex_[k];do_futex_[k];futex_wake_[k];futex_hash_[k];__futex_hash_[k] 9
java/util/concurrent/ForkJoinWorkerThread.run;java/util/concurrent/ForkJoinPool.runWorker;java/util/concurrent/ForkJoinPool.scan;java/util/concurrent/ForkJoinPool$WorkQueue.topLevelExec;java/util/concurrent/ForkJoinTask.doExec;java/util/concurrent/ForkJoinTask$RunnableExecuteAction.exec;java/lang/VirtualThread$$Lambda.0x00007a6f90039c78.run;java/lang/VirtualThread.runContinuation;jdk/internal/vm/Continuation.run;jdk/internal/vm/Continuation.enterSpecial;jdk/internal/vm/Continuation.enter;jdk/internal/vm/Continuation.enter0;java/lang/VirtualThread$VThreadContinuation$1.run;java/lang/VirtualThread.run;java/lang/Thread.runWith 3
java/util/concurrent/ForkJoinWorkerThread.run;java/util/concurrent/ForkJoinPool.runWorker;java/util/concurrent/ForkJoinPool.scan;java/util/concurrent/ForkJoinPool$WorkQueue.topLevelExec;java/util/concurrent/ForkJoinTask.doExec;java/util/concurrent/ForkJoinTask$RunnableExecuteAction.exec;java/lang/VirtualThread$$Lambda.0x00007a6f90039c78.run;java/lang/VirtualThread.runContinuation;jdk/internal/vm/Continuation.run;jdk/internal/vm/Continuation.enterSpecial;jdk/internal/vm/Continuation.enter;jdk/internal/vm/Continuation.enter0;java/lang/VirtualThread$VThreadContinuation$1.run;java/lang/VirtualThread.run;_notify_jvmti_vthread_start;SharedRuntime::notify_jvmti_vthread_start;JvmtiVTMSTransitionDisabler::VTMS_vthread_start;JvmtiVTMSTransitionDisabler::finish_VTMS_transition 18
java/util/concurrent/ForkJoinWorkerThread.run;java/util/concurrent/ForkJoinPool.runWorker;java/util/concurrent/ForkJoinPool.scan;java/util/concurrent/ForkJoinPool$WorkQueue.topLevelExec;java/util/concurrent/ForkJoinTask.doExec;java/util/concurrent/ForkJoinTask$RunnableExecuteAction.exec;java/lang/VirtualThread$$Lambda.0x00007a6f90039c78.run;java/lang/VirtualThread.runContinuation;jdk/internal/vm/Continuation.run;jdk/internal/vm/Continuation.enterSpecial;jdk/internal/vm/Continuation.enter;jdk/internal/vm/Continuation.enter0;java/lang/VirtualThread$VThreadContinuation$1.run;java/lang/VirtualThread.run;_notify_jvmti_vthread_end;SharedRuntime::notify_jvmti_vthread_end 1
java/util/concurrent/ForkJoinWorkerThread.run;java/util/concurrent/ForkJoinPool.runWorker;java/util/concurrent/ForkJoinPool.scan;java/util/concurrent/ForkJoinPool$WorkQueue.topLevelExec 1
java/util/concurrent/ForkJoinWorkerThread.run;java/util/concurrent/ForkJoinPool.runWorker;java/util/concurrent/ForkJoinPool.scan;java/util/concurrent/ForkJoinPool$WorkQueue.topLevelExec;java/util/concurrent/ForkJoinTask.doExec;java/util/concurrent/ForkJoinTask$RunnableExecuteAction.exec;java/lang/VirtualThread$$Lambda.0x00007a6f90039c78.run;java/lang/VirtualThread.runContinuation;jdk/internal/vm/Continuation.run;jdk/internal/vm/Continuation.enterSpecial;jdk/internal/vm/Continuation.enter;jdk/internal/vm/Continuation.enter0;java/lang/VirtualThread$VThreadContinuation$1.run;java/lang/VirtualThread.run;_notify_jvmti_vthread_end;SharedRuntime::notify_jvmti_vthread_end;JvmtiVTMSTransitionDisabler::VTMS_vthread_end;__tls_get_addr@plt 1
java/util/concurrent/ForkJoinWorkerThread.run;java/util/concurrent/ForkJoinPool.runWorker;java/util/concurrent/ForkJoinPool.scan;java/util/concurrent/ForkJoinPool$WorkQueue.topLevelExec;java/util/concurrent/ForkJoinTask.doExec;java/util/concurrent/ForkJoinTask$RunnableExecuteAction.exec;java/lang/VirtualThread$$Lambda.0x00007a6f90039c78.run;java/lang/VirtualThread.runContinuation;jdk/internal/vm/Continuation.run;jdk/internal/vm/Continuation.enterSpecial;jdk/internal/vm/Continuation.enter;jdk/internal/vm/Continuation.enter0;java/lang/VirtualThread$VThreadContinuation$1.run;java/lang/VirtualThread.run;_notify_jvmti_vthread_start;SharedRuntime::notify_jvmti_vthread_start;JvmtiVTMSTransitionDisabler::VTMS_vthread_start;JvmtiEventController::thread_started;Mutex::lock;pthread_mutex_lock;/usr/lib/x86_64-linux-gnu/libc.so.6;entry_SYSCALL_64_after_hwframe_[k];do_syscall_64_[k];x64_sys_call_[k];__x64_sys_futex_[k];do_futex_[k];futex_wait_[k];__futex_wait_[k];futex_wait_setup_[k];futex_q_lock_[k] 42
java/util/concurrent/ForkJoinWorkerThread.run;java/util/concurrent/ForkJoinPool.runWorker;java/util/concurrent/ForkJoinPool.scan 3
java/util/concurrent/ForkJoinWorkerThread.run;java/util/concurrent/ForkJoinPool.runWorker;java/util/concurrent/ForkJoinPool.scan;java/util/concurrent/ForkJoinPool$WorkQueue.topLevelExec;java/util/concurrent/ForkJoinTask.doExec;java/util/concurrent/ForkJoinTask$RunnableExecuteAction.exec;java/lang/VirtualThread$$Lambda.0x00007a6f90039c78.run;java/lang/VirtualThread.runContinuation;jdk/internal/vm/Continuation.run;jdk/internal/vm/Continuation.enterSpecial;jdk/internal/vm/Continuation.enter;jdk/internal/vm/Continuation.enter0;java/lang/VirtualThread$VThreadContinuation$1.run;java/lang/VirtualThread.run;_notify_jvmti_vthread_start;SharedRuntime::notify_jvmti_vthread_start;JvmtiVTMSTransitionDisabler::VTMS_vthread_start;JvmtiEventController::thread_started;Mutex::lock;pthread_mutex_lock;/usr/lib/x86_64-linux-gnu/libc.so.6;entry_SYSCALL_64_after_hwframe_[k];do_syscall_64_[k];x64_sys_call_[k];__x64_sys_futex_[k];do_futex_[k];futex_wait_[k];__futex_wait_[k] 1
java/util/concurrent/ForkJoinWorkerThread.run;java/util/concurrent/ForkJoinPool.runWorker;java/util/concurrent/ForkJoinPool.scan;java/util/concurrent/ForkJoinPool$WorkQueue.topLevelExec;java/util/concurrent/ForkJoinTask.doExec;java/util/concurrent/ForkJoinTask$RunnableExecuteAction.exec;java/lang/VirtualThread$$Lambda.0x00007a6f90039c78.run;java/lang/VirtualThread.runContinuation;jdk/internal/vm/Continuation.run;jdk/internal/vm/Continuation.enterSpecial;jdk/internal/vm/Continuation.enter;jdk/internal/vm/Continuation.enter0;java/lang/VirtualThread$VThreadContinuation$1.run;java/lang/VirtualThread.run;_notify_jvmti_vthread_start;SharedRuntime::notify_jvmti_vthread_start;JvmtiVTMSTransitionDisabler::VTMS_vthread_start;JvmtiEventController::thread_started;Mutex::lock;pthread_mutex_lock;/usr/lib/x86_64-linux-gnu/libc.so.6 1
java/util/concurrent/ForkJoinWorkerThread.run;java/util/concurrent/ForkJoinPool.runWorker;java/util/concurrent/ForkJoinPool.scan;java/util/concurrent/ForkJoinPool$WorkQueue.topLevelExec;java/util/concurrent/ForkJoinTask.doExec;java/util/concurrent/ForkJoinTask$RunnableExecuteAction.exec;java/lang/VirtualThread$$Lambda.0x00007a6f90039c78.run;java/lang/VirtualThread.runContinuation;jdk/internal/vm/Continuation.run;jdk/internal/vm/Continuation.enterSpecial;jdk/internal/vm/Continuation.enter;jdk/internal/vm/Continuation.enter0;java/lang/VirtualThread$VThreadContinuation$1.run;java/lang/VirtualThread.run;_notify_jvmti_vthread_end;SharedRuntime::notify_jvmti_vthread_end;JvmtiVTMSTransitionDisabler::VTMS_vthread_end;JvmtiExport::cleanup_thread;Mutex::lock;pthread_mutex_lock;/usr/lib/x86_64-linux-gnu/libc.so.6;entry_SYSCALL_64_after_hwframe_[k];do_syscall_64_[k];x64_sys_call_[k];__x64_sys_futex_[k];do_futex_[k];futex_wait_[k];__futex_wait_[k];futex_wait_setup_[k];futex_q_lock_[k] 2
java/lang/Thread.run;java/lang/Thread.runWith;java/util/concurrent/ThreadPoolExecutor$Worker.run;java/util/concurrent/ThreadPoolExecutor.runWorker;java/util/concurrent/FutureTask.run;java/util/concurrent/Executors$RunnableAdapter.call;java/util/concurrent/FutureTask.run;org/openjdk/jmh/runner/BenchmarkHandler$BenchmarkTask.call;org/openjdk/jmh/runner/BenchmarkHandler$BenchmarkTask.call;java/lang/reflect/Method.invoke;jdk/internal/reflect/DirectMethodHandleAccessor.invoke;jdk/internal/reflect/DirectMethodHandleAccessor.invokeImpl;java/lang/invoke/LambdaForm$MH.0x00007a6f9002e800.invokeExact_MT;java/lang/invoke/LambdaForm$MH.0x00007a6f9002e400.invoke;java/lang/invoke/DirectMethodHandle$Holder.invokeSpecial;uk/ac/ncl/jensen/benchmark/jmh_generated/VThreadChurnBenchmark_churn_jmhTest.churn_AverageTime;uk/ac/ncl/jensen/benchmark/jmh_generated/VThreadChurnBenchmark_churn_jmhTest.churn_avgt_jmhStub;uk/ac/ncl/jensen/benchmark/VThreadChurnBenchmark.churn;java/lang/ThreadBuilders$VirtualThreadBuilder.start;java/lang/ThreadBuilders$VirtualThreadBuilder.unstarted;java/lang/ThreadBuilders.newVirtualThread;java/lang/VirtualThread.<init>;java/lang/BaseVirtualThread.<init>;java/lang/Thread.<init> 15
java/util/concurrent/ForkJoinWorkerThread.run;java/util/concurrent/ForkJoinPool.runWorker;java/util/concurrent/ForkJoinPool.scan;java/util/concurrent/ForkJoinPool$WorkQueue.topLevelExec;java/util/concurrent/ForkJoinTask.doExec;java/util/concurrent/ForkJoinTask$RunnableExecuteAction.exec;java/lang/VirtualThread$$Lambda.0x00007a6f90039c78.run;java/lang/VirtualThread.runContinuation;jdk/internal/vm/Continuation.run;jdk/internal/vm/Continuation.enterSpecial;jdk/internal/vm/Continuation.enter;jdk/internal/vm/Continuation.enter0;java/lang/VirtualThread$VThreadContinuation$1.run;java/lang/VirtualThread.run;_notify_jvmti_vthread_start;SharedRuntime::notify_jvmti_vthread_start;JvmtiVTMSTransitionDisabler::VTMS_vthread_start;JvmtiEventController::thread_started;Mutex::lock;pthread_mutex_lock;/usr/lib/x86_64-linux-gnu/libc.so.6;entry_SYSCALL_64_after_hwframe_[k];do_syscall_64_[k] 1
java/util/concurrent/ForkJoinWorkerThread.run;java/util/concurrent/ForkJoinPool.runWorker;java/util/concurrent/ForkJoinPool.scan;java/util/concurrent/ForkJoinPool$WorkQueue.topLevelExec;java/util/concurrent/ForkJoinTask.doExec;java/util/concurrent/ForkJoinTask$RunnableExecuteAction.exec;java/lang/VirtualThread$$Lambda.0x00007a6f90039c78.run;java/lang/VirtualThread.runContinuation;jdk/internal/vm/Continuation.run;jdk/internal/vm/Continuation.enterSpecial;jdk/internal/vm/Continuation.enter;jdk/internal/vm/Continuation.enter0;java/lang/VirtualThread$VThreadContinuation$1.run;java/lang/VirtualThread.run;_notify_jvmti_vthread_start;SharedRuntime::notify_jvmti_vthread_start;JvmtiVTMSTransitionDisabler::VTMS_vthread_start;__pthread_mutex_unlock;/usr/lib/x86_64-linux-gnu/libc.so.6;entry_SYSCALL_64_after_hwframe_[k];do_syscall_64_[k];x64_sys_call_[k];__x64_sys_futex_[k];do_futex_[k];futex_wake_[k];futex_hash_[k];__futex_hash_[k] 5
java/util/concurrent/ForkJoinWorkerThread.run;java/util/concurrent/ForkJoinPool.runWorker;java/util/concurrent/ForkJoinPool.scan;java/util/concurrent/ForkJoinPool$WorkQueue.topLevelExec;java/util/concurrent/ForkJoinTask.doExec;java/util/concurrent/ForkJoinTask$RunnableExecuteAction.exec;java/lang/VirtualThread$$Lambda.0x00007a6f90039c78.run;java/lang/VirtualThread.runContinuation;jdk/internal/vm/Continuation.run;jdk/internal/vm/Continuation.enterSpecial;jdk/internal/vm/Continuation.enter;jdk/internal/vm/Continuation.enter0;java/lang/VirtualThread$VThreadContinuation$1.run;java/lang/VirtualThread.run;_notify_jvmti_vthread_end;SharedRuntime::notify_jvmti_vthread_end;JvmtiVTMSTransitionDisabler::VTMS_vthread_end;AccessInternal::PostRuntimeDispatch<G1BarrierSet::AccessBarrier<548964ul, G1BarrierSet>, (AccessInternal::BarrierType)2, 548964ul>::oop_access_barrier 5
java/util/concurrent/ForkJoinWorkerThread.run;java/util/concurrent/ForkJoinPool.runWorker;java/util/concurrent/ForkJoinPool.scan;java/util/concurrent/ForkJoinPool$WorkQueue.topLevelExec;java/util/concurrent/ForkJoinTask.doExec;java/util/concurrent/ForkJoinTask$RunnableExecuteAction.exec;java/lang/VirtualThread$$Lambda.0x00007a6f90039c78.run;java/lang/VirtualThread.runContinuation;jdk/internal/vm/Continuation.run;jdk/internal/vm/Continuation.enterSpecial;jdk/internal/vm/Continuation.enter;jdk/internal/vm/Continuation.enter0;java/lang/VirtualThread$VThreadContinuation$1.run;java/lang/VirtualThread.run;_notify_jvmti_vthread_end;SharedRuntime::notify_jvmti_vthread_end;JvmtiVTMSTransitionDisabler::VTMS_vthread_end;JvmtiExport::cleanup_thread;Mutex::lock;pthread_mutex_lock;/usr/lib/x86_64-linux-gnu/libc.so.6;entry_SYSCALL_64_after_hwframe_[k];do_syscall_64_[k];x64_sys_call_[k];__x64_sys_futex_[k];do_futex_[k];__futex_wait_[k] 1
java/util/concurrent/ForkJoinWorkerThread.run;java/util/concurrent/ForkJoinPool.runWorker;java/util/concurrent/ForkJoinPool.scan 1
java/util/concurrent/ForkJoinWorkerThread.run;java/util/concurrent/ForkJoinPool.runWorker;java/util/concurrent/ForkJoinPool.scan;java/util/concurrent/ForkJoinPool$WorkQueue.topLevelExec;java/util/concurrent/ForkJoinTask.doExec;java/util/concurrent/ForkJoinTask$RunnableExecuteAction.exec;java/lang/VirtualThread$$Lambda.0x00007a6f90039c78.run;java/lang/VirtualThread.runContinuation;jdk/internal/vm/Continuation.run;jdk/internal/vm/Continuation.enterSpecial;jdk/internal/vm/Continuation.enter;jdk/internal/vm/Continuation.enter0;java/lang/VirtualThread$VThreadContinuation$1.run;java/lang/VirtualThread.run;_notify_jvmti_vthread_end;SharedRuntime::notify_jvmti_vthread_end;JvmtiVTMSTransitionDisabler::VTMS_vthread_end;JvmtiExport::cleanup_thread;Mutex::lock;pthread_mutex_lock;/usr/lib/x86_64-linux-gnu/libc.so.6;entry_SYSCALL_64_after_hwframe_[k];do_syscall_64_[k];x64_sys_call_[k];__x64_sys_futex_[k];do_futex_[k];futex_wait_[k];__futex_wait_[k];futex_wait_setup_[k];_raw_spin_lock_[k] 3
java/util/concurrent/ForkJoinWorkerThread.run;java/util/concurrent/ForkJoinPool.runWorker;java/util/concurrent/ForkJoinPool.scan 1
java/util/concurrent/ForkJoinWorkerThread.run;java/util/concurrent/ForkJoinPool.runWorker;java/util/concurrent/ForkJoinPool.scan;java/util/concurrent/ForkJoinPool$WorkQueue.topLevelExec;java/util/concurrent/ForkJoinTask.doExec;java/util/concurrent/ForkJoinTask$RunnableExecuteAction.exec;java/lang/VirtualThread$$Lambda.0x00007a6f90039c78.run;java/lang/VirtualThread.runContinuation;jdk/internal/vm/Continuation.run;jdk/internal/vm/Continuation.enterSpecial;jdk/internal/vm/Continuation.enter;jdk/internal/vm/Continuation.enter0;java/lang/VirtualThread$VThreadContinuation$1.run;java/lang/VirtualThread.run;_notify_jvmti_vthread_end;SharedRuntime::notify_jvmti_vthread_end;JvmtiVTMSTransitionDisabler::VTMS_vthread_end;__pthread_mutex_unlock;/usr/lib/x86_64-linux-gnu/libc.so.6;entry_SYSCALL_64_after_hwframe_[k];do_syscall_64_[k];x64_sys_call_[k];__x64_sys_futex_[k];do_futex_[k];futex_hash_put_[k] 2
java/util/concurrent/ForkJoinWorkerThread.run;java/util/concurrent/ForkJoinPool.runWorker;java/util/concurrent/ForkJoinPool.scan;java/util/concurrent/ForkJoinPool$WorkQueue.topLevelExec;java/util/concurrent/ForkJoinTask.doExec;java/util/concurrent/ForkJoinTask$RunnableExecuteAction.exec;java/lang/VirtualThread$$Lambda.0x00007a6f90039c78.run;java/lang/VirtualThread.runContinuation;jdk/internal/vm/Continuation.run;jdk/internal/vm/Continuation.enterSpecial;jdk/internal/vm/Continuation.enter;jdk/internal/vm/Continuation.enter0;java/lang/VirtualThread$VThreadContinuation$1.run;java/lang/VirtualThread.run;_notify_jvmti_vthread_start;SharedRuntime::notify_jvmti_vthread_start;JvmtiVTMSTransitionDisabler::VTMS_vthread_start;JvmtiVTMSTransitionDisabler::VTMS_mount_end;Mutex::lock;pthread_mutex_lock;/usr/lib/x86_64-linux-gnu/libc.so.6;entry_SYSCALL_64_after_hwframe_[k];do_syscall_64_[k];x64_sys_call_[k];__x64_sys_futex_[k];do_futex_[k];futex_wait_[k];futex_do_wait_[k] 1
java/util/concurrent/ForkJoinWorkerThread.run;java/util/concurrent/ForkJoinPool.runWorker;java/util/concurrent/ForkJoinPool.scan;java/util/concurrent/ForkJoinPool$WorkQueue.topLevelExec;java/util/concurrent/ForkJoinTask.doExec;java/util/concurrent/ForkJoinTask$RunnableExecuteAction.exec;java/lang/VirtualThread$$Lambda.0x00007a6f90039c78.run;java/lang/VirtualThread.runContinuation;jdk/internal/vm/Continuation.run;jdk/internal/vm/Continuation.enterSpecial;jdk/internal/vm/Continuation.enter;jdk/internal/vm/Continuation.enter0;java/lang/VirtualThread$VThreadContinuation$1.run;java/lang/VirtualThread.run;_notify_jvmti_vthread_end;SharedRuntime::notify_jvmti_vthread_end;JvmtiVTMSTransitionDisabler::VTMS_vthread_end;JvmtiExport::cleanup_thread;JvmtiEventController::thread_ended;JvmtiThreadState::~JvmtiThreadState;OopStorage::release 23
java/util/concurrent/ForkJoinWorkerThread.run;java/util/concurrent/ForkJoinPool.runWorker;java/util/concurrent/ForkJoinPool.scan;java/util/concurrent/ForkJoinPool$WorkQueue.topLevelExec;java/util/concurrent/ForkJoinTask.doExec;java/util/concurrent/ForkJoinTask$RunnableExecuteAction.exec;java/lang/VirtualThread$$Lambda.0x00007a6f90039c78.run;java/lang/VirtualThread.runContinuation;jdk/internal/vm/Continuation.run;jdk/internal/vm/Continuation.enterSpecial;jdk/internal/vm/Continuation.enter;jdk/internal/vm/Continuation.enter0;java/lang/VirtualThread$VThreadContinuation$1.run;java/lang/VirtualThread.run;_notify_jvmti_vthread_start;SharedRuntime::notify_jvmti_vthread_start;JvmtiVTMSTransitionDisabler::VTMS_vthread_start;JvmtiVTMSTransitionDisabler::VTMS_mount_end;Mutex::lock;pthread_mutex_lock;/usr/lib/x86_64-linux-gnu/libc.so.6;entry_SYSCALL_64_after_hwframe_[k];do_syscall_64_[k];x64_sys_call_[k];__x64_sys_futex_[k];do_futex_[k];futex_wait_[k];__futex_wait_[k];futex_wait_setup_[k];futex_hash_[k] 78
java/util/concurrent/ForkJoinWorkerThread.run;java/util/concurrent/ForkJoinPool.runWorker;java/util/concurrent/ForkJoinPool.scan;java/util/concurrent/ForkJoinPool$WorkQueue.topLevelExec;java/util/concurrent/ForkJoinTask.doExec;java/util/concurrent/ForkJoinTask$RunnableExecuteAction.exec;java/lang/VirtualThread$$Lambda.0x00007a6f90039c78.run;java/lang/VirtualThread.runContinuation;jdk/internal/vm/Continuation.run;jdk/internal/vm/Continuation.enterSpecial;jdk/internal/vm/Continuation.enter;jdk/internal/vm/Continuation.enter0;java/lang/VirtualThread$VThreadContinuation$1.run;java/lang/VirtualThread.run;_notify_jvmti_vthread_start;SharedRuntime::notify_jvmti_vthread_start;JvmtiVTMSTransitionDisabler::VTMS_vthread_start;__pthread_mutex_unlock;/usr/lib/x86_64-linux-gnu/libc.so.6;entry_SYSCALL_64_after_hwframe_[k];do_syscall_64_[k];x64_sys_call_[k];__x64_sys_futex_[k];do_futex_[k];futex_wake_[k];_raw_spin_lock_[k];native_queued_spin_lock_slowpath_[k] 90
java/util/concurrent/ForkJoinWorkerThread.run;java/util/concurrent/ForkJoinPool.runWorker;java/util/concurrent/ForkJoinPool.awaitWork;java/util/concurrent/ForkJoinPool.compareAndExchangeCtl 1
java/util/concurrent/ForkJoinWorkerThread.run;java/util/concurrent/ForkJoinPool.runWorker;java/util/concurrent/ForkJoinPool.scan;java/util/concurrent/ForkJoinPool$WorkQueue.topLevelExec;java/util/concurrent/ForkJoinTask.doExec;java/util/concurrent/ForkJoinTask$RunnableExecuteAction.exec;java/lang/VirtualThread$$Lambda.0x00007a6f90039c78.run;java/lang/VirtualThread.runContinuation;jdk/internal/vm/Continuation.run;jdk/internal/vm/Continuation.enterSpecial;jdk/internal/vm/Continuation.enter;jdk/internal/vm/Continuation.enter0;java/lang/VirtualThread$VThreadContinuation$1.run;java/lang/VirtualThread.run;_notify_jvmti_vthread_end;SharedRuntime::notify_jvmti_vthread_end;JvmtiVTMSTransitionDisabler::VTMS_vthread_end;__pthread_mutex_unlock;/usr/lib/x86_64-linux-gnu/libc.so.6;entry_SYSCALL_64_after_hwframe_[k];do_syscall_64_[k];x64_sys_call_[k];__x64_sys_futex_[k];do_futex_[k];_raw_spin_lock_[k] 22
java/util/concurrent/ForkJoinWorkerThread.run;java/util/concurrent/ForkJoinPool.runWorker;java/util/concurrent/ForkJoinPool.scan;java/util/concurrent/ForkJoinPool$WorkQueue.topLevelExec;java/util/concurrent/ForkJoinTask.doExec;java/util/concurrent/ForkJoinTask$RunnableExecuteAction.exec;java/lang/VirtualThread$$Lambda.0x00007a6f90039c78.run;java/lang/VirtualThread.runContinuation;jdk/internal/vm/Continuation.run;jdk/internal/vm/Continuation.enterSpecial;jdk/internal/vm/Continuation.enter;jdk/internal/vm/Continuation.enter0;java/lang/VirtualThread$VThreadContinuation$1.run;java/lang/VirtualThread.run;_notify_jvmti_vthread_end;SharedRuntime::notify_jvmti_vthread_end;JvmtiVTMSTransitionDisabler::VTMS_vthread_end;JvmtiExport::cleanup_thread;Mutex::lock;pthread_mutex_lock;/usr/lib/x86_64-linux-gnu/libc.so.6;entry_SYSCALL_64_after_hwframe_[k];do_syscall_64_[k];x64_sys_call_[k];__x64_sys_futex_[k];do_futex_[k];futex_wait_[k];__futex_wait_[k];futex_wait_setup_[k];futex_q_lock_[k];_raw_spin_lock_[k];native_queued_spin_lock_slowpath_[k] 12739
java/util/concurrent/ForkJoinWorkerThread.run;java/util/concurrent/ForkJoinPool.runWorker;java/util/concurrent/ForkJoinPool.awaitWork;java/util/concurrent/locks/LockSupport.park;jdk/internal/misc/Unsafe.park;Unsafe_Park;ThreadInVMfromNative::ThreadInVMfromNative 1
java/util/concurrent/ForkJoinWorkerThread.run;java/util/concurrent/ForkJoinPool.runWorker;java/util/concurrent/ForkJoinPool.scan;java/util/concurrent/ForkJoinPool$WorkQueue.topLevelExec;java/util/concurrent/ForkJoinTask.doExec;java/util/concurrent/ForkJoinTask$RunnableExecuteAction.exec;java/lang/VirtualThread$$Lambda.0x00007a6f90039c78.run;java/lang/VirtualThread.runContinuation;jdk/internal/vm/Continuation.run;jdk/internal/vm/Continuation.enterSpecial;jdk/internal/vm/Continuation.enter;jdk/internal/vm/Continuation.enter0;java/lang/VirtualThread$VThreadContinuation$1.run;java/lang/VirtualThread.run;_notify_jvmti_vthread_start;SharedRuntime::notify_jvmti_vthread_start;JvmtiVTMSTransitionDisabler::VTMS_vthread_start;JvmtiEventController::thread_started;JvmtiThreadState::JvmtiThreadState;java_lang_VirtualThread::is_instance 3
java/util/concurrent/ForkJoinWorkerThread.run;java/util/concurrent/ForkJoinPool.runWorker;java/util/concurrent/ForkJoinPool.scan;java/util/concurrent/ForkJoinPool$WorkQueue.topLevelExec;java/util/concurrent/ForkJoinTask.doExec;java/util/concurrent/ForkJoinTask$RunnableExecuteAction.exec;java/lang/VirtualThread$$Lambda.0x00007a6f90039c78.run;java/lang/VirtualThread.runContinuation;jdk/internal/vm/Continuation.run;jdk/internal/vm/Continuation.enterSpecial;jdk/internal/vm/Continuation.enter;jdk/internal/vm/Continuation.enter0;java/lang/VirtualThread$VThreadContinuation$1.run;java/lang/VirtualThread.run;_notify_jvmti_vthread_start;SharedRuntime::notify_jvmti_vthread_start;JvmtiVTMSTransitionDisabler::VTMS_vthread_start;JvmtiVTMSTransitionDisabler::VTMS_mount_end;JavaThread::rebind_to_jvmti_thread_state_of 1
java/util/concurrent/ForkJoinWorkerThread.run;java/util/concurrent/ForkJoinPool.runWorker;java/util/concurrent/ForkJoinPool.scan;java/util/concurrent/ForkJoinPool$WorkQueue.topLevelExec;java/util/concurrent/ForkJoinTask.doExec;java/util/concurrent/ForkJoinTask$RunnableExecuteAction.exec;java/lang/VirtualThread$$Lambda.0x00007a6f90039c78.run;java/lang/VirtualThread.runContinuation;jdk/internal/vm/Continuation.run;jdk/internal/vm/Continuation.enterSpecial;jdk/internal/vm/Continuation.enter;jdk/internal/vm/Continuation.enter0;java/lang/VirtualThread$VThreadContinuation$1.run;java/lang/VirtualThread.run;_notify_jvmti_vthread_end;SharedRuntime::notify_jvmti_vthread_end;JvmtiVTMSTransitionDisabler::VTMS_vthread_end;JvmtiExport::cleanup_thread;JvmtiEventController::thread_ended;JvmtiThreadState::~JvmtiThreadState;__libc_free 1
java/util/concurrent/ForkJoinWorkerThread.run;java/util/concurrent/ForkJoinPool.runWorker;java/util/concurrent/ForkJoinPool.scan;java/util/concurrent/ForkJoinPool$WorkQueue.topLevelExec;java/util/concurrent/ForkJoinTask.doExec;java/util/concurrent/ForkJoinTask$RunnableExecuteAction.exec;java/lang/VirtualThread$$Lambda.0x00007a6f90039c78.run;java/lang/VirtualThread.runContinuation;jdk/internal/vm/Continuation.run;jdk/internal/vm/Continuation.enterSpecial;jdk/internal/vm/Continuation.enter;jdk/internal/vm/Continuation.enter0;java/lang/VirtualThread$VThreadContinuation$1.run;java/lang/VirtualThread.run;_notify_jvmti_vthread_start;SharedRuntime::notify_jvmti_vthread_start;JvmtiVTMSTransitionDisabler::VTMS_vthread_start;JvmtiVTMSTransitionDisabler::VTMS_mount_end;Mutex::lock;pthread_mutex_trylock 1
java/util/concurrent/ForkJoinWorkerThread.run;java/util/concurrent/ForkJoinPool.runWorker;java/util/concurrent/ForkJoinPool.scan;java/util/concurrent/ForkJoinPool$WorkQueue.topLevelExec;java/util/concurrent/ForkJoinTask.doExec;java/util/concurrent/ForkJoinTask$RunnableExecuteAction.exec;java/lang/VirtualThread$$Lambda.0x00007a6f90039c78.run;java/lang/VirtualThread.runContinuation;jdk/internal/vm/Continuation.run;jdk/internal/vm/Continuation.enterSpecial;jdk/internal/vm/Continuation.enter;jdk/internal/vm/Continuation.enter0;java/lang/VirtualThread$VThreadContinuation$1.run;java/lang/VirtualThread.run;_notify_jvmti_vthread_start;SharedRuntime::notify_jvmti_vthread_start;JvmtiVTMSTransitionDisabler::VTMS_vthread_start;JvmtiVTMSTransitionDisabler::VTMS_mount_end;__pthread_mutex_unlock;/usr/lib/x86_64-linux-gnu/libc.so.6;entry_SYSCALL_64_after_hwframe_[k];do_syscall_64_[k];x64_sys_call_[k];__x64_sys_futex_[k];do_futex_[k];futex_wake_[k];get_futex_key_[k] 2
java/util/concurrent/ForkJoinWorkerThread.run;java/util/concurrent/ForkJoinPool.runWorker;java/util/concurrent/ForkJoinPool.scan;java/util/concurrent/ForkJoinPool$WorkQueue.topLevelExec;java/util/concurrent/ForkJoinTask.doExec;java/util/concurrent/ForkJoinTask$RunnableExecuteAction.exec;java/lang/VirtualThread$$Lambda.0x00007a6f90039c78.run;java/lang/VirtualThread.runContinuation;jdk/internal/vm/Continuation.run;jdk/internal/vm/Continuation.enterSpecial;jdk/internal/vm/Continuation.enter;jdk/internal/vm/Continuation.enter0;java/lang/VirtualThread$VThreadContinuation$1.run;java/lang/VirtualThread.run;_notify_jvmti_vthread_end;SharedRuntime::notify_jvmti_vthread_end;JvmtiVTMSTransitionDisabler::VTMS_vthread_end;JvmtiExport::cleanup_thread;Mutex::lock 2
java/util/concurrent/ForkJoinWorkerThread.run;java/util/concurrent/ForkJoinPool.runWorker;java/util/concurrent/ForkJoinPool.scan;java/util/concurrent/ForkJoinPool$WorkQueue.topLevelExec;java/util/concurrent/ForkJoinTask.doExec;java/util/concurrent/ForkJoinTask$RunnableExecuteAction.exec;java/lang/VirtualThread$$Lambda.0x00007a6f90039c78.run;java/lang/VirtualThread.runContinuation;jdk/internal/vm/Continuation.run;jdk/internal/vm/Continuation.enterSpecial;jdk/internal/vm/Continuation.enter;jdk/internal/vm/Continuation.enter0;java/lang/VirtualThread$VThreadContinuation$1.run;java/lang/VirtualThread.run;_notify_jvmti_vthread_start;SharedRuntime::notify_jvmti_vthread_start;JvmtiVTMSTransitionDisabler::VTMS_vthread_start;JvmtiEventController::thread_started;JvmtiThreadState::JvmtiThreadState;AllocateHeap;os::malloc;malloc 2
java/util/concurrent/ForkJoinWorkerThread.run;java/util/concurrent/ForkJoinPool.runWorker;java/util/concurrent/ForkJoinPool.scan;java/util/concurrent/ForkJoinPool.signalWork;java/util/concurrent/locks/LockSupport.unpark;jdk/internal/misc/Unsafe.unpark;Unsafe_Unpark;pthread_cond_signal;entry_SYSCALL_64_after_hwframe_[k];do_syscall_64_[k];x64_sys_call_[k];__x64_sys_futex_[k];do_futex_[k];_raw_spin_lock_[k] 1
java/util/concurrent/ForkJoinWorkerThread.run;java/util/concurrent/ForkJoinPool.runWorker;java/util/concurrent/ForkJoinPool.scan;java/util/concurrent/ForkJoinPool.signalWork;java/util/concurrent/locks/LockSupport.unpark;jdk/internal/misc/Unsafe.unpark;Unsafe_Unpark;Parker::unpark;pthread_mutex_lock 1
java/util/concurrent/ForkJoinWorkerThread.run;java/util/concurrent/ForkJoinPool.runWorker;java/util/concurrent/ForkJoinPool.scan;java/util/concurrent/ForkJoinPool.signalWork;java/util/concurrent/locks/LockSupport.unpark;jdk/internal/misc/Unsafe.unpark;Unsafe_Unpark;FastThreadsListHandle::FastThreadsListHandle 1
java/util/concurrent/ForkJoinWorkerThread.run;java/util/concurrent/ForkJoinPool.runWorker;java/util/concurrent/ForkJoinPool.scan;java/util/concurrent/ForkJoinPool$WorkQueue.topLevelExec;java/util/concurrent/ForkJoinTask.doExec;java/util/concurrent/ForkJoinTask$RunnableExecuteAction.exec;java/lang/VirtualThread$$Lambda.0x00007a6f90039c78.run;java/lang/VirtualThread.runContinuation;jdk/internal/vm/Continuation.run;jdk/internal/vm/Continuation.enterSpecial;jdk/internal/vm/Continuation.enter;jdk/internal/vm/Continuation.enter0;java/lang/VirtualThread$VThreadContinuation$1.run;java/lang/VirtualThread.run;_notify_jvmti_vthread_end;SharedRuntime::notify_jvmti_vthread_end;JvmtiVTMSTransitionDisabler::VTMS_vthread_end;__pthread_mutex_unlock;/usr/lib/x86_64-linux-gnu/libc.so.6;entry_SYSCALL_64_after_hwframe_[k];do_syscall_64_[k];x64_sys_call_[k];__x64_sys_futex_[k];do_futex_[k];futex_wake_[k];futex_hash_[k] 54
java/util/concurrent/ForkJoinWorkerThread.run;java/util/concurrent/ForkJoinPool.runWorker;java/util/concurrent/ForkJoinPool.scan;java/util/concurrent/ForkJoinPool$WorkQueue.topLevelExec;java/util/concurrent/ForkJoinTask.doExec;java/util/concurrent/ForkJoinTask$RunnableExecuteAction.exec;java/lang/VirtualThread$$Lambda.0x00007a6f90039c78.run;java/lang/VirtualThread.runContinuation;jdk/internal/vm/Continuation.run;jdk/internal/vm/Continuation.enterSpecial;jdk/internal/vm/Continuation.enter;jdk/internal/vm/Continuation.enter0;java/lang/VirtualThread$VThreadContinuation$1.run;java/lang/VirtualThread.run;_notify_jvmti_vthread_end;SharedRuntime::notify_jvmti_vthread_end;JvmtiVTMSTransitionDisabler::VTMS_vthread_end;__pthread_mutex_unlock 6
java/util/concurrent/ForkJoinWorkerThread.run;java/util/concurrent/ForkJoinPool.runWorker;java/util/concurrent/ForkJoinPool.scan;java/util/concurrent/ForkJoinPool.signalWork;java/util/concurrent/locks/LockSupport.unpark;jdk/internal/misc/Unsafe.unpark;Unsafe_Unpark;pthread_cond_signal 3
java/util/concurrent/ForkJoinWorkerThread.run;java/util/concurrent/ForkJoinPool.runWorker;java/util/concurrent/ForkJoinPool.scan;java/util/concurrent/ForkJoinPool$WorkQueue.topLevelExec;java/util/concurrent/ForkJoinTask.doExec;java/util/concurrent/ForkJoinTask$RunnableExecuteAction.exec;java/lang/VirtualThread$$Lambda.0x00007a6f90039c78.run;java/lang/VirtualThread.runContinuation;jdk/internal/vm/Continuation.run;jdk/internal/vm/Continuation.enterSpecial;jdk/internal/vm/Continuation.enter;jdk/internal/vm/Continuation.enter0;java/lang/VirtualThread$VThreadContinuation$1.run;java/lang/VirtualThread.run;_notify_jvmti_vthread_end;SharedRuntime::notify_jvmti_vthread_end;JvmtiVTMSTransitionDisabler::VTMS_vthread_end;JvmtiExport::cleanup_thread;Mutex::lock;pthread_mutex_lock;/usr/lib/x86_64-linux-gnu/libc.so.6;entry_SYSCALL_64_after_hwframe_[k];do_syscall_64_[k];x64_sys_call_[k];__x64_sys_futex_[k];do_futex_[k];futex_wait_[k];__futex_wait_[k];futex_wait_setup_[k] 50
java/util/concurrent/ForkJoinWorkerThread.run;java/util/concurrent/ForkJoinPool.runWorker;java/util/concurrent/ForkJoinPool.scan;java/util/concurrent/ForkJoinPool.signalWork;java/util/concurrent/locks/LockSupport.unpark;jdk/internal/misc/Unsafe.unpark;Unsafe_Unpark;pthread_cond_signal;entry_SYSCALL_64_after_hwframe_[k];do_syscall_64_[k];x64_sys_call_[k];__x64_sys_futex_[k];do_futex_[k];futex_wake_[k];futex_wake_mark_[k] 2
java/util/concurrent/ForkJoinWorkerThread.run;java/util/concurrent/ForkJoinPool.runWorker;java/util/concurrent/ForkJoinPool.scan;java/util/concurrent/ForkJoinPool$WorkQueue.topLevelExec;java/util/concurrent/ForkJoinTask.doExec;java/util/concurrent/ForkJoinTask$RunnableExecuteAction.exec;java/lang/VirtualThread$$Lambda.0x00007a6f90039c78.run;java/lang/VirtualThread.runContinuation;jdk/internal/vm/Continuation.run;jdk/internal/vm/Continuation.enterSpecial;jdk/internal/vm/Continuation.enter;jdk/internal/vm/Continuation.enter0;java/lang/VirtualThread$VThreadContinuation$1.run;java/lang/VirtualThread.run;_notify_jvmti_vthread_start;SharedRuntime::notify_jvmti_vthread_start;JvmtiVTMSTransitionDisabler::VTMS_vthread_start;JvmtiVTMSTransitionDisabler::VTMS_mount_end;__pthread_mutex_unlock;/usr/lib/x86_64-linux-gnu/libc.so.6;entry_SYSCALL_64_after_hwframe_[k];do_syscall_64_[k];x64_sys_call_[k];__x64_sys_futex_[k];do_futex_[k];wake_up_q_[k] 1
java/util/concurrent/ForkJoinWorkerThread.run;java/util/concurrent/ForkJoinPool.runWorker;java/util/concurrent/ForkJoinPool.scan;java/util/concurrent/ForkJoinPool$WorkQueue.topLevelExec;java/util/concurrent/ForkJoinTask.doExec;java/util/concurrent/ForkJoinTask$RunnableExecuteAction.exec;java/lang/VirtualThread$$Lambda.0x00007a6f90039c78.run;java/lang/VirtualThread.runContinuation;jdk/internal/vm/Continuation.run;jdk/internal/vm/Continuation.enterSpecial;jdk/internal/vm/Continuation.enter;jdk/internal/vm/Continuation.enter0;java/lang/VirtualThread$VThreadContinuation$1.run;java/lang/VirtualThread.run;_notify_jvmti_vthread_end;SharedRuntime::notify_jvmti_vthread_end;JvmtiVTMSTransitionDisabler::VTMS_vthread_end;JvmtiExport::cleanup_thread;Mutex::lock;pthread_mutex_lock;/usr/lib/x86_64-linux-gnu/libc.so.6 29
java/util/concurrent/ForkJoinWorkerThread.run;java/util/concurrent/ForkJoinPool.runWorker;java/util/concurrent/ForkJoinPool.scan;java/util/concurrent/ForkJoinPool$WorkQueue.topLevelExec;java/util/concurrent/ForkJoinTask.doExec;java/util/concurrent/ForkJoinTask$RunnableExecuteAction.exec;java/lang/VirtualThread$$Lambda.0x00007a6f90039c78.run;java/lang/VirtualThread.runContinuation;jdk/internal/vm/Continuation.run;jdk/internal/vm/Continuation.mount;jdk/internal/vm/Continuation.compareAndSetMounted;jdk/internal/misc/Unsafe.compareAndSetBoolean 8
java/util/concurrent/ForkJoinWorkerThread.run;java/util/concurrent/ForkJoinPool.runWorker;java/util/concurrent/ForkJoinPool.scan;java/util/concurrent/ForkJoinPool$WorkQueue.topLevelExec;java/util/concurrent/ForkJoinTask.doExec;java/util/concurrent/ForkJoinTask$RunnableExecuteAction.exec;java/lang/VirtualThread$$Lambda.0x00007a6f90039c78.run;java/lang/VirtualThread.runContinuation;jdk/internal/vm/Continuation.run;jdk/internal/vm/Continuation.enterSpecial;jdk/internal/vm/Continuation.enter;jdk/internal/vm/Continuation.enter0;java/lang/VirtualThread$VThreadContinuation$1.run;java/lang/VirtualThread.run;_notify_jvmti_vthread_start;SharedRuntime::notify_jvmti_vthread_start;JvmtiVTMSTransitionDisabler::VTMS_vthread_start;JvmtiEventController::thread_started;Mutex::lock;pthread_mutex_lock;/usr/lib/x86_64-linux-gnu/libc.so.6;entry_SYSCALL_64_after_hwframe_[k];do_syscall_64_[k];x64_sys_call_[k];__x64_sys_futex_[k];do_futex_[k];__futex_wait_[k] 1
java/util/concurrent/ForkJoinWorkerThread.run;java/util/concurrent/ForkJoinPool.runWorker;java/util/concurrent/ForkJoinPool.scan;java/util/concurrent/ForkJoinPool$WorkQueue.topLevelExec;java/util/concurrent/ForkJoinTask.doExec;java/util/concurrent/ForkJoinTask$RunnableExecuteAction.exec;java/lang/VirtualThread$$Lambda.0x00007a6f90039c78.run;java/lang/VirtualThread.runContinuation;jdk/internal/vm/Continuation.run;jdk/internal/vm/Continuation.enterSpecial;jdk/internal/vm/Continuation.enter;jdk/internal/vm/Continuation.enter0;java/lang/VirtualThread$VThreadContinuation$1.run;java/lang/VirtualThread.run;_notify_jvmti_vthread_end;SharedRuntime::notify_jvmti_vthread_end;JvmtiVTMSTransitionDisabler::VTMS_vthread_end;__pthread_mutex_unlock;/usr/lib/x86_64-linux-gnu/libc.so.6;entry_SYSCALL_64_after_hwframe_[k];do_syscall_64_[k] 1
java/util/concurrent/ForkJoinWorkerThread.run;java/util/concurrent/ForkJoinPool.runWorker;java/util/concurrent/ForkJoinPool.scan;java/util/concurrent/ForkJoinPool$WorkQueue.topLevelExec;java/util/concurrent/ForkJoinTask.doExec;java/util/concurrent/ForkJoinTask$RunnableExecuteAction.exec;java/lang/VirtualThread$$Lambda.0x00007a6f90039c78.run;java/lang/VirtualThread.runContinuation;jdk/internal/vm/Continuation.run;jdk/internal/vm/Continuation.enterSpecial;jdk/internal/vm/Continuation.enter;jdk/internal/vm/Continuation.enter0;java/lang/VirtualThread$VThreadContinuation$1.run;java/lang/VirtualThread.run;_notify_jvmti_vthread_end;SharedRuntime::notify_jvmti_vthread_end;JvmtiVTMSTransitionDisabler::VTMS_vthread_end;__pthread_mutex_unlock;/usr/lib/x86_64-linux-gnu/libc.so.6;entry_SYSCALL_64_after_hwframe_[k];do_syscall_64_[k];x64_sys_call_[k];__x64_sys_futex_[k] 2
java/util/concurrent/ForkJoinWorkerThread.run;java/util/concurrent/ForkJoinPool.runWorker;java/util/concurrent/ForkJoinPool.scan;java/util/concurrent/ForkJoinPool$WorkQueue.topLevelExec;java/util/concurrent/ForkJoinTask.doExec;java/util/concurrent/ForkJoinTask$RunnableExecuteAction.exec;java/lang/VirtualThread$$Lambda.0x00007a6f90039c78.run;java/lang/VirtualThread.runContinuation;jdk/internal/vm/Continuation.run;jdk/internal/vm/Continuation.enterSpecial;jdk/internal/vm/Continuation.enter;jdk/internal/vm/Continuation.enter0;java/lang/VirtualThread$VThreadContinuation$1.run;java/lang/VirtualThread.run;_notify_jvmti_vthread_start;SharedRuntime::notify_jvmti_vthread_start;JvmtiVTMSTransitionDisabler::VTMS_vthread_start;JvmtiEventController::thread_started;JvmtiThreadState::JvmtiThreadState;OopStorage::allocate 1
java/util/concurrent/ForkJoinWorkerThread.run;java/util/concurrent/ForkJoinPool.runWorker;java/util/concurrent/ForkJoinPool.scan 2
java/util/concurrent/ForkJoinWorkerThread.run;java/util/concurrent/ForkJoinPool.runWorker;java/util/concurrent/ForkJoinPool.scan;java/util/concurrent/ForkJoinPool$WorkQueue.topLevelExec;java/util/concurrent/ForkJoinTask.doExec;java/util/concurrent/ForkJoinTask$RunnableExecuteAction.exec;java/lang/VirtualThread$$Lambda.0x00007a6f90039c78.run;java/lang/VirtualThread.runContinuation;jdk/internal/vm/Continuation.run;jdk/internal/vm/Continuation.enterSpecial;jdk/internal/vm/Continuation.enter;jdk/internal/vm/Continuation.enter0;java/lang/VirtualThread$VThreadContinuation$1.run;java/lang/VirtualThread.run;_notify_jvmti_vthread_end;SharedRuntime::notify_jvmti_vthread_end;JvmtiVTMSTransitionDisabler::VTMS_vthread_end;JvmtiExport::cleanup_thread;JvmtiEventController::thread_ended;JvmtiThreadState::~JvmtiThreadState;OopStorage::release 1
java/util/concurrent/ForkJoinWorkerThread.run;java/util/concurrent/ForkJoinPool.runWorker;java/util/concurrent/ForkJoinPool.scan;java/util/concurrent/ForkJoinPool$WorkQueue.topLevelExec;java/util/concurrent/ForkJoinTask.doExec;java/util/concurrent/ForkJoinTask$RunnableExecuteAction.exec;java/lang/VirtualThread$$Lambda.0x00007a6f90039c78.run;java/lang/VirtualThread.runContinuation;jdk/internal/vm/Continuation.run;jdk/internal/vm/Continuation.enterSpecial;jdk/internal/vm/Continuation.enter;jdk/internal/vm/Continuation.enter0;java/lang/VirtualThread$VThreadContinuation$1.run;java/lang/VirtualThread.run;_notify_jvmti_vthread_end;SharedRuntime::notify_jvmti_vthread_end;JvmtiVTMSTransitionDisabler::VTMS_vthread_end;JvmtiExport::cleanup_thread;Mutex::lock;pthread_mutex_lock;/usr/lib/x86_64-linux-gnu/libc.so.6;entry_SYSCALL_64_after_hwframe_[k];do_syscall_64_[k];x64_sys_call_[k];__x64_sys_futex_[k];do_futex_[k];futex_wait_[k];__futex_wait_[k] 1
java/util/concurrent/ForkJoinWorkerThread.run;java/util/concurrent/ForkJoinPool.runWorker;java/util/concurrent/ForkJoinPool.scan;java/util/concurrent/ForkJoinPool$WorkQueue.topLevelExec;java/util/concurrent/ForkJoinTask.doExec;java/util/concurrent/ForkJoinTask$RunnableExecuteAction.exec;java/lang/VirtualThread$$Lambda.0x00007a6f90039c78.run;java/lang/VirtualThread.runContinuation;jdk/internal/vm/Continuation.run;jdk/internal/vm/Continuation.enterSpecial;jdk/internal/vm/Continuation.enter;jdk/internal/vm/Continuation.enter0;java/lang/VirtualThread$VThreadContinuation$1.run;java/lang/VirtualThread.run;_notify_jvmti_vthread_start;SharedRuntime::notify_jvmti_vthread_start;JvmtiVTMSTransitionDisabler::VTMS_vthread_start;__pthread_mutex_unlock;/usr/lib/x86_64-linux-gnu/libc.so.6;entry_SYSCALL_64_after_hwframe_[k];do_syscall_64_[k];x64_sys_call_[k];__x64_sys_futex_[k];do_futex_[k];futex_hash_[k] 1
java/lang/Thread.run;java/lang/Thread.runWith;java/util/concurrent/ThreadPoolExecutor$Worker.run;java/util/concurrent/ThreadPoolExecutor.runWorker;java/util/concurrent/FutureTask.run;java/util/concurrent/Executors$RunnableAdapter.call;java/util/concurrent/FutureTask.run;org/openjdk/jmh/runner/BenchmarkHandler$BenchmarkTask.call;org/openjdk/jmh/runner/BenchmarkHandler$BenchmarkTask.call;java/lang/reflect/Method.invoke;jdk/internal/reflect/DirectMethodHandleAccessor.invoke;jdk/internal/reflect/DirectMethodHandleAccessor.invokeImpl;java/lang/invoke/LambdaForm$MH.0x00007a6f9002e800.invokeExact_MT;java/lang/invoke/LambdaForm$MH.0x00007a6f9002e400.invoke;java/lang/invoke/DirectMethodHandle$Holder.invokeSpecial;uk/ac/ncl/jensen/benchmark/jmh_generated/VThreadChurnBenchmark_churn_jmhTest.churn_AverageTime;uk/ac/ncl/jensen/benchmark/jmh_generated/VThreadChurnBenchmark_churn_jmhTest.churn_avgt_jmhStub;uk/ac/ncl/jensen/benchmark/VThreadChurnBenchmark.churn 1
java/util/concurrent/ForkJoinWorkerThread.run;java/util/concurrent/ForkJoinPool.runWorker;java/util/concurrent/ForkJoinPool.scan;java/util/concurrent/ForkJoinPool$WorkQueue.topLevelExec;java/util/concurrent/ForkJoinTask.doExec;java/util/concurrent/ForkJoinTask$RunnableExecuteAction.exec;java/lang/VirtualThread$$Lambda.0x00007a6f90039c78.run;java/lang/VirtualThread.runContinuation;java/lang/VirtualThread.unmount;_notify_jvmti_vthread_unmount;SharedRuntime::notify_jvmti_vthread_unmount;JvmtiVTMSTransitionDisabler::finish_VTMS_transition 3
java/util/concurrent/ForkJoinWorkerThread.run;java/util/concurrent/ForkJoinPool.runWorker;java/util/concurrent/ForkJoinPool.scan;java/util/concurrent/ForkJoinPool$WorkQueue.topLevelExec;java/util/concurrent/ForkJoinTask.doExec;java/util/concurrent/ForkJoinTask$RunnableExecuteAction.exec;java/lang/VirtualThread$$Lambda.0x00007a6f90039c78.run;java/lang/VirtualThread.runContinuation;jdk/internal/vm/Continuation.run;jdk/internal/vm/Continuation.enterSpecial;jdk/internal/vm/Continuation.enter;jdk/internal/vm/Continuation.enter0;java/lang/VirtualThread$VThreadContinuation$1.run;java/lang/VirtualThread.run;_notify_jvmti_vthread_end;SharedRuntime::notify_jvmti_vthread_end;JvmtiVTMSTransitionDisabler::VTMS_vthread_end;JvmtiExport::cleanup_thread;Mutex::lock;pthread_mutex_lock 1
java/util/concurrent/ForkJoinWorkerThread.run;java/util/concurrent/ForkJoinPool.runWorker;java/util/concurrent/ForkJoinPool.scan;java/util/concurrent/ForkJoinPool$WorkQueue.topLevelExec;java/util/concurrent/ForkJoinTask.doExec;java/util/concurrent/ForkJoinTask$RunnableExecuteAction.exec;java/lang/VirtualThread$$Lambda.0x00007a6f90039c78.run;java/lang/VirtualThread.runContinuation;jdk/internal/vm/Continuation.run;jdk/internal/vm/Continuation.enterSpecial;jdk/internal/vm/Continuation.enter;jdk/internal/vm/Continuation.enter0;java/lang/VirtualThread$VThreadContinuation$1.run;java/lang/VirtualThread.run;_notify_jvmti_vthread_start;SharedRuntime::notify_jvmti_vthread_start;JvmtiVTMSTransitionDisabler::VTMS_vthread_start;JvmtiVTMSTransitionDisabler::VTMS_mount_end;Mutex::lock;pthread_mutex_lock;/usr/lib/x86_64-linux-gnu/libc.so.6;entry_SYSCALL_64_after_hwframe_[k];do_syscall_64_[k];x64_sys_call_[k];__x64_sys_futex_[k];do_futex_[k];futex_wait_[k];__futex_wait_[k];futex_hash_put_[k] 6
java/util/concurrent/ForkJoinWorkerThread.run;java/util/concurrent/ForkJoinPool.runWorker 1
java/util/concurrent/ForkJoinWorkerThread.run;java/util/concurrent/ForkJoinPool.runWorker;java/util/concurrent/ForkJoinPool.scan;java/util/concurrent/ForkJoinPool$WorkQueue.topLevelExec;java/util/concurrent/ForkJoinTask.doExec;java/util/concurrent/ForkJoinTask$RunnableExecuteAction.exec;java/lang/VirtualThread$$Lambda.0x00007a6f90039c78.run;java/lang/VirtualThread.runContinuation;jdk/internal/vm/Continuation.run;jdk/internal/vm/Continuation.enterSpecial;jdk/internal/vm/Continuation.enter;jdk/internal/vm/Continuation.enter0;java/lang/VirtualThread$VThreadContinuation$1.run;java/lang/VirtualThread.run;_notify_jvmti_vthread_end;SharedRuntime::notify_jvmti_vthread_end;JvmtiVTMSTransitionDisabler::VTMS_vthread_end;__pthread_mutex_unlock;/usr/lib/x86_64-linux-gnu/libc.so.6;entry_SYSCALL_64_after_hwframe_[k];do_syscall_64_[k];x64_sys_call_[k];__x64_sys_futex_[k];do_futex_[k];futex_wake_[k];futex_wake_mark_[k];__futex_unqueue_[k] 16
java/util/concurrent/ForkJoinWorkerThread.run;java/util/concurrent/ForkJoinPool.runWorker;java/util/concurrent/ForkJoinPool.scan;java/util/concurrent/ForkJoinPool$WorkQueue.topLevelExec;java/util/concurrent/ForkJoinTask.doExec;java/util/concurrent/ForkJoinTask$RunnableExecuteAction.exec;java/lang/VirtualThread$$Lambda.0x00007a6f90039c78.run;java/lang/VirtualThread.runContinuation;jdk/internal/vm/Continuation.run;jdk/internal/vm/Continuation.enterSpecial;jdk/internal/vm/Continuation.enter;jdk/internal/vm/Continuation.enter0;java/lang/VirtualThread$VThreadContinuation$1.run;java/lang/VirtualThread.run;_notify_jvmti_vthread_end;SharedRuntime::notify_jvmti_vthread_end;JavaThread::rebind_to_jvmti_thread_state_of;Continuation::set_cont_fastpath_thread_state 1
java/util/concurrent/ForkJoinWorkerThread.run;java/util/concurrent/ForkJoinPool.runWorker;java/util/concurrent/ForkJoinPool.scan;java/util/concurrent/ForkJoinPool$WorkQueue.topLevelExec;java/util/concurrent/ForkJoinTask.doExec;java/util/concurrent/ForkJoinTask.setDone;java/util/concurrent/ForkJoinTask.getAndBitwiseOrStatus;jdk/internal/misc/Unsafe.getAndBitwiseOrInt 1
java/util/concurrent/ForkJoinWorkerThread.run;java/util/concurrent/ForkJoinPool.runWorker;java/util/concurrent/ForkJoinPool.scan;java/util/concurrent/ForkJoinPool$WorkQueue.topLevelExec;java/util/concurrent/ForkJoinTask.doExec;java/util/concurrent/ForkJoinTask$RunnableExecuteAction.exec;java/lang/VirtualThread$$Lambda.0x00007a6f90039c78.run;java/lang/VirtualThread.runContinuation;jdk/internal/vm/Continuation.run;jdk/internal/vm/Continuation.enterSpecial;jdk/internal/vm/Continuation.enter;jdk/internal/vm/Continuation.enter0;java/lang/VirtualThread$VThreadContinuation$1.run;java/lang/VirtualThread.run;_notify_jvmti_vthread_start;SharedRuntime::notify_jvmti_vthread_start;JvmtiVTMSTransitionDisabler::VTMS_vthread_start;JvmtiVTMSTransitionDisabler::VTMS_mount_end;Mutex::lock;pthread_mutex_lock;/usr/lib/x86_64-linux-gnu/libc.so.6;entry_SYSCALL_64_after_hwframe_[k];do_syscall_64_[k];x64_sys_call_[k];__x64_sys_futex_[k];do_futex_[k];futex_wait_[k];__futex_wait_[k];futex_wait_setup_[k];__futex_queue_[k] 1
java/util/concurrent/ForkJoinWorkerThread.run;java/util/concurrent/ForkJoinPool.runWorker;java/util/concurrent/ForkJoinPool.scan;java/util/concurrent/ForkJoinPool$WorkQueue.topLevelExec;java/util/concurrent/ForkJoinTask.doExec;java/util/concurrent/ForkJoinTask$RunnableExecuteAction.exec;java/lang/VirtualThread$$Lambda.0x00007a6f90039c78.run;java/lang/VirtualThread.runContinuation;java/lang/VirtualThread.afterDone;java/lang/VirtualThread.afterDone;jdk/internal/vm/ThreadContainers$RootContainer$TrackingRootContainer.onExit;java/util/concurrent/ConcurrentHashMap$KeySetView.remove;java/util/concurrent/ConcurrentHashMap.remove;java/util/concurrent/ConcurrentHashMap.replaceNode 1
java/util/concurrent/ForkJoinWorkerThread.run;java/util/concurrent/ForkJoinPool.runWorker;java/util/concurrent/ForkJoinPool.scan;java/util/concurrent/ForkJoinPool$WorkQueue.topLevelExec;java/util/concurrent/ForkJoinTask.doExec;java/util/concurrent/ForkJoinTask$RunnableExecuteAction.exec;java/lang/VirtualThread$$Lambda.0x00007a6f90039c78.run;java/lang/VirtualThread.runContinuation;jdk/internal/vm/Continuation.run;jdk/internal/vm/Continuation.enterSpecial;jdk/internal/vm/Continuation.enter;jdk/internal/vm/Continuation.enter0;java/lang/VirtualThread$VThreadContinuation$1.run;java/lang/VirtualThread.run;_notify_jvmti_vthread_start;SharedRuntime::notify_jvmti_vthread_start;JvmtiVTMSTransitionDisabler::VTMS_vthread_start;JvmtiEventController::thread_started;JvmtiEventControllerPrivate::recompute_thread_enabled 1
java/util/concurrent/ForkJoinWorkerThread.run;java/util/concurrent/ForkJoinPool.runWorker;java/util/concurrent/ForkJoinPool.scan;java/util/concurrent/ForkJoinPool$WorkQueue.topLevelExec;java/util/concurrent/ForkJoinTask.doExec;java/util/concurrent/ForkJoinTask$RunnableExecuteAction.exec;java/lang/VirtualThread$$Lambda.0x00007a6f90039c78.run;java/lang/VirtualThread.runContinuation;jdk/internal/vm/Continuation.run;jdk/internal/vm/Continuation.enterSpecial;jdk/internal/vm/Continuation.enter;jdk/internal/vm/Continuation.enter0;java/lang/VirtualThread$VThreadContinuation$1.run;java/lang/VirtualThread.run;_notify_jvmti_vthread_start;SharedRuntime::notify_jvmti_vthread_start;JvmtiVTMSTransitionDisabler::VTMS_vthread_start;JvmtiEventController::thread_started 6
java/util/concurrent/ForkJoinWorkerThread.run;java/util/concurrent/ForkJoinPool.runWorker;java/util/concurrent/ForkJoinPool.scan 1
java/lang/Thread.run;java/lang/Thread.runWith;java/util/concurrent/ThreadPoolExecutor$Worker.run;java/util/concurrent/ThreadPoolExecutor.runWorker;java/util/concurrent/FutureTask.run;java/util/concurrent/Executors$RunnableAdapter.call;java/util/concurrent/FutureTask.run;org/openjdk/jmh/runner/BenchmarkHandler$BenchmarkTask.call;org/openjdk/jmh/runner/BenchmarkHandler$BenchmarkTask.call;java/lang/reflect/Method.invoke;jdk/internal/reflect/DirectMethodHandleAccessor.invoke;jdk/internal/reflect/DirectMethodHandleAccessor.invokeImpl;java/lang/invoke/LambdaForm$MH.0x00007a6f9002e800.invokeExact_MT;java/lang/invoke/LambdaForm$MH.0x00007a6f9002e400.invoke;java/lang/invoke/DirectMethodHandle$Holder.invokeSpecial;uk/ac/ncl/jensen/benchmark/jmh_generated/VThreadChurnBenchmark_churn_jmhTest.churn_AverageTime;uk/ac/ncl/jensen/benchmark/jmh_generated/VThreadChurnBenchmark_churn_jmhTest.churn_avgt_jmhStub;uk/ac/ncl/jensen/benchmark/VThreadChurnBenchmark.churn;java/lang/Thread.join;java/lang/Thread.join;java/lang/VirtualThread.joinNanos;java/util/concurrent/CountDownLatch.await;java/util/concurrent/locks/AbstractQueuedSynchronizer.acquireSharedInterruptibly;java/util/concurrent/locks/AbstractQueuedSynchronizer.acquire;java/lang/Thread.interrupted;java/lang/Thread.getAndClearInterrupt 1
java/util/concurrent/ForkJoinWorkerThread.run;java/util/concurrent/ForkJoinPool.runWorker;java/util/concurrent/ForkJoinPool.scan;java/util/concurrent/ForkJoinPool$WorkQueue.topLevelExec;java/util/concurrent/ForkJoinTask.doExec;java/util/concurrent/ForkJoinTask$RunnableExecuteAction.exec;java/lang/VirtualThread$$Lambda.0x00007a6f90039c78.run;java/lang/VirtualThread.runContinuation;jdk/internal/vm/Continuation.run;jdk/internal/vm/Continuation.enterSpecial;jdk/internal/vm/Continuation.enter;jdk/internal/vm/Continuation.enter0;java/lang/VirtualThread$VThreadContinuation$1.run;java/lang/VirtualThread.run;_notify_jvmti_vthread_start;SharedRuntime::notify_jvmti_vthread_start;JvmtiVTMSTransitionDisabler::VTMS_vthread_start;__pthread_mutex_unlock;/usr/lib/x86_64-linux-gnu/libc.so.6;entry_SYSCALL_64_after_hwframe_[k];do_syscall_64_[k];x64_sys_call_[k];__x64_sys_futex_[k];do_futex_[k];futex_hash_put_[k] 2
java/util/concurrent/ForkJoinWorkerThread.run;java/util/concurrent/ForkJoinPool.runWorker 32
java/util/concurrent/ForkJoinWorkerThread.run;java/util/concurrent/ForkJoinPool.runWorker;java/util/concurrent/ForkJoinPool.scan 5
java/util/concurrent/ForkJoinWorkerThread.run;java/util/concurrent/ForkJoinPool.runWorker;java/util/concurrent/ForkJoinPool.scan;java/util/concurrent/ForkJoinPool$WorkQueue.topLevelExec;java/util/concurrent/ForkJoinTask.doExec;java/util/concurrent/ForkJoinTask$RunnableExecuteAction.exec;java/lang/VirtualThread$$Lambda.0x00007a6f90039c78.run;java/lang/VirtualThread.runContinuation;jdk/internal/vm/Continuation.run;jdk/internal/vm/Continuation.enterSpecial;jdk/internal/vm/Continuation.enter;jdk/internal/vm/Continuation.enter0;java/lang/VirtualThread$VThreadContinuation$1.run;java/lang/VirtualThread.run;_notify_jvmti_vthread_end;SharedRuntime::notify_jvmti_vthread_end;JvmtiVTMSTransitionDisabler::VTMS_vthread_end;JvmtiExport::cleanup_thread;JvmtiEventController::thread_ended;JvmtiThreadState::~JvmtiThreadState;os::free 2
java/util/concurrent/ForkJoinWorkerThread.run;java/util/concurrent/ForkJoinPool.runWorker;java/util/concurrent/ForkJoinPool.scan;java/util/concurrent/ForkJoinPool$WorkQueue.topLevelExec;java/util/concurrent/ForkJoinTask.doExec;java/util/concurrent/ForkJoinTask$RunnableExecuteAction.exec;java/lang/VirtualThread$$Lambda.0x00007a6f90039c78.run;java/lang/VirtualThread.runContinuation;jdk/internal/vm/Continuation.run;jdk/internal/vm/Continuation.enterSpecial;jdk/internal/vm/Continuation.enter;jdk/internal/vm/Continuation.enter0;java/lang/VirtualThread$VThreadContinuation$1.run;java/lang/VirtualThread.run;_notify_jvmti_vthread_start;SharedRuntime::notify_jvmti_vthread_start;JvmtiVTMSTransitionDisabler::VTMS_vthread_start;JvmtiEventController::thread_started;JvmtiThreadState::JvmtiThreadState;AllocateHeap;os::malloc 2
java/util/concurrent/ForkJoinWorkerThread.run;java/util/concurrent/ForkJoinPool.runWorker;java/util/concurrent/ForkJoinPool.scan;java/util/concurrent/ForkJoinPool$WorkQueue.topLevelExec;java/util/concurrent/ForkJoinTask.doExec;java/util/concurrent/ForkJoinTask$RunnableExecuteAction.exec;java/lang/VirtualThread$$Lambda.0x00007a6f90039c78.run;java/lang/VirtualThread.runContinuation;jdk/internal/vm/Continuation.run;jdk/internal/vm/Continuation.enterSpecial;jdk/internal/vm/Continuation.enter;jdk/internal/vm/Continuation.enter0;java/lang/VirtualThread$VThreadContinuation$1.run;java/lang/VirtualThread.run;_notify_jvmti_vthread_start;SharedRuntime::notify_jvmti_vthread_start;JvmtiVTMSTransitionDisabler::VTMS_vthread_start;JvmtiEventController::thread_started;JvmtiThreadState::JvmtiThreadState;__tls_get_addr 4
/usr/lib/x86_64-linux-gnu/libc.so.6;/usr/lib/x86_64-linux-gnu/libc.so.6;thread_native_entry;Thread::call_run;JavaThread::thread_main_inner;CompileBroker::compiler_thread_loop;CompileBroker::invoke_compiler_on_method;C2Compiler::compile_method;Compile::Compile;ParseGenerator::generate;Parse::Parse;Parse::do_all_blocks;Parse::do_one_block;Parse::do_one_bytecode;Parse::do_call;ParseGenerator::generate;Parse::Parse;ciMethod::method_data;ciObjectFactory::get_metadata 1
java/util/concurrent/ForkJoinWorkerThread.run;java/util/concurrent/ForkJoinPool.runWorker;java/util/concurrent/ForkJoinPool.scan;java/util/concurrent/ForkJoinPool$WorkQueue.topLevelExec;java/util/concurrent/ForkJoinTask.doExec;java/util/concurrent/ForkJoinTask$RunnableExecuteAction.exec;java/lang/VirtualThread$$Lambda.0x00007a6f90039c78.run;java/lang/VirtualThread.runContinuation;jdk/internal/vm/Continuation.run;jdk/internal/vm/Continuation.enterSpecial;jdk/internal/vm/Continuation.enter;jdk/internal/vm/Continuation.enter0;java/lang/VirtualThread$VThreadContinuation$1.run;java/lang/VirtualThread.run;_notify_jvmti_vthread_end;SharedRuntime::notify_jvmti_vthread_end;JvmtiVTMSTransitionDisabler::VTMS_vthread_end;__pthread_mutex_unlock;/usr/lib/x86_64-linux-gnu/libc.so.6;entry_SYSCALL_64_after_hwframe_[k];do_syscall_64_[k];x64_sys_call_[k];do_futex_[k] 1
java/util/concurrent/ForkJoinWorkerThread.run;java/util/concurrent/ForkJoinPool.runWorker;java/util/concurrent/ForkJoinPool.scan;java/util/concurrent/ForkJoinPool$WorkQueue.topLevelExec;java/util/concurrent/ForkJoinTask.doExec;java/util/concurrent/ForkJoinTask$RunnableExecuteAction.exec;java/lang/VirtualThread$$Lambda.0x00007a6f90039c78.run;java/lang/VirtualThread.runContinuation;jdk/internal/vm/Continuation.run;jdk/internal/vm/Continuation.enterSpecial;jdk/internal/vm/Continuation.enter;jdk/internal/vm/Continuation.enter0;java/lang/VirtualThread$VThreadContinuation$1.run;java/lang/VirtualThread.run;_notify_jvmti_vthread_start;SharedRuntime::notify_jvmti_vthread_start;JvmtiVTMSTransitionDisabler::VTMS_vthread_start;JvmtiEventController::thread_started;oopDesc::address_field 5
java/util/concurrent/ForkJoinWorkerThread.run;java/util/concurrent/ForkJoinPool.runWorker;java/util/concurrent/ForkJoinPool.scan 3
java/util/concurrent/ForkJoinWorkerThread.run;java/util/concurrent/ForkJoinPool.runWorker;java/util/concurrent/ForkJoinPool.scan;java/util/concurrent/ForkJoinPool$WorkQueue.topLevelExec;java/util/concurrent/ForkJoinTask.doExec;java/util/concurrent/ForkJoinTask$RunnableExecuteAction.exec;java/lang/VirtualThread$$Lambda.0x00007a6f90039c78.run;java/lang/VirtualThread.runContinuation;jdk/internal/vm/Continuation.run;jdk/internal/vm/Continuation.enterSpecial;jdk/internal/vm/Continuation.enter;jdk/internal/vm/Continuation.enter0;java/lang/VirtualThread$VThreadContinuation$1.run;java/lang/VirtualThread.run;_notify_jvmti_vthread_start;SharedRuntime::notify_jvmti_vthread_start;JvmtiVTMSTransitionDisabler::VTMS_vthread_start;JvmtiEventController::thread_started;Mutex::lock;pthread_mutex_lock;/usr/lib/x86_64-linux-gnu/libc.so.6;entry_SYSCALL_64_after_hwframe_[k];do_syscall_64_[k];x64_sys_call_[k];__x64_sys_futex_[k];do_futex_[k];futex_wait_[k];__futex_wait_[k];futex_wait_setup_[k];futex_hash_[k] 2
java/util/concurrent/ForkJoinWorkerThread.run;java/util/concurrent/ForkJoinPool.runWorker;java/util/concurrent/ForkJoinPool.scan;java/util/concurrent/ForkJoinPool$WorkQueue.topLevelExec;java/util/concurrent/ForkJoinTask.doExec;java/util/concurrent/ForkJoinTask$RunnableExecuteAction.exec;java/lang/VirtualThread$$Lambda.0x00007a6f90039c78.run;java/lang/VirtualThread.runContinuation;jdk/internal/vm/Continuation.run;jdk/internal/vm/Continuation.enterSpecial;jdk/internal/vm/Continuation.enter;jdk/internal/vm/Continuation.enter0;java/lang/VirtualThread$VThreadContinuation$1.run;java/lang/VirtualThread.run;_notify_jvmti_vthread_start;SharedRuntime::notify_jvmti_vthread_start;JvmtiVTMSTransitionDisabler::VTMS_vthread_start;JvmtiVTMSTransitionDisabler::VTMS_mount_end;__pthread_mutex_unlock;/usr/lib/x86_64-linux-gnu/libc.so.6;entry_SYSCALL_64_after_hwframe_[k];do_syscall_64_[k];x64_sys_call_[k];__x64_sys_futex_[k];do_futex_[k];_raw_spin_lock_[k] 1
java/util/concurrent/ForkJoinWorkerThread.run;java/util/concurrent/ForkJoinPool.runWorker;java/util/concurrent/ForkJoinPool.scan;java/util/concurrent/ForkJoinPool$WorkQueue.topLevelExec;java/util/concurrent/ForkJoinTask.doExec;java/util/concurrent/ForkJoinTask$RunnableExecuteAction.exec;java/lang/VirtualThread$$Lambda.0x00007a6f90039c78.run;java/lang/VirtualThread.runContinuation;jdk/internal/vm/Continuation.run;jdk/internal/vm/Continuation.enterSpecial;jdk/internal/vm/Continuation.enter;jdk/internal/vm/Continuation.enter0;java/lang/VirtualThread$VThreadContinuation$1.run;java/lang/VirtualThread.run;_notify_jvmti_vthread_start;SharedRuntime::notify_jvmti_vthread_start;JvmtiVTMSTransitionDisabler::VTMS_vthread_start;__pthread_mutex_unlock;/usr/lib/x86_64-linux-gnu/libc.so.6;entry_SYSCALL_64_after_hwframe_[k];do_syscall_64_[k];x64_sys_call_[k];__x64_sys_futex_[k];do_futex_[k];futex_wake_[k];futex_hash_[k] 60
java/util/concurrent/ForkJoinWorkerThread.run;java/util/concurrent/ForkJoinPool.runWorker;java/util/concurrent/ForkJoinPool.scan;java/util/concurrent/ForkJoinPool$WorkQueue.topLevelExec;java/util/concurrent/ForkJoinTask.doExec;java/util/concurrent/ForkJoinTask$RunnableExecuteAction.exec;java/lang/VirtualThread$$Lambda.0x00007a6f90039c78.run;java/lang/VirtualThread.runContinuation;jdk/internal/vm/Continuation.run;java/lang/System$2.setScopedValueCache 5
java/util/concurrent/ForkJoinWorkerThread.run;java/util/concurrent/ForkJoinPool.runWorker;java/util/concurrent/ForkJoinPool.scan;java/util/concurrent/ForkJoinPool.signalWork;java/util/concurrent/locks/LockSupport.unpark;jdk/internal/misc/Unsafe.unpark;Unsafe_Unpark;SafeThreadsListPtr::release_stable_list 2
java/util/concurrent/ForkJoinWorkerThread.run;java/util/concurrent/ForkJoinPool.runWorker;java/util/concurrent/ForkJoinPool.scan;java/util/concurrent/ForkJoinPool$WorkQueue.topLevelExec;java/util/concurrent/ForkJoinTask.doExec;java/util/concurrent/ForkJoinTask$RunnableExecuteAction.exec;java/lang/VirtualThread$$Lambda.0x00007a6f90039c78.run;java/lang/VirtualThread.runContinuation;jdk/internal/vm/Continuation.run;jdk/internal/vm/Continuation.enterSpecial;jdk/internal/vm/Continuation.enter;jdk/internal/vm/Continuation.enter0;java/lang/VirtualThread$VThreadContinuation$1.run;java/lang/VirtualThread.run;_notify_jvmti_vthread_start;SharedRuntime::notify_jvmti_vthread_start;JvmtiVTMSTransitionDisabler::VTMS_vthread_start;__pthread_mutex_unlock;/usr/lib/x86_64-linux-gnu/libc.so.6;entry_SYSCALL_64_after_hwframe_[k];do_syscall_64_[k];x64_sys_call_[k];do_futex_[k] 1
java/util/concurrent/ForkJoinWorkerThread.run;java/util/concurrent/ForkJoinPool.runWorker;java/util/concurrent/ForkJoinPool.scan;java/util/concurrent/ForkJoinPool$WorkQueue.topLevelExec;java/util/concurrent/ForkJoinTask.doExec;java/util/concurrent/ForkJoinTask$RunnableExecuteAction.exec;java/lang/VirtualThread$$Lambda.0x00007a6f90039c78.run;java/lang/VirtualThread.runContinuation;jdk/internal/vm/Continuation.run;jdk/internal/vm/Continuation.enterSpecial;jdk/internal/vm/Continuation.enter;jdk/internal/vm/Continuation.enter0;java/lang/VirtualThread$VThreadContinuation$1.run;java/lang/VirtualThread.run;_notify_jvmti_vthread_end;SharedRuntime::notify_jvmti_vthread_end;JvmtiVTMSTransitionDisabler::VTMS_vthread_end;JvmtiExport::cleanup_thread;Mutex::lock;pthread_mutex_trylock 2
java/util/concurrent/ForkJoinWorkerThread.run;java/util/concurrent/ForkJoinPool.runWorker;java/util/concurrent/ForkJoinPool.scan;java/util/concurrent/ForkJoinPool$WorkQueue.topLevelExec;java/util/concurrent/ForkJoinTask.doExec;java/util/concurrent/ForkJoinTask$RunnableExecuteAction.exec;java/lang/VirtualThread$$Lambda.0x00007a6f90039c78.run;java/lang/VirtualThread.runContinuation;java/lang/VirtualThread.afterDone;java/lang/VirtualThread.afterDone;java/util/concurrent/CountDownLatch.countDown 1
java/util/concurrent/ForkJoinWorkerThread.run;java/util/concurrent/ForkJoinPool.runWorker;java/util/concurrent/ForkJoinPool.scan;java/util/concurrent/ForkJoinPool$WorkQueue.topLevelExec;java/util/concurrent/ForkJoinTask.doExec;java/util/concurrent/ForkJoinTask$RunnableExecuteAction.exec;java/lang/VirtualThread$$Lambda.0x00007a6f90039c78.run;java/lang/VirtualThread.runContinuation;jdk/internal/vm/Continuation.run;jdk/internal/vm/Continuation.enterSpecial;jdk/internal/vm/Continuation.enter;jdk/internal/vm/Continuation.enter0;java/lang/VirtualThread$VThreadContinuation$1.run;java/lang/VirtualThread.run;_notify_jvmti_vthread_start;SharedRuntime::notify_jvmti_vthread_start;JvmtiVTMSTransitionDisabler::VTMS_vthread_start;JvmtiVTMSTransitionDisabler::VTMS_mount_end;__pthread_mutex_unlock;/usr/lib/x86_64-linux-gnu/libc.so.6;entry_SYSCALL_64_after_hwframe_[k];do_syscall_64_[k];x64_sys_call_[k];__x64_sys_futex_[k];do_futex_[k];futex_wake_[k];__futex_hash_[k] 1
java/util/concurrent/ForkJoinWorkerThread.run;java/util/concurrent/ForkJoinPool.runWorker;java/util/concurrent/ForkJoinPool.scan;java/util/concurrent/ForkJoinPool$WorkQueue.topLevelExec;java/util/concurrent/ForkJoinTask.doExec;java/util/concurrent/ForkJoinTask$RunnableExecuteAction.exec;java/lang/VirtualThread$$Lambda.0x00007a6f90039c78.run;java/lang/VirtualThread.runContinuation;jdk/internal/vm/Continuation.run;jdk/internal/vm/Continuation.enterSpecial;jdk/internal/vm/Continuation.enter;jdk/internal/vm/Continuation.enter0;java/lang/VirtualThread$VThreadContinuation$1.run;java/lang/VirtualThread.run;_notify_jvmti_vthread_start;SharedRuntime::notify_jvmti_vthread_start;JvmtiVTMSTransitionDisabler::VTMS_vthread_start;__pthread_mutex_unlock;/usr/lib/x86_64-linux-gnu/libc.so.6;entry_SYSCALL_64_after_hwframe_[k];do_syscall_64_[k];x64_sys_call_[k];__x64_sys_futex_[k];do_futex_[k];futex_wake_[k];wake_q_add_safe_[k] 3
java/util/concurrent/ForkJoinWorkerThread.run;java/util/concurrent/ForkJoinPool.runWorker;java/util/concurrent/ForkJoinPool.scan;java/util/concurrent/ForkJoinPool$WorkQueue.topLevelExec;java/util/concurrent/ForkJoinTask.doExec;java/util/concurrent/ForkJoinTask$RunnableExecuteAction.exec 24
java/util/concurrent/ForkJoinWorkerThread.run;java/util/concurrent/ForkJoinPool.runWorker;java/util/concurrent/ForkJoinPool.scan;java/util/concurrent/ForkJoinPool$WorkQueue.topLevelExec;java/util/concurrent/ForkJoinTask.doExec;java/util/concurrent/ForkJoinTask$RunnableExecuteAction.exec;java/lang/VirtualThread$$Lambda.0x00007a6f90039c78.run;java/lang/VirtualThread.runContinuation;jdk/internal/vm/Continuation.run;jdk/internal/vm/Continuation.enterSpecial;jdk/internal/vm/Continuation.enter;jdk/internal/vm/Continuation.enter0;java/lang/VirtualThread$VThreadContinuation$1.run;java/lang/VirtualThread.run;_notify_jvmti_vthread_end;SharedRuntime::notify_jvmti_vthread_end;JavaThread::rebind_to_jvmti_thread_state_of;oopDesc::address_field 3
java/util/concurrent/ForkJoinWorkerThread.run;java/util/concurrent/ForkJoinPool.runWorker;java/util/concurrent/ForkJoinPool.scan;java/util/concurrent/ForkJoinPool$WorkQueue.casSlotToNull 4
java/util/concurrent/ForkJoinWorkerThread.run;java/util/concurrent/ForkJoinPool.runWorker;java/util/concurrent/ForkJoinPool.scan;java/util/concurrent/ForkJoinPool$WorkQueue.topLevelExec;java/util/concurrent/ForkJoinTask.doExec;java/util/concurrent/ForkJoinTask$RunnableExecuteAction.exec;java/lang/VirtualThread$$Lambda.0x00007a6f90039c78.run;java/lang/VirtualThread.runContinuation;jdk/internal/vm/Continuation.run;jdk/internal/vm/Continuation.enterSpecial;jdk/internal/vm/Continuation.enter;jdk/internal/vm/Continuation.enter0;java/lang/VirtualThread$VThreadContinuation$1.run;java/lang/VirtualThread.run;_notify_jvmti_vthread_end;SharedRuntime::notify_jvmti_vthread_end;JavaThread::rebind_to_jvmti_thread_state_of 8
java/util/concurrent/ForkJoinWorkerThread.run;java/util/concurrent/ForkJoinPool.runWorker;java/util/concurrent/ForkJoinPool.scan;java/util/concurrent/ForkJoinPool$WorkQueue.topLevelExec;java/util/concurrent/ForkJoinTask.doExec;java/util/concurrent/ForkJoinTask$RunnableExecuteAction.exec;java/lang/VirtualThread$$Lambda.0x00007a6f90039c78.run;java/lang/VirtualThread.runContinuation;jdk/internal/vm/Continuation.run;jdk/internal/vm/Continuation.enterSpecial;jdk/internal/vm/Continuation.enter;jdk/internal/vm/Continuation.enter0;java/lang/VirtualThread$VThreadContinuation$1.run;java/lang/VirtualThread.run;_notify_jvmti_vthread_end;SharedRuntime::notify_jvmti_vthread_end;JvmtiVTMSTransitionDisabler::VTMS_vthread_end;__pthread_mutex_unlock;/usr/lib/x86_64-linux-gnu/libc.so.6;entry_SYSCALL_64_after_hwframe_[k];do_syscall_64_[k];x64_sys_call_[k];__x64_sys_futex_[k];do_futex_[k];futex_wake_[k];futex_wake_mark_[k];__futex_unqueue_[k] 4
java/util/concurrent/ForkJoinWorkerThread.run;java/util/concurrent/ForkJoinPool.runWorker;java/util/concurrent/ForkJoinPool.scan;java/util/concurrent/ForkJoinPool$WorkQueue.topLevelExec;java/util/concurrent/ForkJoinTask.doExec;java/util/concurrent/ForkJoinTask$RunnableExecuteAction.exec;java/lang/VirtualThread$$Lambda.0x00007a6f90039c78.run;java/lang/VirtualThread.runContinuation;jdk/internal/vm/Continuation.run;jdk/internal/vm/Continuation.enterSpecial;jdk/internal/vm/Continuation.enter;jdk/internal/vm/Continuation.enter0;java/lang/VirtualThread$VThreadContinuation$1.run;java/lang/VirtualThread.run;_notify_jvmti_vthread_end;SharedRuntime::notify_jvmti_vthread_end;JvmtiVTMSTransitionDisabler::VTMS_vthread_end;JvmtiExport::cleanup_thread;Mutex::lock;pthread_mutex_lock;/usr/lib/x86_64-linux-gnu/libc.so.6;entry_SYSCALL_64_after_hwframe_[k];do_syscall_64_[k];x64_sys_call_[k];__x64_sys_futex_[k];do_futex_[k];futex_wait_[k];__futex_wait_[k];futex_do_wait_[k];schedule_[k];__schedule_[k];finish_task_switch.isra.0_[k] 1
java/util/concurrent/ForkJoinWorkerThread.run;java/util/concurrent/ForkJoinPool.runWorker;java/util/concurrent/ForkJoinPool.scan;java/util/concurrent/ForkJoinPool$WorkQueue.topLevelExec;java/util/concurrent/ForkJoinTask.doExec;java/util/concurrent/ForkJoinTask$RunnableExecuteAction.exec;java/lang/VirtualThread$$Lambda.0x00007a6f90039c78.run;java/lang/VirtualThread.runContinuation;jdk/internal/vm/Continuation.run;jdk/internal/vm/Continuation.enterSpecial;jdk/internal/vm/Continuation.enter;jdk/internal/vm/Continuation.enter0;java/lang/VirtualThread$VThreadContinuation$1.run;java/lang/VirtualThread.run;_notify_jvmti_vthread_end;SharedRuntime::notify_jvmti_vthread_end;JvmtiVTMSTransitionDisabler::VTMS_vthread_end;JvmtiExport::cleanup_thread;Mutex::lock;pthread_mutex_lock 2
java/util/concurrent/ForkJoinWorkerThread.run;java/util/concurrent/ForkJoinPool.runWorker;java/util/concurrent/ForkJoinPool.scan;java/util/concurrent/ForkJoinPool$WorkQueue.topLevelExec;java/util/concurrent/ForkJoinTask.doExec;java/util/concurrent/ForkJoinTask$RunnableExecuteAction.exec;java/lang/VirtualThread$$Lambda.0x00007a6f90039c78.run;java/lang/VirtualThread.runContinuation;java/lang/VirtualThread.mount 1
java/util/concurrent/ForkJoinWorkerThread.run;java/util/concurrent/ForkJoinPool.runWorker;java/util/concurrent/ForkJoinPool.scan;java/util/concurrent/ForkJoinPool$WorkQueue.topLevelExec;java/util/concurrent/ForkJoinTask.doExec;java/util/concurrent/ForkJoinTask$RunnableExecuteAction.exec;java/lang/VirtualThread$$Lambda.0x00007a6f90039c78.run;java/lang/VirtualThread.runContinuation;jdk/internal/vm/Continuation.run;jdk/internal/vm/Continuation.enterSpecial;jdk/internal/vm/Continuation.enter;jdk/internal/vm/Continuation.enter0;java/lang/VirtualThread$VThreadContinuation$1.run;java/lang/VirtualThread.run;_notify_jvmti_vthread_start;SharedRuntime::notify_jvmti_vthread_start;JvmtiVTMSTransitionDisabler::VTMS_vthread_start;JvmtiVTMSTransitionDisabler::VTMS_mount_end;__pthread_mutex_unlock;/usr/lib/x86_64-linux-gnu/libc.so.6;entry_SYSCALL_64_after_hwframe_[k];do_syscall_64_[k];x64_sys_call_[k];__x64_sys_futex_[k];futex_wake_[k] 1
java/util/concurrent/ForkJoinWorkerThread.run;java/util/concurrent/ForkJoinPool.runWorker;java/util/concurrent/ForkJoinPool.scan;java/util/concurrent/ForkJoinPool$WorkQueue.topLevelExec;java/util/concurrent/ForkJoinTask.doExec;java/util/concurrent/ForkJoinTask$RunnableExecuteAction.exec;java/lang/VirtualThread$$Lambda.0x00007a6f90039c78.run;java/lang/VirtualThread.runContinuation;jdk/internal/vm/Continuation.run;jdk/internal/vm/Continuation.enterSpecial;jdk/internal/vm/Continuation.enter;jdk/internal/vm/Continuation.enter0;java/lang/VirtualThread$VThreadContinuation$1.run;java/lang/VirtualThread.run;_notify_jvmti_vthread_start;SharedRuntime::notify_jvmti_vthread_start;JvmtiVTMSTransitionDisabler::VTMS_vthread_start;JvmtiVTMSTransitionDisabler::VTMS_mount_end;Mutex::lock;pthread_mutex_lock;/usr/lib/x86_64-linux-gnu/libc.so.6;entry_SYSCALL_64_after_hwframe_[k];do_syscall_64_[k];__x64_sys_futex_[k] 1
java/util/concurrent/ForkJoinWorkerThread.run;java/util/concurrent/ForkJoinPool.runWorker;java/util/concurrent/ForkJoinPool.scan;java/util/concurrent/ForkJoinPool$WorkQueue.topLevelExec;java/util/concurrent/ForkJoinTask.doExec;java/util/concurrent/ForkJoinTask$RunnableExecuteAction.exec;java/lang/VirtualThread$$Lambda.0x00007a6f90039c78.run;java/lang/VirtualThread.runContinuation;jdk/internal/vm/Continuation.run;jdk/internal/vm/Continuation.enterSpecial;jdk/internal/vm/Continuation.enter;jdk/internal/vm/Continuation.enter0;java/lang/VirtualThread$VThreadContinuation$1.run;java/lang/VirtualThread.run;_notify_jvmti_vthread_start;SharedRuntime::notify_jvmti_vthread_start;JvmtiVTMSTransitionDisabler::VTMS_vthread_start;JvmtiVTMSTransitionDisabler::VTMS_mount_end;Mutex::lock;pthread_mutex_trylock 1
java/util/concurrent/ForkJoinWorkerThread.run;java/util/concurrent/ForkJoinPool.runWorker;java/util/concurrent/ForkJoinPool.awaitWork;java/util/concurrent/locks/LockSupport.park;jdk/internal/misc/Unsafe.park;Unsafe_Park;Parker::park 1
java/util/concurrent/ForkJoinWorkerThread.run;java/util/concurrent/ForkJoinPool.runWorker;java/util/concurrent/ForkJoinPool.scan;java/util/concurrent/ForkJoinPool$WorkQueue.topLevelExec;java/util/concurrent/ForkJoinTask.doExec;java/util/concurrent/ForkJoinTask$RunnableExecuteAction.exec;java/lang/VirtualThread$$Lambda.0x00007a6f90039c78.run;java/lang/VirtualThread.runContinuation;jdk/internal/vm/Continuation.run;jdk/internal/vm/Continuation.enterSpecial;jdk/internal/vm/Continuation.enter;jdk/internal/vm/Continuation.enter0;java/lang/VirtualThread$VThreadContinuation$1.run;java/lang/VirtualThread.run;_notify_jvmti_vthread_start;SharedRuntime::notify_jvmti_vthread_start;JvmtiVTMSTransitionDisabler::VTMS_vthread_start;JvmtiEventController::thread_started;JvmtiThreadState::JvmtiThreadState;OopStorage::allocate;Mutex::lock_without_safepoint_check;pthread_mutex_lock 1
java/util/concurrent/ForkJoinWorkerThread.run;java/util/concurrent/ForkJoinPool.runWorker;java/util/concurrent/ForkJoinPool.scan;java/util/concurrent/ForkJoinPool$WorkQueue.topLevelExec;java/util/concurrent/ForkJoinTask.doExec;java/util/concurrent/ForkJoinTask$RunnableExecuteAction.exec;java/lang/VirtualThread$$Lambda.0x00007a6f90039c78.run;java/lang/VirtualThread.runContinuation;jdk/internal/vm/Continuation.run;jdk/internal/vm/Continuation.enterSpecial;jdk/internal/vm/Continuation.enter;jdk/internal/vm/Continuation.enter0;java/lang/VirtualThread$VThreadContinuation$1.run;java/lang/VirtualThread.run;_notify_jvmti_vthread_end;SharedRuntime::notify_jvmti_vthread_end;JvmtiVTMSTransitionDisabler::VTMS_vthread_end;__pthread_mutex_unlock;/usr/lib/x86_64-linux-gnu/libc.so.6;entry_SYSCALL_64_after_hwframe_[k];do_syscall_64_[k];x64_sys_call_[k];__x64_sys_futex_[k];do_futex_[k];futex_wake_[k];_raw_spin_lock_[k];native_queued_spin_lock_slowpath_[k] 236
java/util/concurrent/ForkJoinWorkerThread.run;java/util/concurrent/ForkJoinPool.runWorker;java/util/concurrent/ForkJoinPool.scan;java/util/concurrent/ForkJoinPool$WorkQueue.topLevelExec;java/util/concurrent/ForkJoinTask.doExec;java/util/concurrent/ForkJoinTask$RunnableExecuteAction.exec;java/lang/VirtualThread$$Lambda.0x00007a6f90039c78.run;java/lang/VirtualThread.runContinuation;jdk/internal/vm/Continuation.run;jdk/internal/vm/Continuation.enterSpecial;jdk/internal/vm/Continuation.enter;jdk/internal/vm/Continuation.enter0;java/lang/VirtualThread$VThreadContinuation$1.run;java/lang/VirtualThread.run;_notify_jvmti_vthread_start;SharedRuntime::notify_jvmti_vthread_start;JNIHandles::make_local;__tls_get_addr@plt 1
java/util/concurrent/ForkJoinWorkerThread.run;java/util/concurrent/ForkJoinPool.runWorker;java/util/concurrent/ForkJoinPool.scan;java/util/concurrent/ForkJoinPool$WorkQueue.topLevelExec;java/util/concurrent/ForkJoinTask.doExec;java/util/concurrent/ForkJoinTask$RunnableExecuteAction.exec;java/lang/VirtualThread$$Lambda.0x00007a6f90039c78.run;java/lang/VirtualThread.runContinuation;jdk/internal/vm/Continuation.run;jdk/internal/vm/Continuation.enterSpecial;jdk/internal/vm/Continuation.enter;jdk/internal/vm/Continuation.enter0;java/lang/VirtualThread$VThreadContinuation$1.run;java/lang/VirtualThread.run;_notify_jvmti_vthread_start;SharedRuntime::notify_jvmti_vthread_start;JvmtiVTMSTransitionDisabler::VTMS_vthread_start;JvmtiEventController::thread_started;JvmtiThreadState::JvmtiThreadState;AccessInternal::PostRuntimeDispatch<G1BarrierSet::AccessBarrier<548964ul, G1BarrierSet>, (AccessInternal::BarrierType)0, 548964ul>::oop_access_barrier 1
java/util/concurrent/ForkJoinWorkerThread.run;java/util/concurrent/ForkJoinPool.runWorker;java/util/concurrent/ForkJoinPool.scan;java/util/concurrent/ForkJoinPool$WorkQueue.topLevelExec;java/util/concurrent/ForkJoinTask.doExec;java/util/concurrent/ForkJoinTask$RunnableExecuteAction.exec;java/lang/VirtualThread$$Lambda.0x00007a6f90039c78.run;java/lang/VirtualThread.runContinuation;jdk/internal/vm/Continuation.run;jdk/internal/vm/Continuation.enterSpecial;jdk/internal/vm/Continuation.enter;jdk/internal/vm/Continuation.enter0;java/lang/VirtualThread$VThreadContinuation$1.run;java/lang/VirtualThread.run;_notify_jvmti_vthread_start;SharedRuntime::notify_jvmti_vthread_start;JvmtiVTMSTransitionDisabler::VTMS_vthread_start;__pthread_mutex_unlock;/usr/lib/x86_64-linux-gnu/libc.so.6;entry_SYSCALL_64_after_hwframe_[k];do_syscall_64_[k];x64_sys_call_[k];__x64_sys_futex_[k];do_futex_[k];futex_hash_put_[k] 30
java/util/concurrent/ForkJoinWorkerThread.run;java/util/concurrent/ForkJoinPool.runWorker;java/util/concurrent/ForkJoinPool.scan;java/util/concurrent/ForkJoinPool$WorkQueue.topLevelExec;java/util/concurrent/ForkJoinTask.doExec;java/util/concurrent/ForkJoinTask$RunnableExecuteAction.exec;java/lang/VirtualThread$$Lambda.0x00007a6f90039c78.run;java/lang/VirtualThread.runContinuation;jdk/internal/vm/Continuation.run;jdk/internal/vm/Continuation.enterSpecial;jdk/internal/vm/Continuation.enter;jdk/internal/vm/Continuation.enter0;java/lang/VirtualThread$VThreadContinuation$1.run;java/lang/VirtualThread.run;_notify_jvmti_vthread_end;SharedRuntime::notify_jvmti_vthread_end;JvmtiVTMSTransitionDisabler::VTMS_vthread_end;__pthread_mutex_unlock;/usr/lib/x86_64-linux-gnu/libc.so.6;entry_SYSCALL_64_after_hwframe_[k];do_syscall_64_[k];x64_sys_call_[k];__x64_sys_futex_[k];do_futex_[k];futex_wake_[k] 36
java/util/concurrent/ForkJoinWorkerThread.run;java/util/concurrent/ForkJoinPool.runWorker;java/util/concurrent/ForkJoinPool.awaitWork;java/util/concurrent/locks/LockSupport.park;jdk/internal/misc/Unsafe.park;Unsafe_Park;Parker::park;pthread_cond_wait;/usr/lib/x86_64-linux-gnu/libc.so.6;entry_SYSCALL_64_after_hwframe_[k];do_syscall_64_[k];x64_sys_call_[k];__x64_sys_futex_[k];do_futex_[k];futex_wait_[k];__futex_wait_[k];futex_wait_setup_[k];_raw_spin_lock_[k] 1
java/util/concurrent/ForkJoinWorkerThread.run;java/util/concurrent/ForkJoinPool.runWorker;java/util/concurrent/ForkJoinPool.scan;java/util/concurrent/ForkJoinPool$WorkQueue.topLevelExec;java/util/concurrent/ForkJoinTask.doExec;java/util/concurrent/ForkJoinTask$RunnableExecuteAction.exec;java/lang/VirtualThread$$Lambda.0x00007a6f90039c78.run;java/lang/VirtualThread.runContinuation;jdk/internal/vm/Continuation.run;jdk/internal/vm/Continuation.enterSpecial;jdk/internal/vm/Continuation.enter;jdk/internal/vm/Continuation.enter0;java/lang/VirtualThread$VThreadContinuation$1.run;java/lang/VirtualThread.run;_notify_jvmti_vthread_end;SharedRuntime::notify_jvmti_vthread_end;JvmtiVTMSTransitionDisabler::VTMS_vthread_end;JvmtiVTMSTransitionDisabler::start_VTMS_transition;HandleMark::~HandleMark 1
java/util/concurrent/ForkJoinWorkerThread.run;java/util/concurrent/ForkJoinPool.runWorker;java/util/concurrent/ForkJoinPool.scan;java/util/concurrent/ForkJoinPool$WorkQueue.topLevelExec;java/util/concurrent/ForkJoinTask.doExec;java/util/concurrent/ForkJoinTask$RunnableExecuteAction.exec;java/lang/VirtualThread$$Lambda.0x00007a6f90039c78.run;java/lang/VirtualThread.runContinuation;jdk/internal/vm/Continuation.run;jdk/internal/vm/Continuation.enterSpecial;jdk/internal/vm/Continuation.enter;jdk/internal/vm/Continuation.enter0;java/lang/VirtualThread$VThreadContinuation$1.run;java/lang/VirtualThread.run;_notify_jvmti_vthread_end;SharedRuntime::notify_jvmti_vthread_end;JvmtiVTMSTransitionDisabler::VTMS_vthread_end 7
java/util/concurrent/ForkJoinWorkerThread.run;java/util/concurrent/ForkJoinPool.runWorker;java/util/concurrent/ForkJoinPool.scan;java/util/concurrent/ForkJoinPool$WorkQueue.topLevelExec;java/util/concurrent/ForkJoinTask.doExec 26
java/util/concurrent/ForkJoinWorkerThread.run;java/util/concurrent/ForkJoinPool.runWorker;java/util/concurrent/ForkJoinPool.awaitWork;java/util/concurrent/locks/LockSupport.park;jdk/internal/misc/Unsafe.park;Unsafe_Park;Parker::park;__pthread_mutex_unlock 2
java/util/concurrent/ForkJoinWorkerThread.run;java/util/concurrent/ForkJoinPool.runWorker;java/util/concurrent/ForkJoinPool.scan;java/util/concurrent/ForkJoinPool$WorkQueue.topLevelExec;java/util/concurrent/ForkJoinTask.doExec;java/util/concurrent/ForkJoinTask$RunnableExecuteAction.exec;java/lang/VirtualThread$$Lambda.0x00007a6f90039c78.run;java/lang/VirtualThread.runContinuation;jdk/internal/vm/Continuation.run;jdk/internal/vm/Continuation.enterSpecial;jdk/internal/vm/Continuation.enter;jdk/internal/vm/Continuation.enter0;java/lang/VirtualThread$VThreadContinuation$1.run;java/lang/VirtualThread.run;_notify_jvmti_vthread_end;SharedRuntime::notify_jvmti_vthread_end;JvmtiVTMSTransitionDisabler::VTMS_vthread_end;JvmtiExport::cleanup_thread;Mutex::lock;pthread_mutex_lock;/usr/lib/x86_64-linux-gnu/libc.so.6;entry_SYSCALL_64_after_hwframe_[k];do_syscall_64_[k];x64_sys_call_[k];__x64_sys_futex_[k];do_futex_[k];futex_wait_[k];__futex_wait_[k];futex_wait_setup_[k];futex_hash_[k];__futex_hash_[k] 8
java/util/concurrent/ForkJoinWorkerThread.run;java/util/concurrent/ForkJoinPool.runWorker;java/util/concurrent/ForkJoinPool.scan;java/util/concurrent/ForkJoinPool$WorkQueue.topLevelExec;java/util/concurrent/ForkJoinTask.doExec;java/util/concurrent/ForkJoinTask$RunnableExecuteAction.exec;java/lang/VirtualThread$$Lambda.0x00007a6f90039c78.run;java/lang/VirtualThread.runContinuation;java/lang/VirtualThread.mount;_notify_jvmti_vthread_mount;SharedRuntime::notify_jvmti_vthread_mount;JNIHandles::make_local;__tls_get_addr@plt 1
java/util/concurrent/ForkJoinWorkerThread.run;java/util/concurrent/ForkJoinPool.runWorker;java/util/concurrent/ForkJoinPool.scan 47
java/util/concurrent/ForkJoinWorkerThread.run;java/util/concurrent/ForkJoinPool.runWorker;java/util/concurrent/ForkJoinPool.scan;java/util/concurrent/ForkJoinPool$WorkQueue.topLevelExec;java/util/concurrent/ForkJoinTask.doExec;java/util/concurrent/ForkJoinTask$RunnableExecuteAction.exec;java/lang/VirtualThread$$Lambda.0x00007a6f90039c78.run;java/lang/VirtualThread.runContinuation;jdk/internal/vm/Continuation.run;jdk/internal/vm/Continuation.enterSpecial;jdk/internal/vm/Continuation.enter;jdk/internal/vm/Continuation.enter0;java/lang/VirtualThread$VThreadContinuation$1.run;java/lang/VirtualThread.run;_notify_jvmti_vthread_end;SharedRuntime::notify_jvmti_vthread_end;JvmtiVTMSTransitionDisabler::VTMS_vthread_end;JvmtiExport::cleanup_thread;JvmtiEventController::thread_ended;JvmtiThreadState::~JvmtiThreadState;__libc_free;/usr/lib/x86_64-linux-gnu/libc.so.6 1
java/util/concurrent/ForkJoinWorkerThread.run;java/util/concurrent/ForkJoinPool.runWorker;java/util/concurrent/ForkJoinPool.scan;java/util/concurrent/ForkJoinPool$WorkQueue.topLevelExec;java/util/concurrent/ForkJoinTask.doExec;java/util/concurrent/ForkJoinTask$RunnableExecuteAction.exec;java/lang/VirtualThread$$Lambda.0x00007a6f90039c78.run;java/lang/VirtualThread.runContinuation;jdk/internal/vm/Continuation.run;jdk/internal/vm/Continuation.enterSpecial;jdk/internal/vm/Continuation.enter;jdk/internal/vm/Continuation.enter0;java/lang/VirtualThread$VThreadContinuation$1.run;java/lang/VirtualThread.run;_notify_jvmti_vthread_start;SharedRuntime::notify_jvmti_vthread_start;JvmtiVTMSTransitionDisabler::VTMS_vthread_start;JvmtiVTMSTransitionDisabler::VTMS_mount_end;Mutex::lock;pthread_mutex_lock 26
java/util/concurrent/ForkJoinWorkerThread.run;java/util/concurrent/ForkJoinPool.runWorker;java/util/concurrent/ForkJoinPool.scan;java/util/concurrent/ForkJoinPool$WorkQueue.topLevelExec;java/util/concurrent/ForkJoinTask.doExec;java/util/concurrent/ForkJoinTask$RunnableExecuteAction.exec;java/lang/VirtualThread$$Lambda.0x00007a6f90039c78.run;java/lang/VirtualThread.runContinuation;jdk/internal/vm/Continuation.run;jdk/internal/vm/Continuation.enterSpecial;jdk/internal/vm/Continuation.enter;jdk/internal/vm/Continuation.enter0;java/lang/VirtualThread$VThreadContinuation$1.run;java/lang/VirtualThread.run;_notify_jvmti_vthread_start;SharedRuntime::notify_jvmti_vthread_start;JvmtiVTMSTransitionDisabler::VTMS_vthread_start;JvmtiEventController::thread_started;Mutex::lock;pthread_mutex_lock;/usr/lib/x86_64-linux-gnu/libc.so.6;entry_SYSCALL_64_after_hwframe_[k];do_syscall_64_[k];x64_sys_call_[k];__x64_sys_futex_[k];do_futex_[k];futex_wait_[k];__futex_wait_[k];futex_wait_setup_[k];__futex_queue_[k];plist_add_[k] 3
